ISO-10303-21;
HEADER;
FILE_DESCRIPTION (( 'STEP AP214' ),
    '1' );
FILE_NAME ('LV CRBP.01-KXLY-AD-Q525-350-R18.STEP',
    '2024-08-28T16:54:38',
    ( '' ),
    ( '' ),
    'SwSTEP 2.0',
    'SolidWorks 2023',
    '' );
FILE_SCHEMA (( 'AUTOMOTIVE_DESIGN' ));
ENDSEC;

DATA;
#1 = ORIENTED_EDGE ( 'NONE', *, *, #1661, .F. ) ;
#2 = VECTOR ( 'NONE', #395, 1000.000000000000000 ) ;
#3 = CARTESIAN_POINT ( 'NONE',  ( -0.7500000000000000000, 0.4396862477045595519, 0.7500000000000000000 ) ) ;
#4 = SURFACE_STYLE_FILL_AREA ( #1882 ) ;
#5 = EDGE_CURVE ( 'NONE', #249, #2375, #1411, .T. ) ;
#6 = EDGE_LOOP ( 'NONE', ( #2456, #2579, #2428, #1228, #2641, #1622, #870, #289 ) ) ;
#7 = FILL_AREA_STYLE ('',( #1132 ) ) ;
#8 = SURFACE_STYLE_USAGE ( .BOTH. , #2130 ) ;
#9 = FILL_AREA_STYLE ('',( #57 ) ) ;
#10 = SURFACE_SIDE_STYLE ('',( #1507 ) ) ;
#11 = CARTESIAN_POINT ( 'NONE',  ( -1.350000000000000311, -0.06000000000000002554, 1.350000000000000089 ) ) ;
#12 = MECHANICAL_DESIGN_GEOMETRIC_PRESENTATION_REPRESENTATION (  '', ( #974 ), #1469 ) ;
#13 = CARTESIAN_POINT ( 'NONE',  ( -1.500000000000000444, 0.6396862477045595075, -0.3583111458316358133 ) ) ;
#14 = COLOUR_RGB ( '',0.2509803921568627416, 0.2509803921568627416, 0.2509803921568627416 ) ;
#15 = COLOUR_RGB ( '',0.9686274509803921573, 0.8784313725490195957, 0.5999999999999999778 ) ;
#16 = ORIENTED_EDGE ( 'NONE', *, *, #2624, .F. ) ;
#17 = SURFACE_STYLE_FILL_AREA ( #412 ) ;
#18 = VERTEX_POINT ( 'NONE', #1553 ) ;
#19 = VECTOR ( 'NONE', #2327, 1000.000000000000000 ) ;
#20 = STYLED_ITEM ( 'NONE', ( #1042 ), #565 ) ;
#21 = CARTESIAN_POINT ( 'NONE',  ( -1.199999999999999734, 0.4396862477045595519, 0.7999999999999998224 ) ) ;
#22 = ADVANCED_FACE ( 'NONE', ( #1590 ), #1180, .F. ) ;
#23 = SURFACE_SIDE_STYLE ('',( #4 ) ) ;
#24 =( GEOMETRIC_REPRESENTATION_CONTEXT ( 3 ) GLOBAL_UNCERTAINTY_ASSIGNED_CONTEXT ( ( #585 ) ) GLOBAL_UNIT_ASSIGNED_CONTEXT ( ( #2573, #496, #88 ) ) REPRESENTATION_CONTEXT ( 'NONE', 'WORKASPACE' ) );
#25 = LINE ( 'NONE', #1709, #2220 ) ;
#26 = MECHANICAL_DESIGN_GEOMETRIC_PRESENTATION_REPRESENTATION (  '', ( #2626 ), #1262 ) ;
#27 = UNCERTAINTY_MEASURE_WITH_UNIT (LENGTH_MEASURE( 1.000000000000000082E-05 ), #2386, 'distance_accuracy_value', 'NONE');
#28 = CARTESIAN_POINT ( 'NONE',  ( -0.1088331328597827441, 0.6312201943930686454, 1.392329507379445941 ) ) ;
#29 = SURFACE_SIDE_STYLE ('',( #1934 ) ) ;
#30 = DIRECTION ( 'NONE',  ( -1.000000000000000000, -0.000000000000000000, -0.000000000000000000 ) ) ;
#31 = CARTESIAN_POINT ( 'NONE',  ( 0.1088331328597829384, 0.6312201943930686454, -1.392329507379445941 ) ) ;
#32 = EDGE_LOOP ( 'NONE', ( #368, #2331, #2413, #1183, #47, #1437 ) ) ;
#33 = EDGE_CURVE ( 'NONE', #330, #461, #1261, .T. ) ;
#34 = DIRECTION ( 'NONE',  ( 0.000000000000000000, 0.000000000000000000, -1.000000000000000000 ) ) ;
#35 = VERTEX_POINT ( 'NONE', #173 ) ;
#36 = CARTESIAN_POINT ( 'NONE',  ( 0.7500000000000000000, 0.4396862477045595519, 0.7500000000000000000 ) ) ;
#37 = UNCERTAINTY_MEASURE_WITH_UNIT (LENGTH_MEASURE( 1.000000000000000082E-05 ), #2324, 'distance_accuracy_value', 'NONE');
#38 = ORIENTED_EDGE ( 'NONE', *, *, #2624, .T. ) ;
#39 = CARTESIAN_POINT ( 'NONE',  ( 0.8500000000000001998, -0.06000000000000002554, -1.350000000000000089 ) ) ;
#40 = PLANE ( 'NONE',  #77 ) ;
#41 = CARTESIAN_POINT ( 'NONE',  ( -0.4999999999999998890, -0.06000000000000002554, -1.350000000000000089 ) ) ;
#42 = FACE_OUTER_BOUND ( 'NONE', #1333, .T. ) ;
#43 = FACE_OUTER_BOUND ( 'NONE', #828, .T. ) ;
#44 = VERTEX_POINT ( 'NONE', #598 ) ;
#45 = CARTESIAN_POINT ( 'NONE',  ( -0.9999999999999995559, 0.4396862477045595519, -1.200000000000000178 ) ) ;
#46 =( LENGTH_UNIT ( ) NAMED_UNIT ( * ) SI_UNIT ( .MILLI., .METRE. ) );
#47 = ORIENTED_EDGE ( 'NONE', *, *, #980, .F. ) ;
#48 = CARTESIAN_POINT ( 'NONE',  ( 1.378416960718930495, 0.5142209866073749192, -0.2322855374813988794 ) ) ;
#49 = ORIENTED_EDGE ( 'NONE', *, *, #1034, .T. ) ;
#50 =( GEOMETRIC_REPRESENTATION_CONTEXT ( 3 ) GLOBAL_UNCERTAINTY_ASSIGNED_CONTEXT ( ( #2418 ) ) GLOBAL_UNIT_ASSIGNED_CONTEXT ( ( #1975, #54, #1724 ) ) REPRESENTATION_CONTEXT ( 'NONE', 'WORKASPACE' ) );
#51 = COLOUR_RGB ( '',0.9686274509803921573, 0.8784313725490195957, 0.5999999999999999778 ) ;
#52 = CARTESIAN_POINT ( 'NONE',  ( -0.9999999999999995559, 0.4396862477045595519, -1.080000000000000293 ) ) ;
#53 = DIRECTION ( 'NONE',  ( -1.000000000000000000, 0.000000000000000000, -0.000000000000000000 ) ) ;
#54 =( NAMED_UNIT ( * ) PLANE_ANGLE_UNIT ( ) SI_UNIT ( $, .RADIAN. ) );
#55 = MECHANICAL_DESIGN_GEOMETRIC_PRESENTATION_REPRESENTATION (  '', ( #1012 ), #1677 ) ;
#56 = VECTOR ( 'NONE', #2210, 1000.000000000000000 ) ;
#57 = FILL_AREA_STYLE_COLOUR ( '', #1112 ) ;
#58 = AXIS2_PLACEMENT_3D ( 'NONE', #1604, #2636, #1159 ) ;
#59 = FACE_OUTER_BOUND ( 'NONE', #2372, .T. ) ;
#60 = CLOSED_SHELL ( 'NONE', ( #2101, #2605, #1153, #1398, #316, #1732, #1895, #893, #1348, #1264, #370, #1345, #74, #1269, #1457, #1258, #2149, #2203, #881, #2275 ) ) ;
#61 = LINE ( 'NONE', #1716, #1555 ) ;
#62 = AXIS2_PLACEMENT_3D ( 'NONE', #409, #2286, #389 ) ;
#63 = ORIENTED_EDGE ( 'NONE', *, *, #1061, .T. ) ;
#64 = CARTESIAN_POINT ( 'NONE',  ( -1.500000000000000444, 0.3896862477045595630, 1.500000000000000000 ) ) ;
#65 = EDGE_LOOP ( 'NONE', ( #782, #1365, #1144, #2189 ) ) ;
#66 = CARTESIAN_POINT ( 'NONE',  ( 1.500000000000000444, 0.4896862477045595963, 0.2404151102949853847 ) ) ;
#67 = DIRECTION ( 'NONE',  ( 1.000000000000000000, -0.000000000000000000, 0.000000000000000000 ) ) ;
#68 = STYLED_ITEM ( 'NONE', ( #1222 ), #667 ) ;
#69 = ORIENTED_EDGE ( 'NONE', *, *, #2243, .F. ) ;
#70 = FACE_OUTER_BOUND ( 'NONE', #492, .T. ) ;
#71 = ORIENTED_EDGE ( 'NONE', *, *, #2458, .T. ) ;
#72 = CARTESIAN_POINT ( 'NONE',  ( -1.500000000000000444, 0.4896862477045595963, 1.500000000000000000 ) ) ;
#73 = AXIS2_PLACEMENT_3D ( 'NONE', #800, #1638, #1652 ) ;
#74 = ADVANCED_FACE ( 'NONE', ( #2036 ), #1412, .F. ) ;
#75 = COLOUR_RGB ( '',1.000000000000000000, 1.000000000000000000, 1.000000000000000000 ) ;
#76 = PRESENTATION_STYLE_ASSIGNMENT (( #1713 ) ) ;
#77 = AXIS2_PLACEMENT_3D ( 'NONE', #2620, #92, #1126 ) ;
#78 =( NAMED_UNIT ( * ) SI_UNIT ( $, .STERADIAN. ) SOLID_ANGLE_UNIT ( ) );
#79 = VERTEX_POINT ( 'NONE', #1219 ) ;
#80 = DIRECTION ( 'NONE',  ( -0.000000000000000000, -0.000000000000000000, -1.000000000000000000 ) ) ;
#81 = EDGE_CURVE ( 'NONE', #481, #564, #364, .T. ) ;
#82 = ORIENTED_EDGE ( 'NONE', *, *, #794, .F. ) ;
#83 =( NAMED_UNIT ( * ) PLANE_ANGLE_UNIT ( ) SI_UNIT ( $, .RADIAN. ) );
#84 = ORIENTED_EDGE ( 'NONE', *, *, #5, .T. ) ;
#85 = SURFACE_STYLE_FILL_AREA ( #1609 ) ;
#86 =( NAMED_UNIT ( * ) SI_UNIT ( $, .STERADIAN. ) SOLID_ANGLE_UNIT ( ) );
#87 = FILL_AREA_STYLE_COLOUR ( '', #150 ) ;
#88 =( NAMED_UNIT ( * ) SI_UNIT ( $, .STERADIAN. ) SOLID_ANGLE_UNIT ( ) );
#89 = SURFACE_STYLE_USAGE ( .BOTH. , #1962 ) ;
#90 = CARTESIAN_POINT ( 'NONE',  ( -1.199999999999999734, 0.4396862477045595519, 0.7999999999999998224 ) ) ;
#91 = EDGE_CURVE ( 'NONE', #1925, #2329, #183, .T. ) ;
#92 = DIRECTION ( 'NONE',  ( -1.000000000000000000, 0.000000000000000000, -8.031127203596329369E-17 ) ) ;
#93 =( NAMED_UNIT ( * ) PLANE_ANGLE_UNIT ( ) SI_UNIT ( $, .RADIAN. ) );
#94 =( NAMED_UNIT ( * ) SI_UNIT ( $, .STERADIAN. ) SOLID_ANGLE_UNIT ( ) );
#95 = ORIENTED_EDGE ( 'NONE', *, *, #33, .T. ) ;
#96 = CARTESIAN_POINT ( 'NONE',  ( 1.379330053914952225, 0.6367060102122651388, -0.2179869833239198862 ) ) ;
#97 = FILL_AREA_STYLE ('',( #2387 ) ) ;
#98 = FILL_AREA_STYLE ('',( #1138 ) ) ;
#99 = EDGE_CURVE ( 'NONE', #194, #2364, #273, .T. ) ;
#100 = MECHANICAL_DESIGN_GEOMETRIC_PRESENTATION_REPRESENTATION (  '', ( #2253 ), #309 ) ;
#101 = CIRCLE ( 'NONE', #1846, 1.542201957341249541 ) ;
#102 = CARTESIAN_POINT ( 'NONE',  ( -0.5000000000000001110, -0.06000000000000002554, 1.350000000000000089 ) ) ;
#103 = STYLED_ITEM ( 'NONE', ( #873 ), #1393 ) ;
#104 = FILL_AREA_STYLE ('',( #1981 ) ) ;
#105 = STYLED_ITEM ( 'NONE', ( #1784 ), #1732 ) ;
#106 = DIRECTION ( 'NONE',  ( 1.000000000000000000, 0.000000000000000000, 0.000000000000000000 ) ) ;
#107 = ORIENTED_EDGE ( 'NONE', *, *, #1779, .T. ) ;
#108 = EDGE_CURVE ( 'NONE', #1246, #936, #826, .T. ) ;
#109 = SURFACE_STYLE_USAGE ( .BOTH. , #1147 ) ;
#110 = ORIENTED_EDGE ( 'NONE', *, *, #1539, .F. ) ;
#111 = FACE_OUTER_BOUND ( 'NONE', #2254, .T. ) ;
#112 = MECHANICAL_DESIGN_GEOMETRIC_PRESENTATION_REPRESENTATION (  '', ( #1302 ), #729 ) ;
#113 = VECTOR ( 'NONE', #2392, 1000.000000000000000 ) ;
#114 = UNCERTAINTY_MEASURE_WITH_UNIT (LENGTH_MEASURE( 1.000000000000000082E-05 ), #1113, 'distance_accuracy_value', 'NONE');
#115 = LINE ( 'NONE', #2250, #56 ) ;
#116 = DIRECTION ( 'NONE',  ( -8.031127203596329369E-17, -0.000000000000000000, 1.000000000000000000 ) ) ;
#117 = STYLED_ITEM ( 'NONE', ( #638 ), #2203 ) ;
#118 = ORIENTED_EDGE ( 'NONE', *, *, #2161, .T. ) ;
#119 = CARTESIAN_POINT ( 'NONE',  ( -1.500000000000000666, 0.6396862477045595075, 0.3583111458316358133 ) ) ;
#120 = PRESENTATION_STYLE_ASSIGNMENT (( #2295 ) ) ;
#121 = DIRECTION ( 'NONE',  ( -1.000000000000000000, 0.000000000000000000, 0.000000000000000000 ) ) ;
#122 = ORIENTED_EDGE ( 'NONE', *, *, #2257, .F. ) ;
#123 = DIRECTION ( 'NONE',  ( -0.000000000000000000, 1.000000000000000000, -0.000000000000000000 ) ) ;
#124 = ORIENTED_EDGE ( 'NONE', *, *, #1577, .T. ) ;
#125 = DIRECTION ( 'NONE',  ( -1.000000000000000000, 0.000000000000000000, -0.000000000000000000 ) ) ;
#126 = LINE ( 'NONE', #537, #286 ) ;
#127 = DIRECTION ( 'NONE',  ( 1.204669080539449097E-16, 0.000000000000000000, -1.000000000000000000 ) ) ;
#128 =( NAMED_UNIT ( * ) PLANE_ANGLE_UNIT ( ) SI_UNIT ( $, .RADIAN. ) );
#129 = DIRECTION ( 'NONE',  ( -1.000000000000000000, -0.000000000000000000, -0.000000000000000000 ) ) ;
#130 = DIRECTION ( 'NONE',  ( -0.000000000000000000, -0.000000000000000000, -1.000000000000000000 ) ) ;
#131 = SURFACE_SIDE_STYLE ('',( #2010 ) ) ;
#132 =( LENGTH_UNIT ( ) NAMED_UNIT ( * ) SI_UNIT ( .MILLI., .METRE. ) );
#133 = ORIENTED_EDGE ( 'NONE', *, *, #1693, .T. ) ;
#134 = CARTESIAN_POINT ( 'NONE',  ( 0.8499999999999998668, -0.06000000000000002554, 1.350000000000000089 ) ) ;
#135 = SURFACE_STYLE_USAGE ( .BOTH. , #571 ) ;
#136 = PLANE ( 'NONE',  #1817 ) ;
#137 = UNCERTAINTY_MEASURE_WITH_UNIT (LENGTH_MEASURE( 1.000000000000000082E-05 ), #1903, 'distance_accuracy_value', 'NONE');
#138 = AXIS2_PLACEMENT_3D ( 'NONE', #2449, #1790, #981 ) ;
#139 = FACE_OUTER_BOUND ( 'NONE', #1358, .T. ) ;
#140 = ORIENTED_EDGE ( 'NONE', *, *, #2638, .T. ) ;
#141 = UNCERTAINTY_MEASURE_WITH_UNIT (LENGTH_MEASURE( 1.000000000000000082E-05 ), #2202, 'distance_accuracy_value', 'NONE');
#142 = COLOUR_RGB ( '',0.9686274509803921573, 0.8784313725490195957, 0.5999999999999999778 ) ;
#143 = CARTESIAN_POINT ( 'NONE',  ( 0.2314540903791504345, 0.5144430429435773444, -1.378611030413835481 ) ) ;
#144 = VERTEX_POINT ( 'NONE', #457 ) ;
#145 = EDGE_CURVE ( 'NONE', #35, #79, #2102, .T. ) ;
#146 = LINE ( 'NONE', #998, #2571 ) ;
#147 = COLOUR_RGB ( '',0.9686274509803921573, 0.8784313725490195957, 0.5999999999999999778 ) ;
#148 = PRESENTATION_STYLE_ASSIGNMENT (( #2030 ) ) ;
#149 = CARTESIAN_POINT ( 'NONE',  ( 0.4599999999999999645, -0.06000000000000002554, -0.4459591794226542283 ) ) ;
#150 = COLOUR_RGB ( '',0.9686274509803921573, 0.8784313725490195957, 0.5999999999999999778 ) ;
#151 = CIRCLE ( 'NONE', #1066, 1.542201957341249541 ) ;
#152 = AXIS2_PLACEMENT_3D ( 'NONE', #358, #2046, #1615 ) ;
#153 = VECTOR ( 'NONE', #129, 1000.000000000000000 ) ;
#154 = SURFACE_STYLE_USAGE ( .BOTH. , #2245 ) ;
#155 = CARTESIAN_POINT ( 'NONE',  ( 0.3583111458316656783, 0.4896862477045595963, -1.500000000000000000 ) ) ;
#156 = AXIS2_PLACEMENT_3D ( 'NONE', #1284, #385, #2495 ) ;
#157 = VERTEX_POINT ( 'NONE', #866 ) ;
#158 = PRESENTATION_STYLE_ASSIGNMENT (( #1425 ) ) ;
#159 = UNCERTAINTY_MEASURE_WITH_UNIT (LENGTH_MEASURE( 1.000000000000000082E-05 ), #2016, 'distance_accuracy_value', 'NONE');
#160 = CARTESIAN_POINT ( 'NONE',  ( 0.3583111458316375897, 0.4896862477045595963, -1.500000000000000000 ) ) ;
#161 = LINE ( 'NONE', #949, #277 ) ;
#162 = CARTESIAN_POINT ( 'NONE',  ( -0.3234674192097925505, 0.6367061152542283775, -1.354133507872162356 ) ) ;
#163 = SURFACE_SIDE_STYLE ('',( #1702 ) ) ;
#164 = ORIENTED_EDGE ( 'NONE', *, *, #1863, .F. ) ;
#165 = DIRECTION ( 'NONE',  ( -1.000000000000000000, 0.000000000000000000, -8.001190744149820513E-17 ) ) ;
#166 = PRESENTATION_STYLE_ASSIGNMENT (( #2050 ) ) ;
#167 = PLANE ( 'NONE',  #2127 ) ;
#168 = SURFACE_STYLE_FILL_AREA ( #446 ) ;
#169 = EDGE_CURVE ( 'NONE', #580, #1236, #2345, .T. ) ;
#170 = CARTESIAN_POINT ( 'NONE',  ( 0.7500000000000000000, 0.4396862477045595519, -0.7500000000000000000 ) ) ;
#171 = ORIENTED_EDGE ( 'NONE', *, *, #723, .F. ) ;
#172 = DIRECTION ( 'NONE',  ( 1.000000000000000000, 0.000000000000000000, 0.000000000000000000 ) ) ;
#173 = CARTESIAN_POINT ( 'NONE',  ( -0.9999999999999995559, 0.4396862477045595519, -1.080000000000000293 ) ) ;
#174 = SURFACE_STYLE_USAGE ( .BOTH. , #352 ) ;
#175 = PRESENTATION_LAYER_ASSIGNMENT (  '', '', ( #2340 ) ) ;
#176 = EDGE_LOOP ( 'NONE', ( #1307, #1116, #1160 ) ) ;
#177 = VECTOR ( 'NONE', #1491, 1000.000000000000000 ) ;
#178 = EDGE_CURVE ( 'NONE', #619, #1548, #2672, .T. ) ;
#179 = DIRECTION ( 'NONE',  ( -8.001190744149820513E-17, 0.000000000000000000, 1.000000000000000000 ) ) ;
#180 = SURFACE_SIDE_STYLE ('',( #829 ) ) ;
#181 = CARTESIAN_POINT ( 'NONE',  ( -0.7500000000000000000, 0.3896862477045595630, 0.7500000000000000000 ) ) ;
#182 =( GEOMETRIC_REPRESENTATION_CONTEXT ( 3 ) GLOBAL_UNCERTAINTY_ASSIGNED_CONTEXT ( ( #1085 ) ) GLOBAL_UNIT_ASSIGNED_CONTEXT ( ( #1140, #128, #1585 ) ) REPRESENTATION_CONTEXT ( 'NONE', 'WORKASPACE' ) );
#183 = CIRCLE ( 'NONE', #681, 0.03249999999999997335 ) ;
#184 =( NAMED_UNIT ( * ) SI_UNIT ( $, .STERADIAN. ) SOLID_ANGLE_UNIT ( ) );
#185 = ORIENTED_EDGE ( 'NONE', *, *, #918, .F. ) ;
#186 = VECTOR ( 'NONE', #1597, 1000.000000000000000 ) ;
#187 = EDGE_CURVE ( 'NONE', #1796, #2208, #487, .T. ) ;
#188 =( NAMED_UNIT ( * ) PLANE_ANGLE_UNIT ( ) SI_UNIT ( $, .RADIAN. ) );
#189 = DIRECTION ( 'NONE',  ( -1.000000000000000000, -0.000000000000000000, -0.000000000000000000 ) ) ;
#190 = MECHANICAL_DESIGN_GEOMETRIC_PRESENTATION_REPRESENTATION (  '', ( #2075 ), #595 ) ;
#191 = AXIS2_PLACEMENT_3D ( 'NONE', #1197, #2673, #675 ) ;
#192 = PLANE ( 'NONE',  #622 ) ;
#193 = EDGE_CURVE ( 'NONE', #750, #295, #1729, .T. ) ;
#194 = VERTEX_POINT ( 'NONE', #2718 ) ;
#195 = STYLED_ITEM ( 'NONE', ( #1163 ), #2200 ) ;
#196 = DIRECTION ( 'NONE',  ( -8.031127203596329369E-17, -0.000000000000000000, 1.000000000000000000 ) ) ;
#197 = PRESENTATION_LAYER_ASSIGNMENT (  '', '', ( #989 ) ) ;
#198 = DIRECTION ( 'NONE',  ( 1.000000000000000000, 0.000000000000000000, -0.000000000000000000 ) ) ;
#199 = EDGE_CURVE ( 'NONE', #714, #217, #1697, .T. ) ;
#200 = DIRECTION ( 'NONE',  ( -1.000000000000000000, -0.000000000000000000, -0.000000000000000000 ) ) ;
#201 = CARTESIAN_POINT ( 'NONE',  ( -1.349999999999999867, -0.06000000000000002554, -1.350000000000000089 ) ) ;
#202 = SURFACE_STYLE_USAGE ( .BOTH. , #2706 ) ;
#203 = ORIENTED_EDGE ( 'NONE', *, *, #521, .F. ) ;
#204 = CARTESIAN_POINT ( 'NONE',  ( 1.500000000000000444, 0.4896862477045595963, -1.500000000000000000 ) ) ;
#205 = FACE_OUTER_BOUND ( 'NONE', #1970, .T. ) ;
#206 = CARTESIAN_POINT ( 'NONE',  ( -1.199999999999999734, 0.4396862477045595519, 0.7999999999999998224 ) ) ;
#207 = PLANE ( 'NONE',  #2184 ) ;
#208 = FILL_AREA_STYLE_COLOUR ( '', #834 ) ;
#209 = ORIENTED_EDGE ( 'NONE', *, *, #576, .T. ) ;
#210 =( NAMED_UNIT ( * ) SI_UNIT ( $, .STERADIAN. ) SOLID_ANGLE_UNIT ( ) );
#211 = EDGE_CURVE ( 'NONE', #2141, #261, #2511, .T. ) ;
#212 = DIRECTION ( 'NONE',  ( -0.000000000000000000, -0.000000000000000000, -1.000000000000000000 ) ) ;
#213 = EDGE_LOOP ( 'NONE', ( #49, #1669, #2246, #773 ) ) ;
#214 = FILL_AREA_STYLE_COLOUR ( '', #596 ) ;
#215 = AXIS2_PLACEMENT_3D ( 'NONE', #72, #1759, #2183 ) ;
#216 = PRESENTATION_STYLE_ASSIGNMENT (( #2107 ) ) ;
#217 = VERTEX_POINT ( 'NONE', #435 ) ;
#218 = EDGE_CURVE ( 'NONE', #2364, #18, #230, .T. ) ;
#219 = SURFACE_STYLE_USAGE ( .BOTH. , #180 ) ;
#220 = CARTESIAN_POINT ( 'NONE',  ( 0.000000000000000000, 0.6096862477045594808, 0.03249999999999997335 ) ) ;
#221 = EDGE_CURVE ( 'NONE', #1942, #2654, #1524, .T. ) ;
#223 = SURFACE_STYLE_FILL_AREA ( #2113 ) ;
#222 = MECHANICAL_DESIGN_GEOMETRIC_PRESENTATION_REPRESENTATION (  '', ( #2472 ), #1014 ) ;
#224 = FILL_AREA_STYLE_COLOUR ( '', #1285 ) ;
#225 = ORIENTED_EDGE ( 'NONE', *, *, #1663, .F. ) ;
#226 = CIRCLE ( 'NONE', #1777, 0.1500000000000000777 ) ;
#227 = FACE_OUTER_BOUND ( 'NONE', #1087, .T. ) ;
#228 = DIRECTION ( 'NONE',  ( -0.2323373693866678802, -0.000000000000000000, -0.9726352588645361674 ) ) ;
#229 = DIRECTION ( 'NONE',  ( 1.000000000000000000, 0.000000000000000000, 0.000000000000000000 ) ) ;
#230 = LINE ( 'NONE', #1323, #1992 ) ;
#231 = LINE ( 'NONE', #1908, #2653 ) ;
#232 = PRESENTATION_LAYER_ASSIGNMENT (  '', '', ( #2075 ) ) ;
#233 =( GEOMETRIC_REPRESENTATION_CONTEXT ( 3 ) GLOBAL_UNCERTAINTY_ASSIGNED_CONTEXT ( ( #1188 ) ) GLOBAL_UNIT_ASSIGNED_CONTEXT ( ( #660, #1295, #869 ) ) REPRESENTATION_CONTEXT ( 'NONE', 'WORKASPACE' ) );
#234 = ORIENTED_EDGE ( 'NONE', *, *, #655, .F. ) ;
#235 = EDGE_LOOP ( 'NONE', ( #2518, #2125, #2554, #808 ) ) ;
#236 =( NAMED_UNIT ( * ) SI_UNIT ( $, .STERADIAN. ) SOLID_ANGLE_UNIT ( ) );
#237 = SURFACE_STYLE_USAGE ( .BOTH. , #1090 ) ;
#238 = EDGE_CURVE ( 'NONE', #1552, #2654, #2238, .T. ) ;
#239 = VERTEX_POINT ( 'NONE', #1273 ) ;
#240 = AXIS2_PLACEMENT_3D ( 'NONE', #1805, #1347, #738 ) ;
#241 = FACE_OUTER_BOUND ( 'NONE', #1062, .T. ) ;
#242 = ORIENTED_EDGE ( 'NONE', *, *, #199, .T. ) ;
#243 = VECTOR ( 'NONE', #1673, 1000.000000000000000 ) ;
#244 = PRESENTATION_LAYER_ASSIGNMENT (  '', '', ( #1445 ) ) ;
#245 = LINE ( 'NONE', #2121, #851 ) ;
#246 = SURFACE_STYLE_FILL_AREA ( #408 ) ;
#247 = DIRECTION ( 'NONE',  ( -0.000000000000000000, -1.000000000000000000, -0.000000000000000000 ) ) ;
#248 = CARTESIAN_POINT ( 'NONE',  ( -0.4999999999999995559, 0.3896862477045595630, -1.200000000000000178 ) ) ;
#249 = VERTEX_POINT ( 'NONE', #2717 ) ;
#250 = LINE ( 'NONE', #713, #1121 ) ;
#251 = LINE ( 'NONE', #2106, #1563 ) ;
#252 =( LENGTH_UNIT ( ) NAMED_UNIT ( * ) SI_UNIT ( .MILLI., .METRE. ) );
#253 = CARTESIAN_POINT ( 'NONE',  ( 1.500000000000000444, 0.4896862477045595963, 1.500000000000000000 ) ) ;
#254 = DIRECTION ( 'NONE',  ( 0.000000000000000000, 0.000000000000000000, -1.000000000000000000 ) ) ;
#255 =( NAMED_UNIT ( * ) PLANE_ANGLE_UNIT ( ) SI_UNIT ( $, .RADIAN. ) );
#256 =( LENGTH_UNIT ( ) NAMED_UNIT ( * ) SI_UNIT ( .MILLI., .METRE. ) );
#257 = UNCERTAINTY_MEASURE_WITH_UNIT (LENGTH_MEASURE( 1.000000000000000082E-05 ), #795, 'distance_accuracy_value', 'NONE');
#258 = CARTESIAN_POINT ( 'NONE',  ( 0.8500000000000001998, 0.000000000000000000, -1.350000000000000089 ) ) ;
#259 = DIRECTION ( 'NONE',  ( -0.000000000000000000, -1.000000000000000000, -0.000000000000000000 ) ) ;
#260 = LINE ( 'NONE', #1538, #1241 ) ;
#261 = VERTEX_POINT ( 'NONE', #1889 ) ;
#262 = CARTESIAN_POINT ( 'NONE',  ( -0.3583111458316375897, 0.6396862477045595075, -1.500000000000000000 ) ) ;
#263 = FILL_AREA_STYLE ('',( #1513 ) ) ;
#264 = COLOUR_RGB ( '',0.2509803921568627416, 0.2509803921568627416, 0.2509803921568627416 ) ;
#265 = MECHANICAL_DESIGN_GEOMETRIC_PRESENTATION_REPRESENTATION (  '', ( #1933 ), #1490 ) ;
#266 = LINE ( 'NONE', #916, #649 ) ;
#267 = EDGE_LOOP ( 'NONE', ( #1923, #1075, #567, #16 ) ) ;
#268 =( LENGTH_UNIT ( ) NAMED_UNIT ( * ) SI_UNIT ( .MILLI., .METRE. ) );
#269 = STYLED_ITEM ( 'NONE', ( #2616 ), #1398 ) ;
#270 = PRESENTATION_LAYER_ASSIGNMENT (  '', '', ( #276 ) ) ;
#271 = EDGE_CURVE ( 'NONE', #1890, #239, #226, .T. ) ;
#272 = SURFACE_STYLE_FILL_AREA ( #698 ) ;
#273 = CIRCLE ( 'NONE', #1465, 0.04999999999999996808 ) ;
#274 = ORIENTED_EDGE ( 'NONE', *, *, #343, .T. ) ;
#275 = CARTESIAN_POINT ( 'NONE',  ( -1.354133507872162578, 0.6367061152542283775, -0.3234674192097912182 ) ) ;
#276 = STYLED_ITEM ( 'NONE', ( #2436 ), #1258 ) ;
#277 = VECTOR ( 'NONE', #767, 1000.000000000000000 ) ;
#278 = ORIENTED_EDGE ( 'NONE', *, *, #805, .T. ) ;
#279 = FILL_AREA_STYLE_COLOUR ( '', #1351 ) ;
#280 = ADVANCED_FACE ( 'NONE', ( #1938 ), #423, .F. ) ;
#281 = FILL_AREA_STYLE_COLOUR ( '', #14 ) ;
#282 = VECTOR ( 'NONE', #2248, 1000.000000000000000 ) ;
#283 = CARTESIAN_POINT ( 'NONE',  ( 1.500000000000000444, 0.4896862477045595963, 1.500000000000000000 ) ) ;
#284 =( GEOMETRIC_REPRESENTATION_CONTEXT ( 3 ) GLOBAL_UNCERTAINTY_ASSIGNED_CONTEXT ( ( #2676 ) ) GLOBAL_UNIT_ASSIGNED_CONTEXT ( ( #1839, #984, #1830 ) ) REPRESENTATION_CONTEXT ( 'NONE', 'WORKASPACE' ) );
#285 = LINE ( 'NONE', #2580, #539 ) ;
#286 = VECTOR ( 'NONE', #1384, 1000.000000000000000 ) ;
#287 = PRESENTATION_STYLE_ASSIGNMENT (( #910 ) ) ;
#288 = DIRECTION ( 'NONE',  ( -0.000000000000000000, 1.000000000000000000, -0.000000000000000000 ) ) ;
#289 = ORIENTED_EDGE ( 'NONE', *, *, #1663, .T. ) ;
#290 = CARTESIAN_POINT ( 'NONE',  ( -1.350000000000000311, 0.000000000000000000, 1.350000000000000089 ) ) ;
#291 = EDGE_CURVE ( 'NONE', #332, #2630, #684, .T. ) ;
#292 = SURFACE_STYLE_USAGE ( .BOTH. , #1567 ) ;
#293 = ORIENTED_EDGE ( 'NONE', *, *, #238, .T. ) ;
#294 = CARTESIAN_POINT ( 'NONE',  ( 0.1103090100319329414, 0.5208717148288306564, 1.394151793798097172 ) ) ;
#295 = VERTEX_POINT ( 'NONE', #258 ) ;
#296 = SURFACE_STYLE_USAGE ( .BOTH. , #468 ) ;
#297 = SURFACE_SIDE_STYLE ('',( #2196 ) ) ;
#298 = CARTESIAN_POINT ( 'NONE',  ( -1.349999999999999867, -0.06000000000000002554, -1.350000000000000089 ) ) ;
#299 = ADVANCED_FACE ( 'NONE', ( #42 ), #2360, .F. ) ;
#300 = ADVANCED_FACE ( 'NONE', ( #1496 ), #1833, .F. ) ;
#301 = FACE_OUTER_BOUND ( 'NONE', #1260, .T. ) ;
#302 = ORIENTED_EDGE ( 'NONE', *, *, #634, .T. ) ;
#303 = SURFACE_STYLE_FILL_AREA ( #2206 ) ;
#304 = ORIENTED_EDGE ( 'NONE', *, *, #187, .T. ) ;
#305 = EDGE_CURVE ( 'NONE', #1193, #1798, #161, .T. ) ;
#306 = FILL_AREA_STYLE_COLOUR ( '', #2024 ) ;
#307 = MECHANICAL_DESIGN_GEOMETRIC_PRESENTATION_REPRESENTATION (  '', ( #586 ), #2463 ) ;
#308 = CARTESIAN_POINT ( 'NONE',  ( -1.199999999999999734, 0.3896862477045595630, 0.9999999999999997780 ) ) ;
#309 =( GEOMETRIC_REPRESENTATION_CONTEXT ( 3 ) GLOBAL_UNCERTAINTY_ASSIGNED_CONTEXT ( ( #2151 ) ) GLOBAL_UNIT_ASSIGNED_CONTEXT ( ( #1471, #2538, #1266 ) ) REPRESENTATION_CONTEXT ( 'NONE', 'WORKASPACE' ) );
#310 = SURFACE_STYLE_FILL_AREA ( #1815 ) ;
#311 = SURFACE_SIDE_STYLE ('',( #2241 ) ) ;
#312 = STYLED_ITEM ( 'NONE', ( #2497 ), #1457 ) ;
#313 = ORIENTED_EDGE ( 'NONE', *, *, #696, .T. ) ;
#314 =( LENGTH_UNIT ( ) NAMED_UNIT ( * ) SI_UNIT ( .MILLI., .METRE. ) );
#315 = VECTOR ( 'NONE', #765, 1000.000000000000000 ) ;
#316 = ADVANCED_FACE ( 'NONE', ( #2464 ), #1645, .F. ) ;
#317 = VERTEX_POINT ( 'NONE', #787 ) ;
#318 = CARTESIAN_POINT ( 'NONE',  ( 0.8500000000000001998, -0.06000000000000002554, -1.350000000000000089 ) ) ;
#319 = ORIENTED_EDGE ( 'NONE', *, *, #1840, .F. ) ;
#320 = PRESENTATION_LAYER_ASSIGNMENT (  '', '', ( #2185 ) ) ;
#321 = MECHANICAL_DESIGN_GEOMETRIC_PRESENTATION_REPRESENTATION (  '', ( #1210 ), #2513 ) ;
#322 = UNCERTAINTY_MEASURE_WITH_UNIT (LENGTH_MEASURE( 1.000000000000000082E-05 ), #268, 'distance_accuracy_value', 'NONE');
#323 = CARTESIAN_POINT ( 'NONE',  ( 0.5000000000000000000, -0.06000000000000002554, -0.4949489742783177992 ) ) ;
#324 = UNCERTAINTY_MEASURE_WITH_UNIT (LENGTH_MEASURE( 1.000000000000000082E-05 ), #434, 'distance_accuracy_value', 'NONE');
#325 = CARTESIAN_POINT ( 'NONE',  ( 0.000000000000000000, 0.4396862477045595519, 0.000000000000000000 ) ) ;
#326 = ADVANCED_FACE ( 'NONE', ( #1620 ), #455, .F. ) ;
#327 = PRESENTATION_LAYER_ASSIGNMENT (  '', '', ( #1749 ) ) ;
#328 = DIRECTION ( 'NONE',  ( 0.000000000000000000, 0.000000000000000000, 1.000000000000000000 ) ) ;
#329 =( GEOMETRIC_REPRESENTATION_CONTEXT ( 3 ) GLOBAL_UNCERTAINTY_ASSIGNED_CONTEXT ( ( #1630 ) ) GLOBAL_UNIT_ASSIGNED_CONTEXT ( ( #2503, #1502, #841 ) ) REPRESENTATION_CONTEXT ( 'NONE', 'WORKASPACE' ) );
#330 = VERTEX_POINT ( 'NONE', #2289 ) ;
#331 = CARTESIAN_POINT ( 'NONE',  ( -0.3241461931050232392, 0.4896862477045597628, 1.356975062913613694 ) ) ;
#332 = VERTEX_POINT ( 'NONE', #1027 ) ;
#333 = DIRECTION ( 'NONE',  ( 0.000000000000000000, -0.000000000000000000, -1.000000000000000000 ) ) ;
#334 = SURFACE_STYLE_USAGE ( .BOTH. , #747 ) ;
#335 = SURFACE_STYLE_USAGE ( .BOTH. , #357 ) ;
#336 = CARTESIAN_POINT ( 'NONE',  ( -1.356975062913613916, 0.4896862477045595963, 0.3241461931050214629 ) ) ;
#337 =( NAMED_UNIT ( * ) PLANE_ANGLE_UNIT ( ) SI_UNIT ( $, .RADIAN. ) );
#338 = SURFACE_STYLE_FILL_AREA ( #2242 ) ;
#339 =( LENGTH_UNIT ( ) NAMED_UNIT ( * ) SI_UNIT ( .MILLI., .METRE. ) );
#340 =( LENGTH_UNIT ( ) NAMED_UNIT ( * ) SI_UNIT ( .MILLI., .METRE. ) );
#341 = ORIENTED_EDGE ( 'NONE', *, *, #1432, .F. ) ;
#342 = DIRECTION ( 'NONE',  ( -1.000000000000000000, -0.000000000000000000, -0.000000000000000000 ) ) ;
#343 = EDGE_CURVE ( 'NONE', #1311, #1552, #2536, .T. ) ;
#344 = DIRECTION ( 'NONE',  ( 0.000000000000000000, 0.000000000000000000, 1.000000000000000000 ) ) ;
#345 = SURFACE_SIDE_STYLE ('',( #1629 ) ) ;
#346 = UNCERTAINTY_MEASURE_WITH_UNIT (LENGTH_MEASURE( 1.000000000000000082E-05 ), #46, 'distance_accuracy_value', 'NONE');
#347 = ORIENTED_EDGE ( 'NONE', *, *, #1840, .T. ) ;
#348 = COLOUR_RGB ( '',1.000000000000000000, 1.000000000000000000, 1.000000000000000000 ) ;
#349 = EDGE_CURVE ( 'NONE', #1942, #901, #414, .T. ) ;
#350 = ADVANCED_FACE ( 'NONE', ( #205 ), #1039, .T. ) ;
#351 = SURFACE_STYLE_FILL_AREA ( #1420 ) ;
#352 = SURFACE_SIDE_STYLE ('',( #1421 ) ) ;
#353 = EDGE_CURVE ( 'NONE', #2405, #2003, #1326, .T. ) ;
#354 = ORIENTED_EDGE ( 'NONE', *, *, #842, .T. ) ;
#355 = CARTESIAN_POINT ( 'NONE',  ( -1.350000000000000311, -0.06000000000000002554, 1.350000000000000089 ) ) ;
#356 = CARTESIAN_POINT ( 'NONE',  ( 0.000000000000000000, 0.4896862477045595963, 0.000000000000000000 ) ) ;
#357 = SURFACE_SIDE_STYLE ('',( #2433 ) ) ;
#358 = CARTESIAN_POINT ( 'NONE',  ( -0.9999999999999995559, 0.4396862477045595519, -1.200000000000000178 ) ) ;
#359 = FILL_AREA_STYLE_COLOUR ( '', #1017 ) ;
#360 = AXIS2_PLACEMENT_3D ( 'NONE', #429, #2177, #888 ) ;
#361 = AXIS2_PLACEMENT_3D ( 'NONE', #1184, #165, #179 ) ;
#362 = CIRCLE ( 'NONE', #1901, 1.542201957341249541 ) ;
#363 = VECTOR ( 'NONE', #106, 1000.000000000000000 ) ;
#364 = LINE ( 'NONE', #1843, #451 ) ;
#365 = VECTOR ( 'NONE', #1864, 1000.000000000000000 ) ;
#366 = AXIS2_PLACEMENT_3D ( 'NONE', #1806, #2461, #2422 ) ;
#367 =( LENGTH_UNIT ( ) NAMED_UNIT ( * ) SI_UNIT ( .MILLI., .METRE. ) );
#368 = ORIENTED_EDGE ( 'NONE', *, *, #1887, .T. ) ;
#369 = MECHANICAL_DESIGN_GEOMETRIC_PRESENTATION_REPRESENTATION (  '', ( #785 ), #2528 ) ;
#370 = ADVANCED_FACE ( 'NONE', ( #1578 ), #1529, .T. ) ;
#371 = DIRECTION ( 'NONE',  ( -0.9726352588645351682, -5.743335518472953645E-14, -0.2323373693866715439 ) ) ;
#372 = SURFACE_SIDE_STYLE ('',( #859 ) ) ;
#373 =( NAMED_UNIT ( * ) PLANE_ANGLE_UNIT ( ) SI_UNIT ( $, .RADIAN. ) );
#374 = CARTESIAN_POINT ( 'NONE',  ( 0.000000000000000000, 1.969686247704559579, 0.03249999999999997335 ) ) ;
#375 = SURFACE_STYLE_USAGE ( .BOTH. , #806 ) ;
#376 = DIRECTION ( 'NONE',  ( -0.000000000000000000, -1.000000000000000000, -0.000000000000000000 ) ) ;
#377 = ORIENTED_EDGE ( 'NONE', *, *, #2026, .T. ) ;
#378 = LINE ( 'NONE', #1229, #282 ) ;
#379 = CARTESIAN_POINT ( 'NONE',  ( 1.379589392283671057, 0.6367061152544386537, -0.2169013046429549840 ) ) ;
#380 =( NAMED_UNIT ( * ) SI_UNIT ( $, .STERADIAN. ) SOLID_ANGLE_UNIT ( ) );
#381 = EDGE_CURVE ( 'NONE', #1313, #1478, #2394, .T. ) ;
#382 = PLANE ( 'NONE',  #2291 ) ;
#383 = CARTESIAN_POINT ( 'NONE',  ( 0.4599999999999999645, -0.06000000000000002554, -0.05404082057734576477 ) ) ;
#384 = CARTESIAN_POINT ( 'NONE',  ( -1.499999999999999556, 0.3896862477045595630, 1.499999999999999778 ) ) ;
#385 = DIRECTION ( 'NONE',  ( 0.000000000000000000, 0.000000000000000000, -1.000000000000000000 ) ) ;
#386 = CARTESIAN_POINT ( 'NONE',  ( 0.8499999999999998668, -0.06000000000000002554, 1.350000000000000089 ) ) ;
#387 = FACE_OUTER_BOUND ( 'NONE', #2709, .T. ) ;
#388 = CIRCLE ( 'NONE', #2288, 1.360000000000000098 ) ;
#389 = DIRECTION ( 'NONE',  ( 1.000000000000000000, 0.000000000000000000, -0.000000000000000000 ) ) ;
#390 = EDGE_CURVE ( 'NONE', #2524, #2048, #2204, .T. ) ;
#391 = DIRECTION ( 'NONE',  ( 1.000000000000000000, -0.000000000000000000, 0.000000000000000000 ) ) ;
#392 = AXIS2_PLACEMENT_3D ( 'NONE', #1204, #1006, #599 ) ;
#393 =( GEOMETRIC_REPRESENTATION_CONTEXT ( 3 ) GLOBAL_UNCERTAINTY_ASSIGNED_CONTEXT ( ( #257 ) ) GLOBAL_UNIT_ASSIGNED_CONTEXT ( ( #795, #2476, #1004 ) ) REPRESENTATION_CONTEXT ( 'NONE', 'WORKASPACE' ) );
#394 = VERTEX_POINT ( 'NONE', #1376 ) ;
#395 = DIRECTION ( 'NONE',  ( 1.000000000000000000, 0.000000000000000000, 0.000000000000000000 ) ) ;
#396 = DIRECTION ( 'NONE',  ( -1.000000000000000000, 0.000000000000000000, 0.000000000000000000 ) ) ;
#397 = PLANE ( 'NONE',  #73 ) ;
#398 = DIRECTION ( 'NONE',  ( 1.000000000000000000, 0.000000000000000000, 0.000000000000000000 ) ) ;
#399 = CARTESIAN_POINT ( 'NONE',  ( -1.500000000000000444, 0.4896862477045595963, 1.500000000000000000 ) ) ;
#400 = CARTESIAN_POINT ( 'NONE',  ( 1.500000000000000444, 0.4896862477045595963, 1.500000000000000000 ) ) ;
#401 = CARTESIAN_POINT ( 'NONE',  ( 1.500000000000000444, 0.000000000000000000, 1.499999999999999778 ) ) ;
#402 = CIRCLE ( 'NONE', #2434, 1.392231564227880414 ) ;
#403 = CARTESIAN_POINT ( 'NONE',  ( -0.7500000000000000000, 0.4396862477045595519, 0.7500000000000000000 ) ) ;
#404 = DIRECTION ( 'NONE',  ( 1.000000000000000000, 0.000000000000000000, 0.000000000000000000 ) ) ;
#405 = ORIENTED_EDGE ( 'NONE', *, *, #193, .F. ) ;
#406 = STYLED_ITEM ( 'NONE', ( #613 ), #722 ) ;
#407 = AXIS2_PLACEMENT_3D ( 'NONE', #262, #2157, #1335 ) ;
#408 = FILL_AREA_STYLE ('',( #1907 ) ) ;
#409 = CARTESIAN_POINT ( 'NONE',  ( -1.199999999999999734, 0.4396862477045595519, 0.7999999999999998224 ) ) ;
#410 = DIRECTION ( 'NONE',  ( 1.000000000000000000, 0.000000000000000000, 0.000000000000000000 ) ) ;
#411 = ORIENTED_EDGE ( 'NONE', *, *, #2432, .F. ) ;
#412 = FILL_AREA_STYLE ('',( #214 ) ) ;
#413 = VECTOR ( 'NONE', #2664, 1000.000000000000000 ) ;
#414 = LINE ( 'NONE', #2143, #801 ) ;
#415 = DIRECTION ( 'NONE',  ( -0.000000000000000000, -1.000000000000000000, -0.000000000000000000 ) ) ;
#416 =( LENGTH_UNIT ( ) NAMED_UNIT ( * ) SI_UNIT ( .MILLI., .METRE. ) );
#417 = VECTOR ( 'NONE', #482, 1000.000000000000000 ) ;
#418 =( NAMED_UNIT ( * ) PLANE_ANGLE_UNIT ( ) SI_UNIT ( $, .RADIAN. ) );
#419 = DIRECTION ( 'NONE',  ( -0.000000000000000000, 1.000000000000000000, -0.000000000000000000 ) ) ;
#420 = CARTESIAN_POINT ( 'NONE',  ( 1.350000000000000311, -0.06000000000000002554, -1.350000000000000089 ) ) ;
#421 = ORIENTED_EDGE ( 'NONE', *, *, #81, .T. ) ;
#422 = FILL_AREA_STYLE_COLOUR ( '', #512 ) ;
#423 = PLANE ( 'NONE',  #2034 ) ;
#424 = CARTESIAN_POINT ( 'NONE',  ( -0.7500000000000000000, 0.4396862477045595519, -0.7500000000000000000 ) ) ;
#425 = ADVANCED_FACE ( 'NONE', ( #301 ), #1415, .T. ) ;
#426 = CARTESIAN_POINT ( 'NONE',  ( -0.5000000000000001110, 0.000000000000000000, 1.350000000000000089 ) ) ;
#427 = ORIENTED_EDGE ( 'NONE', *, *, #1034, .F. ) ;
#428 = DIRECTION ( 'NONE',  ( -0.9726352588645358344, -0.000000000000000000, -0.2323373693866688516 ) ) ;
#429 = CARTESIAN_POINT ( 'NONE',  ( 1.500000000000037526, 0.6396862477068330222, 0.3583111458316473596 ) ) ;
#430 = ORIENTED_EDGE ( 'NONE', *, *, #2267, .F. ) ;
#431 = DIRECTION ( 'NONE',  ( 0.000000000000000000, 0.000000000000000000, -1.000000000000000000 ) ) ;
#432 = LINE ( 'NONE', #1494, #1571 ) ;
#433 = DIRECTION ( 'NONE',  ( -1.000000000000000000, -0.000000000000000000, -0.000000000000000000 ) ) ;
#434 =( LENGTH_UNIT ( ) NAMED_UNIT ( * ) SI_UNIT ( .MILLI., .METRE. ) );
#435 = CARTESIAN_POINT ( 'NONE',  ( 1.500000000000000444, 0.3896862477045595630, -1.500000000000000000 ) ) ;
#436 = CARTESIAN_POINT ( 'NONE',  ( -0.3583111458316375897, 0.4896862477045595963, -1.500000000000000000 ) ) ;
#437 = ADVANCED_FACE ( 'NONE', ( #594 ), #1626, .F. ) ;
#438 = ORIENTED_EDGE ( 'NONE', *, *, #1561, .T. ) ;
#439 = STYLED_ITEM ( 'NONE', ( #1309 ), #2150 ) ;
#440 = ORIENTED_EDGE ( 'NONE', *, *, #99, .T. ) ;
#441 = CARTESIAN_POINT ( 'NONE',  ( 1.500000000000000444, 0.4896862477045595963, -0.2415077363278097244 ) ) ;
#442 =( GEOMETRIC_REPRESENTATION_CONTEXT ( 3 ) GLOBAL_UNCERTAINTY_ASSIGNED_CONTEXT ( ( #2172 ) ) GLOBAL_UNIT_ASSIGNED_CONTEXT ( ( #367, #2279, #996 ) ) REPRESENTATION_CONTEXT ( 'NONE', 'WORKASPACE' ) );
#443 = FILL_AREA_STYLE ('',( #2411 ) ) ;
#444 = FILL_AREA_STYLE ('',( #1739 ) ) ;
#445 = FILL_AREA_STYLE_COLOUR ( '', #1405 ) ;
#446 = FILL_AREA_STYLE ('',( #1707 ) ) ;
#447 = UNCERTAINTY_MEASURE_WITH_UNIT (LENGTH_MEASURE( 1.000000000000000082E-05 ), #1310, 'distance_accuracy_value', 'NONE');
#448 =( NAMED_UNIT ( * ) PLANE_ANGLE_UNIT ( ) SI_UNIT ( $, .RADIAN. ) );
#449 = DIRECTION ( 'NONE',  ( -0.000000000000000000, 1.000000000000000000, -0.000000000000000000 ) ) ;
#450 = CARTESIAN_POINT ( 'NONE',  ( -0.9999999999999995559, 0.3896862477045595630, 0.7999999999999998224 ) ) ;
#451 = VECTOR ( 'NONE', #376, 1000.000000000000000 ) ;
#452 = DIRECTION ( 'NONE',  ( 0.000000000000000000, -1.000000000000000000, 0.000000000000000000 ) ) ;
#453 = LINE ( 'NONE', #11, #2393 ) ;
#454 = UNCERTAINTY_MEASURE_WITH_UNIT (LENGTH_MEASURE( 1.000000000000000082E-05 ), #1312, 'distance_accuracy_value', 'NONE');
#455 = PLANE ( 'NONE',  #2421 ) ;
#456 = PRESENTATION_STYLE_ASSIGNMENT (( #2137 ) ) ;
#457 = CARTESIAN_POINT ( 'NONE',  ( -1.499999999999999556, 0.3896862477045595630, -1.500000000000000000 ) ) ;
#458 = CARTESIAN_POINT ( 'NONE',  ( 0.000000000000000000, 0.6396862477045595075, 0.000000000000000000 ) ) ;
#459 = CIRCLE ( 'NONE', #2696, 0.05000000000000002359 ) ;
#460 = FILL_AREA_STYLE ('',( #646 ) ) ;
#461 = VERTEX_POINT ( 'NONE', #2457 ) ;
#462 = CARTESIAN_POINT ( 'NONE',  ( 1.356975062913607921, 0.4896862477045531015, 0.3241461931050461653 ) ) ;
#463 = CARTESIAN_POINT ( 'NONE',  ( 0.5000000000000000000, 0.000000000000000000, -0.005051025721682219846 ) ) ;
#464 = EDGE_CURVE ( 'NONE', #702, #35, #963, .T. ) ;
#465 = LINE ( 'NONE', #2145, #243 ) ;
#466 = EDGE_LOOP ( 'NONE', ( #868, #768 ) ) ;
#467 = EDGE_CURVE ( 'NONE', #489, #481, #583, .T. ) ;
#468 = SURFACE_SIDE_STYLE ('',( #223 ) ) ;
#469 = VECTOR ( 'NONE', #2067, 1000.000000000000000 ) ;
#470 = PRESENTATION_STYLE_ASSIGNMENT (( #695 ) ) ;
#471 = LINE ( 'NONE', #450, #775 ) ;
#472 = UNCERTAINTY_MEASURE_WITH_UNIT (LENGTH_MEASURE( 1.000000000000000082E-05 ), #1828, 'distance_accuracy_value', 'NONE');
#473 = FILL_AREA_STYLE ('',( #483 ) ) ;
#474 = DIRECTION ( 'NONE',  ( 0.000000000000000000, -0.000000000000000000, -1.000000000000000000 ) ) ;
#475 = CARTESIAN_POINT ( 'NONE',  ( -0.4999999999999998890, -0.06000000000000002554, -1.350000000000000089 ) ) ;
#476 = FILL_AREA_STYLE ('',( #1525 ) ) ;
#477 = ORIENTED_EDGE ( 'NONE', *, *, #33, .F. ) ;
#478 =( NAMED_UNIT ( * ) PLANE_ANGLE_UNIT ( ) SI_UNIT ( $, .RADIAN. ) );
#479 = EDGE_LOOP ( 'NONE', ( #2162, #1282, #1717, #347 ) ) ;
#480 = FILL_AREA_STYLE ('',( #2363 ) ) ;
#481 = VERTEX_POINT ( 'NONE', #1441 ) ;
#482 = DIRECTION ( 'NONE',  ( -1.000000000000000000, -0.000000000000000000, -0.000000000000000000 ) ) ;
#483 = FILL_AREA_STYLE_COLOUR ( '', #2314 ) ;
#484 = SURFACE_SIDE_STYLE ('',( #272 ) ) ;
#485 = UNCERTAINTY_MEASURE_WITH_UNIT (LENGTH_MEASURE( 1.000000000000000082E-05 ), #621, 'distance_accuracy_value', 'NONE');
#486 = ORIENTED_EDGE ( 'NONE', *, *, #1178, .T. ) ;
#487 = LINE ( 'NONE', #1274, #1248 ) ;
#488 = CARTESIAN_POINT ( 'NONE',  ( -0.4999999999999995559, 0.3896862477045595630, -1.200000000000000178 ) ) ;
#489 = VERTEX_POINT ( 'NONE', #778 ) ;
#490 = DIRECTION ( 'NONE',  ( 1.000000000000000000, 0.000000000000000000, 0.000000000000000000 ) ) ;
#491 = CARTESIAN_POINT ( 'NONE',  ( 0.000000000000000000, 1.969686247704559579, 0.000000000000000000 ) ) ;
#492 = EDGE_LOOP ( 'NONE', ( #2197, #2442, #1401, #1483 ) ) ;
#493 =( NAMED_UNIT ( * ) SI_UNIT ( $, .STERADIAN. ) SOLID_ANGLE_UNIT ( ) );
#494 = EDGE_CURVE ( 'NONE', #330, #1548, #555, .T. ) ;
#495 = VERTEX_POINT ( 'NONE', #2504 ) ;
#496 =( NAMED_UNIT ( * ) PLANE_ANGLE_UNIT ( ) SI_UNIT ( $, .RADIAN. ) );
#497 = PRESENTATION_LAYER_ASSIGNMENT (  '', '', ( #2167 ) ) ;
#498 = SURFACE_STYLE_FILL_AREA ( #1756 ) ;
#499 = PRESENTATION_STYLE_ASSIGNMENT (( #296 ) ) ;
#500 = EDGE_LOOP ( 'NONE', ( #122, #2635, #2287, #2545 ) ) ;
#501 = COLOUR_RGB ( '',1.000000000000000000, 1.000000000000000000, 1.000000000000000000 ) ;
#502 = CARTESIAN_POINT ( 'NONE',  ( 1.500000000000000444, 0.3896862477045595630, -1.500000000000000000 ) ) ;
#503 = DIRECTION ( 'NONE',  ( 0.000000000000000000, -1.000000000000000000, 0.000000000000000000 ) ) ;
#504 = CLOSED_SHELL ( 'NONE', ( #2715, #722, #1991, #565, #1426, #2350, #589, #2596, #300, #2341, #1628, #280, #299, #1417, #2200, #2264, #2150, #667, #2515, #1712, #1982, #2190, #1161, #2018, #1133, #871, #326, #2388, #1393, #2680, #437, #1082, #1081, #945, #425, #1385, #1383, #1974, #22, #350 ) ) ;
#505 = ORIENTED_EDGE ( 'NONE', *, *, #1919, .F. ) ;
#506 =( NAMED_UNIT ( * ) SI_UNIT ( $, .STERADIAN. ) SOLID_ANGLE_UNIT ( ) );
#507 = SURFACE_STYLE_USAGE ( .BOTH. , #957 ) ;
#508 = FACE_OUTER_BOUND ( 'NONE', #1871, .T. ) ;
#509 =( LENGTH_UNIT ( ) NAMED_UNIT ( * ) SI_UNIT ( .MILLI., .METRE. ) );
#510 = AXIS2_PLACEMENT_3D ( 'NONE', #1495, #228, #1047 ) ;
#511 =( GEOMETRIC_REPRESENTATION_CONTEXT ( 3 ) GLOBAL_UNCERTAINTY_ASSIGNED_CONTEXT ( ( #2033 ) ) GLOBAL_UNIT_ASSIGNED_CONTEXT ( ( #2049, #1402, #2683 ) ) REPRESENTATION_CONTEXT ( 'NONE', 'WORKASPACE' ) );
#512 = COLOUR_RGB ( '',1.000000000000000000, 1.000000000000000000, 1.000000000000000000 ) ;
#513 = VECTOR ( 'NONE', #1001, 1000.000000000000000 ) ;
#514 = PLANE ( 'NONE',  #1506 ) ;
#515 = CARTESIAN_POINT ( 'NONE',  ( 0.4500000000000000111, -0.06000000000000002554, -0.4949489742783177992 ) ) ;
#516 = COLOUR_RGB ( '',0.9686274509803921573, 0.8784313725490195957, 0.5999999999999999778 ) ;
#517 = CARTESIAN_POINT ( 'NONE',  ( -1.500000000000000444, 0.4896862477045595963, -0.2404151102949615426 ) ) ;
#518 = COLOUR_RGB ( '',0.9686274509803921573, 0.8784313725490195957, 0.5999999999999999778 ) ;
#519 = EDGE_CURVE ( 'NONE', #522, #2208, #891, .T. ) ;
#520 = CARTESIAN_POINT ( 'NONE',  ( 0.000000000000000000, 0.6367061152542283775, 0.000000000000000000 ) ) ;
#521 = EDGE_CURVE ( 'NONE', #939, #564, #1517, .T. ) ;
#522 = VERTEX_POINT ( 'NONE', #1031 ) ;
#523 = CYLINDRICAL_SURFACE ( 'NONE', #1481, 0.05000000000000002359 ) ;
#524 = CARTESIAN_POINT ( 'NONE',  ( -0.2404151102949668994, 0.4896862477045595963, 1.500000000000000000 ) ) ;
#525 = ORIENTED_EDGE ( 'NONE', *, *, #1002, .F. ) ;
#526 = FILL_AREA_STYLE_COLOUR ( '', #264 ) ;
#527 = EDGE_CURVE ( 'NONE', #1136, #714, #1078, .T. ) ;
#528 = LINE ( 'NONE', #2419, #2070 ) ;
#529 = ORIENTED_EDGE ( 'NONE', *, *, #1340, .T. ) ;
#530 = LINE ( 'NONE', #1997, #1338 ) ;
#531 = FACE_OUTER_BOUND ( 'NONE', #608, .T. ) ;
#532 = DIRECTION ( 'NONE',  ( 0.000000000000000000, -0.000000000000000000, 1.000000000000000000 ) ) ;
#533 = EDGE_LOOP ( 'NONE', ( #2334, #946, #203, #2425 ) ) ;
#534 = FACE_OUTER_BOUND ( 'NONE', #1810, .T. ) ;
#535 = CARTESIAN_POINT ( 'NONE',  ( 0.3583111458316374787, 0.4896862477045595963, 1.500000000000000000 ) ) ;
#536 = ORIENTED_EDGE ( 'NONE', *, *, #1317, .T. ) ;
#537 = CARTESIAN_POINT ( 'NONE',  ( 1.500000000000000444, 0.3896862477045595630, 1.499999999999999778 ) ) ;
#538 = PLANE ( 'NONE',  #138 ) ;
#539 = VECTOR ( 'NONE', #926, 1000.000000000000000 ) ;
#540 = LINE ( 'NONE', #1388, #113 ) ;
#541 =( GEOMETRIC_REPRESENTATION_CONTEXT ( 3 ) GLOBAL_UNCERTAINTY_ASSIGNED_CONTEXT ( ( #2135 ) ) GLOBAL_UNIT_ASSIGNED_CONTEXT ( ( #1722, #1122, #917 ) ) REPRESENTATION_CONTEXT ( 'NONE', 'WORKASPACE' ) );
#542 = DIRECTION ( 'NONE',  ( -0.000000000000000000, 1.000000000000000000, -0.000000000000000000 ) ) ;
#543 = FACE_BOUND ( 'NONE', #2591, .T. ) ;
#544 = MECHANICAL_DESIGN_GEOMETRIC_PRESENTATION_REPRESENTATION (  '', ( #1941 ), #1813 ) ;
#545 = CARTESIAN_POINT ( 'NONE',  ( -0.9999999999999995559, 0.4396862477045595519, 0.9999999999999997780 ) ) ;
#546 = ORIENTED_EDGE ( 'NONE', *, *, #178, .F. ) ;
#547 = DIRECTION ( 'NONE',  ( 0.000000000000000000, 0.000000000000000000, 1.000000000000000000 ) ) ;
#548 = ORIENTED_EDGE ( 'NONE', *, *, #1317, .F. ) ;
#549 = COLOUR_RGB ( '',1.000000000000000000, 1.000000000000000000, 1.000000000000000000 ) ;
#550 =( GEOMETRIC_REPRESENTATION_CONTEXT ( 3 ) GLOBAL_UNCERTAINTY_ASSIGNED_CONTEXT ( ( #1841 ) ) GLOBAL_UNIT_ASSIGNED_CONTEXT ( ( #2205, #2455, #2252 ) ) REPRESENTATION_CONTEXT ( 'NONE', 'WORKASPACE' ) );
#551 = ORIENTED_EDGE ( 'NONE', *, *, #2574, .T. ) ;
#552 = DIRECTION ( 'NONE',  ( -0.000000000000000000, 1.000000000000000000, -0.000000000000000000 ) ) ;
#553 = MECHANICAL_DESIGN_GEOMETRIC_PRESENTATION_REPRESENTATION (  '', ( #406 ), #233 ) ;
#554 = VECTOR ( 'NONE', #845, 1000.000000000000000 ) ;
#555 = CIRCLE ( 'NONE', #191, 0.1499999999999999112 ) ;
#556 = DIRECTION ( 'NONE',  ( -0.000000000000000000, -1.000000000000000000, -0.000000000000000000 ) ) ;
#557 = CARTESIAN_POINT ( 'NONE',  ( -0.3234674192097928280, 0.6367061152542283775, -1.354133507872162134 ) ) ;
#558 = DIRECTION ( 'NONE',  ( 1.000000000000000000, 0.000000000000000000, 0.000000000000000000 ) ) ;
#559 = UNCERTAINTY_MEASURE_WITH_UNIT (LENGTH_MEASURE( 1.000000000000000082E-05 ), #2299, 'distance_accuracy_value', 'NONE');
#560 = PRESENTATION_LAYER_ASSIGNMENT (  '', '', ( #2087 ) ) ;
#561 =( GEOMETRIC_REPRESENTATION_CONTEXT ( 3 ) GLOBAL_UNCERTAINTY_ASSIGNED_CONTEXT ( ( #2339 ) ) GLOBAL_UNIT_ASSIGNED_CONTEXT ( ( #2056, #188, #1868 ) ) REPRESENTATION_CONTEXT ( 'NONE', 'WORKASPACE' ) );
#562 = LINE ( 'NONE', #2587, #2045 ) ;
#563 = SURFACE_STYLE_FILL_AREA ( #104 ) ;
#564 = VERTEX_POINT ( 'NONE', #1503 ) ;
#565 = ADVANCED_FACE ( 'NONE', ( #830 ), #2365, .F. ) ;
#566 = SURFACE_SIDE_STYLE ('',( #2655 ) ) ;
#567 = ORIENTED_EDGE ( 'NONE', *, *, #2053, .F. ) ;
#568 = LINE ( 'NONE', #1208, #1020 ) ;
#569 = FILL_AREA_STYLE_COLOUR ( '', #2217 ) ;
#570 = EDGE_CURVE ( 'NONE', #577, #669, #1278, .T. ) ;
#571 = SURFACE_SIDE_STYLE ('',( #760 ) ) ;
#572 = PRESENTATION_STYLE_ASSIGNMENT (( #2032 ) ) ;
#573 = VERTEX_POINT ( 'NONE', #1488 ) ;
#574 = EDGE_CURVE ( 'NONE', #1879, #573, #2111, .T. ) ;
#575 = FILL_AREA_STYLE ('',( #1300 ) ) ;
#576 = EDGE_CURVE ( 'NONE', #2537, #194, #1819, .T. ) ;
#577 = VERTEX_POINT ( 'NONE', #844 ) ;
#578 = CARTESIAN_POINT ( 'NONE',  ( 0.000000000000000000, 0.000000000000000000, 0.000000000000000000 ) ) ;
#579 = CARTESIAN_POINT ( 'NONE',  ( 0.1095566224598294447, 0.6312419187275648547, -1.392255443274183158 ) ) ;
#580 = VERTEX_POINT ( 'NONE', #1267 ) ;
#581 =( NAMED_UNIT ( * ) SI_UNIT ( $, .STERADIAN. ) SOLID_ANGLE_UNIT ( ) );
#582 = PLANE ( 'NONE',  #2608 ) ;
#583 = LINE ( 'NONE', #2473, #513 ) ;
#584 = PRESENTATION_LAYER_ASSIGNMENT (  '', '', ( #1591 ) ) ;
#585 = UNCERTAINTY_MEASURE_WITH_UNIT (LENGTH_MEASURE( 1.000000000000000082E-05 ), #2573, 'distance_accuracy_value', 'NONE');
#586 = STYLED_ITEM ( 'NONE', ( #158 ), #2018 ) ;
#587 = SURFACE_STYLE_FILL_AREA ( #1842 ) ;
#588 = MECHANICAL_DESIGN_GEOMETRIC_PRESENTATION_REPRESENTATION (  '', ( #1428 ), #442 ) ;
#589 = ADVANCED_FACE ( 'NONE', ( #2095 ), #207, .F. ) ;
#590 =( NAMED_UNIT ( * ) PLANE_ANGLE_UNIT ( ) SI_UNIT ( $, .RADIAN. ) );
#591 = ORIENTED_EDGE ( 'NONE', *, *, #390, .F. ) ;
#592 = FILL_AREA_STYLE ('',( #1449 ) ) ;
#593 = COLOUR_RGB ( '',0.2509803921568627416, 0.2509803921568627416, 0.2509803921568627416 ) ;
#594 = FACE_OUTER_BOUND ( 'NONE', #623, .T. ) ;
#595 =( GEOMETRIC_REPRESENTATION_CONTEXT ( 3 ) GLOBAL_UNCERTAINTY_ASSIGNED_CONTEXT ( ( #1721 ) ) GLOBAL_UNIT_ASSIGNED_CONTEXT ( ( #252, #1532, #1704 ) ) REPRESENTATION_CONTEXT ( 'NONE', 'WORKASPACE' ) );
#596 = COLOUR_RGB ( '',1.000000000000000000, 1.000000000000000000, 1.000000000000000000 ) ;
#597 = CARTESIAN_POINT ( 'NONE',  ( -0.1213580194302362747, 0.4896862477045595963, 1.500000000000000000 ) ) ;
#598 = CARTESIAN_POINT ( 'NONE',  ( 0.4599999999999999645, -0.06000000000000002554, -0.05404082057734576477 ) ) ;
#599 = DIRECTION ( 'NONE',  ( -1.267997043299741501E-16, 0.000000000000000000, 1.000000000000000000 ) ) ;
#600 = EDGE_CURVE ( 'NONE', #2405, #18, #799, .T. ) ;
#601 = ORIENTED_EDGE ( 'NONE', *, *, #218, .T. ) ;
#602 = CARTESIAN_POINT ( 'NONE',  ( -1.499999999999999556, 0.3896862477045595630, 1.499999999999999778 ) ) ;
#603 = PRESENTATION_STYLE_ASSIGNMENT (( #219 ) ) ;
#604 = CARTESIAN_POINT ( 'NONE',  ( -1.350000000000000311, -0.06000000000000002554, 1.350000000000000089 ) ) ;
#605 = CARTESIAN_POINT ( 'NONE',  ( 0.5000000000000000000, 0.000000000000000000, -0.4949489742783177992 ) ) ;
#606 = CARTESIAN_POINT ( 'NONE',  ( -1.499999999999999556, 0.3896862477045595630, 1.499999999999999778 ) ) ;
#607 = ORIENTED_EDGE ( 'NONE', *, *, #1573, .T. ) ;
#608 = EDGE_LOOP ( 'NONE', ( #652, #654, #1192, #1364 ) ) ;
#609 = CARTESIAN_POINT ( 'NONE',  ( 0.4500000000000000111, 0.000000000000000000, -0.005051025721682224183 ) ) ;
#610 = FACE_OUTER_BOUND ( 'NONE', #1207, .T. ) ;
#611 = CARTESIAN_POINT ( 'NONE',  ( 0.000000000000000000, 0.6396862477045595075, 0.000000000000000000 ) ) ;
#612 = EDGE_LOOP ( 'NONE', ( #1141, #69, #1072, #1972, #2266, #242 ) ) ;
#613 = PRESENTATION_STYLE_ASSIGNMENT (( #2535 ) ) ;
#614 = LINE ( 'NONE', #1054, #1551 ) ;
#615 = LINE ( 'NONE', #605, #1480 ) ;
#616 = DIRECTION ( 'NONE',  ( 0.000000000000000000, 0.000000000000000000, -1.000000000000000000 ) ) ;
#617 = EDGE_CURVE ( 'NONE', #2229, #1758, #2128, .T. ) ;
#618 = SURFACE_STYLE_USAGE ( .BOTH. , #1743 ) ;
#619 = VERTEX_POINT ( 'NONE', #2027 ) ;
#620 = FILL_AREA_STYLE_COLOUR ( '', #147 ) ;
#621 =( LENGTH_UNIT ( ) NAMED_UNIT ( * ) SI_UNIT ( .MILLI., .METRE. ) );
#622 = AXIS2_PLACEMENT_3D ( 'NONE', #1682, #391, #1855 ) ;
#623 = EDGE_LOOP ( 'NONE', ( #1827, #2251, #2614, #2215 ) ) ;
#624 = VECTOR ( 'NONE', #1883, 1000.000000000000000 ) ;
#625 = CARTESIAN_POINT ( 'NONE',  ( 1.379571813413840387, 0.6367061152542283775, 0.2169748951663274250 ) ) ;
#626 = MECHANICAL_DESIGN_GEOMETRIC_PRESENTATION_REPRESENTATION (  '', ( #1644 ), #2612 ) ;
#627 = DIRECTION ( 'NONE',  ( -0.000000000000000000, -1.000000000000000000, -0.000000000000000000 ) ) ;
#628 = DIRECTION ( 'NONE',  ( -1.000000000000000000, 0.000000000000000000, -0.000000000000000000 ) ) ;
#629 =( LENGTH_UNIT ( ) NAMED_UNIT ( * ) SI_UNIT ( .MILLI., .METRE. ) );
#630 = MECHANICAL_DESIGN_GEOMETRIC_PRESENTATION_REPRESENTATION (  '', ( #2065 ), #2426 ) ;
#631 = COLOUR_RGB ( '',0.9686274509803921573, 0.8784313725490195957, 0.5999999999999999778 ) ;
#632 = ORIENTED_EDGE ( 'NONE', *, *, #1951, .F. ) ;
#633 = EDGE_CURVE ( 'NONE', #1015, #261, #568, .T. ) ;
#634 = EDGE_CURVE ( 'NONE', #2141, #1311, #146, .T. ) ;
#635 = ORIENTED_EDGE ( 'NONE', *, *, #2243, .T. ) ;
#636 = AXIS2_PLACEMENT_3D ( 'NONE', #1809, #123, #1379 ) ;
#637 = PRESENTATION_LAYER_ASSIGNMENT (  '', '', ( #1210 ) ) ;
#638 = PRESENTATION_STYLE_ASSIGNMENT (( #375 ) ) ;
#639 = SURFACE_STYLE_FILL_AREA ( #2317 ) ;
#640 = CARTESIAN_POINT ( 'NONE',  ( 0.8500000000000001998, -0.06000000000000002554, -1.350000000000000089 ) ) ;
#641 = COLOUR_RGB ( '',0.9686274509803921573, 0.8784313725490195957, 0.5999999999999999778 ) ;
#642 = DIRECTION ( 'NONE',  ( -0.000000000000000000, 1.000000000000000000, -0.000000000000000000 ) ) ;
#643 = VERTEX_POINT ( 'NONE', #2469 ) ;
#644 = VECTOR ( 'NONE', #824, 1000.000000000000000 ) ;
#645 = EDGE_CURVE ( 'NONE', #936, #2537, #1253, .T. ) ;
#646 = FILL_AREA_STYLE_COLOUR ( '', #51 ) ;
#647 = FACE_OUTER_BOUND ( 'NONE', #1394, .T. ) ;
#648 = PRESENTATION_STYLE_ASSIGNMENT (( #1894 ) ) ;
#649 = VECTOR ( 'NONE', #1106, 1000.000000000000000 ) ;
#650 = PRESENTATION_STYLE_ASSIGNMENT (( #89 ) ) ;
#651 = CARTESIAN_POINT ( 'NONE',  ( 0.8499999999999998668, 0.000000000000000000, 1.350000000000000089 ) ) ;
#652 = ORIENTED_EDGE ( 'NONE', *, *, #968, .T. ) ;
#653 = CARTESIAN_POINT ( 'NONE',  ( 0.000000000000000000, 0.6367061152542283775, 0.000000000000000000 ) ) ;
#654 = ORIENTED_EDGE ( 'NONE', *, *, #2040, .F. ) ;
#655 = EDGE_CURVE ( 'NONE', #1176, #144, #809, .T. ) ;
#656 = DIRECTION ( 'NONE',  ( 0.000000000000000000, -1.000000000000000000, 0.000000000000000000 ) ) ;
#657 = CARTESIAN_POINT ( 'NONE',  ( -0.8500000000000000888, -0.06000000000000002554, 1.350000000000000089 ) ) ;
#658 = DIRECTION ( 'NONE',  ( 1.000000000000000000, 0.000000000000000000, 8.031127203596329369E-17 ) ) ;
#659 = EDGE_LOOP ( 'NONE', ( #2600, #1515, #1857, #1461 ) ) ;
#660 =( LENGTH_UNIT ( ) NAMED_UNIT ( * ) SI_UNIT ( .MILLI., .METRE. ) );
#661 = CARTESIAN_POINT ( 'NONE',  ( 1.356975062913613916, 0.4896862477045595963, -0.3241461931050218515 ) ) ;
#662 = SURFACE_SIDE_STYLE ('',( #2570 ) ) ;
#663 = ORIENTED_EDGE ( 'NONE', *, *, #2574, .F. ) ;
#664 =( NAMED_UNIT ( * ) SI_UNIT ( $, .STERADIAN. ) SOLID_ANGLE_UNIT ( ) );
#665 =( NAMED_UNIT ( * ) SI_UNIT ( $, .STERADIAN. ) SOLID_ANGLE_UNIT ( ) );
#666 = LINE ( 'NONE', #488, #836 ) ;
#667 = ADVANCED_FACE ( 'NONE', ( #2268 ), #2235, .F. ) ;
#668 = VECTOR ( 'NONE', #2617, 1000.000000000000000 ) ;
#669 = VERTEX_POINT ( 'NONE', #2657 ) ;
#670 =( GEOMETRIC_REPRESENTATION_CONTEXT ( 3 ) GLOBAL_UNCERTAINTY_ASSIGNED_CONTEXT ( ( #1095 ) ) GLOBAL_UNIT_ASSIGNED_CONTEXT ( ( #509, #673, #86 ) ) REPRESENTATION_CONTEXT ( 'NONE', 'WORKASPACE' ) );
#671 = SURFACE_SIDE_STYLE ('',( #2330 ) ) ;
#672 = ORIENTED_EDGE ( 'NONE', *, *, #865, .T. ) ;
#673 =( NAMED_UNIT ( * ) PLANE_ANGLE_UNIT ( ) SI_UNIT ( $, .RADIAN. ) );
#674 = SURFACE_SIDE_STYLE ('',( #890 ) ) ;
#675 = DIRECTION ( 'NONE',  ( -0.2323373693866689349, 0.000000000000000000, -0.9726352588645358344 ) ) ;
#676 =( LENGTH_UNIT ( ) NAMED_UNIT ( * ) SI_UNIT ( .MILLI., .METRE. ) );
#677 = AXIS2_PLACEMENT_3D ( 'NONE', #2544, #864, #1044 ) ;
#678 = CARTESIAN_POINT ( 'NONE',  ( 8.725495640633709056E-17, 1.969686247704559579, -0.03249999999999997335 ) ) ;
#679 = EDGE_CURVE ( 'NONE', #1879, #1193, #1008, .T. ) ;
#680 = PRESENTATION_LAYER_ASSIGNMENT (  '', '', ( #1728 ) ) ;
#681 = AXIS2_PLACEMENT_3D ( 'NONE', #1226, #1869, #816 ) ;
#682 = DIRECTION ( 'NONE',  ( 0.000000000000000000, -1.000000000000000000, 0.000000000000000000 ) ) ;
#683 = UNCERTAINTY_MEASURE_WITH_UNIT (LENGTH_MEASURE( 1.000000000000000082E-05 ), #1807, 'distance_accuracy_value', 'NONE');
#684 = LINE ( 'NONE', #1680, #1892 ) ;
#685 = AXIS2_PLACEMENT_3D ( 'NONE', #1418, #970, #1916 ) ;
#686 = ORIENTED_EDGE ( 'NONE', *, *, #1616, .T. ) ;
#687 = CARTESIAN_POINT ( 'NONE',  ( 0.000000000000000000, 0.4396862477045595519, 0.000000000000000000 ) ) ;
#688 = EDGE_CURVE ( 'NONE', #1463, #239, #378, .T. ) ;
#689 = ORIENTED_EDGE ( 'NONE', *, *, #2379, .F. ) ;
#690 = MECHANICAL_DESIGN_GEOMETRIC_PRESENTATION_REPRESENTATION (  '', ( #195 ), #2230 ) ;
#691 = SURFACE_STYLE_USAGE ( .BOTH. , #2575 ) ;
#692 = LINE ( 'NONE', #2366, #417 ) ;
#693 = ORIENTED_EDGE ( 'NONE', *, *, #1929, .T. ) ;
#694 = AXIS2_PLACEMENT_3D ( 'NONE', #36, #396, #1473 ) ;
#695 = SURFACE_STYLE_USAGE ( .BOTH. , #2357 ) ;
#696 = EDGE_CURVE ( 'NONE', #239, #1478, #151, .T. ) ;
#697 = EDGE_CURVE ( 'NONE', #643, #699, #2356, .T. ) ;
#698 = FILL_AREA_STYLE ('',( #1696 ) ) ;
#699 = VERTEX_POINT ( 'NONE', #2516 ) ;
#700 = DIRECTION ( 'NONE',  ( -0.000000000000000000, -1.000000000000000000, -0.000000000000000000 ) ) ;
#701 = EDGE_CURVE ( 'NONE', #1478, #1463, #251, .T. ) ;
#702 = VERTEX_POINT ( 'NONE', #45 ) ;
#703 = SURFACE_SIDE_STYLE ('',( #2588 ) ) ;
#704 = ORIENTED_EDGE ( 'NONE', *, *, #1781, .T. ) ;
#705 = CARTESIAN_POINT ( 'NONE',  ( 1.379554373446927551, 0.6367060063555084470, 0.2170479135135569004 ) ) ;
#706 = DIRECTION ( 'NONE',  ( 0.000000000000000000, 0.000000000000000000, -1.000000000000000000 ) ) ;
#707 = PLANE ( 'NONE',  #1073 ) ;
#708 = UNCERTAINTY_MEASURE_WITH_UNIT (LENGTH_MEASURE( 1.000000000000000082E-05 ), #256, 'distance_accuracy_value', 'NONE');
#709 = LINE ( 'NONE', #2634, #153 ) ;
#710 = ORIENTED_EDGE ( 'NONE', *, *, #2026, .F. ) ;
#711 = DIRECTION ( 'NONE',  ( 0.000000000000000000, 0.000000000000000000, -1.000000000000000000 ) ) ;
#712 = EDGE_LOOP ( 'NONE', ( #118, #899, #2114, #2315 ) ) ;
#713 = CARTESIAN_POINT ( 'NONE',  ( 0.8500000000000001998, 0.000000000000000000, -1.350000000000000089 ) ) ;
#714 = VERTEX_POINT ( 'NONE', #204 ) ;
#715 = DIRECTION ( 'NONE',  ( -0.000000000000000000, 1.000000000000000000, -0.000000000000000000 ) ) ;
#716 =( NAMED_UNIT ( * ) SI_UNIT ( $, .STERADIAN. ) SOLID_ANGLE_UNIT ( ) );
#717 = COLOUR_RGB ( '',1.000000000000000000, 1.000000000000000000, 1.000000000000000000 ) ;
#718 =( NAMED_UNIT ( * ) PLANE_ANGLE_UNIT ( ) SI_UNIT ( $, .RADIAN. ) );
#719 = CARTESIAN_POINT ( 'NONE',  ( -0.9999999999999995559, 0.4396862477045595519, 0.7999999999999998224 ) ) ;
#720 = PRESENTATION_LAYER_ASSIGNMENT (  '', '', ( #759 ) ) ;
#721 = CIRCLE ( 'NONE', #2255, 1.392231564227880414 ) ;
#722 = ADVANCED_FACE ( 'NONE', ( #2074, #1873, #1276, #1053 ), #1984, .T. ) ;
#723 = EDGE_CURVE ( 'NONE', #2208, #669, #947, .T. ) ;
#724 = VECTOR ( 'NONE', #1921, 1000.000000000000000 ) ;
#725 = LINE ( 'NONE', #923, #1052 ) ;
#726 = SURFACE_STYLE_FILL_AREA ( #2373 ) ;
#727 = ORIENTED_EDGE ( 'NONE', *, *, #2622, .F. ) ;
#728 =( NAMED_UNIT ( * ) SI_UNIT ( $, .STERADIAN. ) SOLID_ANGLE_UNIT ( ) );
#729 =( GEOMETRIC_REPRESENTATION_CONTEXT ( 3 ) GLOBAL_UNCERTAINTY_ASSIGNED_CONTEXT ( ( #37 ) ) GLOBAL_UNIT_ASSIGNED_CONTEXT ( ( #2324, #2692, #380 ) ) REPRESENTATION_CONTEXT ( 'NONE', 'WORKASPACE' ) );
#730 = FACE_OUTER_BOUND ( 'NONE', #1611, .T. ) ;
#731 = ORIENTED_EDGE ( 'NONE', *, *, #2397, .F. ) ;
#732 = VECTOR ( 'NONE', #1935, 1000.000000000000000 ) ;
#733 = MECHANICAL_DESIGN_GEOMETRIC_PRESENTATION_REPRESENTATION (  '', ( #20 ), #2439 ) ;
#734 = FILL_AREA_STYLE ('',( #569 ) ) ;
#735 = CARTESIAN_POINT ( 'NONE',  ( 0.4500000000000000111, -0.06000000000000002554, -0.005051025721682224183 ) ) ;
#736 = VECTOR ( 'NONE', #915, 1000.000000000000000 ) ;
#737 = DIRECTION ( 'NONE',  ( 1.000000000000000000, 0.000000000000000000, 0.000000000000000000 ) ) ;
#738 = DIRECTION ( 'NONE',  ( 0.000000000000000000, -0.000000000000000000, -1.000000000000000000 ) ) ;
#739 = EDGE_CURVE ( 'NONE', #699, #330, #1566, .T. ) ;
#740 = ORIENTED_EDGE ( 'NONE', *, *, #193, .T. ) ;
#741 = FACE_OUTER_BOUND ( 'NONE', #612, .T. ) ;
#742 = CARTESIAN_POINT ( 'NONE',  ( -1.500000000000000444, 0.3896862477045595630, -1.500000000000000000 ) ) ;
#743 = ORIENTED_EDGE ( 'NONE', *, *, #570, .T. ) ;
#744 =( LENGTH_UNIT ( ) NAMED_UNIT ( * ) SI_UNIT ( .MILLI., .METRE. ) );
#745 = CARTESIAN_POINT ( 'NONE',  ( -0.3583111458316372566, 0.4896862477045595963, 1.500000000000000000 ) ) ;
#746 = ORIENTED_EDGE ( 'NONE', *, *, #1290, .F. ) ;
#747 = SURFACE_SIDE_STYLE ('',( #1788 ) ) ;
#748 = UNCERTAINTY_MEASURE_WITH_UNIT (LENGTH_MEASURE( 1.000000000000000082E-05 ), #314, 'distance_accuracy_value', 'NONE');
#749 = CARTESIAN_POINT ( 'NONE',  ( -1.500000000000000444, 0.4896862477045595963, 0.3583111458316357578 ) ) ;
#750 = VERTEX_POINT ( 'NONE', #640 ) ;
#751 = CARTESIAN_POINT ( 'NONE',  ( 1.500000000000000444, 0.000000000000000000, 1.499999999999999778 ) ) ;
#752 = CARTESIAN_POINT ( 'NONE',  ( -1.500000000000000444, 0.4896862477045595963, 1.500000000000000000 ) ) ;
#753 = LINE ( 'NONE', #1588, #1659 ) ;
#754 = DIRECTION ( 'NONE',  ( -0.000000000000000000, 1.000000000000000000, -0.000000000000000000 ) ) ;
#755 = FACE_OUTER_BOUND ( 'NONE', #835, .T. ) ;
#756 = ORIENTED_EDGE ( 'NONE', *, *, #221, .F. ) ;
#757 =( LENGTH_UNIT ( ) NAMED_UNIT ( * ) SI_UNIT ( .MILLI., .METRE. ) );
#758 = SURFACE_SIDE_STYLE ('',( #2017 ) ) ;
#760 = SURFACE_STYLE_FILL_AREA ( #793 ) ;
#759 = STYLED_ITEM ( 'NONE', ( #1329 ), #1385 ) ;
#762 = CARTESIAN_POINT ( 'NONE',  ( -1.379330053914941789, 0.6367060102122649168, 0.2179869833239640176 ) ) ;
#761 = AXIS2_PLACEMENT_3D ( 'NONE', #2685, #2256, #344 ) ;
#763 = PLANE ( 'NONE',  #240 ) ;
#764 = CIRCLE ( 'NONE', #2066, 0.1500000000000000777 ) ;
#765 = DIRECTION ( 'NONE',  ( -1.000000000000000000, -0.000000000000000000, -0.000000000000000000 ) ) ;
#766 = COLOUR_RGB ( '',0.2509803921568627416, 0.2509803921568627416, 0.2509803921568627416 ) ;
#767 = DIRECTION ( 'NONE',  ( -0.000000000000000000, -1.000000000000000000, -0.000000000000000000 ) ) ;
#768 = ORIENTED_EDGE ( 'NONE', *, *, #91, .T. ) ;
#769 = MECHANICAL_DESIGN_GEOMETRIC_PRESENTATION_REPRESENTATION (  '', ( #1946 ), #1292 ) ;
#770 = DIRECTION ( 'NONE',  ( 0.000000000000000000, 0.000000000000000000, -1.000000000000000000 ) ) ;
#771 = CARTESIAN_POINT ( 'NONE',  ( 0.3241461931050235168, 0.4896862477045597073, 1.356975062913613694 ) ) ;
#772 = EDGE_CURVE ( 'NONE', #714, #2229, #1013, .T. ) ;
#773 = ORIENTED_EDGE ( 'NONE', *, *, #211, .T. ) ;
#774 = CARTESIAN_POINT ( 'NONE',  ( 0.000000000000000000, 0.4896862477045595963, 0.000000000000000000 ) ) ;
#775 = VECTOR ( 'NONE', #1316, 1000.000000000000000 ) ;
#776 =( NAMED_UNIT ( * ) SI_UNIT ( $, .STERADIAN. ) SOLID_ANGLE_UNIT ( ) );
#777 =( GEOMETRIC_REPRESENTATION_CONTEXT ( 3 ) GLOBAL_UNCERTAINTY_ASSIGNED_CONTEXT ( ( #708 ) ) GLOBAL_UNIT_ASSIGNED_CONTEXT ( ( #256, #2100, #665 ) ) REPRESENTATION_CONTEXT ( 'NONE', 'WORKASPACE' ) );
#778 = CARTESIAN_POINT ( 'NONE',  ( -1.500000000000000444, 0.4896862477045595963, 0.3583111458316358688 ) ) ;
#779 = EDGE_CURVE ( 'NONE', #317, #2023, #1370, .T. ) ;
#780 = CARTESIAN_POINT ( 'NONE',  ( -0.1081183801182529075, 0.6312201943930275672, -1.392329507379585829 ) ) ;
#781 = UNCERTAINTY_MEASURE_WITH_UNIT (LENGTH_MEASURE( 1.000000000000000082E-05 ), #132, 'distance_accuracy_value', 'NONE');
#782 = ORIENTED_EDGE ( 'NONE', *, *, #1137, .T. ) ;
#783 =( GEOMETRIC_REPRESENTATION_CONTEXT ( 3 ) GLOBAL_UNCERTAINTY_ASSIGNED_CONTEXT ( ( #781 ) ) GLOBAL_UNIT_ASSIGNED_CONTEXT ( ( #132, #1181, #184 ) ) REPRESENTATION_CONTEXT ( 'NONE', 'WORKASPACE' ) );
#784 = AXIS2_PLACEMENT_3D ( 'NONE', #318, #975, #937 ) ;
#785 = STYLED_ITEM ( 'NONE', ( #2119 ), #1153 ) ;
#786 = ORIENTED_EDGE ( 'NONE', *, *, #2674, .F. ) ;
#787 = CARTESIAN_POINT ( 'NONE',  ( -1.199999999999999734, 0.3896862477045595630, 0.9999999999999997780 ) ) ;
#788 = CARTESIAN_POINT ( 'NONE',  ( 0.2404151102949869667, 0.4896862477045595963, -1.500000000000000000 ) ) ;
#789 = EDGE_CURVE ( 'NONE', #577, #1336, #540, .T. ) ;
#790 = ORIENTED_EDGE ( 'NONE', *, *, #467, .F. ) ;
#791 = FILL_AREA_STYLE ('',( #952 ) ) ;
#792 = SURFACE_STYLE_FILL_AREA ( #1666 ) ;
#793 = FILL_AREA_STYLE ('',( #1371 ) ) ;
#794 = EDGE_CURVE ( 'NONE', #819, #1026, #1171, .T. ) ;
#795 =( LENGTH_UNIT ( ) NAMED_UNIT ( * ) SI_UNIT ( .MILLI., .METRE. ) );
#796 = CARTESIAN_POINT ( 'NONE',  ( 0.000000000000000000, 0.000000000000000000, 0.000000000000000000 ) ) ;
#797 = DIRECTION ( 'NONE',  ( -1.000000000000000000, 0.000000000000000000, -8.031127203596329369E-17 ) ) ;
#798 = ORIENTED_EDGE ( 'NONE', *, *, #842, .F. ) ;
#799 = LINE ( 'NONE', #2700, #2300 ) ;
#800 = CARTESIAN_POINT ( 'NONE',  ( -0.9999999999999995559, 0.4396862477045595519, -1.200000000000000178 ) ) ;
#801 = VECTOR ( 'NONE', #34, 1000.000000000000000 ) ;
#802 = ORIENTED_EDGE ( 'NONE', *, *, #349, .T. ) ;
#803 =( GEOMETRIC_REPRESENTATION_CONTEXT ( 3 ) GLOBAL_UNCERTAINTY_ASSIGNED_CONTEXT ( ( #27 ) ) GLOBAL_UNIT_ASSIGNED_CONTEXT ( ( #2386, #1718, #236 ) ) REPRESENTATION_CONTEXT ( 'NONE', 'WORKASPACE' ) );
#804 = LINE ( 'NONE', #1794, #413 ) ;
#805 = EDGE_CURVE ( 'NONE', #1246, #1339, #459, .T. ) ;
#806 = SURFACE_SIDE_STYLE ('',( #587 ) ) ;
#807 = AXIS2_PLACEMENT_3D ( 'NONE', #653, #1899, #616 ) ;
#808 = ORIENTED_EDGE ( 'NONE', *, *, #221, .T. ) ;
#809 = LINE ( 'NONE', #1414, #1996 ) ;
#810 = COLOUR_RGB ( '',0.9686274509803921573, 0.8784313725490195957, 0.5999999999999999778 ) ;
#811 = FILL_AREA_STYLE_COLOUR ( '', #1995 ) ;
#812 = FACE_OUTER_BOUND ( 'NONE', #712, .T. ) ;
#813 = CARTESIAN_POINT ( 'NONE',  ( -0.9999999999999995559, 0.3896862477045595630, 0.7999999999999998224 ) ) ;
#814 = SURFACE_STYLE_FILL_AREA ( #2694 ) ;
#815 = MECHANICAL_DESIGN_GEOMETRIC_PRESENTATION_REPRESENTATION (  '', ( #1745 ), #2226 ) ;
#816 = DIRECTION ( 'NONE',  ( 0.000000000000000000, 0.000000000000000000, 1.000000000000000000 ) ) ;
#817 = PRESENTATION_LAYER_ASSIGNMENT (  '', '', ( #2004 ) ) ;
#818 = CARTESIAN_POINT ( 'NONE',  ( 1.500000000000000444, 0.000000000000000000, -1.500000000000000000 ) ) ;
#819 = VERTEX_POINT ( 'NONE', #2474 ) ;
#820 = DIRECTION ( 'NONE',  ( 0.000000000000000000, -1.000000000000000000, 0.000000000000000000 ) ) ;
#821 = DIRECTION ( 'NONE',  ( 1.000000000000000000, 0.000000000000000000, -0.000000000000000000 ) ) ;
#822 = CARTESIAN_POINT ( 'NONE',  ( 1.354133507872162578, 0.6367061152542283775, 0.3234674192097912182 ) ) ;
#823 = COLOUR_RGB ( '',1.000000000000000000, 1.000000000000000000, 1.000000000000000000 ) ;
#824 = DIRECTION ( 'NONE',  ( -0.000000000000000000, -1.000000000000000000, -0.000000000000000000 ) ) ;
#825 = SURFACE_STYLE_FILL_AREA ( #1865 ) ;
#826 = LINE ( 'NONE', #854, #2258 ) ;
#827 = PRESENTATION_STYLE_ASSIGNMENT (( #174 ) ) ;
#828 = EDGE_LOOP ( 'NONE', ( #2534, #486, #1167, #140 ) ) ;
#829 = SURFACE_STYLE_FILL_AREA ( #2501 ) ;
#830 = FACE_OUTER_BOUND ( 'NONE', #1038, .T. ) ;
#831 = FACE_OUTER_BOUND ( 'NONE', #176, .T. ) ;
#832 =( NAMED_UNIT ( * ) PLANE_ANGLE_UNIT ( ) SI_UNIT ( $, .RADIAN. ) );
#833 = DIRECTION ( 'NONE',  ( -8.031127203596329369E-17, -0.000000000000000000, 1.000000000000000000 ) ) ;
#834 = COLOUR_RGB ( '',0.2509803921568627416, 0.2509803921568627416, 0.2509803921568627416 ) ;
#835 = EDGE_LOOP ( 'NONE', ( #2039, #1662, #1793, #546, #2244 ) ) ;
#836 = VECTOR ( 'NONE', #212, 1000.000000000000000 ) ;
#837 = DIRECTION ( 'NONE',  ( -0.2323373693866689349, 0.000000000000000000, 0.9726352588645358344 ) ) ;
#838 = EDGE_CURVE ( 'NONE', #573, #1798, #2273, .T. ) ;
#839 = DIRECTION ( 'NONE',  ( -0.000000000000000000, -1.000000000000000000, -0.000000000000000000 ) ) ;
#840 = CARTESIAN_POINT ( 'NONE',  ( -1.350000000000000311, 0.000000000000000000, 1.350000000000000089 ) ) ;
#841 =( NAMED_UNIT ( * ) SI_UNIT ( $, .STERADIAN. ) SOLID_ANGLE_UNIT ( ) );
#842 = EDGE_CURVE ( 'NONE', #1339, #44, #1860, .T. ) ;
#843 =( BOUNDED_SURFACE ( )  B_SPLINE_SURFACE ( 3, 2, ( 
 ( #2629, #331, #745 ),
 ( #1182, #1581, #524 ),
 ( #2194, #2013, #597 ),
 ( #925, #294, #1367 ),
 ( #2415, #1774, #2219 ),
 ( #958, #771, #535 ) ),
 .UNSPECIFIED., .F., .F., .F. ) 
 B_SPLINE_SURFACE_WITH_KNOTS ( ( 4, 2, 4 ),
 ( 3, 3 ),
 ( 0.0004649166184079204719, 0.0008324358057127328276, 0.001199954993017545183 ),
 ( 0.000000000000000000, 1.000000000000000000 ),
 .UNSPECIFIED. ) 
 GEOMETRIC_REPRESENTATION_ITEM ( )  RATIONAL_B_SPLINE_SURFACE ( (
 ( 1.000000000000000000, 0.7140964744587652291, 1.000000000000000000),
 ( 1.000000000000000000, 0.7771138420224854571, 1.000000000000000000),
 ( 1.000000000000000000, 0.8051965208133838869, 1.000000000000000000),
 ( 1.000000000000000000, 0.8055328015469053193, 1.000000000000000000),
 ( 1.000000000000000000, 0.7770557625366207866, 1.000000000000000000),
 ( 1.000000000000000000, 0.7140964744587652291, 1.000000000000000000) ) ) 
 REPRESENTATION_ITEM ( '' )  SURFACE ( )  );
#844 = CARTESIAN_POINT ( 'NONE',  ( -1.350000000000000311, -0.06000000000000002554, 1.350000000000000089 ) ) ;
#845 = DIRECTION ( 'NONE',  ( -0.000000000000000000, -0.000000000000000000, 1.000000000000000000 ) ) ;
#846 = SURFACE_STYLE_FILL_AREA ( #575 ) ;
#847 = PRESENTATION_LAYER_ASSIGNMENT (  '', '', ( #974 ) ) ;
#848 = VECTOR ( 'NONE', #433, 1000.000000000000000 ) ;
#849 = VECTOR ( 'NONE', #2541, 1000.000000000000000 ) ;
#850 = SURFACE_STYLE_USAGE ( .BOTH. , #10 ) ;
#851 = VECTOR ( 'NONE', #1320, 1000.000000000000000 ) ;
#852 = VECTOR ( 'NONE', #1058, 1000.000000000000000 ) ;
#853 =( NAMED_UNIT ( * ) PLANE_ANGLE_UNIT ( ) SI_UNIT ( $, .RADIAN. ) );
#854 = CARTESIAN_POINT ( 'NONE',  ( 0.5000000000000000000, -0.06000000000000002554, -0.4949489742783177992 ) ) ;
#855 = DIRECTION ( 'NONE',  ( 1.204669080539449344E-16, 0.000000000000000000, -1.000000000000000000 ) ) ;
#856 = ORIENTED_EDGE ( 'NONE', *, *, #1643, .T. ) ;
#857 =( GEOMETRIC_REPRESENTATION_CONTEXT ( 3 ) GLOBAL_UNCERTAINTY_ASSIGNED_CONTEXT ( ( #986 ) ) GLOBAL_UNIT_ASSIGNED_CONTEXT ( ( #2216, #1179, #948 ) ) REPRESENTATION_CONTEXT ( 'NONE', 'WORKASPACE' ) );
#858 = COLOUR_RGB ( '',0.9686274509803921573, 0.8784313725490195957, 0.5999999999999999778 ) ;
#859 = SURFACE_STYLE_FILL_AREA ( #2108 ) ;
#860 = PRESENTATION_STYLE_ASSIGNMENT (( #237 ) ) ;
#861 = SURFACE_STYLE_USAGE ( .BOTH. , #23 ) ;
#862 = FACE_OUTER_BOUND ( 'NONE', #2492, .T. ) ;
#863 = ORIENTED_EDGE ( 'NONE', *, *, #1670, .T. ) ;
#864 = DIRECTION ( 'NONE',  ( 0.000000000000000000, 0.000000000000000000, 1.000000000000000000 ) ) ;
#865 = EDGE_CURVE ( 'NONE', #2023, #1026, #471, .T. ) ;
#866 = CARTESIAN_POINT ( 'NONE',  ( 1.500000000000000444, 0.4896862477045595963, 0.3583111458316358133 ) ) ;
#867 = CARTESIAN_POINT ( 'NONE',  ( -0.7500000000000000000, 0.3896862477045595630, 0.7500000000000000000 ) ) ;
#868 = ORIENTED_EDGE ( 'NONE', *, *, #1174, .T. ) ;
#869 =( NAMED_UNIT ( * ) SI_UNIT ( $, .STERADIAN. ) SOLID_ANGLE_UNIT ( ) );
#870 = ORIENTED_EDGE ( 'NONE', *, *, #2097, .T. ) ;
#871 = ADVANCED_FACE ( 'NONE', ( #1094 ), #1705, .F. ) ;
#872 = CARTESIAN_POINT ( 'NONE',  ( -1.499999999999999556, 0.3896862477045595630, 1.499999999999999778 ) ) ;
#873 = PRESENTATION_STYLE_ASSIGNMENT (( #1913 ) ) ;
#874 = SURFACE_STYLE_FILL_AREA ( #7 ) ;
#875 = FILL_AREA_STYLE_COLOUR ( '', #1427 ) ;
#876 = EDGE_CURVE ( 'NONE', #481, #699, #465, .T. ) ;
#877 = UNCERTAINTY_MEASURE_WITH_UNIT (LENGTH_MEASURE( 1.000000000000000082E-05 ), #1803, 'distance_accuracy_value', 'NONE');
#878 = CARTESIAN_POINT ( 'NONE',  ( 0.000000000000000000, -0.06000000000000002554, 0.000000000000000000 ) ) ;
#879 = PRESENTATION_STYLE_ASSIGNMENT (( #1068 ) ) ;
#880 = SURFACE_STYLE_FILL_AREA ( #1110 ) ;
#881 = ADVANCED_FACE ( 'NONE', ( #2354 ), #1867, .F. ) ;
#882 =( NAMED_UNIT ( * ) SI_UNIT ( $, .STERADIAN. ) SOLID_ANGLE_UNIT ( ) );
#883 = AXIS2_PLACEMENT_3D ( 'NONE', #719, #1369, #1557 ) ;
#884 = ORIENTED_EDGE ( 'NONE', *, *, #494, .F. ) ;
#885 = LINE ( 'NONE', #64, #1074 ) ;
#886 = ORIENTED_EDGE ( 'NONE', *, *, #645, .F. ) ;
#887 = FACE_OUTER_BOUND ( 'NONE', #1556, .T. ) ;
#888 = DIRECTION ( 'NONE',  ( 0.9726352588645353903, -7.228014483236697541E-16, 0.2323373693866703504 ) ) ;
#889 = ORIENTED_EDGE ( 'NONE', *, *, #2091, .T. ) ;
#890 = SURFACE_STYLE_FILL_AREA ( #443 ) ;
#891 = LINE ( 'NONE', #1688, #2038 ) ;
#892 = UNCERTAINTY_MEASURE_WITH_UNIT (LENGTH_MEASURE( 1.000000000000000082E-05 ), #1989, 'distance_accuracy_value', 'NONE');
#893 = ADVANCED_FACE ( 'NONE', ( #508 ), #1355, .F. ) ;
#894 = LINE ( 'NONE', #1124, #668 ) ;
#895 = CIRCLE ( 'NONE', #1343, 0.03249999999999997335 ) ;
#896 = UNCERTAINTY_MEASURE_WITH_UNIT (LENGTH_MEASURE( 1.000000000000000082E-05 ), #1406, 'distance_accuracy_value', 'NONE');
#897 = ORIENTED_EDGE ( 'NONE', *, *, #2479, .F. ) ;
#898 = VECTOR ( 'NONE', #2080, 1000.000000000000000 ) ;
#899 = ORIENTED_EDGE ( 'NONE', *, *, #1231, .F. ) ;
#900 = ORIENTED_EDGE ( 'NONE', *, *, #1665, .T. ) ;
#901 = VERTEX_POINT ( 'NONE', #170 ) ;
#902 = COLOUR_RGB ( '',0.2509803921568627416, 0.2509803921568627416, 0.2509803921568627416 ) ;
#903 = SURFACE_STYLE_USAGE ( .BOTH. , #674 ) ;
#904 = VECTOR ( 'NONE', #2613, 1000.000000000000000 ) ;
#905 =( NAMED_UNIT ( * ) PLANE_ANGLE_UNIT ( ) SI_UNIT ( $, .RADIAN. ) );
#906 = MANIFOLD_SOLID_BREP ( 'Boss-Extrude3', #504 ) ;
#907 =( NAMED_UNIT ( * ) SI_UNIT ( $, .STERADIAN. ) SOLID_ANGLE_UNIT ( ) );
#908 = ORIENTED_EDGE ( 'NONE', *, *, #2140, .F. ) ;
#909 = EDGE_LOOP ( 'NONE', ( #2000, #693, #1512, #548, #110 ) ) ;
#910 = SURFACE_STYLE_USAGE ( .BOTH. , #1523 ) ;
#911 = CARTESIAN_POINT ( 'NONE',  ( -1.354133507872162578, 0.6367061152542283775, 0.3234674192097912182 ) ) ;
#912 = ORIENTED_EDGE ( 'NONE', *, *, #679, .T. ) ;
#913 =( LENGTH_UNIT ( ) NAMED_UNIT ( * ) SI_UNIT ( .MILLI., .METRE. ) );
#914 = EDGE_LOOP ( 'NONE', ( #124, #1092, #1647, #2320 ) ) ;
#915 = DIRECTION ( 'NONE',  ( -0.000000000000000000, 1.000000000000000000, -0.000000000000000000 ) ) ;
#916 = CARTESIAN_POINT ( 'NONE',  ( -1.199999999999999734, 0.4396862477045595519, 0.9999999999999997780 ) ) ;
#917 =( NAMED_UNIT ( * ) SI_UNIT ( $, .STERADIAN. ) SOLID_ANGLE_UNIT ( ) );
#918 = EDGE_CURVE ( 'NONE', #1548, #1007, #2082, .T. ) ;
#919 =( NAMED_UNIT ( * ) PLANE_ANGLE_UNIT ( ) SI_UNIT ( $, .RADIAN. ) );
#920 = DIRECTION ( 'NONE',  ( -0.000000000000000000, 1.000000000000000000, -0.000000000000000000 ) ) ;
#921 =( NAMED_UNIT ( * ) SI_UNIT ( $, .STERADIAN. ) SOLID_ANGLE_UNIT ( ) );
#922 = ORIENTED_EDGE ( 'NONE', *, *, #1137, .F. ) ;
#923 = CARTESIAN_POINT ( 'NONE',  ( 0.5000000000000000000, -0.06000000000000002554, -0.4949489742783177992 ) ) ;
#924 = ORIENTED_EDGE ( 'NONE', *, *, #271, .F. ) ;
#925 = CARTESIAN_POINT ( 'NONE',  ( 0.1076747590697613999, 0.6311986574513887005, 1.392402932638717283 ) ) ;
#926 = DIRECTION ( 'NONE',  ( -0.000000000000000000, 1.000000000000000000, -0.000000000000000000 ) ) ;
#927 = MECHANICAL_DESIGN_GEOMETRIC_PRESENTATION_REPRESENTATION (  '', ( #759 ), #2502 ) ;
#928 = EDGE_CURVE ( 'NONE', #2221, #819, #753, .T. ) ;
#929 = VECTOR ( 'NONE', #711, 1000.000000000000000 ) ;
#930 = CARTESIAN_POINT ( 'NONE',  ( -1.394002819761300360, 0.5207848697023423901, -0.1122837917607409919 ) ) ;
#931 = MECHANICAL_DESIGN_GEOMETRIC_PRESENTATION_REPRESENTATION (  '', ( #1057 ), #550 ) ;
#932 = FILL_AREA_STYLE_COLOUR ( '', #1294 ) ;
#933 = MECHANICAL_DESIGN_GEOMETRIC_PRESENTATION_REPRESENTATION (  '', ( #1158 ), #1947 ) ;
#934 = ORIENTED_EDGE ( 'NONE', *, *, #2052, .T. ) ;
#935 = DIRECTION ( 'NONE',  ( 0.000000000000000000, 1.000000000000000000, 0.000000000000000000 ) ) ;
#936 = VERTEX_POINT ( 'NONE', #1375 ) ;
#937 = DIRECTION ( 'NONE',  ( 1.000000000000000000, 0.000000000000000000, 0.000000000000000000 ) ) ;
#938 = CIRCLE ( 'NONE', #2618, 1.542201957341249541 ) ;
#939 = VERTEX_POINT ( 'NONE', #742 ) ;
#940 = PLANE ( 'NONE',  #392 ) ;
#941 =( NAMED_UNIT ( * ) SI_UNIT ( $, .STERADIAN. ) SOLID_ANGLE_UNIT ( ) );
#942 = COLOUR_RGB ( '',1.000000000000000000, 1.000000000000000000, 1.000000000000000000 ) ;
#943 = LINE ( 'NONE', #102, #2223 ) ;
#944 = CARTESIAN_POINT ( 'NONE',  ( -0.8499999999999998668, -0.06000000000000002554, -1.350000000000000089 ) ) ;
#945 = ADVANCED_FACE ( 'NONE', ( #531 ), #397, .F. ) ;
#946 = ORIENTED_EDGE ( 'NONE', *, *, #2259, .F. ) ;
#947 = LINE ( 'NONE', #290, #1395 ) ;
#948 =( NAMED_UNIT ( * ) SI_UNIT ( $, .STERADIAN. ) SOLID_ANGLE_UNIT ( ) );
#949 = CARTESIAN_POINT ( 'NONE',  ( 1.500000000000000444, 0.3896862477045595630, 1.499999999999999778 ) ) ;
#950 = ORIENTED_EDGE ( 'NONE', *, *, #805, .F. ) ;
#951 = ORIENTED_EDGE ( 'NONE', *, *, #521, .T. ) ;
#952 = FILL_AREA_STYLE_COLOUR ( '', #348 ) ;
#953 = UNCERTAINTY_MEASURE_WITH_UNIT (LENGTH_MEASURE( 1.000000000000000082E-05 ), #629, 'distance_accuracy_value', 'NONE');
#954 = UNCERTAINTY_MEASURE_WITH_UNIT (LENGTH_MEASURE( 1.000000000000000082E-05 ), #2427, 'distance_accuracy_value', 'NONE');
#955 = PLANE ( 'NONE',  #677 ) ;
#956 = PRESENTATION_STYLE_ASSIGNMENT (( #2261 ) ) ;
#957 = SURFACE_SIDE_STYLE ('',( #1772 ) ) ;
#958 = CARTESIAN_POINT ( 'NONE',  ( 0.3234674192097927170, 0.6367061152542283775, 1.354133507872162356 ) ) ;
#959 = VERTEX_POINT ( 'NONE', #2064 ) ;
#960 =( LENGTH_UNIT ( ) NAMED_UNIT ( * ) SI_UNIT ( .MILLI., .METRE. ) );
#961 =( LENGTH_UNIT ( ) NAMED_UNIT ( * ) SI_UNIT ( .MILLI., .METRE. ) );
#962 = CIRCLE ( 'NONE', #1980, 0.04999999999999996808 ) ;
#963 = LINE ( 'NONE', #2019, #1400 ) ;
#964 = FILL_AREA_STYLE ('',( #1156 ) ) ;
#966 = FILL_AREA_STYLE_COLOUR ( '', #2652 ) ;
#965 = PRESENTATION_LAYER_ASSIGNMENT (  '', '', ( #2065 ) ) ;
#967 =( GEOMETRIC_REPRESENTATION_CONTEXT ( 3 ) GLOBAL_UNCERTAINTY_ASSIGNED_CONTEXT ( ( #748 ) ) GLOBAL_UNIT_ASSIGNED_CONTEXT ( ( #314, #2704, #664 ) ) REPRESENTATION_CONTEXT ( 'NONE', 'WORKASPACE' ) );
#968 = EDGE_CURVE ( 'NONE', #1605, #2467, #2078, .T. ) ;
#969 = PRESENTATION_STYLE_ASSIGNMENT (( #8 ) ) ;
#970 = DIRECTION ( 'NONE',  ( -0.000000000000000000, 1.000000000000000000, -0.000000000000000000 ) ) ;
#971 = VECTOR ( 'NONE', #2090, 1000.000000000000000 ) ;
#972 =( NAMED_UNIT ( * ) SI_UNIT ( $, .STERADIAN. ) SOLID_ANGLE_UNIT ( ) );
#973 = MECHANICAL_DESIGN_GEOMETRIC_PRESENTATION_REPRESENTATION (  '', ( #1728 ), #1594 ) ;
#974 = STYLED_ITEM ( 'NONE', ( #1218 ), #300 ) ;
#975 = DIRECTION ( 'NONE',  ( -0.000000000000000000, 0.000000000000000000, 1.000000000000000000 ) ) ;
#976 = ORIENTED_EDGE ( 'NONE', *, *, #2432, .T. ) ;
#977 = DIRECTION ( 'NONE',  ( 0.000000000000000000, 0.000000000000000000, 1.000000000000000000 ) ) ;
#978 = MECHANICAL_DESIGN_GEOMETRIC_PRESENTATION_REPRESENTATION (  '', ( #2399 ), #1475 ) ;
#979 = AXIS2_PLACEMENT_3D ( 'NONE', #1623, #820, #977 ) ;
#980 = EDGE_CURVE ( 'NONE', #461, #157, #2083, .T. ) ;
#981 = DIRECTION ( 'NONE',  ( 0.000000000000000000, 0.000000000000000000, 1.000000000000000000 ) ) ;
#982 = AXIS2_PLACEMENT_3D ( 'NONE', #2547, #2359, #1109 ) ;
#983 = AXIS2_PLACEMENT_3D ( 'NONE', #1019, #1653, #1862 ) ;
#984 =( NAMED_UNIT ( * ) PLANE_ANGLE_UNIT ( ) SI_UNIT ( $, .RADIAN. ) );
#985 = CARTESIAN_POINT ( 'NONE',  ( 0.000000000000000000, 0.3896862477045595630, 0.000000000000000000 ) ) ;
#986 = UNCERTAINTY_MEASURE_WITH_UNIT (LENGTH_MEASURE( 1.000000000000000082E-05 ), #2216, 'distance_accuracy_value', 'NONE');
#987 = APPLICATION_PROTOCOL_DEFINITION ( 'draft international standard', 'automotive_design', 1998, #1306 ) ;
#988 = ORIENTED_EDGE ( 'NONE', *, *, #519, .F. ) ;
#989 = STYLED_ITEM ( 'NONE', ( #1041 ), #881 ) ;
#990 = MECHANICAL_DESIGN_GEOMETRIC_PRESENTATION_REPRESENTATION (  '', ( #1866 ), #2084 ) ;
#991 = EDGE_LOOP ( 'NONE', ( #672, #82, #1293, #889 ) ) ;
#992 = AXIS2_PLACEMENT_3D ( 'NONE', #2169, #452, #1272 ) ;
#993 = EDGE_CURVE ( 'NONE', #144, #1968, #1232, .T. ) ;
#994 = UNCERTAINTY_MEASURE_WITH_UNIT (LENGTH_MEASURE( 1.000000000000000082E-05 ), #1586, 'distance_accuracy_value', 'NONE');
#995 =( NAMED_UNIT ( * ) PLANE_ANGLE_UNIT ( ) SI_UNIT ( $, .RADIAN. ) );
#996 =( NAMED_UNIT ( * ) SI_UNIT ( $, .STERADIAN. ) SOLID_ANGLE_UNIT ( ) );
#997 = ORIENTED_EDGE ( 'NONE', *, *, #696, .F. ) ;
#998 = CARTESIAN_POINT ( 'NONE',  ( -0.7500000000000000000, 0.4396862477045595519, 0.7500000000000000000 ) ) ;
#999 =( NAMED_UNIT ( * ) PLANE_ANGLE_UNIT ( ) SI_UNIT ( $, .RADIAN. ) );
#1000 =( NAMED_UNIT ( * ) PLANE_ANGLE_UNIT ( ) SI_UNIT ( $, .RADIAN. ) );
#1001 = DIRECTION ( 'NONE',  ( -0.000000000000000000, -0.000000000000000000, 1.000000000000000000 ) ) ;
#1002 = EDGE_CURVE ( 'NONE', #44, #194, #1033, .T. ) ;
#1003 =( NAMED_UNIT ( * ) PLANE_ANGLE_UNIT ( ) SI_UNIT ( $, .RADIAN. ) );
#1004 =( NAMED_UNIT ( * ) SI_UNIT ( $, .STERADIAN. ) SOLID_ANGLE_UNIT ( ) );
#1005 = EDGE_CURVE ( 'NONE', #1540, #936, #615, .T. ) ;
#1006 = DIRECTION ( 'NONE',  ( -1.000000000000000000, 0.000000000000000000, -1.267997043299741501E-16 ) ) ;
#1007 = VERTEX_POINT ( 'NONE', #2693 ) ;
#1008 = LINE ( 'NONE', #602, #1950 ) ;
#1009 = VECTOR ( 'NONE', #196, 1000.000000000000000 ) ;
#1010 = PRESENTATION_LAYER_ASSIGNMENT (  '', '', ( #439 ) ) ;
#1011 = VECTOR ( 'NONE', #410, 1000.000000000000000 ) ;
#1012 = STYLED_ITEM ( 'NONE', ( #2058 ), #1417 ) ;
#1013 = LINE ( 'NONE', #1242, #1303 ) ;
#1014 =( GEOMETRIC_REPRESENTATION_CONTEXT ( 3 ) GLOBAL_UNCERTAINTY_ASSIGNED_CONTEXT ( ( #114 ) ) GLOBAL_UNIT_ASSIGNED_CONTEXT ( ( #1113, #2585, #2512 ) ) REPRESENTATION_CONTEXT ( 'NONE', 'WORKASPACE' ) );
#1015 = VERTEX_POINT ( 'NONE', #1453 ) ;
#1016 = DIRECTION ( 'NONE',  ( 0.000000000000000000, -1.000000000000000000, 0.000000000000000000 ) ) ;
#1017 = COLOUR_RGB ( '',1.000000000000000000, 1.000000000000000000, 1.000000000000000000 ) ;
#1018 = VECTOR ( 'NONE', #700, 1000.000000000000000 ) ;
#1019 = CARTESIAN_POINT ( 'NONE',  ( 0.000000000000000000, 0.4396862477045595519, 0.000000000000000000 ) ) ;
#1020 = VECTOR ( 'NONE', #2041, 1000.000000000000000 ) ;
#1021 = CARTESIAN_POINT ( 'NONE',  ( -1.354133507872162578, 0.6367061152542283775, -0.3234674192097912182 ) ) ;
#1022 = PRESENTATION_LAYER_ASSIGNMENT (  '', '', ( #2519 ) ) ;
#1023 = PRESENTATION_LAYER_ASSIGNMENT (  '', '', ( #2227 ) ) ;
#1024 = FILL_AREA_STYLE_COLOUR ( '', #641 ) ;
#1025 = MECHANICAL_DESIGN_GEOMETRIC_PRESENTATION_REPRESENTATION (  '', ( #117 ), #561 ) ;
#1026 = VERTEX_POINT ( 'NONE', #813 ) ;
#1027 = CARTESIAN_POINT ( 'NONE',  ( 0.8499999999999998668, -0.06000000000000002554, 1.350000000000000089 ) ) ;
#1028 = CARTESIAN_POINT ( 'NONE',  ( -1.499999999999999556, 0.000000000000000000, 1.499999999999999778 ) ) ;
#1029 = SURFACE_SIDE_STYLE ('',( #1625 ) ) ;
#1030 = SURFACE_STYLE_USAGE ( .BOTH. , #2540 ) ;
#1031 = CARTESIAN_POINT ( 'NONE',  ( -0.8500000000000000888, -0.06000000000000002554, 1.350000000000000089 ) ) ;
#1032 = LINE ( 'NONE', #1254, #1399 ) ;
#1033 = LINE ( 'NONE', #383, #469 ) ;
#1034 = EDGE_CURVE ( 'NONE', #261, #1552, #2283, .T. ) ;
#1035 = DIRECTION ( 'NONE',  ( 0.000000000000000000, 0.000000000000000000, -1.000000000000000000 ) ) ;
#1036 = CARTESIAN_POINT ( 'NONE',  ( -1.199999999999999734, 0.3896862477045595630, 0.7999999999999998224 ) ) ;
#1037 = FILL_AREA_STYLE ('',( #2089 ) ) ;
#1038 = EDGE_LOOP ( 'NONE', ( #38, #1466, #234, #1423 ) ) ;
#1039 = PLANE ( 'NONE',  #1129 ) ;
#1040 = CARTESIAN_POINT ( 'NONE',  ( 1.354133507872162578, 0.6367061152542283775, -0.3234674192097912182 ) ) ;
#1041 = PRESENTATION_STYLE_ASSIGNMENT (( #1030 ) ) ;
#1042 = PRESENTATION_STYLE_ASSIGNMENT (( #691 ) ) ;
#1043 = SURFACE_SIDE_STYLE ('',( #168 ) ) ;
#1044 = DIRECTION ( 'NONE',  ( 1.000000000000000000, 0.000000000000000000, -0.000000000000000000 ) ) ;
#1045 = EDGE_LOOP ( 'NONE', ( #1836, #2131, #1111, #1456 ) ) ;
#1046 = PRESENTATION_LAYER_ASSIGNMENT (  '', '', ( #2124 ) ) ;
#1047 = DIRECTION ( 'NONE',  ( -0.9726352588645361674, 0.000000000000000000, 0.2323373693866676304 ) ) ;
#1048 = DIRECTION ( 'NONE',  ( 0.2323373693866678802, 0.000000000000000000, -0.9726352588645361674 ) ) ;
#1049 = SURFACE_STYLE_FILL_AREA ( #476 ) ;
#1050 = COLOUR_RGB ( '',1.000000000000000000, 1.000000000000000000, 1.000000000000000000 ) ;
#1051 = ORIENTED_EDGE ( 'NONE', *, *, #2599, .F. ) ;
#1052 = VECTOR ( 'NONE', #1363, 1000.000000000000000 ) ;
#1053 = FACE_BOUND ( 'NONE', #500, .T. ) ;
#1054 = CARTESIAN_POINT ( 'NONE',  ( -0.9999999999999995559, 0.4396862477045595519, -1.200000000000000178 ) ) ;
#1055 = LINE ( 'NONE', #399, #554 ) ;
#1056 = EDGE_CURVE ( 'NONE', #2105, #2361, #2703, .T. ) ;
#1057 = STYLED_ITEM ( 'NONE', ( #1353 ), #22 ) ;
#1058 = DIRECTION ( 'NONE',  ( 0.000000000000000000, 0.000000000000000000, -1.000000000000000000 ) ) ;
#1059 = FILL_AREA_STYLE_COLOUR ( '', #518 ) ;
#1060 = CARTESIAN_POINT ( 'NONE',  ( -0.9999999999999995559, 0.3896862477045595630, -1.200000000000000178 ) ) ;
#1061 = EDGE_CURVE ( 'NONE', #1193, #1176, #126, .T. ) ;
#1062 = EDGE_LOOP ( 'NONE', ( #293, #756, #2173, #274 ) ) ;
#1063 = SURFACE_SIDE_STYLE ('',( #825 ) ) ;
#1064 =( GEOMETRIC_REPRESENTATION_CONTEXT ( 3 ) GLOBAL_UNCERTAINTY_ASSIGNED_CONTEXT ( ( #1816 ) ) GLOBAL_UNIT_ASSIGNED_CONTEXT ( ( #339, #1191, #2454 ) ) REPRESENTATION_CONTEXT ( 'NONE', 'WORKASPACE' ) );
#1065 = AXIS2_PLACEMENT_3D ( 'NONE', #604, #2270, #1224 ) ;
#1066 = AXIS2_PLACEMENT_3D ( 'NONE', #774, #1016, #1612 ) ;
#1067 = DIRECTION ( 'NONE',  ( -1.000000000000000000, -0.000000000000000000, -0.000000000000000000 ) ) ;
#1068 = SURFACE_STYLE_USAGE ( .BOTH. , #2170 ) ;
#1069 =( NAMED_UNIT ( * ) SI_UNIT ( $, .STERADIAN. ) SOLID_ANGLE_UNIT ( ) );
#1070 = DIRECTION ( 'NONE',  ( -8.001190744149820513E-17, -0.000000000000000000, 1.000000000000000000 ) ) ;
#1071 = CARTESIAN_POINT ( 'NONE',  ( 0.3234674192097928280, 0.6367061152542283775, 1.354133507872162134 ) ) ;
#1072 = ORIENTED_EDGE ( 'NONE', *, *, #701, .F. ) ;
#1073 = AXIS2_PLACEMENT_3D ( 'NONE', #1912, #2323, #1279 ) ;
#1074 = VECTOR ( 'NONE', #1334, 1000.000000000000000 ) ;
#1075 = ORIENTED_EDGE ( 'NONE', *, *, #838, .F. ) ;
#1076 =( NAMED_UNIT ( * ) PLANE_ANGLE_UNIT ( ) SI_UNIT ( $, .RADIAN. ) );
#1077 = AXIS2_PLACEMENT_3D ( 'NONE', #52, #2163, #1740 ) ;
#1078 = LINE ( 'NONE', #253, #852 ) ;
#1079 = SURFACE_STYLE_FILL_AREA ( #2376 ) ;
#1080 = SURFACE_STYLE_USAGE ( .BOTH. , #297 ) ;
#1081 = ADVANCED_FACE ( 'NONE', ( #1403 ), #707, .F. ) ;
#1082 = ADVANCED_FACE ( 'NONE', ( #2556 ), #1930, .F. ) ;
#1083 = CARTESIAN_POINT ( 'NONE',  ( -0.5000000000000001110, 0.000000000000000000, 1.350000000000000089 ) ) ;
#1084 = LINE ( 'NONE', #657, #732 ) ;
#1085 = UNCERTAINTY_MEASURE_WITH_UNIT (LENGTH_MEASURE( 1.000000000000000082E-05 ), #1140, 'distance_accuracy_value', 'NONE');
#1086 = CARTESIAN_POINT ( 'NONE',  ( -1.392245181642171703, 0.6312449294990211124, -0.1095410673141907348 ) ) ;
#1087 = EDGE_LOOP ( 'NONE', ( #1325, #313, #2409 ) ) ;
#1088 = ORIENTED_EDGE ( 'NONE', *, *, #187, .F. ) ;
#1089 = CARTESIAN_POINT ( 'NONE',  ( -0.5000000000000001110, 0.000000000000000000, 1.350000000000000089 ) ) ;
#1090 = SURFACE_SIDE_STYLE ('',( #2144 ) ) ;
#1091 =( NAMED_UNIT ( * ) SI_UNIT ( $, .STERADIAN. ) SOLID_ANGLE_UNIT ( ) );
#1092 = ORIENTED_EDGE ( 'NONE', *, *, #2637, .F. ) ;
#1093 = SURFACE_STYLE_FILL_AREA ( #444 ) ;
#1094 = FACE_OUTER_BOUND ( 'NONE', #235, .T. ) ;
#1095 = UNCERTAINTY_MEASURE_WITH_UNIT (LENGTH_MEASURE( 1.000000000000000082E-05 ), #509, 'distance_accuracy_value', 'NONE');
#1096 =( NAMED_UNIT ( * ) PLANE_ANGLE_UNIT ( ) SI_UNIT ( $, .RADIAN. ) );
#1097 = DIRECTION ( 'NONE',  ( 0.000000000000000000, 0.000000000000000000, -1.000000000000000000 ) ) ;
#1098 =( GEOMETRIC_REPRESENTATION_CONTEXT ( 3 ) GLOBAL_UNCERTAINTY_ASSIGNED_CONTEXT ( ( #322 ) ) GLOBAL_UNIT_ASSIGNED_CONTEXT ( ( #268, #919, #2377 ) ) REPRESENTATION_CONTEXT ( 'NONE', 'WORKASPACE' ) );
#1099 = EDGE_LOOP ( 'NONE', ( #209, #525, #798, #2690 ) ) ;
#1100 = MECHANICAL_DESIGN_GEOMETRIC_PRESENTATION_REPRESENTATION (  '', ( #2340 ), #1936 ) ;
#1101 =( NAMED_UNIT ( * ) SI_UNIT ( $, .STERADIAN. ) SOLID_ANGLE_UNIT ( ) );
#1102 = ORIENTED_EDGE ( 'NONE', *, *, #519, .T. ) ;
#1103 = FACE_OUTER_BOUND ( 'NONE', #213, .T. ) ;
#1104 =( GEOMETRIC_REPRESENTATION_CONTEXT ( 3 ) GLOBAL_UNCERTAINTY_ASSIGNED_CONTEXT ( ( #1154 ) ) GLOBAL_UNIT_ASSIGNED_CONTEXT ( ( #1633, #590, #882 ) ) REPRESENTATION_CONTEXT ( 'NONE', 'WORKASPACE' ) );
#1105 = ORIENTED_EDGE ( 'NONE', *, *, #1186, .T. ) ;
#1106 = DIRECTION ( 'NONE',  ( -0.000000000000000000, -1.000000000000000000, -0.000000000000000000 ) ) ;
#1107 = VECTOR ( 'NONE', #737, 1000.000000000000000 ) ;
#1108 = AXIS2_PLACEMENT_3D ( 'NONE', #475, #1322, #229 ) ;
#1109 = DIRECTION ( 'NONE',  ( 1.000000000000000000, 0.000000000000000000, 0.000000000000000000 ) ) ;
#1110 = FILL_AREA_STYLE ('',( #2136 ) ) ;
#1111 = ORIENTED_EDGE ( 'NONE', *, *, #1918, .F. ) ;
#1112 = COLOUR_RGB ( '',0.2509803921568627416, 0.2509803921568627416, 0.2509803921568627416 ) ;
#1113 =( LENGTH_UNIT ( ) NAMED_UNIT ( * ) SI_UNIT ( .MILLI., .METRE. ) );
#1114 = VECTOR ( 'NONE', #404, 1000.000000000000000 ) ;
#1115 = STYLED_ITEM ( 'NONE', ( #1969 ), #425 ) ;
#1116 = ORIENTED_EDGE ( 'NONE', *, *, #2140, .T. ) ;
#1117 = EDGE_CURVE ( 'NONE', #217, #939, #692, .T. ) ;
#1118 = EDGE_CURVE ( 'NONE', #2361, #317, #266, .T. ) ;
#1119 = CARTESIAN_POINT ( 'NONE',  ( 1.354133507872162578, 0.6367061152542283775, -0.3234674192097910517 ) ) ;
#1120 = PLANE ( 'NONE',  #2355 ) ;
#1121 = VECTOR ( 'NONE', #490, 1000.000000000000000 ) ;
#1122 =( NAMED_UNIT ( * ) PLANE_ANGLE_UNIT ( ) SI_UNIT ( $, .RADIAN. ) );
#1123 = AXIS2_PLACEMENT_3D ( 'NONE', #878, #656, #1479 ) ;
#1124 = CARTESIAN_POINT ( 'NONE',  ( -1.500000000000000444, 0.4896862477045595963, -1.500000000000000000 ) ) ;
#1125 = EDGE_CURVE ( 'NONE', #461, #2014, #2181, .T. ) ;
#1126 = DIRECTION ( 'NONE',  ( -8.031127203596329369E-17, 0.000000000000000000, 1.000000000000000000 ) ) ;
#1127 = PRODUCT ( 'LV CRBP.01-KXLY-AD-Q525-350-R18', 'LV CRBP.01-KXLY-AD-Q525-350-R18', '', ( #1251 ) ) ;
#1128 = DIRECTION ( 'NONE',  ( 1.000000000000000000, 0.000000000000000000, 0.000000000000000000 ) ) ;
#1129 = AXIS2_PLACEMENT_3D ( 'NONE', #687, #935, #1134 ) ;
#1130 = ORIENTED_EDGE ( 'NONE', *, *, #772, .T. ) ;
#1131 = DIRECTION ( 'NONE',  ( -1.000000000000000000, -0.000000000000000000, -0.000000000000000000 ) ) ;
#1132 = FILL_AREA_STYLE_COLOUR ( '', #858 ) ;
#1133 = ADVANCED_FACE ( 'NONE', ( #862 ), #2581, .T. ) ;
#1134 = DIRECTION ( 'NONE',  ( 0.000000000000000000, -0.000000000000000000, 1.000000000000000000 ) ) ;
#1135 = ORIENTED_EDGE ( 'NONE', *, *, #2236, .F. ) ;
#1136 = VERTEX_POINT ( 'NONE', #2316 ) ;
#1137 = EDGE_CURVE ( 'NONE', #1026, #1271, #432, .T. ) ;
#1138 = FILL_AREA_STYLE_COLOUR ( '', #2424 ) ;
#1139 = DIRECTION ( 'NONE',  ( 1.000000000000000000, 0.000000000000000000, 0.000000000000000000 ) ) ;
#1140 =( LENGTH_UNIT ( ) NAMED_UNIT ( * ) SI_UNIT ( .MILLI., .METRE. ) );
#1141 = ORIENTED_EDGE ( 'NONE', *, *, #1117, .T. ) ;
#1142 = CARTESIAN_POINT ( 'NONE',  ( -1.499999999999999556, 0.000000000000000000, 1.499999999999999778 ) ) ;
#1143 = CARTESIAN_POINT ( 'NONE',  ( -0.5000000000000001110, -0.06000000000000002554, 1.350000000000000089 ) ) ;
#1144 = ORIENTED_EDGE ( 'NONE', *, *, #1670, .F. ) ;
#1145 = VECTOR ( 'NONE', #415, 1000.000000000000000 ) ;
#1146 = PRESENTATION_LAYER_ASSIGNMENT (  '', '', ( #1933 ) ) ;
#1147 = SURFACE_SIDE_STYLE ('',( #303 ) ) ;
#1148 = SURFACE_STYLE_USAGE ( .BOTH. , #2404 ) ;
#1149 = EDGE_LOOP ( 'NONE', ( #1956, #2025, #746, #1397 ) ) ;
#1150 = STYLED_ITEM ( 'NONE', ( #166 ), #2149 ) ;
#1151 = DIRECTION ( 'NONE',  ( -1.000000000000000000, 0.000000000000000000, -0.000000000000000000 ) ) ;
#1152 = AXIS2_PLACEMENT_3D ( 'NONE', #1452, #2325, #2081 ) ;
#1153 = ADVANCED_FACE ( 'NONE', ( #227 ), #1920, .F. ) ;
#1154 = UNCERTAINTY_MEASURE_WITH_UNIT (LENGTH_MEASURE( 1.000000000000000082E-05 ), #1633, 'distance_accuracy_value', 'NONE');
#1155 = PRESENTATION_LAYER_ASSIGNMENT (  '', '', ( #1775 ) ) ;
#1156 = FILL_AREA_STYLE_COLOUR ( '', #549 ) ;
#1157 = SURFACE_STYLE_USAGE ( .BOTH. , #2395 ) ;
#1158 = STYLED_ITEM ( 'NONE', ( #456 ), #280 ) ;
#1159 = DIRECTION ( 'NONE',  ( 0.000000000000000000, -0.000000000000000000, -1.000000000000000000 ) ) ;
#1160 = ORIENTED_EDGE ( 'NONE', *, *, #467, .T. ) ;
#1161 = ADVANCED_FACE ( 'NONE', ( #1522 ), #40, .F. ) ;
#1162 = PRESENTATION_STYLE_ASSIGNMENT (( #1580 ) ) ;
#1163 = PRESENTATION_STYLE_ASSIGNMENT (( #109 ) ) ;
#1164 = CIRCLE ( 'NONE', #2695, 1.360000000000000098 ) ;
#1165 =( NAMED_UNIT ( * ) PLANE_ANGLE_UNIT ( ) SI_UNIT ( $, .RADIAN. ) );
#1166 = PRESENTATION_LAYER_ASSIGNMENT (  '', '', ( #68 ) ) ;
#1167 = ORIENTED_EDGE ( 'NONE', *, *, #2674, .T. ) ;
#1168 = STYLED_ITEM ( 'NONE', ( #1391 ), #2715 ) ;
#1169 = FILL_AREA_STYLE ('',( #2431 ) ) ;
#1170 = TOROIDAL_SURFACE ( 'NONE', #366, 1.542201957341249541, 0.1499999999999999944 ) ;
#1171 = LINE ( 'NONE', #2435, #1649 ) ;
#1172 = MECHANICAL_DESIGN_GEOMETRIC_PRESENTATION_REPRESENTATION (  '', ( #2004 ), #2271 ) ;
#1173 =( NAMED_UNIT ( * ) SI_UNIT ( $, .STERADIAN. ) SOLID_ANGLE_UNIT ( ) );
#1174 = EDGE_CURVE ( 'NONE', #2329, #1925, #895, .T. ) ;
#1175 = FILL_AREA_STYLE_COLOUR ( '', #2187 ) ;
#1176 = VERTEX_POINT ( 'NONE', #502 ) ;
#1177 = CARTESIAN_POINT ( 'NONE',  ( -0.9999999999999995559, 0.4396862477045595519, -1.080000000000000293 ) ) ;
#1178 = EDGE_CURVE ( 'NONE', #1336, #2699, #2407, .T. ) ;
#1179 =( NAMED_UNIT ( * ) PLANE_ANGLE_UNIT ( ) SI_UNIT ( $, .RADIAN. ) );
#1180 = PLANE ( 'NONE',  #62 ) ;
#1181 =( NAMED_UNIT ( * ) PLANE_ANGLE_UNIT ( ) SI_UNIT ( $, .RADIAN. ) );
#1182 = CARTESIAN_POINT ( 'NONE',  ( -0.2170479135135769955, 0.6367060063554851324, 1.379554373446921778 ) ) ;
#1183 = ORIENTED_EDGE ( 'NONE', *, *, #1826, .F. ) ;
#1184 = CARTESIAN_POINT ( 'NONE',  ( 0.4999999999999998890, -0.06000000000000002554, 1.350000000000000089 ) ) ;
#1185 = PRESENTATION_STYLE_ASSIGNMENT (( #335 ) ) ;
#1186 = EDGE_CURVE ( 'NONE', #1582, #643, #402, .T. ) ;
#1187 = FACE_OUTER_BOUND ( 'NONE', #533, .T. ) ;
#1188 = UNCERTAINTY_MEASURE_WITH_UNIT (LENGTH_MEASURE( 1.000000000000000082E-05 ), #660, 'distance_accuracy_value', 'NONE');
#1189 = DIRECTION ( 'NONE',  ( 0.000000000000000000, 0.000000000000000000, -1.000000000000000000 ) ) ;
#1190 = ORIENTED_EDGE ( 'NONE', *, *, #1881, .F. ) ;
#1191 =( NAMED_UNIT ( * ) PLANE_ANGLE_UNIT ( ) SI_UNIT ( $, .RADIAN. ) );
#1192 = ORIENTED_EDGE ( 'NONE', *, *, #2686, .F. ) ;
#1193 = VERTEX_POINT ( 'NONE', #1600 ) ;
#1194 = SURFACE_STYLE_FILL_AREA ( #734 ) ;
#1195 = AXIS2_PLACEMENT_3D ( 'NONE', #1636, #2470, #1151 ) ;
#1196 = MECHANICAL_DESIGN_GEOMETRIC_PRESENTATION_REPRESENTATION (  '', ( #2124 ), #1287 ) ;
#1197 = CARTESIAN_POINT ( 'NONE',  ( 0.3583111458316375897, 0.6396862477045595075, 1.500000000000000000 ) ) ;
#1199 = FACE_OUTER_BOUND ( 'NONE', #1909, .T. ) ;
#1198 = AXIS2_PLACEMENT_3D ( 'NONE', #90, #2182, #254 ) ;
#1200 = FILL_AREA_STYLE ('',( #966 ) ) ;
#1201 = AXIS2_PLACEMENT_3D ( 'NONE', #458, #1291, #2103 ) ;
#1202 = VECTOR ( 'NONE', #754, 1000.000000000000000 ) ;
#1203 =( NAMED_UNIT ( * ) PLANE_ANGLE_UNIT ( ) SI_UNIT ( $, .RADIAN. ) );
#1204 = CARTESIAN_POINT ( 'NONE',  ( 0.5000000000000000000, -0.06000000000000002554, -0.4949489742783177992 ) ) ;
#1205 = AXIS2_PLACEMENT_3D ( 'NONE', #1821, #797, #1632 ) ;
#1206 = CARTESIAN_POINT ( 'NONE',  ( -0.9999999999999995559, 0.3896862477045595630, -1.080000000000000293 ) ) ;
#1207 = EDGE_LOOP ( 'NONE', ( #1761, #225, #727, #731 ) ) ;
#1208 = CARTESIAN_POINT ( 'NONE',  ( -0.7500000000000000000, 0.3896862477045595630, -0.7500000000000000000 ) ) ;
#1209 = DIRECTION ( 'NONE',  ( 0.000000000000000000, -1.000000000000000000, 0.000000000000000000 ) ) ;
#1210 = STYLED_ITEM ( 'NONE', ( #1297 ), #589 ) ;
#1211 = FILL_AREA_STYLE ('',( #306 ) ) ;
#1212 = MECHANICAL_DESIGN_GEOMETRIC_PRESENTATION_REPRESENTATION (  '', ( #2265 ), #2441 ) ;
#1213 = COLOUR_RGB ( '',1.000000000000000000, 1.000000000000000000, 1.000000000000000000 ) ;
#1214 = SURFACE_SIDE_STYLE ('',( #792 ) ) ;
#1215 = B_SPLINE_CURVE_WITH_KNOTS ( 'NONE', 3,
 ( #822, #625, #2486, #2710, #379, #1845 ),
 .UNSPECIFIED., .F., .F.,
 ( 4, 2, 4 ),
 ( 0.000000000000000000, 0.0003244270637086705709, 0.0006488541274173411418 ),
 .UNSPECIFIED. ) ;
#1216 = UNCERTAINTY_MEASURE_WITH_UNIT (LENGTH_MEASURE( 1.000000000000000082E-05 ), #1985, 'distance_accuracy_value', 'NONE');
#1217 = PRESENTATION_LAYER_ASSIGNMENT (  '', '', ( #2626 ) ) ;
#1218 = PRESENTATION_STYLE_ASSIGNMENT (( #154 ) ) ;
#1219 = CARTESIAN_POINT ( 'NONE',  ( -0.9999999999999995559, 0.3896862477045595630, -1.080000000000000293 ) ) ;
#1220 = ORIENTED_EDGE ( 'NONE', *, *, #353, .T. ) ;
#1221 = EDGE_CURVE ( 'NONE', #959, #2375, #528, .T. ) ;
#1222 = PRESENTATION_STYLE_ASSIGNMENT (( #1438 ) ) ;
#1223 = DIRECTION ( 'NONE',  ( 0.000000000000000000, 0.000000000000000000, -1.000000000000000000 ) ) ;
#1224 = DIRECTION ( 'NONE',  ( -1.000000000000000000, 0.000000000000000000, -0.000000000000000000 ) ) ;
#1225 =( NAMED_UNIT ( * ) SI_UNIT ( $, .STERADIAN. ) SOLID_ANGLE_UNIT ( ) );
#1226 = CARTESIAN_POINT ( 'NONE',  ( 0.000000000000000000, 1.969686247704559579, 0.000000000000000000 ) ) ;
#1227 = FILL_AREA_STYLE ('',( #2037 ) ) ;
#1228 = ORIENTED_EDGE ( 'NONE', *, *, #2443, .F. ) ;
#1229 = CARTESIAN_POINT ( 'NONE',  ( -1.500000000000000444, 0.4896862477045595963, 1.500000000000000000 ) ) ;
#1230 = FILL_AREA_STYLE_COLOUR ( '', #717 ) ;
#1231 = EDGE_CURVE ( 'NONE', #2003, #2543, #943, .T. ) ;
#1232 = LINE ( 'NONE', #1848, #644 ) ;
#1233 = LINE ( 'NONE', #2068, #2029 ) ;
#1234 = PRESENTATION_LAYER_ASSIGNMENT (  '', '', ( #2420 ) ) ;
#1235 = VECTOR ( 'NONE', #1470, 1000.000000000000000 ) ;
#1236 = VERTEX_POINT ( 'NONE', #2211 ) ;
#1237 =( GEOMETRIC_REPRESENTATION_CONTEXT ( 3 ) GLOBAL_UNCERTAINTY_ASSIGNED_CONTEXT ( ( #1727 ) ) GLOBAL_UNIT_ASSIGNED_CONTEXT ( ( #960, #1595, #2671 ) ) REPRESENTATION_CONTEXT ( 'NONE', 'WORKASPACE' ) );
#1238 = LINE ( 'NONE', #39, #1114 ) ;
#1239 = EDGE_LOOP ( 'NONE', ( #1763, #1530, #2589, #1484 ) ) ;
#1240 = AXIS2_PLACEMENT_3D ( 'NONE', #1462, #1658, #2489 ) ;
#1241 = VECTOR ( 'NONE', #2371, 1000.000000000000000 ) ;
#1242 = CARTESIAN_POINT ( 'NONE',  ( -1.500000000000000444, 0.4896862477045595963, -1.500000000000000000 ) ) ;
#1243 =( GEOMETRIC_REPRESENTATION_CONTEXT ( 3 ) GLOBAL_UNCERTAINTY_ASSIGNED_CONTEXT ( ( #1216 ) ) GLOBAL_UNIT_ASSIGNED_CONTEXT ( ( #1985, #478, #1101 ) ) REPRESENTATION_CONTEXT ( 'NONE', 'WORKASPACE' ) );
#1244 = CARTESIAN_POINT ( 'NONE',  ( -0.2415077363278110845, 0.4896862477045595963, -1.500000000000000000 ) ) ;
#1245 = FILL_AREA_STYLE_COLOUR ( '', #501 ) ;
#1246 = VERTEX_POINT ( 'NONE', #323 ) ;
#1247 = COLOUR_RGB ( '',1.000000000000000000, 1.000000000000000000, 1.000000000000000000 ) ;
#1248 = VECTOR ( 'NONE', #833, 1000.000000000000000 ) ;
#1249 =( NAMED_UNIT ( * ) SI_UNIT ( $, .STERADIAN. ) SOLID_ANGLE_UNIT ( ) );
#1250 = CARTESIAN_POINT ( 'NONE',  ( -0.9999999999999995559, 0.4396862477045595519, 0.9999999999999997780 ) ) ;
#1251 = PRODUCT_CONTEXT ( 'NONE', #2146, 'mechanical' ) ;
#1252 = DIRECTION ( 'NONE',  ( -0.000000000000000000, -0.000000000000000000, 1.000000000000000000 ) ) ;
#1253 = CIRCLE ( 'NONE', #979, 0.05000000000000002359 ) ;
#1254 = CARTESIAN_POINT ( 'NONE',  ( -1.349999999999999867, -0.06000000000000002554, -1.350000000000000089 ) ) ;
#1255 = DIRECTION ( 'NONE',  ( 0.000000000000000000, 0.000000000000000000, -1.000000000000000000 ) ) ;
#1256 = SURFACE_STYLE_FILL_AREA ( #1429 ) ;
#1257 = MECHANICAL_DESIGN_GEOMETRIC_PRESENTATION_REPRESENTATION (  '', ( #2519 ), #777 ) ;
#1258 = ADVANCED_FACE ( 'NONE', ( #1346 ), #1957, .F. ) ;
#1259 = SURFACE_STYLE_FILL_AREA ( #2088 ) ;
#1260 = EDGE_LOOP ( 'NONE', ( #1750, #900, #607, #1844 ) ) ;
#1261 = LINE ( 'NONE', #2465, #2475 ) ;
#1262 =( GEOMETRIC_REPRESENTATION_CONTEXT ( 3 ) GLOBAL_UNCERTAINTY_ASSIGNED_CONTEXT ( ( #1535 ) ) GLOBAL_UNIT_ASSIGNED_CONTEXT ( ( #2530, #1096, #2132 ) ) REPRESENTATION_CONTEXT ( 'NONE', 'WORKASPACE' ) );
#1263 = CARTESIAN_POINT ( 'NONE',  ( -1.500000000000000444, 0.4896862477045595963, -1.500000000000000000 ) ) ;
#1264 = ADVANCED_FACE ( 'NONE', ( #1187 ), #136, .T. ) ;
#1265 = ORIENTED_EDGE ( 'NONE', *, *, #1497, .F. ) ;
#1266 =( NAMED_UNIT ( * ) SI_UNIT ( $, .STERADIAN. ) SOLID_ANGLE_UNIT ( ) );
#1267 = CARTESIAN_POINT ( 'NONE',  ( -0.4999999999999995559, 0.4396862477045595519, -1.080000000000000293 ) ) ;
#1268 = DIRECTION ( 'NONE',  ( -0.000000000000000000, 1.000000000000000000, -0.000000000000000000 ) ) ;
#1269 = ADVANCED_FACE ( 'NONE', ( #2460 ), #2179, .F. ) ;
#1270 = CARTESIAN_POINT ( 'NONE',  ( 1.500000000000000444, 0.3896862477045595630, 1.500000000000000000 ) ) ;
#1271 = VERTEX_POINT ( 'NONE', #1036 ) ;
#1272 = DIRECTION ( 'NONE',  ( 0.000000000000000000, -0.000000000000000000, -1.000000000000000000 ) ) ;
#1273 = CARTESIAN_POINT ( 'NONE',  ( -1.500000000000000444, 0.4896862477045595963, -0.3583111458316358133 ) ) ;
#1274 = CARTESIAN_POINT ( 'NONE',  ( -0.8500000000000000888, 0.000000000000000000, 1.350000000000000089 ) ) ;
#1275 = ORIENTED_EDGE ( 'NONE', *, *, #1826, .T. ) ;
#1276 = FACE_BOUND ( 'NONE', #2195, .T. ) ;
#1277 = FILL_AREA_STYLE_COLOUR ( '', #1381 ) ;
#1278 = LINE ( 'NONE', #2711, #849 ) ;
#1279 = DIRECTION ( 'NONE',  ( 0.000000000000000000, 0.000000000000000000, 1.000000000000000000 ) ) ;
#1280 = PRESENTATION_STYLE_ASSIGNMENT (( #1847 ) ) ;
#1281 = FACE_OUTER_BOUND ( 'NONE', #1045, .T. ) ;
#1282 = ORIENTED_EDGE ( 'NONE', *, *, #108, .F. ) ;
#1283 = FACE_OUTER_BOUND ( 'NONE', #1533, .T. ) ;
#1284 = CARTESIAN_POINT ( 'NONE',  ( -1.500000000000000444, 0.4896862477045595963, 1.500000000000000000 ) ) ;
#1285 = COLOUR_RGB ( '',1.000000000000000000, 1.000000000000000000, 1.000000000000000000 ) ;
#1286 = MECHANICAL_DESIGN_GEOMETRIC_PRESENTATION_REPRESENTATION (  '', ( #439 ), #803 ) ;
#1287 =( GEOMETRIC_REPRESENTATION_CONTEXT ( 3 ) GLOBAL_UNCERTAINTY_ASSIGNED_CONTEXT ( ( #1416 ) ) GLOBAL_UNIT_ASSIGNED_CONTEXT ( ( #2153, #2381, #1249 ) ) REPRESENTATION_CONTEXT ( 'NONE', 'WORKASPACE' ) );
#1288 = CARTESIAN_POINT ( 'NONE',  ( 0.8499999999999998668, 0.000000000000000000, 1.350000000000000089 ) ) ;
#1289 =( NAMED_UNIT ( * ) SI_UNIT ( $, .STERADIAN. ) SOLID_ANGLE_UNIT ( ) );
#1290 = EDGE_CURVE ( 'NONE', #144, #1879, #2274, .T. ) ;
#1291 = DIRECTION ( 'NONE',  ( 0.000000000000000000, -1.000000000000000000, 0.000000000000000000 ) ) ;
#1292 =( GEOMETRIC_REPRESENTATION_CONTEXT ( 3 ) GLOBAL_UNCERTAINTY_ASSIGNED_CONTEXT ( ( #2584 ) ) GLOBAL_UNIT_ASSIGNED_CONTEXT ( ( #2031, #2459, #1898 ) ) REPRESENTATION_CONTEXT ( 'NONE', 'WORKASPACE' ) );
#1293 = ORIENTED_EDGE ( 'NONE', *, *, #928, .F. ) ;
#1294 = COLOUR_RGB ( '',1.000000000000000000, 1.000000000000000000, 1.000000000000000000 ) ;
#1295 =( NAMED_UNIT ( * ) PLANE_ANGLE_UNIT ( ) SI_UNIT ( $, .RADIAN. ) );
#1296 = COLOUR_RGB ( '',1.000000000000000000, 1.000000000000000000, 1.000000000000000000 ) ;
#1297 = PRESENTATION_STYLE_ASSIGNMENT (( #861 ) ) ;
#1298 = SURFACE_SIDE_STYLE ('',( #2592 ) ) ;
#1299 = PLANE ( 'NONE',  #1198 ) ;
#1300 = FILL_AREA_STYLE_COLOUR ( '', #2563 ) ;
#1301 = UNCERTAINTY_MEASURE_WITH_UNIT (LENGTH_MEASURE( 1.000000000000000082E-05 ), #340, 'distance_accuracy_value', 'NONE');
#1302 = STYLED_ITEM ( 'NONE', ( #1280 ), #2515 ) ;
#1303 = VECTOR ( 'NONE', #189, 1000.000000000000000 ) ;
#1304 = CARTESIAN_POINT ( 'NONE',  ( 0.000000000000000000, 0.4896862477045595963, 0.000000000000000000 ) ) ;
#1305 = DIRECTION ( 'NONE',  ( 8.031127203596329369E-17, 0.000000000000000000, -1.000000000000000000 ) ) ;
#1306 = APPLICATION_CONTEXT ( 'automotive_design' ) ;
#1307 = ORIENTED_EDGE ( 'NONE', *, *, #876, .T. ) ;
#1308 = COLOUR_RGB ( '',0.2509803921568627416, 0.2509803921568627416, 0.2509803921568627416 ) ;
#1309 = PRESENTATION_STYLE_ASSIGNMENT (( #1945 ) ) ;
#1310 =( LENGTH_UNIT ( ) NAMED_UNIT ( * ) SI_UNIT ( .MILLI., .METRE. ) );
#1311 = VERTEX_POINT ( 'NONE', #403 ) ;
#1312 =( LENGTH_UNIT ( ) NAMED_UNIT ( * ) SI_UNIT ( .MILLI., .METRE. ) );
#1313 = VERTEX_POINT ( 'NONE', #2086 ) ;
#1314 = CARTESIAN_POINT ( 'NONE',  ( 0.7500000000000000000, 0.4396862477045595519, 0.7500000000000000000 ) ) ;
#1315 = PRODUCT_DEFINITION_SHAPE ( 'NONE', 'NONE',  #1408 ) ;
#1316 = DIRECTION ( 'NONE',  ( -0.000000000000000000, -0.000000000000000000, -1.000000000000000000 ) ) ;
#1317 = EDGE_CURVE ( 'NONE', #2362, #1313, #1505, .T. ) ;
#1318 = B_SPLINE_CURVE_WITH_KNOTS ( 'NONE', 3,
 ( #2490, #2099, #28, #2284 ),
 .UNSPECIFIED., .F., .F.,
 ( 4, 4 ),
 ( 0.000000000000000000, 0.0003254958976128380344 ),
 .UNSPECIFIED. ) ;
#1319 =( LENGTH_UNIT ( ) NAMED_UNIT ( * ) SI_UNIT ( .MILLI., .METRE. ) );
#1320 = DIRECTION ( 'NONE',  ( -1.000000000000000000, -0.000000000000000000, -0.000000000000000000 ) ) ;
#1321 = UNCERTAINTY_MEASURE_WITH_UNIT (LENGTH_MEASURE( 1.000000000000000082E-05 ), #1639, 'distance_accuracy_value', 'NONE');
#1322 = DIRECTION ( 'NONE',  ( -0.000000000000000000, 0.000000000000000000, 1.000000000000000000 ) ) ;
#1323 = CARTESIAN_POINT ( 'NONE',  ( 0.4999999999999998890, 0.000000000000000000, 1.350000000000000089 ) ) ;
#1324 = SURFACE_SIDE_STYLE ('',( #1049 ) ) ;
#1325 = ORIENTED_EDGE ( 'NONE', *, *, #688, .T. ) ;
#1326 = LINE ( 'NONE', #1143, #2677 ) ;
#1327 = EDGE_LOOP ( 'NONE', ( #856, #1, #2714, #1966 ) ) ;
#1328 = CARTESIAN_POINT ( 'NONE',  ( 1.378611030413843919, 0.5144430429435562502, 0.2314540903791335036 ) ) ;
#1329 = PRESENTATION_STYLE_ASSIGNMENT (( #1757 ) ) ;
#1330 = SURFACE_STYLE_USAGE ( .BOTH. , #1675 ) ;
#1331 = CARTESIAN_POINT ( 'NONE',  ( -1.499999999999999556, 0.000000000000000000, -1.500000000000000000 ) ) ;
#1332 = DIRECTION ( 'NONE',  ( -0.000000000000000000, 1.000000000000000000, -0.000000000000000000 ) ) ;
#1333 = EDGE_LOOP ( 'NONE', ( #1808, #319, #591, #1959 ) ) ;
#1334 = DIRECTION ( 'NONE',  ( 1.000000000000000000, 0.000000000000000000, 0.000000000000000000 ) ) ;
#1335 = DIRECTION ( 'NONE',  ( -0.2323373693866689349, 0.000000000000000000, -0.9726352588645358344 ) ) ;
#1336 = VERTEX_POINT ( 'NONE', #201 ) ;
#1337 = CARTESIAN_POINT ( 'NONE',  ( 1.500000000000000444, 0.4896862477045595963, -0.3583111458316357578 ) ) ;
#1338 = VECTOR ( 'NONE', #2609, 1000.000000000000000 ) ;
#1339 = VERTEX_POINT ( 'NONE', #149 ) ;
#1340 = EDGE_CURVE ( 'NONE', #1574, #2405, #115, .T. ) ;
#1341 =( NAMED_UNIT ( * ) SI_UNIT ( $, .STERADIAN. ) SOLID_ANGLE_UNIT ( ) );
#1342 = ORIENTED_EDGE ( 'NONE', *, *, #1700, .T. ) ;
#1343 = AXIS2_PLACEMENT_3D ( 'NONE', #2022, #2225, #1780 ) ;
#1344 = COLOUR_RGB ( '',1.000000000000000000, 1.000000000000000000, 1.000000000000000000 ) ;
#1345 = ADVANCED_FACE ( 'NONE', ( #2644 ), #1939, .T. ) ;
#1346 = FACE_OUTER_BOUND ( 'NONE', #1928, .T. ) ;
#1347 = DIRECTION ( 'NONE',  ( 0.000000000000000000, -1.000000000000000000, 0.000000000000000000 ) ) ;
#1348 = ADVANCED_FACE ( 'NONE', ( #1199 ), #2021, .F. ) ;
#1349 = AXIS2_PLACEMENT_3D ( 'NONE', #2430, #371, #1635 ) ;
#1350 = VECTOR ( 'NONE', #1332, 1000.000000000000000 ) ;
#1351 = COLOUR_RGB ( '',0.9686274509803921573, 0.8784313725490195957, 0.5999999999999999778 ) ;
#1352 = EDGE_LOOP ( 'NONE', ( #601, #1499, #1380, #133 ) ) ;
#1353 = PRESENTATION_STYLE_ASSIGNMENT (( #507 ) ) ;
#1354 = AXIS2_PLACEMENT_3D ( 'NONE', #796, #2292, #398 ) ;
#1355 = PLANE ( 'NONE',  #156 ) ;
#1356 = CARTESIAN_POINT ( 'NONE',  ( 1.500000000000000444, 0.4896862477045595963, -0.1192734424441828228 ) ) ;
#1357 = SURFACE_STYLE_FILL_AREA ( #97 ) ;
#1358 = EDGE_LOOP ( 'NONE', ( #1498, #2705, #2568, #278, #354, #1454, #529, #1220 ) ) ;
#1359 = PRESENTATION_LAYER_ASSIGNMENT (  '', '', ( #195 ) ) ;
#1360 =( GEOMETRIC_REPRESENTATION_CONTEXT ( 3 ) GLOBAL_UNCERTAINTY_ASSIGNED_CONTEXT ( ( #2006 ) ) GLOBAL_UNIT_ASSIGNED_CONTEXT ( ( #676, #905, #1545 ) ) REPRESENTATION_CONTEXT ( 'NONE', 'WORKASPACE' ) );
#1361 = FILL_AREA_STYLE ('',( #875 ) ) ;
#1362 = CARTESIAN_POINT ( 'NONE',  ( -1.392255443274184934, 0.6312419187275583043, -0.1095566224597746829 ) ) ;
#1363 = DIRECTION ( 'NONE',  ( -1.267997043299741748E-16, -0.000000000000000000, 1.000000000000000000 ) ) ;
#1364 = ORIENTED_EDGE ( 'NONE', *, *, #2637, .T. ) ;
#1365 = ORIENTED_EDGE ( 'NONE', *, *, #2104, .F. ) ;
#1366 = FILL_AREA_STYLE_COLOUR ( '', #2526 ) ;
#1367 = CARTESIAN_POINT ( 'NONE',  ( 0.1192734424441872221, 0.4896862477045595963, 1.500000000000000000 ) ) ;
#1368 = ORIENTED_EDGE ( 'NONE', *, *, #291, .F. ) ;
#1369 = DIRECTION ( 'NONE',  ( -1.000000000000000000, 0.000000000000000000, 0.000000000000000000 ) ) ;
#1370 = LINE ( 'NONE', #308, #186 ) ;
#1371 = FILL_AREA_STYLE_COLOUR ( '', #1602 ) ;
#1372 = CARTESIAN_POINT ( 'NONE',  ( -1.378416960718975570, 0.5142209866073715885, 0.2322855374814413731 ) ) ;
#1373 = EDGE_LOOP ( 'NONE', ( #976, #897, #1944, #743 ) ) ;
#1374 = DIRECTION ( 'NONE',  ( -0.2323373693866676859, -3.358675741847897260E-16, -0.9726352588645361674 ) ) ;
#1375 = CARTESIAN_POINT ( 'NONE',  ( 0.5000000000000000000, 0.000000000000000000, -0.4949489742783177992 ) ) ;
#1376 = CARTESIAN_POINT ( 'NONE',  ( -0.4999999999999995559, 0.4396862477045595519, -1.200000000000000178 ) ) ;
#1377 = ORIENTED_EDGE ( 'NONE', *, *, #1779, .F. ) ;
#1378 = MECHANICAL_DESIGN_GEOMETRIC_PRESENTATION_REPRESENTATION (  '', ( #2555 ), #1098 ) ;
#1379 = DIRECTION ( 'NONE',  ( 0.000000000000000000, 0.000000000000000000, 1.000000000000000000 ) ) ;
#1380 = ORIENTED_EDGE ( 'NONE', *, *, #1340, .F. ) ;
#1381 = COLOUR_RGB ( '',1.000000000000000000, 1.000000000000000000, 1.000000000000000000 ) ;
#1382 = COLOUR_RGB ( '',0.9686274509803921573, 0.8784313725490195957, 0.5999999999999999778 ) ;
#1383 = ADVANCED_FACE ( 'NONE', ( #1281 ), #382, .F. ) ;
#1384 = DIRECTION ( 'NONE',  ( 0.000000000000000000, 0.000000000000000000, -1.000000000000000000 ) ) ;
#1385 = ADVANCED_FACE ( 'NONE', ( #70 ), #1299, .F. ) ;
#1386 = CARTESIAN_POINT ( 'NONE',  ( -0.9999999999999995559, 0.3896862477045595630, 0.9999999999999997780 ) ) ;
#1387 = VECTOR ( 'NONE', #1305, 1000.000000000000000 ) ;
#1388 = CARTESIAN_POINT ( 'NONE',  ( -1.350000000000000311, -0.06000000000000002554, 1.350000000000000089 ) ) ;
#1389 = PRESENTATION_STYLE_ASSIGNMENT (( #135 ) ) ;
#1390 = UNCERTAINTY_MEASURE_WITH_UNIT (LENGTH_MEASURE( 1.000000000000000082E-05 ), #1660, 'distance_accuracy_value', 'NONE');
#1391 = PRESENTATION_STYLE_ASSIGNMENT (( #1979 ) ) ;
#1392 = VERTEX_POINT ( 'NONE', #1546 ) ;
#1393 = ADVANCED_FACE ( 'NONE', ( #241 ), #1741, .F. ) ;
#1394 = EDGE_LOOP ( 'NONE', ( #1998, #1579, #689, #1275 ) ) ;
#1395 = VECTOR ( 'NONE', #1131, 1000.000000000000000 ) ;
#1396 = FILL_AREA_STYLE_COLOUR ( '', #1344 ) ;
#1397 = ORIENTED_EDGE ( 'NONE', *, *, #993, .T. ) ;
#1398 = ADVANCED_FACE ( 'NONE', ( #2005 ), #582, .F. ) ;
#1399 = VECTOR ( 'NONE', #1268, 1000.000000000000000 ) ;
#1400 = VECTOR ( 'NONE', #2659, 1000.000000000000000 ) ;
#1401 = ORIENTED_EDGE ( 'NONE', *, *, #1056, .F. ) ;
#1402 =( NAMED_UNIT ( * ) PLANE_ANGLE_UNIT ( ) SI_UNIT ( $, .RADIAN. ) );
#1403 = FACE_OUTER_BOUND ( 'NONE', #914, .T. ) ;
#1404 = MECHANICAL_DESIGN_GEOMETRIC_PRESENTATION_REPRESENTATION (  '', ( #1656 ), #2001 ) ;
#1405 = COLOUR_RGB ( '',0.2509803921568627416, 0.2509803921568627416, 0.2509803921568627416 ) ;
#1406 =( LENGTH_UNIT ( ) NAMED_UNIT ( * ) SI_UNIT ( .MILLI., .METRE. ) );
#1407 = CARTESIAN_POINT ( 'NONE',  ( -1.500000000000000444, 0.4896862477045595963, -0.1213580194302413817 ) ) ;
#1408 = PRODUCT_DEFINITION ( 'UNKNOWN', '', #1953, #2453 ) ;
#1409 = PRESENTATION_STYLE_ASSIGNMENT (( #2423 ) ) ;
#1410 = ORIENTED_EDGE ( 'NONE', *, *, #679, .F. ) ;
#1411 = LINE ( 'NONE', #2601, #1202 ) ;
#1412 =( BOUNDED_SURFACE ( )  B_SPLINE_SURFACE ( 3, 2, ( 
 ( #2278, #2057, #155 ),
 ( #1854, #143, #788 ),
 ( #579, #2697, #2491 ),
 ( #1621, #1822, #1447 ),
 ( #1834, #2666, #1244 ),
 ( #162, #2679, #1435 ) ),
 .UNSPECIFIED., .F., .F., .F. ) 
 B_SPLINE_SURFACE_WITH_KNOTS ( ( 4, 2, 4 ),
 ( 3, 3 ),
 ( 0.0004649166184078908190, 0.0008324358057127179741, 0.001199954993017545183 ),
 ( 0.000000000000000000, 1.000000000000000000 ),
 .UNSPECIFIED. ) 
 GEOMETRIC_REPRESENTATION_ITEM ( )  RATIONAL_B_SPLINE_SURFACE ( (
 ( 1.000000000000000000, 0.7140964744587493529, 1.000000000000000000),
 ( 1.000000000000000000, 0.7771138420224763532, 1.000000000000000000),
 ( 1.000000000000000000, 0.8051965208133838869, 1.000000000000000000),
 ( 1.000000000000000000, 0.8055328015469053193, 1.000000000000000000),
 ( 1.000000000000000000, 0.7770557625366250054, 1.000000000000000000),
 ( 1.000000000000000000, 0.7140964744587652291, 1.000000000000000000) ) ) 
 REPRESENTATION_ITEM ( '' )  SURFACE ( )  );
#1413 = ORIENTED_EDGE ( 'NONE', *, *, #1900, .F. ) ;
#1414 = CARTESIAN_POINT ( 'NONE',  ( -1.499999999999999556, 0.3896862477045595630, -1.500000000000000000 ) ) ;
#1415 = PLANE ( 'NONE',  #983 ) ;
#1416 = UNCERTAINTY_MEASURE_WITH_UNIT (LENGTH_MEASURE( 1.000000000000000082E-05 ), #2153, 'distance_accuracy_value', 'NONE');
#1417 = ADVANCED_FACE ( 'NONE', ( #1812 ), #940, .F. ) ;
#1418 = CARTESIAN_POINT ( 'NONE',  ( 0.5000000000000000000, -0.06000000000000002554, -0.2500000000000000000 ) ) ;
#1419 = DIRECTION ( 'NONE',  ( 0.000000000000000000, -1.000000000000000000, 0.000000000000000000 ) ) ;
#1420 = FILL_AREA_STYLE ('',( #2687 ) ) ;
#1421 = SURFACE_STYLE_FILL_AREA ( #1227 ) ;
#1422 = PRESENTATION_STYLE_ASSIGNMENT (( #1988 ) ) ;
#1423 = ORIENTED_EDGE ( 'NONE', *, *, #1661, .T. ) ;
#1424 = TOROIDAL_SURFACE ( 'NONE', #1201, 1.542201957341249541, 0.1499999999999999944 ) ;
#1425 = SURFACE_STYLE_USAGE ( .BOTH. , #758 ) ;
#1426 = ADVANCED_FACE ( 'NONE', ( #2092 ), #192, .F. ) ;
#1427 = COLOUR_RGB ( '',0.9686274509803921573, 0.8784313725490195957, 0.5999999999999999778 ) ;
#1428 = STYLED_ITEM ( 'NONE', ( #827 ), #1426 ) ;
#1429 = FILL_AREA_STYLE ('',( #359 ) ) ;
#1430 = COLOUR_RGB ( '',0.9686274509803921573, 0.8784313725490195957, 0.5999999999999999778 ) ;
#1431 = CARTESIAN_POINT ( 'NONE',  ( -0.8500000000000000888, -0.000000000000000000, 1.350000000000000089 ) ) ;
#1432 = EDGE_CURVE ( 'NONE', #2156, #1540, #1835, .T. ) ;
#1433 = VECTOR ( 'NONE', #259, 1000.000000000000000 ) ;
#1434 = FILL_AREA_STYLE ('',( #1396 ) ) ;
#1435 = CARTESIAN_POINT ( 'NONE',  ( -0.3583111458316374787, 0.4896862477045595963, -1.500000000000000000 ) ) ;
#1436 = STYLED_ITEM ( 'NONE', ( #2549 ), #299 ) ;
#1437 = ORIENTED_EDGE ( 'NONE', *, *, #1125, .T. ) ;
#1438 = SURFACE_STYLE_USAGE ( .BOTH. , #2448 ) ;
#1439 = AXIS2_PLACEMENT_3D ( 'NONE', #2079, #1706, #198 ) ;
#1440 = PRESENTATION_LAYER_ASSIGNMENT (  '', '', ( #2265 ) ) ;
#1441 = CARTESIAN_POINT ( 'NONE',  ( -1.500000000000000444, 0.4896862477045595963, 1.500000000000000000 ) ) ;
#1442 = DIRECTION ( 'NONE',  ( 0.000000000000000000, -0.000000000000000000, -1.000000000000000000 ) ) ;
#1443 = UNCERTAINTY_MEASURE_WITH_UNIT (LENGTH_MEASURE( 1.000000000000000082E-05 ), #913, 'distance_accuracy_value', 'NONE');
#1444 = VERTEX_POINT ( 'NONE', #818 ) ;
#1445 = STYLED_ITEM ( 'NONE', ( #76 ), #1161 ) ;
#1446 = LINE ( 'NONE', #2276, #904 ) ;
#1447 = CARTESIAN_POINT ( 'NONE',  ( -0.1192734424441830310, 0.4896862477045595963, -1.500000000000000000 ) ) ;
#1448 = EDGE_LOOP ( 'NONE', ( #1130, #1719, #1776 ) ) ;
#1449 = FILL_AREA_STYLE_COLOUR ( '', #15 ) ;
#1450 = LINE ( 'NONE', #1250, #1145 ) ;
#1451 = FILL_AREA_STYLE_COLOUR ( '', #1952 ) ;
#1452 = CARTESIAN_POINT ( 'NONE',  ( 0.000000000000000000, 0.4896862477045595963, 0.000000000000000000 ) ) ;
#1453 = CARTESIAN_POINT ( 'NONE',  ( 0.7500000000000000000, 0.3896862477045595630, -0.7500000000000000000 ) ) ;
#1454 = ORIENTED_EDGE ( 'NONE', *, *, #1951, .T. ) ;
#1455 = SURFACE_SIDE_STYLE ('',( #1256 ) ) ;
#1456 = ORIENTED_EDGE ( 'NONE', *, *, #1118, .T. ) ;
#1457 = ADVANCED_FACE ( 'NONE', ( #610 ), #1424, .F. ) ;
#1458 = DIRECTION ( 'NONE',  ( 0.000000000000000000, -1.000000000000000000, 0.000000000000000000 ) ) ;
#1459 = ORIENTED_EDGE ( 'NONE', *, *, #2550, .T. ) ;
#1460 = FILL_AREA_STYLE_COLOUR ( '', #942 ) ;
#1461 = ORIENTED_EDGE ( 'NONE', *, *, #2351, .T. ) ;
#1462 = CARTESIAN_POINT ( 'NONE',  ( 0.000000000000000000, 0.6396862477045595075, 0.000000000000000000 ) ) ;
#1463 = VERTEX_POINT ( 'NONE', #1263 ) ;
#1464 = DIRECTION ( 'NONE',  ( 1.204669080539449344E-16, 0.000000000000000000, -1.000000000000000000 ) ) ;
#1465 = AXIS2_PLACEMENT_3D ( 'NONE', #609, #1458, #2707 ) ;
#1466 = ORIENTED_EDGE ( 'NONE', *, *, #993, .F. ) ;
#1467 = EDGE_CURVE ( 'NONE', #2543, #2156, #2346, .T. ) ;
#1468 = MECHANICAL_DESIGN_GEOMETRIC_PRESENTATION_REPRESENTATION (  '', ( #1811 ), #393 ) ;
#1469 =( GEOMETRIC_REPRESENTATION_CONTEXT ( 3 ) GLOBAL_UNCERTAINTY_ASSIGNED_CONTEXT ( ( #954 ) ) GLOBAL_UNIT_ASSIGNED_CONTEXT ( ( #2427, #995, #1607 ) ) REPRESENTATION_CONTEXT ( 'NONE', 'WORKASPACE' ) );
#1470 = DIRECTION ( 'NONE',  ( -0.000000000000000000, -1.000000000000000000, -0.000000000000000000 ) ) ;
#1471 =( LENGTH_UNIT ( ) NAMED_UNIT ( * ) SI_UNIT ( .MILLI., .METRE. ) );
#1472 = SURFACE_STYLE_USAGE ( .BOTH. , #1029 ) ;
#1473 = DIRECTION ( 'NONE',  ( 0.000000000000000000, 0.000000000000000000, 1.000000000000000000 ) ) ;
#1474 = CARTESIAN_POINT ( 'NONE',  ( 0.5000000000000000000, 0.000000000000000000, -0.2500000000000000000 ) ) ;
#1475 =( GEOMETRIC_REPRESENTATION_CONTEXT ( 3 ) GLOBAL_UNCERTAINTY_ASSIGNED_CONTEXT ( ( #1917 ) ) GLOBAL_UNIT_ASSIGNED_CONTEXT ( ( #2603, #1554, #716 ) ) REPRESENTATION_CONTEXT ( 'NONE', 'WORKASPACE' ) );
#1476 = AXIS2_PLACEMENT_3D ( 'NONE', #1474, #2307, #1720 ) ;
#1477 = CARTESIAN_POINT ( 'NONE',  ( -0.4999999999999998890, -0.06000000000000002554, -1.350000000000000089 ) ) ;
#1478 = VERTEX_POINT ( 'NONE', #436 ) ;
#1479 = DIRECTION ( 'NONE',  ( 0.000000000000000000, -0.000000000000000000, -1.000000000000000000 ) ) ;
#1480 = VECTOR ( 'NONE', #1654, 1000.000000000000000 ) ;
#1481 = AXIS2_PLACEMENT_3D ( 'NONE', #2509, #2462, #2047 ) ;
#1482 = CARTESIAN_POINT ( 'NONE',  ( -0.4999999999999995559, 0.4396862477045595519, -1.080000000000000293 ) ) ;
#1483 = ORIENTED_EDGE ( 'NONE', *, *, #2104, .T. ) ;
#1484 = ORIENTED_EDGE ( 'NONE', *, *, #145, .T. ) ;
#1485 = LINE ( 'NONE', #2062, #1009 ) ;
#1486 = CARTESIAN_POINT ( 'NONE',  ( 0.7500000000000000000, 0.4396862477045595519, -0.7500000000000000000 ) ) ;
#1487 = FILL_AREA_STYLE ('',( #1460 ) ) ;
#1488 = CARTESIAN_POINT ( 'NONE',  ( -1.499999999999999556, 0.000000000000000000, 1.499999999999999778 ) ) ;
#1489 = DIRECTION ( 'NONE',  ( 0.000000000000000000, 0.000000000000000000, -1.000000000000000000 ) ) ;
#1490 =( GEOMETRIC_REPRESENTATION_CONTEXT ( 3 ) GLOBAL_UNCERTAINTY_ASSIGNED_CONTEXT ( ( #1443 ) ) GLOBAL_UNIT_ASSIGNED_CONTEXT ( ( #913, #2567, #94 ) ) REPRESENTATION_CONTEXT ( 'NONE', 'WORKASPACE' ) );
#1491 = DIRECTION ( 'NONE',  ( -0.000000000000000000, 1.000000000000000000, -0.000000000000000000 ) ) ;
#1492 = ORIENTED_EDGE ( 'NONE', *, *, #2312, .F. ) ;
#1493 = CARTESIAN_POINT ( 'NONE',  ( 0.8499999999999998668, 0.000000000000000000, 1.350000000000000089 ) ) ;
#1494 = CARTESIAN_POINT ( 'NONE',  ( -1.199999999999999734, 0.3896862477045595630, 0.7999999999999998224 ) ) ;
#1495 = CARTESIAN_POINT ( 'NONE',  ( 1.500000000000000444, 0.6396862477045595075, -0.3583111458316358133 ) ) ;
#1496 = FACE_OUTER_BOUND ( 'NONE', #2484, .T. ) ;
#1497 = EDGE_CURVE ( 'NONE', #332, #750, #231, .T. ) ;
#1498 = ORIENTED_EDGE ( 'NONE', *, *, #1863, .T. ) ;
#1499 = ORIENTED_EDGE ( 'NONE', *, *, #600, .F. ) ;
#1500 = DIRECTION ( 'NONE',  ( 0.000000000000000000, 0.000000000000000000, 1.000000000000000000 ) ) ;
#1501 = DIRECTION ( 'NONE',  ( 0.000000000000000000, 0.000000000000000000, 1.000000000000000000 ) ) ;
#1502 =( NAMED_UNIT ( * ) PLANE_ANGLE_UNIT ( ) SI_UNIT ( $, .RADIAN. ) );
#1503 = CARTESIAN_POINT ( 'NONE',  ( -1.500000000000000444, 0.3896862477045595630, 1.500000000000000000 ) ) ;
#1504 = UNCERTAINTY_MEASURE_WITH_UNIT (LENGTH_MEASURE( 1.000000000000000082E-05 ), #416, 'distance_accuracy_value', 'NONE');
#1505 = B_SPLINE_CURVE_WITH_KNOTS ( 'NONE', 3,
 ( #2660, #780, #1617, #557 ),
 .UNSPECIFIED., .F., .F.,
 ( 4, 4 ),
 ( 0.0003254958976128378176, 0.0006488541274173443944 ),
 .UNSPECIFIED. ) ;
#1506 = AXIS2_PLACEMENT_3D ( 'NONE', #134, #2209, #127 ) ;
#1507 = SURFACE_STYLE_FILL_AREA ( #1904 ) ;
#1508 = TOROIDAL_SURFACE ( 'NONE', #2688, 0.03249999999999997335, 1.360000000000000098 ) ;
#1509 = CARTESIAN_POINT ( 'NONE',  ( 0.000000000000000000, 0.4896862477045595963, 0.000000000000000000 ) ) ;
#1510 = DIRECTION ( 'NONE',  ( -0.9726352588645361674, 0.000000000000000000, -0.2323373693866676304 ) ) ;
#1511 = CARTESIAN_POINT ( 'NONE',  ( 0.3234674192097928280, 0.6367061152542283775, -1.354133507872162134 ) ) ;
#1512 = ORIENTED_EDGE ( 'NONE', *, *, #381, .F. ) ;
#1513 = FILL_AREA_STYLE_COLOUR ( '', #2214 ) ;
#1514 = DIRECTION ( 'NONE',  ( 0.000000000000000000, 0.000000000000000000, -1.000000000000000000 ) ) ;
#1515 = ORIENTED_EDGE ( 'NONE', *, *, #211, .F. ) ;
#1516 = PRESENTATION_LAYER_ASSIGNMENT (  '', '', ( #1644 ) ) ;
#1517 = LINE ( 'NONE', #2523, #1746 ) ;
#1518 = SURFACE_STYLE_USAGE ( .BOTH. , #1298 ) ;
#1519 = DIRECTION ( 'NONE',  ( 0.000000000000000000, -1.000000000000000000, 0.000000000000000000 ) ) ;
#1520 = VECTOR ( 'NONE', #1464, 1000.000000000000000 ) ;
#1521 = VECTOR ( 'NONE', #172, 1000.000000000000000 ) ;
#1522 = FACE_OUTER_BOUND ( 'NONE', #2338, .T. ) ;
#1523 = SURFACE_SIDE_STYLE ('',( #880 ) ) ;
#1524 = LINE ( 'NONE', #1715, #1433 ) ;
#1525 = FILL_AREA_STYLE_COLOUR ( '', #142 ) ;
#1526 = AXIS2_PLACEMENT_3D ( 'NONE', #2602, #715, #1500 ) ;
#1527 = EDGE_LOOP ( 'NONE', ( #63, #1568, #2059, #912 ) ) ;
#1528 = PRESENTATION_LAYER_ASSIGNMENT (  '', '', ( #2625 ) ) ;
#1529 = PLANE ( 'NONE',  #1825 ) ;
#1530 = ORIENTED_EDGE ( 'NONE', *, *, #169, .F. ) ;
#1531 = PLANE ( 'NONE',  #784 ) ;
#1532 =( NAMED_UNIT ( * ) PLANE_ANGLE_UNIT ( ) SI_UNIT ( $, .RADIAN. ) );
#1533 = EDGE_LOOP ( 'NONE', ( #951, #2165, #790, #2594, #2285, #635 ) ) ;
#1534 = CARTESIAN_POINT ( 'NONE',  ( 0.7500000000000000000, 0.3896862477045595630, 0.7500000000000000000 ) ) ;
#1535 = UNCERTAINTY_MEASURE_WITH_UNIT (LENGTH_MEASURE( 1.000000000000000082E-05 ), #2530, 'distance_accuracy_value', 'NONE');
#1536 = ORIENTED_EDGE ( 'NONE', *, *, #968, .F. ) ;
#1537 = CARTESIAN_POINT ( 'NONE',  ( 0.1081183801182531157, 0.6312201943930275672, 1.392329507379585829 ) ) ;
#1538 = CARTESIAN_POINT ( 'NONE',  ( -0.7500000000000000000, 0.4396862477045595519, 0.7500000000000000000 ) ) ;
#1539 = EDGE_CURVE ( 'NONE', #1758, #2362, #2483, .T. ) ;
#1540 = VERTEX_POINT ( 'NONE', #2139 ) ;
#1541 = ORIENTED_EDGE ( 'NONE', *, *, #2443, .T. ) ;
#1542 = CARTESIAN_POINT ( 'NONE',  ( 1.392402932638719060, 0.6311986574513888115, -0.1076747590698085705 ) ) ;
#1543 = CARTESIAN_POINT ( 'NONE',  ( 0.4999999999999998890, -0.06000000000000002554, 1.350000000000000089 ) ) ;
#1544 = ORIENTED_EDGE ( 'NONE', *, *, #1467, .T. ) ;
#1545 =( NAMED_UNIT ( * ) SI_UNIT ( $, .STERADIAN. ) SOLID_ANGLE_UNIT ( ) );
#1546 = CARTESIAN_POINT ( 'NONE',  ( -1.349999999999999867, 0.000000000000000000, -1.350000000000000089 ) ) ;
#1547 = ORIENTED_EDGE ( 'NONE', *, *, #2529, .T. ) ;
#1548 = VERTEX_POINT ( 'NONE', #1071 ) ;
#1549 = CARTESIAN_POINT ( 'NONE',  ( -1.378611030413795513, 0.5144430429434934116, -0.2314540903791106330 ) ) ;
#1550 = CARTESIAN_POINT ( 'NONE',  ( 1.500000000000000444, 0.3896862477045595630, -1.500000000000000000 ) ) ;
#1551 = VECTOR ( 'NONE', #1861, 1000.000000000000000 ) ;
#1552 = VERTEX_POINT ( 'NONE', #867 ) ;
#1553 = CARTESIAN_POINT ( 'NONE',  ( 0.4999999999999998890, 0.000000000000000000, 1.350000000000000089 ) ) ;
#1554 =( NAMED_UNIT ( * ) PLANE_ANGLE_UNIT ( ) SI_UNIT ( $, .RADIAN. ) );
#1555 = VECTOR ( 'NONE', #80, 1000.000000000000000 ) ;
#1556 = EDGE_LOOP ( 'NONE', ( #1685, #2123, #663, #740 ) ) ;
#1557 = DIRECTION ( 'NONE',  ( 0.000000000000000000, 0.000000000000000000, 1.000000000000000000 ) ) ;
#1558 = PRESENTATION_LAYER_ASSIGNMENT (  '', '', ( #1778 ) ) ;
#1559 = CARTESIAN_POINT ( 'NONE',  ( -1.379554373446921556, 0.6367060063554840221, -0.2170479135135759130 ) ) ;
#1560 =( NAMED_UNIT ( * ) SI_UNIT ( $, .STERADIAN. ) SOLID_ANGLE_UNIT ( ) );
#1561 = EDGE_CURVE ( 'NONE', #1311, #1942, #260, .T. ) ;
#1562 = PRESENTATION_LAYER_ASSIGNMENT (  '', '', ( #1302 ) ) ;
#1563 = VECTOR ( 'NONE', #2348, 1000.000000000000000 ) ;
#1564 = DIRECTION ( 'NONE',  ( -0.000000000000000000, 1.000000000000000000, 0.000000000000000000 ) ) ;
#1565 = PRESENTATION_LAYER_ASSIGNMENT (  '', '', ( #20 ) ) ;
#1566 = LINE ( 'NONE', #752, #1783 ) ;
#1567 = SURFACE_SIDE_STYLE ('',( #726 ) ) ;
#1568 = ORIENTED_EDGE ( 'NONE', *, *, #655, .T. ) ;
#1569 = VECTOR ( 'NONE', #200, 1000.000000000000000 ) ;
#1570 = VECTOR ( 'NONE', #2403, 1000.000000000000000 ) ;
#1571 = VECTOR ( 'NONE', #1067, 1000.000000000000000 ) ;
#1572 = CARTESIAN_POINT ( 'NONE',  ( -1.394151793798097394, 0.5208717148288176668, 0.1103090100319377431 ) ) ;
#1573 = EDGE_CURVE ( 'NONE', #580, #394, #61, .T. ) ;
#1574 = VERTEX_POINT ( 'NONE', #2551 ) ;
#1575 = CARTESIAN_POINT ( 'NONE',  ( -1.199999999999999734, 0.4396862477045595519, 0.7999999999999998224 ) ) ;
#1576 = DIRECTION ( 'NONE',  ( 0.000000000000000000, -0.000000000000000000, -1.000000000000000000 ) ) ;
#1577 = EDGE_CURVE ( 'NONE', #1236, #1605, #666, .T. ) ;
#1578 = FACE_OUTER_BOUND ( 'NONE', #466, .T. ) ;
#1579 = ORIENTED_EDGE ( 'NONE', *, *, #2097, .F. ) ;
#1580 = SURFACE_STYLE_USAGE ( .BOTH. , #2231 ) ;
#1581 = CARTESIAN_POINT ( 'NONE',  ( -0.2314540903790989756, 0.5144430429434873053, 1.378611030413741334 ) ) ;
#1582 = VERTEX_POINT ( 'NONE', #911 ) ;
#1583 = PRESENTATION_STYLE_ASSIGNMENT (( #334 ) ) ;
#1584 = CARTESIAN_POINT ( 'NONE',  ( 1.500000000000000444, 0.3896862477045595630, 1.500000000000000000 ) ) ;
#1585 =( NAMED_UNIT ( * ) SI_UNIT ( $, .STERADIAN. ) SOLID_ANGLE_UNIT ( ) );
#1586 =( LENGTH_UNIT ( ) NAMED_UNIT ( * ) SI_UNIT ( .MILLI., .METRE. ) );
#1587 = LINE ( 'NONE', #1177, #2610 ) ;
#1588 = CARTESIAN_POINT ( 'NONE',  ( -0.9999999999999995559, 0.4396862477045595519, 0.7999999999999998224 ) ) ;
#1589 = FILL_AREA_STYLE ('',( #620 ) ) ;
#1590 = FACE_OUTER_BOUND ( 'NONE', #65, .T. ) ;
#1591 = STYLED_ITEM ( 'NONE', ( #2494 ), #1895 ) ;
#1592 = ORIENTED_EDGE ( 'NONE', *, *, #1002, .T. ) ;
#1593 = PRESENTATION_LAYER_ASSIGNMENT (  '', '', ( #103 ) ) ;
#1594 =( GEOMETRIC_REPRESENTATION_CONTEXT ( 3 ) GLOBAL_UNCERTAINTY_ASSIGNED_CONTEXT ( ( #896 ) ) GLOBAL_UNIT_ASSIGNED_CONTEXT ( ( #1406, #1003, #1173 ) ) REPRESENTATION_CONTEXT ( 'NONE', 'WORKASPACE' ) );
#1595 =( NAMED_UNIT ( * ) PLANE_ANGLE_UNIT ( ) SI_UNIT ( $, .RADIAN. ) );
#1596 = MECHANICAL_DESIGN_GEOMETRIC_PRESENTATION_REPRESENTATION (  '', ( #105 ), #967 ) ;
#1597 = DIRECTION ( 'NONE',  ( 1.000000000000000000, 0.000000000000000000, 0.000000000000000000 ) ) ;
#1598 = CARTESIAN_POINT ( 'NONE',  ( -0.7500000000000000000, 0.3896862477045595630, 0.7500000000000000000 ) ) ;
#1599 = PRESENTATION_LAYER_ASSIGNMENT (  '', '', ( #1057 ) ) ;
#1600 = CARTESIAN_POINT ( 'NONE',  ( 1.500000000000000444, 0.3896862477045595630, 1.499999999999999778 ) ) ;
#1601 = FACE_BOUND ( 'NONE', #2498, .T. ) ;
#1602 = COLOUR_RGB ( '',1.000000000000000000, 1.000000000000000000, 1.000000000000000000 ) ;
#1603 =( GEOMETRIC_REPRESENTATION_CONTEXT ( 3 ) GLOBAL_UNCERTAINTY_ASSIGNED_CONTEXT ( ( #324 ) ) GLOBAL_UNIT_ASSIGNED_CONTEXT ( ( #434, #832, #1289 ) ) REPRESENTATION_CONTEXT ( 'NONE', 'WORKASPACE' ) );
#1604 = CARTESIAN_POINT ( 'NONE',  ( 0.000000000000000000, -0.06000000000000002554, 0.000000000000000000 ) ) ;
#1605 = VERTEX_POINT ( 'NONE', #248 ) ;
#1606 = MECHANICAL_DESIGN_GEOMETRIC_PRESENTATION_REPRESENTATION (  '', ( #68 ), #511 ) ;
#1607 =( NAMED_UNIT ( * ) SI_UNIT ( $, .STERADIAN. ) SOLID_ANGLE_UNIT ( ) );
#1608 = ORIENTED_EDGE ( 'NONE', *, *, #2647, .F. ) ;
#1609 = FILL_AREA_STYLE ('',( #1785 ) ) ;
#1610 = STYLED_ITEM ( 'NONE', ( #148 ), #437 ) ;
#1611 = EDGE_LOOP ( 'NONE', ( #2384, #1723, #2639, #1102 ) ) ;
#1612 = DIRECTION ( 'NONE',  ( 0.000000000000000000, 0.000000000000000000, -1.000000000000000000 ) ) ;
#1613 = CARTESIAN_POINT ( 'NONE',  ( -0.5000000000000001110, -0.06000000000000002554, 1.350000000000000089 ) ) ;
#1614 = AXIS2_PLACEMENT_3D ( 'NONE', #611, #1987, #770 ) ;
#1615 = DIRECTION ( 'NONE',  ( 0.000000000000000000, 0.000000000000000000, -1.000000000000000000 ) ) ;
#1616 = EDGE_CURVE ( 'NONE', #1890, #1582, #1852, .T. ) ;
#1617 = CARTESIAN_POINT ( 'NONE',  ( -0.2172523896448736169, 0.6367061152544386537, -1.379505527170789669 ) ) ;
#1618 = ORIENTED_EDGE ( 'NONE', *, *, #1700, .F. ) ;
#1619 = LINE ( 'NONE', #2098, #2342 ) ;
#1620 = FACE_OUTER_BOUND ( 'NONE', #659, .T. ) ;
#1621 = CARTESIAN_POINT ( 'NONE',  ( -0.1076747590697901547, 0.6311986574513887005, -1.392402932638718838 ) ) ;
#1622 = ORIENTED_EDGE ( 'NONE', *, *, #918, .T. ) ;
#1623 = CARTESIAN_POINT ( 'NONE',  ( 0.4500000000000000111, 0.000000000000000000, -0.4949489742783177992 ) ) ;
#1624 = FACE_OUTER_BOUND ( 'NONE', #1327, .T. ) ;
#1625 = SURFACE_STYLE_FILL_AREA ( #2207 ) ;
#1626 = PLANE ( 'NONE',  #152 ) ;
#1627 = SURFACE_STYLE_USAGE ( .BOTH. , #1814 ) ;
#1628 = ADVANCED_FACE ( 'NONE', ( #43 ), #2564, .T. ) ;
#1629 = SURFACE_STYLE_FILL_AREA ( #1200 ) ;
#1630 = UNCERTAINTY_MEASURE_WITH_UNIT (LENGTH_MEASURE( 1.000000000000000082E-05 ), #2503, 'distance_accuracy_value', 'NONE');
#1631 = SHAPE_DEFINITION_REPRESENTATION ( #1315, #2168 ) ;
#1632 = DIRECTION ( 'NONE',  ( -8.031127203596329369E-17, 0.000000000000000000, 1.000000000000000000 ) ) ;
#1633 =( LENGTH_UNIT ( ) NAMED_UNIT ( * ) SI_UNIT ( .MILLI., .METRE. ) );
#1634 = ORIENTED_EDGE ( 'NONE', *, *, #2259, .T. ) ;
#1635 = DIRECTION ( 'NONE',  ( 0.2323373693866716827, -7.228014483236695569E-16, -0.9726352588645350572 ) ) ;
#1636 = CARTESIAN_POINT ( 'NONE',  ( 0.8499999999999998668, -0.06000000000000002554, 1.350000000000000089 ) ) ;
#1637 = MECHANICAL_DESIGN_GEOMETRIC_PRESENTATION_REPRESENTATION (  '', ( #1150 ), #670 ) ;
#1638 = DIRECTION ( 'NONE',  ( 0.000000000000000000, 0.000000000000000000, 1.000000000000000000 ) ) ;
#1639 =( LENGTH_UNIT ( ) NAMED_UNIT ( * ) SI_UNIT ( .MILLI., .METRE. ) );
#1640 = PRESENTATION_LAYER_ASSIGNMENT (  '', '', ( #105 ) ) ;
#1641 = EDGE_LOOP ( 'NONE', ( #1547, #405, #1265, #2662 ) ) ;
#1642 = PRESENTATION_STYLE_ASSIGNMENT (( #1148 ) ) ;
#1643 = EDGE_CURVE ( 'NONE', #1798, #1444, #2188, .T. ) ;
#1644 = STYLED_ITEM ( 'NONE', ( #2482 ), #74 ) ;
#1645 = PLANE ( 'NONE',  #2615 ) ;
#1646 = DIRECTION ( 'NONE',  ( 1.000000000000000000, 0.000000000000000000, 0.000000000000000000 ) ) ;
#1647 = ORIENTED_EDGE ( 'NONE', *, *, #1573, .F. ) ;
#1648 = AXIS2_PLACEMENT_3D ( 'NONE', #2505, #1489, #628 ) ;
#1649 = VECTOR ( 'NONE', #556, 1000.000000000000000 ) ;
#1650 = DIRECTION ( 'NONE',  ( 0.000000000000000000, 1.000000000000000000, 0.000000000000000000 ) ) ;
#1651 = FILL_AREA_STYLE ('',( #811 ) ) ;
#1652 = DIRECTION ( 'NONE',  ( 1.000000000000000000, 0.000000000000000000, -0.000000000000000000 ) ) ;
#1653 = DIRECTION ( 'NONE',  ( 0.000000000000000000, 1.000000000000000000, 0.000000000000000000 ) ) ;
#1654 = DIRECTION ( 'NONE',  ( -1.267997043299741748E-16, -0.000000000000000000, 1.000000000000000000 ) ) ;
#1655 = EDGE_CURVE ( 'NONE', #2048, #1246, #725, .T. ) ;
#1656 = STYLED_ITEM ( 'NONE', ( #1642 ), #2275 ) ;
#1657 = SURFACE_SIDE_STYLE ('',( #814 ) ) ;
#1658 = DIRECTION ( 'NONE',  ( 0.000000000000000000, -1.000000000000000000, 0.000000000000000000 ) ) ;
#1659 = VECTOR ( 'NONE', #130, 1000.000000000000000 ) ;
#1660 =( LENGTH_UNIT ( ) NAMED_UNIT ( * ) SI_UNIT ( .MILLI., .METRE. ) );
#1661 = EDGE_CURVE ( 'NONE', #1176, #1444, #2410, .T. ) ;
#1662 = ORIENTED_EDGE ( 'NONE', *, *, #739, .T. ) ;
#1663 = EDGE_CURVE ( 'NONE', #2085, #1758, #721, .T. ) ;
#1664 = CARTESIAN_POINT ( 'NONE',  ( -1.349999999999999867, 0.000000000000000000, -1.350000000000000089 ) ) ;
#1665 = EDGE_CURVE ( 'NONE', #35, #580, #1587, .T. ) ;
#1666 = FILL_AREA_STYLE ('',( #1451 ) ) ;
#1667 = CARTESIAN_POINT ( 'NONE',  ( -1.199999999999999734, 0.4396862477045595519, 0.7999999999999998224 ) ) ;
#1668 = SURFACE_STYLE_USAGE ( .BOTH. , #1063 ) ;
#1669 = ORIENTED_EDGE ( 'NONE', *, *, #343, .F. ) ;
#1670 = EDGE_CURVE ( 'NONE', #819, #2105, #2649, .T. ) ;
#1671 = SURFACE_SIDE_STYLE ('',( #2708 ) ) ;
#1672 = ORIENTED_EDGE ( 'NONE', *, *, #645, .T. ) ;
#1673 = DIRECTION ( 'NONE',  ( 1.000000000000000000, 0.000000000000000000, 0.000000000000000000 ) ) ;
#1674 =( LENGTH_UNIT ( ) NAMED_UNIT ( * ) SI_UNIT ( .MILLI., .METRE. ) );
#1675 = SURFACE_SIDE_STYLE ('',( #874 ) ) ;
#1676 = MECHANICAL_DESIGN_GEOMETRIC_PRESENTATION_REPRESENTATION (  '', ( #2167 ), #2499 ) ;
#1677 =( GEOMETRIC_REPRESENTATION_CONTEXT ( 3 ) GLOBAL_UNCERTAINTY_ASSIGNED_CONTEXT ( ( #485 ) ) GLOBAL_UNIT_ASSIGNED_CONTEXT ( ( #621, #2263, #2689 ) ) REPRESENTATION_CONTEXT ( 'NONE', 'WORKASPACE' ) );
#1678 = PRESENTATION_STYLE_ASSIGNMENT (( #202 ) ) ;
#1679 = PRESENTATION_LAYER_ASSIGNMENT (  '', '', ( #2472 ) ) ;
#1680 = CARTESIAN_POINT ( 'NONE',  ( 0.8499999999999998668, -0.06000000000000002554, 1.350000000000000089 ) ) ;
#1681 = CARTESIAN_POINT ( 'NONE',  ( 1.500000000000000444, 0.4896862477045595963, -1.500000000000000000 ) ) ;
#1682 = CARTESIAN_POINT ( 'NONE',  ( -1.499999999999999556, 0.3896862477045595630, 1.499999999999999778 ) ) ;
#1683 = VECTOR ( 'NONE', #2318, 1000.000000000000000 ) ;
#1684 = ORIENTED_EDGE ( 'NONE', *, *, #876, .F. ) ;
#1685 = ORIENTED_EDGE ( 'NONE', *, *, #2257, .T. ) ;
#1686 = DIRECTION ( 'NONE',  ( 0.000000000000000000, -1.000000000000000000, 0.000000000000000000 ) ) ;
#1687 = DIRECTION ( 'NONE',  ( 1.606225440719265874E-16, 0.000000000000000000, -1.000000000000000000 ) ) ;
#1688 = CARTESIAN_POINT ( 'NONE',  ( -0.8500000000000000888, -0.06000000000000002554, 1.350000000000000089 ) ) ;
#1689 = DIRECTION ( 'NONE',  ( 0.000000000000000000, 0.000000000000000000, 1.000000000000000000 ) ) ;
#1690 = ORIENTED_EDGE ( 'NONE', *, *, #1221, .T. ) ;
#1691 = CIRCLE ( 'NONE', #510, 0.1500000000000000777 ) ;
#1692 =( GEOMETRIC_REPRESENTATION_CONTEXT ( 3 ) GLOBAL_UNCERTAINTY_ASSIGNED_CONTEXT ( ( #346 ) ) GLOBAL_UNIT_ASSIGNED_CONTEXT ( ( #46, #83, #506 ) ) REPRESENTATION_CONTEXT ( 'NONE', 'WORKASPACE' ) );
#1693 = EDGE_CURVE ( 'NONE', #1574, #2364, #530, .T. ) ;
#1694 = COLOUR_RGB ( '',1.000000000000000000, 1.000000000000000000, 1.000000000000000000 ) ;
#1695 = VECTOR ( 'NONE', #2193, 1000.000000000000000 ) ;
#1696 = FILL_AREA_STYLE_COLOUR ( '', #2619 ) ;
#1697 = LINE ( 'NONE', #1681, #1683 ) ;
#1698 = CARTESIAN_POINT ( 'NONE',  ( -1.354133507872162578, 0.6367061152542283775, 0.3234674192097912182 ) ) ;
#1699 = ORIENTED_EDGE ( 'NONE', *, *, #1186, .F. ) ;
#1700 = EDGE_CURVE ( 'NONE', #1582, #489, #764, .T. ) ;
#1701 = EDGE_LOOP ( 'NONE', ( #1413, #536, #107, #686, #1105, #1459, #1541, #2651 ) ) ;
#1702 = SURFACE_STYLE_FILL_AREA ( #2417 ) ;
#1703 = CARTESIAN_POINT ( 'NONE',  ( 0.000000000000000000, 0.6096862477045594808, 0.000000000000000000 ) ) ;
#1704 =( NAMED_UNIT ( * ) SI_UNIT ( $, .STERADIAN. ) SOLID_ANGLE_UNIT ( ) );
#1705 = PLANE ( 'NONE',  #694 ) ;
#1706 = DIRECTION ( 'NONE',  ( 0.000000000000000000, 0.000000000000000000, 1.000000000000000000 ) ) ;
#1707 = FILL_AREA_STYLE_COLOUR ( '', #2438 ) ;
#1708 = ORIENTED_EDGE ( 'NONE', *, *, #1467, .F. ) ;
#1709 = CARTESIAN_POINT ( 'NONE',  ( 0.5000000000000001110, -0.06000000000000002554, -1.350000000000000089 ) ) ;
#1710 = UNCERTAINTY_MEASURE_WITH_UNIT (LENGTH_MEASURE( 1.000000000000000082E-05 ), #744, 'distance_accuracy_value', 'NONE');
#1711 = LINE ( 'NONE', #386, #2260 ) ;
#1712 = ADVANCED_FACE ( 'NONE', ( #139 ), #1768, .F. ) ;
#1713 = SURFACE_STYLE_USAGE ( .BOTH. , #29 ) ;
#1714 = SURFACE_SIDE_STYLE ('',( #246 ) ) ;
#1715 = CARTESIAN_POINT ( 'NONE',  ( 0.7500000000000000000, 0.4396862477045595519, 0.7500000000000000000 ) ) ;
#1716 = CARTESIAN_POINT ( 'NONE',  ( -0.4999999999999995559, 0.4396862477045595519, -1.200000000000000178 ) ) ;
#1717 = ORIENTED_EDGE ( 'NONE', *, *, #1655, .F. ) ;
#1718 =( NAMED_UNIT ( * ) PLANE_ANGLE_UNIT ( ) SI_UNIT ( $, .RADIAN. ) );
#1719 = ORIENTED_EDGE ( 'NONE', *, *, #2397, .T. ) ;
#1720 = DIRECTION ( 'NONE',  ( 0.000000000000000000, 0.000000000000000000, -1.000000000000000000 ) ) ;
#1721 = UNCERTAINTY_MEASURE_WITH_UNIT (LENGTH_MEASURE( 1.000000000000000082E-05 ), #252, 'distance_accuracy_value', 'NONE');
#1722 =( LENGTH_UNIT ( ) NAMED_UNIT ( * ) SI_UNIT ( .MILLI., .METRE. ) );
#1723 = ORIENTED_EDGE ( 'NONE', *, *, #570, .F. ) ;
#1724 =( NAMED_UNIT ( * ) SI_UNIT ( $, .STERADIAN. ) SOLID_ANGLE_UNIT ( ) );
#1725 =( LENGTH_UNIT ( ) NAMED_UNIT ( * ) SI_UNIT ( .MILLI., .METRE. ) );
#1726 = VECTOR ( 'NONE', #839, 1000.000000000000000 ) ;
#1727 = UNCERTAINTY_MEASURE_WITH_UNIT (LENGTH_MEASURE( 1.000000000000000082E-05 ), #960, 'distance_accuracy_value', 'NONE');
#1728 = STYLED_ITEM ( 'NONE', ( #1389 ), #1345 ) ;
#1729 = LINE ( 'NONE', #2138, #971 ) ;
#1730 = CARTESIAN_POINT ( 'NONE',  ( -1.379571813413840387, 0.6367061152542283775, -0.2169748951663274250 ) ) ;
#1731 = PRESENTATION_LAYER_ASSIGNMENT (  '', '', ( #1941 ) ) ;
#1732 = ADVANCED_FACE ( 'NONE', ( #741 ), #955, .F. ) ;
#1733 = ORIENTED_EDGE ( 'NONE', *, *, #271, .T. ) ;
#1734 = ORIENTED_EDGE ( 'NONE', *, *, #2647, .T. ) ;
#1735 = CARTESIAN_POINT ( 'NONE',  ( 1.354133507872156139, 0.6367061152542283775, 0.3234674192098168088 ) ) ;
#1736 = DIRECTION ( 'NONE',  ( -0.000000000000000000, -1.000000000000000000, -0.000000000000000000 ) ) ;
#1737 = EDGE_LOOP ( 'NONE', ( #440, #1986, #632, #1592 ) ) ;
#1738 = PRESENTATION_LAYER_ASSIGNMENT (  '', '', ( #1158 ) ) ;
#1739 = FILL_AREA_STYLE_COLOUR ( '', #1213 ) ;
#1740 = DIRECTION ( 'NONE',  ( -1.000000000000000000, 0.000000000000000000, -0.000000000000000000 ) ) ;
#1741 = PLANE ( 'NONE',  #2171 ) ;
#1742 = CARTESIAN_POINT ( 'NONE',  ( 3.980102097228895273E-18, 0.6096862477045594808, -0.03249999999999997335 ) ) ;
#1743 = SURFACE_SIDE_STYLE ('',( #2116 ) ) ;
#1744 = MECHANICAL_DESIGN_GEOMETRIC_PRESENTATION_REPRESENTATION (  '', ( #2227 ), #1787 ) ;
#1745 = STYLED_ITEM ( 'NONE', ( #648 ), #2388 ) ;
#1746 = VECTOR ( 'NONE', #1252, 1000.000000000000000 ) ;
#1747 =( NAMED_UNIT ( * ) SI_UNIT ( $, .STERADIAN. ) SOLID_ANGLE_UNIT ( ) );
#1748 = CARTESIAN_POINT ( 'NONE',  ( -0.9999999999999995559, 0.4396862477045595519, -1.080000000000000293 ) ) ;
#1749 = STYLED_ITEM ( 'NONE', ( #2305 ), #2341 ) ;
#1750 = ORIENTED_EDGE ( 'NONE', *, *, #464, .T. ) ;
#1751 = STYLED_ITEM ( 'NONE', ( #120 ), #906 ) ;
#1752 = FILL_AREA_STYLE ('',( #279 ) ) ;
#1753 = ORIENTED_EDGE ( 'NONE', *, *, #2557, .T. ) ;
#1754 = CARTESIAN_POINT ( 'NONE',  ( 1.500000000000000444, 0.4896862477045595963, 0.1213580194302609216 ) ) ;
#1755 = LINE ( 'NONE', #1486, #1824 ) ;
#1756 = FILL_AREA_STYLE ('',( #1059 ) ) ;
#1757 = SURFACE_STYLE_USAGE ( .BOTH. , #2147 ) ;
#1758 = VERTEX_POINT ( 'NONE', #2452 ) ;
#1759 = DIRECTION ( 'NONE',  ( 1.000000000000000000, -0.000000000000000000, 0.000000000000000000 ) ) ;
#1760 =( NAMED_UNIT ( * ) PLANE_ANGLE_UNIT ( ) SI_UNIT ( $, .RADIAN. ) );
#1761 = ORIENTED_EDGE ( 'NONE', *, *, #617, .T. ) ;
#1762 = SURFACE_SIDE_STYLE ('',( #338 ) ) ;
#1763 = ORIENTED_EDGE ( 'NONE', *, *, #2191, .T. ) ;
#1764 = ORIENTED_EDGE ( 'NONE', *, *, #1919, .T. ) ;
#1765 = CYLINDRICAL_SURFACE ( 'NONE', #1526, 0.04999999999999996808 ) ;
#1766 = DIRECTION ( 'NONE',  ( 8.881784197001252323E-16, 0.000000000000000000, -1.000000000000000000 ) ) ;
#1767 = VECTOR ( 'NONE', #1139, 1000.000000000000000 ) ;
#1768 = PLANE ( 'NONE',  #2383 ) ;
#1769 =( GEOMETRIC_REPRESENTATION_CONTEXT ( 3 ) GLOBAL_UNCERTAINTY_ASSIGNED_CONTEXT ( ( #472 ) ) GLOBAL_UNIT_ASSIGNED_CONTEXT ( ( #1828, #2222, #2043 ) ) REPRESENTATION_CONTEXT ( 'NONE', 'WORKASPACE' ) );
#1770 = PRESENTATION_LAYER_ASSIGNMENT (  '', '', ( #269 ) ) ;
#1771 = DIRECTION ( 'NONE',  ( -1.000000000000000000, -0.000000000000000000, -0.000000000000000000 ) ) ;
#1772 = SURFACE_STYLE_FILL_AREA ( #2385 ) ;
#1773 = SURFACE_SIDE_STYLE ('',( #1926 ) ) ;
#1774 = CARTESIAN_POINT ( 'NONE',  ( 0.2322855374814326856, 0.5142209866073965685, 1.378416960718898965 ) ) ;
#1775 = STYLED_ITEM ( 'NONE', ( #1409 ), #1712 ) ;
#1776 = ORIENTED_EDGE ( 'NONE', *, *, #527, .T. ) ;
#1777 = AXIS2_PLACEMENT_3D ( 'NONE', #13, #1048, #1510 ) ;
#1778 = STYLED_ITEM ( 'NONE', ( #956 ), #316 ) ;
#1779 = EDGE_CURVE ( 'NONE', #1313, #1890, #2691, .T. ) ;
#1780 = DIRECTION ( 'NONE',  ( 0.000000000000000000, 0.000000000000000000, 1.000000000000000000 ) ) ;
#1781 = EDGE_CURVE ( 'NONE', #495, #959, #2294, .T. ) ;
#1782 = CIRCLE ( 'NONE', #360, 0.1499999999999999667 ) ;
#1783 = VECTOR ( 'NONE', #2009, 1000.000000000000000 ) ;
#1784 = PRESENTATION_STYLE_ASSIGNMENT (( #2382 ) ) ;
#1785 = FILL_AREA_STYLE_COLOUR ( '', #1694 ) ;
#1786 = LINE ( 'NONE', #2640, #736 ) ;
#1787 =( GEOMETRIC_REPRESENTATION_CONTEXT ( 3 ) GLOBAL_UNCERTAINTY_ASSIGNED_CONTEXT ( ( #137 ) ) GLOBAL_UNIT_ASSIGNED_CONTEXT ( ( #1903, #418, #1091 ) ) REPRESENTATION_CONTEXT ( 'NONE', 'WORKASPACE' ) );
#1788 = SURFACE_STYLE_FILL_AREA ( #1169 ) ;
#1789 =( GEOMETRIC_REPRESENTATION_CONTEXT ( 3 ) GLOBAL_UNCERTAINTY_ASSIGNED_CONTEXT ( ( #1937 ) ) GLOBAL_UNIT_ASSIGNED_CONTEXT ( ( #1319, #255, #210 ) ) REPRESENTATION_CONTEXT ( 'NONE', 'WORKASPACE' ) );
#1790 = DIRECTION ( 'NONE',  ( -1.000000000000000000, 0.000000000000000000, 0.000000000000000000 ) ) ;
#1791 = UNCERTAINTY_MEASURE_WITH_UNIT (LENGTH_MEASURE( 1.000000000000000082E-05 ), #1973, 'distance_accuracy_value', 'NONE');
#1792 = CARTESIAN_POINT ( 'NONE',  ( 0.000000000000000000, 0.6367061152542283775, 0.000000000000000000 ) ) ;
#1793 = ORIENTED_EDGE ( 'NONE', *, *, #494, .T. ) ;
#1794 = CARTESIAN_POINT ( 'NONE',  ( -0.9999999999999995559, 0.3896862477045595630, -1.200000000000000178 ) ) ;
#1795 = CARTESIAN_POINT ( 'NONE',  ( 0.4500000000000000111, -0.06000000000000002554, -0.4949489742783177992 ) ) ;
#1796 = VERTEX_POINT ( 'NONE', #2507 ) ;
#1797 = DIRECTION ( 'NONE',  ( -0.000000000000000000, 1.000000000000000000, -0.000000000000000000 ) ) ;
#1798 = VERTEX_POINT ( 'NONE', #401 ) ;
#1799 = CYLINDRICAL_SURFACE ( 'NONE', #636, 0.2000000000000000389 ) ;
#1800 = ORIENTED_EDGE ( 'NONE', *, *, #779, .F. ) ;
#1801 = SURFACE_STYLE_USAGE ( .BOTH. , #2028 ) ;
#1802 =( NAMED_UNIT ( * ) PLANE_ANGLE_UNIT ( ) SI_UNIT ( $, .RADIAN. ) );
#1803 =( LENGTH_UNIT ( ) NAMED_UNIT ( * ) SI_UNIT ( .MILLI., .METRE. ) );
#1804 = CARTESIAN_POINT ( 'NONE',  ( -1.354133507872162578, 0.6367061152542283775, -0.3234674192097911072 ) ) ;
#1805 = CARTESIAN_POINT ( 'NONE',  ( 0.000000000000000000, 0.3896862477045595630, 0.000000000000000000 ) ) ;
#1806 = CARTESIAN_POINT ( 'NONE',  ( 0.000000000000000000, 0.6396862477045595075, 0.000000000000000000 ) ) ;
#1807 =( LENGTH_UNIT ( ) NAMED_UNIT ( * ) SI_UNIT ( .MILLI., .METRE. ) );
#1808 = ORIENTED_EDGE ( 'NONE', *, *, #1432, .T. ) ;
#1809 = CARTESIAN_POINT ( 'NONE',  ( 0.5000000000000000000, -0.06000000000000002554, -0.2500000000000000000 ) ) ;
#1810 = EDGE_LOOP ( 'NONE', ( #1672, #430, #950, #2416 ) ) ;
#1811 = STYLED_ITEM ( 'NONE', ( #572 ), #1264 ) ;
#1812 = FACE_OUTER_BOUND ( 'NONE', #479, .T. ) ;
#1813 =( GEOMETRIC_REPRESENTATION_CONTEXT ( 3 ) GLOBAL_UNCERTAINTY_ASSIGNED_CONTEXT ( ( #953 ) ) GLOBAL_UNIT_ASSIGNED_CONTEXT ( ( #629, #2665, #1876 ) ) REPRESENTATION_CONTEXT ( 'NONE', 'WORKASPACE' ) );
#1814 = SURFACE_SIDE_STYLE ('',( #2675 ) ) ;
#1815 = FILL_AREA_STYLE ('',( #1978 ) ) ;
#1816 = UNCERTAINTY_MEASURE_WITH_UNIT (LENGTH_MEASURE( 1.000000000000000082E-05 ), #339, 'distance_accuracy_value', 'NONE');
#1817 = AXIS2_PLACEMENT_3D ( 'NONE', #985, #2054, #1442 ) ;
#1818 = MECHANICAL_DESIGN_GEOMETRIC_PRESENTATION_REPRESENTATION (  '', ( #1778 ), #1064 ) ;
#1819 = CIRCLE ( 'NONE', #1476, 0.2000000000000000389 ) ;
#1820 = UNCERTAINTY_MEASURE_WITH_UNIT (LENGTH_MEASURE( 1.000000000000000082E-05 ), #2646, 'distance_accuracy_value', 'NONE');
#1821 = CARTESIAN_POINT ( 'NONE',  ( -0.8500000000000000888, -0.06000000000000002554, 1.350000000000000089 ) ) ;
#1822 = CARTESIAN_POINT ( 'NONE',  ( -0.1103090100319542022, 0.5208717148288306564, -1.394151793798097172 ) ) ;
#1823 = LINE ( 'NONE', #1206, #1570 ) ;
#1824 = VECTOR ( 'NONE', #1736, 1000.000000000000000 ) ;
#1825 = AXIS2_PLACEMENT_3D ( 'NONE', #491, #2412, #532 ) ;
#1826 = EDGE_CURVE ( 'NONE', #157, #1136, #1619, .T. ) ;
#1827 = ORIENTED_EDGE ( 'NONE', *, *, #2236, .T. ) ;
#1828 =( LENGTH_UNIT ( ) NAMED_UNIT ( * ) SI_UNIT ( .MILLI., .METRE. ) );
#1829 = PRESENTATION_LAYER_ASSIGNMENT (  '', '', ( #1751 ) ) ;
#1830 =( NAMED_UNIT ( * ) SI_UNIT ( $, .STERADIAN. ) SOLID_ANGLE_UNIT ( ) );
#1831 = MECHANICAL_DESIGN_GEOMETRIC_PRESENTATION_REPRESENTATION (  '', ( #1445 ), #1789 ) ;
#1832 = STYLED_ITEM ( 'NONE', ( #2401 ), #370 ) ;
#1833 = PLANE ( 'NONE',  #1205 ) ;
#1834 = CARTESIAN_POINT ( 'NONE',  ( -0.2179869833239333199, 0.6367060102122586995, -1.379330053914949339 ) ) ;
#1835 = LINE ( 'NONE', #2466, #1011 ) ;
#1836 = ORIENTED_EDGE ( 'NONE', *, *, #779, .T. ) ;
#1837 = ORIENTED_EDGE ( 'NONE', *, *, #305, .F. ) ;
#1838 = DIRECTION ( 'NONE',  ( 1.000000000000000000, 0.000000000000000000, 1.606225440719265874E-16 ) ) ;
#1839 =( LENGTH_UNIT ( ) NAMED_UNIT ( * ) SI_UNIT ( .MILLI., .METRE. ) );
#1840 = EDGE_CURVE ( 'NONE', #2048, #1540, #25, .T. ) ;
#1841 = UNCERTAINTY_MEASURE_WITH_UNIT (LENGTH_MEASURE( 1.000000000000000082E-05 ), #2205, 'distance_accuracy_value', 'NONE');
#1842 = FILL_AREA_STYLE ('',( #2678 ) ) ;
#1843 = CARTESIAN_POINT ( 'NONE',  ( -1.500000000000000444, 0.4896862477045595963, 1.500000000000000000 ) ) ;
#1844 = ORIENTED_EDGE ( 'NONE', *, *, #2686, .T. ) ;
#1845 = CARTESIAN_POINT ( 'NONE',  ( 1.354133507872162578, 0.6367061152542283775, -0.3234674192097912182 ) ) ;
#1846 = AXIS2_PLACEMENT_3D ( 'NONE', #2269, #1686, #1223 ) ;
#1847 = SURFACE_STYLE_USAGE ( .BOTH. , #1043 ) ;
#1848 = CARTESIAN_POINT ( 'NONE',  ( -1.499999999999999556, 0.3896862477045595630, -1.500000000000000000 ) ) ;
#1849 = ORIENTED_EDGE ( 'NONE', *, *, #633, .F. ) ;
#1850 = FILL_AREA_STYLE_COLOUR ( '', #2044 ) ;
#1851 = MECHANICAL_DESIGN_GEOMETRIC_PRESENTATION_REPRESENTATION (  '', ( #1775 ), #2120 ) ;
#1852 = B_SPLINE_CURVE_WITH_KNOTS ( 'NONE', 3,
 ( #275, #1730, #1086, #1940, #1922, #1698 ),
 .UNSPECIFIED., .F., .F.,
 ( 4, 2, 4 ),
 ( 0.000000000000000000, 0.0003244270637086705709, 0.0006488541274173411418 ),
 .UNSPECIFIED. ) ;
#1853 = VECTOR ( 'NONE', #2296, 1000.000000000000000 ) ;
#1854 = CARTESIAN_POINT ( 'NONE',  ( 0.2170479135135718607, 0.6367060063554830229, -1.379554373446924886 ) ) ;
#1855 = DIRECTION ( 'NONE',  ( 0.000000000000000000, 0.000000000000000000, -1.000000000000000000 ) ) ;
#1856 = MANIFOLD_SOLID_BREP ( 'Fillet1', #60 ) ;
#1857 = ORIENTED_EDGE ( 'NONE', *, *, #2633, .F. ) ;
#1858 = DIRECTION ( 'NONE',  ( -0.000000000000000000, -0.000000000000000000, 1.000000000000000000 ) ) ;
#1859 = MECHANICAL_DESIGN_GEOMETRIC_PRESENTATION_REPRESENTATION (  '', ( #2185 ), #2303 ) ;
#1860 = CIRCLE ( 'NONE', #685, 0.2000000000000000389 ) ;
#1861 = DIRECTION ( 'NONE',  ( -0.000000000000000000, -1.000000000000000000, -0.000000000000000000 ) ) ;
#1862 = DIRECTION ( 'NONE',  ( 0.000000000000000000, -0.000000000000000000, 1.000000000000000000 ) ) ;
#1863 = EDGE_CURVE ( 'NONE', #2003, #2524, #2713, .T. ) ;
#1864 = DIRECTION ( 'NONE',  ( -0.000000000000000000, -0.000000000000000000, 1.000000000000000000 ) ) ;
#1865 = FILL_AREA_STYLE ('',( #224 ) ) ;
#1866 = STYLED_ITEM ( 'NONE', ( #1422 ), #2190 ) ;
#1867 = TOROIDAL_SURFACE ( 'NONE', #1614, 1.542201957341249541, 0.1499999999999999944 ) ;
#1868 =( NAMED_UNIT ( * ) SI_UNIT ( $, .STERADIAN. ) SOLID_ANGLE_UNIT ( ) );
#1869 = DIRECTION ( 'NONE',  ( 0.000000000000000000, 1.000000000000000000, 0.000000000000000000 ) ) ;
#1870 = FILL_AREA_STYLE ('',( #1245 ) ) ;
#1871 = EDGE_LOOP ( 'NONE', ( #1634, #2218, #477, #2297, #1684, #421 ) ) ;
#1872 = PRESENTATION_LAYER_ASSIGNMENT (  '', '', ( #1832 ) ) ;
#1873 = FACE_BOUND ( 'NONE', #1884, .T. ) ;
#1874 = DIRECTION ( 'NONE',  ( 0.000000000000000000, 0.000000000000000000, 1.000000000000000000 ) ) ;
#1875 = DIRECTION ( 'NONE',  ( -0.000000000000000000, -0.000000000000000000, 1.000000000000000000 ) ) ;
#1876 =( NAMED_UNIT ( * ) SI_UNIT ( $, .STERADIAN. ) SOLID_ANGLE_UNIT ( ) );
#1877 = SURFACE_STYLE_FILL_AREA ( #1037 ) ;
#1878 = CARTESIAN_POINT ( 'NONE',  ( -8.958158193347445201E-13, 0.6312201943930479953, 1.392329507379516107 ) ) ;
#1879 = VERTEX_POINT ( 'NONE', #384 ) ;
#1880 = LINE ( 'NONE', #1664, #2 ) ;
#1881 = EDGE_CURVE ( 'NONE', #1271, #317, #1233, .T. ) ;
#1882 = FILL_AREA_STYLE ('',( #1896 ) ) ;
#1883 = DIRECTION ( 'NONE',  ( 8.031127203596329369E-17, 0.000000000000000000, -1.000000000000000000 ) ) ;
#1884 = EDGE_LOOP ( 'NONE', ( #710, #411, #171, #1088 ) ) ;
#1885 = COLOUR_RGB ( '',0.2509803921568627416, 0.2509803921568627416, 0.2509803921568627416 ) ;
#1886 = VECTOR ( 'NONE', #2008, 1000.000000000000000 ) ;
#1887 = EDGE_CURVE ( 'NONE', #2014, #217, #2326, .T. ) ;
#1888 = CARTESIAN_POINT ( 'NONE',  ( -1.499999999999999556, 0.000000000000000000, -1.500000000000000000 ) ) ;
#1889 = CARTESIAN_POINT ( 'NONE',  ( -0.7500000000000000000, 0.3896862477045595630, -0.7500000000000000000 ) ) ;
#1890 = VERTEX_POINT ( 'NONE', #1021 ) ;
#1891 = SURFACE_SIDE_STYLE ('',( #17 ) ) ;
#1892 = VECTOR ( 'NONE', #2510, 1000.000000000000000 ) ;
#1893 = FACE_OUTER_BOUND ( 'NONE', #6, .T. ) ;
#1894 = SURFACE_STYLE_USAGE ( .BOTH. , #662 ) ;
#1895 = ADVANCED_FACE ( 'NONE', ( #1283 ), #2115, .F. ) ;
#1896 = FILL_AREA_STYLE_COLOUR ( '', #2035 ) ;
#1897 = PRESENTATION_LAYER_ASSIGNMENT (  '', '', ( #406 ) ) ;
#1898 =( NAMED_UNIT ( * ) SI_UNIT ( $, .STERADIAN. ) SOLID_ANGLE_UNIT ( ) );
#1899 = DIRECTION ( 'NONE',  ( -0.000000000000000000, 1.000000000000000000, -0.000000000000000000 ) ) ;
#1900 = EDGE_CURVE ( 'NONE', #2362, #1925, #388, .T. ) ;
#1901 = AXIS2_PLACEMENT_3D ( 'NONE', #1304, #2152, #1097 ) ;
#1902 = PRESENTATION_LAYER_ASSIGNMENT (  '', '', ( #1115 ) ) ;
#1903 =( LENGTH_UNIT ( ) NAMED_UNIT ( * ) SI_UNIT ( .MILLI., .METRE. ) );
#1904 = FILL_AREA_STYLE ('',( #2368 ) ) ;
#1905 = PRESENTATION_LAYER_ASSIGNMENT (  '', '', ( #117 ) ) ;
#1906 = LINE ( 'NONE', #1888, #848 ) ;
#1907 = FILL_AREA_STYLE_COLOUR ( '', #810 ) ;
#1908 = CARTESIAN_POINT ( 'NONE',  ( 0.8499999999999998668, -0.06000000000000002554, 1.350000000000000089 ) ) ;
#1909 = EDGE_LOOP ( 'NONE', ( #2668, #1734, #95 ) ) ;
#1910 = DIRECTION ( 'NONE',  ( -1.000000000000000000, 0.000000000000000000, -0.000000000000000000 ) ) ;
#1911 =( NAMED_UNIT ( * ) PLANE_ANGLE_UNIT ( ) SI_UNIT ( $, .RADIAN. ) );
#1912 = CARTESIAN_POINT ( 'NONE',  ( -0.4999999999999995559, 0.4396862477045595519, -1.200000000000000178 ) ) ;
#1913 = SURFACE_STYLE_USAGE ( .BOTH. , #2542 ) ;
#1914 = ORIENTED_EDGE ( 'NONE', *, *, #218, .F. ) ;
#1915 = PRESENTATION_STYLE_ASSIGNMENT (( #1080 ) ) ;
#1916 = DIRECTION ( 'NONE',  ( 0.000000000000000000, 0.000000000000000000, -1.000000000000000000 ) ) ;
#1917 = UNCERTAINTY_MEASURE_WITH_UNIT (LENGTH_MEASURE( 1.000000000000000082E-05 ), #2603, 'distance_accuracy_value', 'NONE');
#1918 = EDGE_CURVE ( 'NONE', #2361, #2221, #2597, .T. ) ;
#1919 = EDGE_CURVE ( 'NONE', #2699, #1796, #285, .T. ) ;
#1920 = PLANE ( 'NONE',  #992 ) ;
#1921 = DIRECTION ( 'NONE',  ( -0.000000000000000000, -1.000000000000000000, -0.000000000000000000 ) ) ;
#1922 = CARTESIAN_POINT ( 'NONE',  ( -1.379589392283671057, 0.6367061152544386537, 0.2169013046429549840 ) ) ;
#1923 = ORIENTED_EDGE ( 'NONE', *, *, #1643, .F. ) ;
#1924 = FILL_AREA_STYLE_COLOUR ( '', #823 ) ;
#1925 = VERTEX_POINT ( 'NONE', #678 ) ;
#1926 = SURFACE_STYLE_FILL_AREA ( #263 ) ;
#1927 = CARTESIAN_POINT ( 'NONE',  ( 8.959783584182639881E-13, 0.6312201943930479953, -1.392329507379516107 ) ) ;
#1928 = EDGE_LOOP ( 'NONE', ( #1733, #71, #1618, #2233 ) ) ;
#1929 = EDGE_CURVE ( 'NONE', #2229, #1478, #894, .T. ) ;
#1930 = PLANE ( 'NONE',  #1077 ) ;
#1931 = FILL_AREA_STYLE ('',( #526 ) ) ;
#1932 = MECHANICAL_DESIGN_GEOMETRIC_PRESENTATION_REPRESENTATION (  '', ( #2420 ), #1769 ) ;
#1933 = STYLED_ITEM ( 'NONE', ( #216 ), #350 ) ;
#1934 = SURFACE_STYLE_FILL_AREA ( #473 ) ;
#1935 = DIRECTION ( 'NONE',  ( -8.031127203596329369E-17, -0.000000000000000000, 1.000000000000000000 ) ) ;
#1936 =( GEOMETRIC_REPRESENTATION_CONTEXT ( 3 ) GLOBAL_UNCERTAINTY_ASSIGNED_CONTEXT ( ( #454 ) ) GLOBAL_UNIT_ASSIGNED_CONTEXT ( ( #1312, #718, #1341 ) ) REPRESENTATION_CONTEXT ( 'NONE', 'WORKASPACE' ) );
#1937 = UNCERTAINTY_MEASURE_WITH_UNIT (LENGTH_MEASURE( 1.000000000000000082E-05 ), #1319, 'distance_accuracy_value', 'NONE');
#1938 = FACE_OUTER_BOUND ( 'NONE', #2552, .T. ) ;
#1939 = TOROIDAL_SURFACE ( 'NONE', #761, 0.03249999999999997335, 1.360000000000000098 ) ;
#1940 = CARTESIAN_POINT ( 'NONE',  ( -1.392413003749198630, 0.6311957025653207598, 0.1073968761529782989 ) ) ;
#1941 = STYLED_ITEM ( 'NONE', ( #969 ), #1856 ) ;
#1942 = VERTEX_POINT ( 'NONE', #1314 ) ;
#1943 = CARTESIAN_POINT ( 'NONE',  ( -0.4999999999999998890, -0.06000000000000002554, -1.350000000000000089 ) ) ;
#1944 = ORIENTED_EDGE ( 'NONE', *, *, #789, .F. ) ;
#1945 = SURFACE_STYLE_USAGE ( .BOTH. , #1773 ) ;
#1946 = STYLED_ITEM ( 'NONE', ( #2450 ), #1348 ) ;
#1947 =( GEOMETRIC_REPRESENTATION_CONTEXT ( 3 ) GLOBAL_UNCERTAINTY_ASSIGNED_CONTEXT ( ( #559 ) ) GLOBAL_UNIT_ASSIGNED_CONTEXT ( ( #2299, #853, #1069 ) ) REPRESENTATION_CONTEXT ( 'NONE', 'WORKASPACE' ) );
#1948 = DIRECTION ( 'NONE',  ( -0.000000000000000000, -1.000000000000000000, -0.000000000000000000 ) ) ;
#1949 = EDGE_LOOP ( 'NONE', ( #2429, #185, #884, #1608 ) ) ;
#1950 = VECTOR ( 'NONE', #2281, 1000.000000000000000 ) ;
#1951 = EDGE_CURVE ( 'NONE', #44, #1574, #962, .T. ) ;
#1952 = COLOUR_RGB ( '',0.2509803921568627416, 0.2509803921568627416, 0.2509803921568627416 ) ;
#1953 = PRODUCT_DEFINITION_FORMATION_WITH_SPECIFIED_SOURCE ( 'ANY', '', #1127, .NOT_KNOWN. ) ;
#1954 = CARTESIAN_POINT ( 'NONE',  ( 0.2166240526104187825, 0.6367061152542283775, -1.379655620612649569 ) ) ;
#1955 = COLOUR_RGB ( '',1.000000000000000000, 1.000000000000000000, 1.000000000000000000 ) ;
#1956 = ORIENTED_EDGE ( 'NONE', *, *, #2053, .T. ) ;
#1957 =( BOUNDED_SURFACE ( )  B_SPLINE_SURFACE ( 3, 2, ( 
 ( #1804, #2007, #2201 ),
 ( #1559, #1549, #517 ),
 ( #1362, #930, #1407 ),
 ( #2645, #1572, #1993 ),
 ( #762, #1372, #2378 ),
 ( #2239, #336, #749 ) ),
 .UNSPECIFIED., .F., .F., .F. ) 
 B_SPLINE_SURFACE_WITH_KNOTS ( ( 4, 2, 4 ),
 ( 3, 3 ),
 ( 0.0004649166184079224777, 0.0008324358057127338034, 0.001199954993017545183 ),
 ( 0.000000000000000000, 1.000000000000000000 ),
 .UNSPECIFIED. ) 
 GEOMETRIC_REPRESENTATION_ITEM ( )  RATIONAL_B_SPLINE_SURFACE ( (
 ( 1.000000000000000000, 0.7140964744587652291, 1.000000000000000000),
 ( 1.000000000000000000, 0.7771138420224641408, 1.000000000000000000),
 ( 1.000000000000000000, 0.8051965208134104213, 1.000000000000000000),
 ( 1.000000000000000000, 0.8055328015468785630, 1.000000000000000000),
 ( 1.000000000000000000, 0.7770557625366396604, 1.000000000000000000),
 ( 1.000000000000000000, 0.7140964744587646740, 1.000000000000000000) ) ) 
 REPRESENTATION_ITEM ( '' )  SURFACE ( )  );
#1958 = PRESENTATION_LAYER_ASSIGNMENT (  '', '', ( #785 ) ) ;
#1959 = ORIENTED_EDGE ( 'NONE', *, *, #2599, .T. ) ;
#1960 = CARTESIAN_POINT ( 'NONE',  ( 1.392255443274183380, 0.6312419187275649657, 0.1095566224598476662 ) ) ;
#1961 = PLANE ( 'NONE',  #1065 ) ;
#1962 = SURFACE_SIDE_STYLE ('',( #498 ) ) ;
#1963 = SURFACE_STYLE_FILL_AREA ( #98 ) ;
#1964 = FACE_OUTER_BOUND ( 'NONE', #991, .T. ) ;
#1965 =( NAMED_UNIT ( * ) PLANE_ANGLE_UNIT ( ) SI_UNIT ( $, .RADIAN. ) );
#1966 = ORIENTED_EDGE ( 'NONE', *, *, #305, .T. ) ;
#1967 = SURFACE_SIDE_STYLE ('',( #563 ) ) ;
#1968 = VERTEX_POINT ( 'NONE', #1331 ) ;
#1969 = PRESENTATION_STYLE_ASSIGNMENT (( #2628 ) ) ;
#1970 = EDGE_LOOP ( 'NONE', ( #2247, #2322, #2611, #863 ) ) ;
#1971 = CARTESIAN_POINT ( 'NONE',  ( 1.394002819761288148, 0.5207848697023357287, 0.1122837917608054265 ) ) ;
#1972 = ORIENTED_EDGE ( 'NONE', *, *, #1929, .F. ) ;
#1973 =( LENGTH_UNIT ( ) NAMED_UNIT ( * ) SI_UNIT ( .MILLI., .METRE. ) );
#1974 = ADVANCED_FACE ( 'NONE', ( #1964 ), #2604, .F. ) ;
#1975 =( LENGTH_UNIT ( ) NAMED_UNIT ( * ) SI_UNIT ( .MILLI., .METRE. ) );
#1976 = ORIENTED_EDGE ( 'NONE', *, *, #381, .T. ) ;
#1977 = DIRECTION ( 'NONE',  ( 0.000000000000000000, 0.000000000000000000, 1.000000000000000000 ) ) ;
#1978 = FILL_AREA_STYLE_COLOUR ( '', #1247 ) ;
#1979 = SURFACE_STYLE_USAGE ( .BOTH. , #311 ) ;
#1980 = AXIS2_PLACEMENT_3D ( 'NONE', #735, #1519, #2148 ) ;
#1981 = FILL_AREA_STYLE_COLOUR ( '', #1430 ) ;
#1982 = ADVANCED_FACE ( 'NONE', ( #2391 ), #514, .F. ) ;
#1983 = PRESENTATION_LAYER_ASSIGNMENT (  '', '', ( #1150 ) ) ;
#1984 = PLANE ( 'NONE',  #2072 ) ;
#1985 =( LENGTH_UNIT ( ) NAMED_UNIT ( * ) SI_UNIT ( .MILLI., .METRE. ) );
#1986 = ORIENTED_EDGE ( 'NONE', *, *, #1693, .F. ) ;
#1987 = DIRECTION ( 'NONE',  ( 0.000000000000000000, -1.000000000000000000, 0.000000000000000000 ) ) ;
#1988 = SURFACE_STYLE_USAGE ( .BOTH. , #566 ) ;
#1989 =( LENGTH_UNIT ( ) NAMED_UNIT ( * ) SI_UNIT ( .MILLI., .METRE. ) );
#1990 = EDGE_LOOP ( 'NONE', ( #1190, #922, #2446, #1800 ) ) ;
#1991 = ADVANCED_FACE ( 'NONE', ( #1624 ), #538, .F. ) ;
#1992 = VECTOR ( 'NONE', #1070, 1000.000000000000000 ) ;
#1993 = CARTESIAN_POINT ( 'NONE',  ( -1.500000000000000444, 0.4896862477045595963, 0.1192734424441926483 ) ) ;
#1994 = ORIENTED_EDGE ( 'NONE', *, *, #1178, .F. ) ;
#1995 = COLOUR_RGB ( '',1.000000000000000000, 1.000000000000000000, 1.000000000000000000 ) ;
#1996 = VECTOR ( 'NONE', #342, 1000.000000000000000 ) ;
#1997 = CARTESIAN_POINT ( 'NONE',  ( 0.5000000000000000000, -0.06000000000000002554, -0.005051025721682219846 ) ) ;
#1998 = ORIENTED_EDGE ( 'NONE', *, *, #2622, .T. ) ;
#1999 = CARTESIAN_POINT ( 'NONE',  ( 0.000000000000000000, 0.6367061152542283775, 0.000000000000000000 ) ) ;
#2000 = ORIENTED_EDGE ( 'NONE', *, *, #617, .F. ) ;
#2001 =( GEOMETRIC_REPRESENTATION_CONTEXT ( 3 ) GLOBAL_UNCERTAINTY_ASSIGNED_CONTEXT ( ( #892 ) ) GLOBAL_UNIT_ASSIGNED_CONTEXT ( ( #1989, #1165, #2002 ) ) REPRESENTATION_CONTEXT ( 'NONE', 'WORKASPACE' ) );
#2002 =( NAMED_UNIT ( * ) SI_UNIT ( $, .STERADIAN. ) SOLID_ANGLE_UNIT ( ) );
#2003 = VERTEX_POINT ( 'NONE', #1613 ) ;
#2004 = STYLED_ITEM ( 'NONE', ( #1583 ), #1081 ) ;
#2005 = FACE_OUTER_BOUND ( 'NONE', #1448, .T. ) ;
#2006 = UNCERTAINTY_MEASURE_WITH_UNIT (LENGTH_MEASURE( 1.000000000000000082E-05 ), #676, 'distance_accuracy_value', 'NONE');
#2007 = CARTESIAN_POINT ( 'NONE',  ( -1.356975062913613916, 0.4896862477045597628, -0.3241461931050218515 ) ) ;
#2008 = DIRECTION ( 'NONE',  ( -0.000000000000000000, -1.000000000000000000, -0.000000000000000000 ) ) ;
#2009 = DIRECTION ( 'NONE',  ( 1.000000000000000000, 0.000000000000000000, 0.000000000000000000 ) ) ;
#2010 = SURFACE_STYLE_FILL_AREA ( #1434 ) ;
#2011 = FILL_AREA_STYLE_COLOUR ( '', #766 ) ;
#2012 =( NAMED_UNIT ( * ) SI_UNIT ( $, .STERADIAN. ) SOLID_ANGLE_UNIT ( ) );
#2013 = CARTESIAN_POINT ( 'NONE',  ( -0.1122837917607438091, 0.5207848697023294005, 1.394002819761300804 ) ) ;
#2014 = VERTEX_POINT ( 'NONE', #1584 ) ;
#2015 =( NAMED_UNIT ( * ) PLANE_ANGLE_UNIT ( ) SI_UNIT ( $, .RADIAN. ) );
#2016 =( LENGTH_UNIT ( ) NAMED_UNIT ( * ) SI_UNIT ( .MILLI., .METRE. ) );
#2017 = SURFACE_STYLE_FILL_AREA ( #1211 ) ;
#2018 = ADVANCED_FACE ( 'NONE', ( #111 ), #2684, .F. ) ;
#2019 = CARTESIAN_POINT ( 'NONE',  ( -0.9999999999999995559, 0.4396862477045595519, -1.200000000000000178 ) ) ;
#2020 =( NAMED_UNIT ( * ) PLANE_ANGLE_UNIT ( ) SI_UNIT ( $, .RADIAN. ) );
#2021 = PLANE ( 'NONE',  #1152 ) ;
#2022 = CARTESIAN_POINT ( 'NONE',  ( 0.000000000000000000, 1.969686247704559579, 0.000000000000000000 ) ) ;
#2023 = VERTEX_POINT ( 'NONE', #1386 ) ;
#2024 = COLOUR_RGB ( '',0.9686274509803921573, 0.8784313725490195957, 0.5999999999999999778 ) ;
#2025 = ORIENTED_EDGE ( 'NONE', *, *, #574, .F. ) ;
#2026 = EDGE_CURVE ( 'NONE', #1392, #1796, #1880, .T. ) ;
#2027 = CARTESIAN_POINT ( 'NONE',  ( -8.958158193347445201E-13, 0.6312201943930479953, 1.392329507379516107 ) ) ;
#2028 = SURFACE_SIDE_STYLE ('',( #1194 ) ) ;
#2029 = VECTOR ( 'NONE', #1689, 1000.000000000000000 ) ;
#2030 = SURFACE_STYLE_USAGE ( .BOTH. , #1214 ) ;
#2031 =( LENGTH_UNIT ( ) NAMED_UNIT ( * ) SI_UNIT ( .MILLI., .METRE. ) );
#2032 = SURFACE_STYLE_USAGE ( .BOTH. , #345 ) ;
#2033 = UNCERTAINTY_MEASURE_WITH_UNIT (LENGTH_MEASURE( 1.000000000000000082E-05 ), #2049, 'distance_accuracy_value', 'NONE');
#2034 = AXIS2_PLACEMENT_3D ( 'NONE', #2532, #658, #2344 ) ;
#2035 = COLOUR_RGB ( '',0.9686274509803921573, 0.8784313725490195957, 0.5999999999999999778 ) ;
#2036 = FACE_OUTER_BOUND ( 'NONE', #909, .T. ) ;
#2037 = FILL_AREA_STYLE_COLOUR ( '', #1050 ) ;
#2038 = VECTOR ( 'NONE', #419, 1000.000000000000000 ) ;
#2039 = ORIENTED_EDGE ( 'NONE', *, *, #697, .T. ) ;
#2040 = EDGE_CURVE ( 'NONE', #702, #2467, #614, .T. ) ;
#2041 = DIRECTION ( 'NONE',  ( -1.000000000000000000, -0.000000000000000000, -0.000000000000000000 ) ) ;
#2042 =( GEOMETRIC_REPRESENTATION_CONTEXT ( 3 ) GLOBAL_UNCERTAINTY_ASSIGNED_CONTEXT ( ( #1820 ) ) GLOBAL_UNIT_ASSIGNED_CONTEXT ( ( #2646, #1965, #921 ) ) REPRESENTATION_CONTEXT ( 'NONE', 'WORKASPACE' ) );
#2043 =( NAMED_UNIT ( * ) SI_UNIT ( $, .STERADIAN. ) SOLID_ANGLE_UNIT ( ) );
#2044 = COLOUR_RGB ( '',0.7921568627450980005, 0.8196078431372548767, 0.9333333333333333481 ) ;
#2045 = VECTOR ( 'NONE', #2142, 1000.000000000000000 ) ;
#2046 = DIRECTION ( 'NONE',  ( 1.000000000000000000, 0.000000000000000000, 0.000000000000000000 ) ) ;
#2047 = DIRECTION ( 'NONE',  ( 0.000000000000000000, 0.000000000000000000, 1.000000000000000000 ) ) ;
#2048 = VERTEX_POINT ( 'NONE', #2077 ) ;
#2049 =( LENGTH_UNIT ( ) NAMED_UNIT ( * ) SI_UNIT ( .MILLI., .METRE. ) );
#2050 = SURFACE_STYLE_USAGE ( .BOTH. , #372 ) ;
#2051 = FACE_OUTER_BOUND ( 'NONE', #2055, .T. ) ;
#2052 = EDGE_CURVE ( 'NONE', #495, #249, #1485, .T. ) ;
#2053 = EDGE_CURVE ( 'NONE', #1968, #573, #2282, .T. ) ;
#2054 = DIRECTION ( 'NONE',  ( 0.000000000000000000, -1.000000000000000000, 0.000000000000000000 ) ) ;
#2055 = EDGE_LOOP ( 'NONE', ( #2572, #1837, #1410, #2301 ) ) ;
#2056 =( LENGTH_UNIT ( ) NAMED_UNIT ( * ) SI_UNIT ( .MILLI., .METRE. ) );
#2057 = CARTESIAN_POINT ( 'NONE',  ( 0.3241461931050474976, 0.4896862477045531015, -1.356975062913607699 ) ) ;
#2058 = PRESENTATION_STYLE_ASSIGNMENT (( #2698 ) ) ;
#2059 = ORIENTED_EDGE ( 'NONE', *, *, #1290, .T. ) ;
#2060 = DIRECTION ( 'NONE',  ( 1.606225440719265874E-16, 0.000000000000000000, -1.000000000000000000 ) ) ;
#2061 = PRESENTATION_LAYER_ASSIGNMENT (  '', '', ( #2555 ) ) ;
#2062 = CARTESIAN_POINT ( 'NONE',  ( 1.350000000000000089, -0.06000000000000002554, 1.350000000000000089 ) ) ;
#2063 = MECHANICAL_DESIGN_GEOMETRIC_PRESENTATION_REPRESENTATION (  '', ( #103 ), #541 ) ;
#2064 = CARTESIAN_POINT ( 'NONE',  ( 1.350000000000000311, 0.000000000000000000, -1.350000000000000089 ) ) ;
#2065 = STYLED_ITEM ( 'NONE', ( #2451 ), #1269 ) ;
#2066 = AXIS2_PLACEMENT_3D ( 'NONE', #119, #1374, #2440 ) ;
#2067 = DIRECTION ( 'NONE',  ( -0.000000000000000000, 1.000000000000000000, -0.000000000000000000 ) ) ;
#2068 = CARTESIAN_POINT ( 'NONE',  ( -1.199999999999999734, 0.3896862477045595630, 0.7999999999999998224 ) ) ;
#2069 = FACE_OUTER_BOUND ( 'NONE', #2280, .T. ) ;
#2070 = VECTOR ( 'NONE', #116, 1000.000000000000000 ) ;
#2071 = SURFACE_SIDE_STYLE ('',( #351 ) ) ;
#2072 = AXIS2_PLACEMENT_3D ( 'NONE', #578, #1419, #1576 ) ;
#2073 = ORIENTED_EDGE ( 'NONE', *, *, #697, .F. ) ;
#2074 = FACE_OUTER_BOUND ( 'NONE', #267, .T. ) ;
#2075 = STYLED_ITEM ( 'NONE', ( #860 ), #2350 ) ;
#2076 = PRESENTATION_LAYER_ASSIGNMENT (  '', '', ( #1610 ) ) ;
#2077 = CARTESIAN_POINT ( 'NONE',  ( 0.5000000000000001110, -0.06000000000000002554, -1.350000000000000089 ) ) ;
#2078 = LINE ( 'NONE', #2488, #1569 ) ;
#2079 = CARTESIAN_POINT ( 'NONE',  ( -1.499999999999999556, 0.3896862477045595630, -1.500000000000000000 ) ) ;
#2080 = DIRECTION ( 'NONE',  ( -1.000000000000000000, -0.000000000000000000, -0.000000000000000000 ) ) ;
#2081 = DIRECTION ( 'NONE',  ( 0.000000000000000000, -0.000000000000000000, -1.000000000000000000 ) ) ;
#2082 = CIRCLE ( 'NONE', #2525, 1.392231564227880414 ) ;
#2083 = LINE ( 'NONE', #400, #2667 ) ;
#2084 =( GEOMETRIC_REPRESENTATION_CONTEXT ( 3 ) GLOBAL_UNCERTAINTY_ASSIGNED_CONTEXT ( ( #1301 ) ) GLOBAL_UNIT_ASSIGNED_CONTEXT ( ( #340, #2232, #728 ) ) REPRESENTATION_CONTEXT ( 'NONE', 'WORKASPACE' ) );
#2085 = VERTEX_POINT ( 'NONE', #1040 ) ;
#2086 = CARTESIAN_POINT ( 'NONE',  ( -0.3234674192097928280, 0.6367061152542283775, -1.354133507872162134 ) ) ;
#2087 = STYLED_ITEM ( 'NONE', ( #1162 ), #893 ) ;
#2088 = FILL_AREA_STYLE ('',( #1024 ) ) ;
#2089 = FILL_AREA_STYLE_COLOUR ( '', #631 ) ;
#2090 = DIRECTION ( 'NONE',  ( -0.000000000000000000, 1.000000000000000000, -0.000000000000000000 ) ) ;
#2091 = EDGE_CURVE ( 'NONE', #2221, #2023, #1450, .T. ) ;
#2092 = FACE_OUTER_BOUND ( 'NONE', #1149, .T. ) ;
#2093 = ORIENTED_EDGE ( 'NONE', *, *, #2500, .T. ) ;
#2094 = DIRECTION ( 'NONE',  ( 0.000000000000000000, 0.000000000000000000, 1.000000000000000000 ) ) ;
#2095 = FACE_OUTER_BOUND ( 'NONE', #1373, .T. ) ;
#2096 = LINE ( 'NONE', #651, #898 ) ;
#2097 = EDGE_CURVE ( 'NONE', #1007, #2085, #1215, .T. ) ;
#2098 = CARTESIAN_POINT ( 'NONE',  ( 1.500000000000000444, 0.4896862477045595963, 1.500000000000000000 ) ) ;
#2099 = CARTESIAN_POINT ( 'NONE',  ( -0.2166240526104187269, 0.6367061152542283775, 1.379655620612649569 ) ) ;
#2100 =( NAMED_UNIT ( * ) PLANE_ANGLE_UNIT ( ) SI_UNIT ( $, .RADIAN. ) );
#2101 = ADVANCED_FACE ( 'NONE', ( #1893 ), #1508, .T. ) ;
#2102 = LINE ( 'NONE', #1748, #1018 ) ;
#2103 = DIRECTION ( 'NONE',  ( 0.000000000000000000, 0.000000000000000000, -1.000000000000000000 ) ) ;
#2104 = EDGE_CURVE ( 'NONE', #2105, #1271, #2290, .T. ) ;
#2105 = VERTEX_POINT ( 'NONE', #21 ) ;
#2106 = CARTESIAN_POINT ( 'NONE',  ( -1.500000000000000444, 0.4896862477045595963, -1.500000000000000000 ) ) ;
#2107 = SURFACE_STYLE_USAGE ( .BOTH. , #671 ) ;
#2108 = FILL_AREA_STYLE ('',( #1277 ) ) ;
#2109 = CARTESIAN_POINT ( 'NONE',  ( 0.000000000000000000, 0.4896862477045595963, 0.000000000000000000 ) ) ;
#2110 = VECTOR ( 'NONE', #1875, 1000.000000000000000 ) ;
#2111 = LINE ( 'NONE', #872, #2577 ) ;
#2112 = FILL_AREA_STYLE ('',( #445 ) ) ;
#2113 = FILL_AREA_STYLE ('',( #208 ) ) ;
#2114 = ORIENTED_EDGE ( 'NONE', *, *, #353, .F. ) ;
#2115 = PLANE ( 'NONE',  #215 ) ;
#2116 = SURFACE_STYLE_FILL_AREA ( #9 ) ;
#2117 = PRESENTATION_LAYER_ASSIGNMENT (  '', '', ( #1012 ) ) ;
#2118 = CARTESIAN_POINT ( 'NONE',  ( 0.4599999999999999645, 0.000000000000000000, -0.4459591794226542283 ) ) ;
#2119 = PRESENTATION_STYLE_ASSIGNMENT (( #850 ) ) ;
#2120 =( GEOMETRIC_REPRESENTATION_CONTEXT ( 3 ) GLOBAL_UNCERTAINTY_ASSIGNED_CONTEXT ( ( #683 ) ) GLOBAL_UNIT_ASSIGNED_CONTEXT ( ( #1807, #93, #2228 ) ) REPRESENTATION_CONTEXT ( 'NONE', 'WORKASPACE' ) );
#2121 = CARTESIAN_POINT ( 'NONE',  ( -0.7500000000000000000, 0.4396862477045595519, -0.7500000000000000000 ) ) ;
#2122 = CARTESIAN_POINT ( 'NONE',  ( 0.3234674192097928280, 0.6367061152542283775, 1.354133507872162134 ) ) ;
#2123 = ORIENTED_EDGE ( 'NONE', *, *, #1781, .F. ) ;
#2124 = STYLED_ITEM ( 'NONE', ( #287 ), #326 ) ;
#2125 = ORIENTED_EDGE ( 'NONE', *, *, #2351, .F. ) ;
#2126 = PRESENTATION_STYLE_ASSIGNMENT (( #1518 ) ) ;
#2127 = AXIS2_PLACEMENT_3D ( 'NONE', #2553, #1514, #1910 ) ;
#2128 = CIRCLE ( 'NONE', #1349, 0.1500000000000000222 ) ;
#2129 = CARTESIAN_POINT ( 'NONE',  ( -1.199999999999999734, 0.4396862477045595519, 0.9999999999999997780 ) ) ;
#2130 = SURFACE_SIDE_STYLE ('',( #846 ) ) ;
#2131 = ORIENTED_EDGE ( 'NONE', *, *, #2091, .F. ) ;
#2132 =( NAMED_UNIT ( * ) SI_UNIT ( $, .STERADIAN. ) SOLID_ANGLE_UNIT ( ) );
#2133 = MECHANICAL_DESIGN_GEOMETRIC_PRESENTATION_REPRESENTATION (  '', ( #2087 ), #783 ) ;
#2134 = PLANE ( 'NONE',  #2663 ) ;
#2135 = UNCERTAINTY_MEASURE_WITH_UNIT (LENGTH_MEASURE( 1.000000000000000082E-05 ), #1722, 'distance_accuracy_value', 'NONE');
#2136 = FILL_AREA_STYLE_COLOUR ( '', #593 ) ;
#2137 = SURFACE_STYLE_USAGE ( .BOTH. , #1714 ) ;
#2138 = CARTESIAN_POINT ( 'NONE',  ( 0.8500000000000001998, -0.06000000000000002554, -1.350000000000000089 ) ) ;
#2139 = CARTESIAN_POINT ( 'NONE',  ( 0.5000000000000001110, 0.000000000000000000, -1.350000000000000089 ) ) ;
#2140 = EDGE_CURVE ( 'NONE', #699, #489, #101, .T. ) ;
#2141 = VERTEX_POINT ( 'NONE', #2520 ) ;
#2142 = DIRECTION ( 'NONE',  ( -0.000000000000000000, -1.000000000000000000, -0.000000000000000000 ) ) ;
#2143 = CARTESIAN_POINT ( 'NONE',  ( 0.7500000000000000000, 0.4396862477045595519, 0.7500000000000000000 ) ) ;
#2144 = SURFACE_STYLE_FILL_AREA ( #1651 ) ;
#2145 = CARTESIAN_POINT ( 'NONE',  ( -1.500000000000000444, 0.4896862477045595963, 1.500000000000000000 ) ) ;
#2146 = APPLICATION_CONTEXT ( 'automotive_design' ) ;
#2147 = SURFACE_SIDE_STYLE ('',( #1963 ) ) ;
#2148 = DIRECTION ( 'NONE',  ( 0.000000000000000000, 0.000000000000000000, -1.000000000000000000 ) ) ;
#2149 = ADVANCED_FACE ( 'NONE', ( #647 ), #2249, .F. ) ;
#2150 = ADVANCED_FACE ( 'NONE', ( #2176 ), #1765, .T. ) ;
#2151 = UNCERTAINTY_MEASURE_WITH_UNIT (LENGTH_MEASURE( 1.000000000000000082E-05 ), #1471, 'distance_accuracy_value', 'NONE');
#2152 = DIRECTION ( 'NONE',  ( 0.000000000000000000, -1.000000000000000000, 0.000000000000000000 ) ) ;
#2153 =( LENGTH_UNIT ( ) NAMED_UNIT ( * ) SI_UNIT ( .MILLI., .METRE. ) );
#2154 = SURFACE_SIDE_STYLE ('',( #1877 ) ) ;
#2155 = PRESENTATION_STYLE_ASSIGNMENT (( #2533 ) ) ;
#2156 = VERTEX_POINT ( 'NONE', #2332 ) ;
#2157 = DIRECTION ( 'NONE',  ( 0.9726352588645359454, -0.000000000000000000, -0.2323373693866688794 ) ) ;
#2158 = ORIENTED_EDGE ( 'NONE', *, *, #1497, .T. ) ;
#2159 = CARTESIAN_POINT ( 'NONE',  ( 1.394151793798110273, 0.5208717148288242171, -0.1103090100319682881 ) ) ;
#2160 = CARTESIAN_POINT ( 'NONE',  ( -1.199999999999999734, 0.4396862477045595519, 0.9999999999999997780 ) ) ;
#2161 = EDGE_CURVE ( 'NONE', #18, #2543, #2352, .T. ) ;
#2162 = ORIENTED_EDGE ( 'NONE', *, *, #1005, .T. ) ;
#2163 = DIRECTION ( 'NONE',  ( 0.000000000000000000, 0.000000000000000000, -1.000000000000000000 ) ) ;
#2164 = UNCERTAINTY_MEASURE_WITH_UNIT (LENGTH_MEASURE( 1.000000000000000082E-05 ), #2237, 'distance_accuracy_value', 'NONE');
#2165 = ORIENTED_EDGE ( 'NONE', *, *, #81, .F. ) ;
#2166 = SURFACE_STYLE_FILL_AREA ( #1931 ) ;
#2167 = STYLED_ITEM ( 'NONE', ( #1185 ), #1991 ) ;
#2168 = ADVANCED_BREP_SHAPE_REPRESENTATION ( 'LV CRBP.01-KXLY-AD-Q525-350-R18', ( #906, #1856, #1354 ), #2042 ) ;
#2169 = CARTESIAN_POINT ( 'NONE',  ( 0.000000000000000000, 0.4896862477045595963, 0.000000000000000000 ) ) ;
#2170 = SURFACE_SIDE_STYLE ('',( #639 ) ) ;
#2171 = AXIS2_PLACEMENT_3D ( 'NONE', #2578, #2390, #125 ) ;
#2172 = UNCERTAINTY_MEASURE_WITH_UNIT (LENGTH_MEASURE( 1.000000000000000082E-05 ), #367, 'distance_accuracy_value', 'NONE');
#2173 = ORIENTED_EDGE ( 'NONE', *, *, #1561, .F. ) ;
#2174 = FACE_OUTER_BOUND ( 'NONE', #1099, .T. ) ;
#2175 = ORIENTED_EDGE ( 'NONE', *, *, #99, .F. ) ;
#2176 = FACE_OUTER_BOUND ( 'NONE', #1737, .T. ) ;
#2177 = DIRECTION ( 'NONE',  ( 0.2323373693866704615, -5.743335518472925877E-14, -0.9726352588645356123 ) ) ;
#2178 = PRESENTATION_STYLE_ASSIGNMENT (( #903 ) ) ;
#2179 = TOROIDAL_SURFACE ( 'NONE', #1240, 1.542201957341249541, 0.1499999999999999944 ) ;
#2180 = PRESENTATION_LAYER_ASSIGNMENT (  '', '', ( #1436 ) ) ;
#2181 = LINE ( 'NONE', #283, #2447 ) ;
#2182 = DIRECTION ( 'NONE',  ( 1.000000000000000000, 0.000000000000000000, 0.000000000000000000 ) ) ;
#2183 = DIRECTION ( 'NONE',  ( 0.000000000000000000, 0.000000000000000000, -1.000000000000000000 ) ) ;
#2184 = AXIS2_PLACEMENT_3D ( 'NONE', #355, #1838, #2060 ) ;
#2185 = STYLED_ITEM ( 'NONE', ( #1678 ), #2596 ) ;
#2186 = MECHANICAL_DESIGN_GEOMETRIC_PRESENTATION_REPRESENTATION (  '', ( #1115 ), #1692 ) ;
#2187 = COLOUR_RGB ( '',1.000000000000000000, 1.000000000000000000, 1.000000000000000000 ) ;
#2188 = LINE ( 'NONE', #751, #929 ) ;
#2189 = ORIENTED_EDGE ( 'NONE', *, *, #794, .T. ) ;
#2190 = ADVANCED_FACE ( 'NONE', ( #887 ), #1531, .F. ) ;
#2191 = EDGE_CURVE ( 'NONE', #79, #1236, #1823, .T. ) ;
#2192 = ORIENTED_EDGE ( 'NONE', *, *, #238, .F. ) ;
#2193 = DIRECTION ( 'NONE',  ( -1.000000000000000000, -0.000000000000000000, -0.000000000000000000 ) ) ;
#2194 = CARTESIAN_POINT ( 'NONE',  ( -0.1095566224597750715, 0.6312419187275648547, 1.392255443274184712 ) ) ;
#2195 = EDGE_LOOP ( 'NONE', ( #341, #1708, #2213, #1914, #2175, #2514, #886, #2508 ) ) ;
#2196 = SURFACE_STYLE_FILL_AREA ( #1361 ) ;
#2197 = ORIENTED_EDGE ( 'NONE', *, *, #1881, .T. ) ;
#2198 = MECHANICAL_DESIGN_GEOMETRIC_PRESENTATION_REPRESENTATION (  '', ( #1832 ), #1243 ) ;
#2199 = DIRECTION ( 'NONE',  ( 0.000000000000000000, -1.000000000000000000, 0.000000000000000000 ) ) ;
#2200 = ADVANCED_FACE ( 'NONE', ( #534 ), #523, .T. ) ;
#2201 = CARTESIAN_POINT ( 'NONE',  ( -1.500000000000000444, 0.4896862477045595963, -0.3583111458316354248 ) ) ;
#2202 =( LENGTH_UNIT ( ) NAMED_UNIT ( * ) SI_UNIT ( .MILLI., .METRE. ) );
#2203 = ADVANCED_FACE ( 'NONE', ( #387 ), #1170, .F. ) ;
#2204 = LINE ( 'NONE', #1943, #363 ) ;
#2205 =( LENGTH_UNIT ( ) NAMED_UNIT ( * ) SI_UNIT ( .MILLI., .METRE. ) );
#2206 = FILL_AREA_STYLE ('',( #1366 ) ) ;
#2207 = FILL_AREA_STYLE ('',( #87 ) ) ;
#2208 = VERTEX_POINT ( 'NONE', #1431 ) ;
#2209 = DIRECTION ( 'NONE',  ( 1.000000000000000000, 0.000000000000000000, 1.204669080539449097E-16 ) ) ;
#2210 = DIRECTION ( 'NONE',  ( -8.001190744149820513E-17, -0.000000000000000000, 1.000000000000000000 ) ) ;
#2211 = CARTESIAN_POINT ( 'NONE',  ( -0.4999999999999995559, 0.3896862477045595630, -1.080000000000000293 ) ) ;
#2212 = APPLICATION_PROTOCOL_DEFINITION ( 'draft international standard', 'automotive_design', 1998, #2146 ) ;
#2213 = ORIENTED_EDGE ( 'NONE', *, *, #2161, .F. ) ;
#2214 = COLOUR_RGB ( '',0.9686274509803921573, 0.8784313725490195957, 0.5999999999999999778 ) ;
#2215 = ORIENTED_EDGE ( 'NONE', *, *, #2040, .T. ) ;
#2216 =( LENGTH_UNIT ( ) NAMED_UNIT ( * ) SI_UNIT ( .MILLI., .METRE. ) );
#2217 = COLOUR_RGB ( '',1.000000000000000000, 1.000000000000000000, 1.000000000000000000 ) ;
#2218 = ORIENTED_EDGE ( 'NONE', *, *, #1125, .F. ) ;
#2219 = CARTESIAN_POINT ( 'NONE',  ( 0.2415077363278203548, 0.4896862477045595963, 1.500000000000000000 ) ) ;
#2220 = VECTOR ( 'NONE', #449, 1000.000000000000000 ) ;
#2221 = VERTEX_POINT ( 'NONE', #545 ) ;
#2222 =( NAMED_UNIT ( * ) PLANE_ANGLE_UNIT ( ) SI_UNIT ( $, .RADIAN. ) );
#2223 = VECTOR ( 'NONE', #542, 1000.000000000000000 ) ;
#2224 = VECTOR ( 'NONE', #558, 1000.000000000000000 ) ;
#2225 = DIRECTION ( 'NONE',  ( 0.000000000000000000, 1.000000000000000000, 0.000000000000000000 ) ) ;
#2226 =( GEOMETRIC_REPRESENTATION_CONTEXT ( 3 ) GLOBAL_UNCERTAINTY_ASSIGNED_CONTEXT ( ( #447 ) ) GLOBAL_UNIT_ASSIGNED_CONTEXT ( ( #1310, #1076, #493 ) ) REPRESENTATION_CONTEXT ( 'NONE', 'WORKASPACE' ) );
#2227 = STYLED_ITEM ( 'NONE', ( #2313 ), #871 ) ;
#2228 =( NAMED_UNIT ( * ) SI_UNIT ( $, .STERADIAN. ) SOLID_ANGLE_UNIT ( ) );
#2229 = VERTEX_POINT ( 'NONE', #160 ) ;
#2230 =( GEOMETRIC_REPRESENTATION_CONTEXT ( 3 ) GLOBAL_UNCERTAINTY_ASSIGNED_CONTEXT ( ( #1710 ) ) GLOBAL_UNIT_ASSIGNED_CONTEXT ( ( #744, #2414, #2012 ) ) REPRESENTATION_CONTEXT ( 'NONE', 'WORKASPACE' ) );
#2231 = SURFACE_SIDE_STYLE ('',( #85 ) ) ;
#2232 =( NAMED_UNIT ( * ) PLANE_ANGLE_UNIT ( ) SI_UNIT ( $, .RADIAN. ) );
#2233 = ORIENTED_EDGE ( 'NONE', *, *, #1616, .F. ) ;
#2234 = MECHANICAL_DESIGN_GEOMETRIC_PRESENTATION_REPRESENTATION (  '', ( #2398 ), #24 ) ;
#2235 = PLANE ( 'NONE',  #361 ) ;
#2236 = EDGE_CURVE ( 'NONE', #2467, #79, #804, .T. ) ;
#2237 =( LENGTH_UNIT ( ) NAMED_UNIT ( * ) SI_UNIT ( .MILLI., .METRE. ) );
#2238 = LINE ( 'NONE', #1598, #2224 ) ;
#2239 = CARTESIAN_POINT ( 'NONE',  ( -1.354133507872162578, 0.6367061152542283775, 0.3234674192097906076 ) ) ;
#2240 = UNCERTAINTY_MEASURE_WITH_UNIT (LENGTH_MEASURE( 1.000000000000000082E-05 ), #1674, 'distance_accuracy_value', 'NONE');
#2241 = SURFACE_STYLE_FILL_AREA ( #2437 ) ;
#2242 = FILL_AREA_STYLE ('',( #932 ) ) ;
#2243 = EDGE_CURVE ( 'NONE', #1463, #939, #562, .T. ) ;
#2244 = ORIENTED_EDGE ( 'NONE', *, *, #2550, .F. ) ;
#2245 = SURFACE_SIDE_STYLE ('',( #2481 ) ) ;
#2246 = ORIENTED_EDGE ( 'NONE', *, *, #634, .F. ) ;
#2247 = ORIENTED_EDGE ( 'NONE', *, *, #1056, .T. ) ;
#2248 = DIRECTION ( 'NONE',  ( -0.000000000000000000, -0.000000000000000000, 1.000000000000000000 ) ) ;
#2249 =( BOUNDED_SURFACE ( )  B_SPLINE_SURFACE ( 3, 2, ( 
 ( #1735, #462, #2569 ),
 ( #705, #1328, #66 ),
 ( #1960, #1971, #1754 ),
 ( #1542, #2159, #1356 ),
 ( #96, #48, #441 ),
 ( #1119, #661, #1337 ) ),
 .UNSPECIFIED., .F., .F., .F. ) 
 B_SPLINE_SURFACE_WITH_KNOTS ( ( 4, 2, 4 ),
 ( 3, 3 ),
 ( 0.0004649166184078927706, 0.0008324358057127189498, 0.001199954993017545183 ),
 ( 0.000000000000000000, 1.000000000000000000 ),
 .UNSPECIFIED. ) 
 GEOMETRIC_REPRESENTATION_ITEM ( )  RATIONAL_B_SPLINE_SURFACE ( (
 ( 1.000000000000000000, 0.7140964744587494639, 1.000000000000000000),
 ( 1.000000000000000000, 0.7771138420224750210, 1.000000000000000000),
 ( 1.000000000000000000, 0.8051965208133837759, 1.000000000000000000),
 ( 1.000000000000000000, 0.8055328015469052083, 1.000000000000000000),
 ( 1.000000000000000000, 0.7770557625366244503, 1.000000000000000000),
 ( 1.000000000000000000, 0.7140964744587646740, 1.000000000000000000) ) ) 
 REPRESENTATION_ITEM ( '' )  SURFACE ( )  );
#2250 = CARTESIAN_POINT ( 'NONE',  ( 0.4999999999999998890, -0.06000000000000002554, 1.350000000000000089 ) ) ;
#2251 = ORIENTED_EDGE ( 'NONE', *, *, #145, .F. ) ;
#2252 =( NAMED_UNIT ( * ) SI_UNIT ( $, .STERADIAN. ) SOLID_ANGLE_UNIT ( ) );
#2253 = STYLED_ITEM ( 'NONE', ( #603 ), #2101 ) ;
#2254 = EDGE_LOOP ( 'NONE', ( #2093, #1368, #2656, #84 ) ) ;
#2255 = AXIS2_PLACEMENT_3D ( 'NONE', #520, #288, #1189 ) ;
#2256 = DIRECTION ( 'NONE',  ( 0.000000000000000000, 1.000000000000000000, 0.000000000000000000 ) ) ;
#2257 = EDGE_CURVE ( 'NONE', #295, #959, #250, .T. ) ;
#2258 = VECTOR ( 'NONE', #642, 1000.000000000000000 ) ;
#2259 = EDGE_CURVE ( 'NONE', #564, #2014, #885, .T. ) ;
#2260 = VECTOR ( 'NONE', #2546, 1000.000000000000000 ) ;
#2261 = SURFACE_STYLE_USAGE ( .BOTH. , #131 ) ;
#2262 = SURFACE_STYLE_USAGE ( .BOTH. , #2071 ) ;
#2263 =( NAMED_UNIT ( * ) PLANE_ANGLE_UNIT ( ) SI_UNIT ( $, .RADIAN. ) );
#2264 = ADVANCED_FACE ( 'NONE', ( #2174 ), #1799, .F. ) ;
#2265 = STYLED_ITEM ( 'NONE', ( #2380 ), #2680 ) ;
#2266 = ORIENTED_EDGE ( 'NONE', *, *, #772, .F. ) ;
#2267 = EDGE_CURVE ( 'NONE', #1339, #2537, #1786, .T. ) ;
#2268 = FACE_OUTER_BOUND ( 'NONE', #1352, .T. ) ;
#2269 = CARTESIAN_POINT ( 'NONE',  ( 0.000000000000000000, 0.4896862477045595963, 0.000000000000000000 ) ) ;
#2270 = DIRECTION ( 'NONE',  ( 0.000000000000000000, 0.000000000000000000, -1.000000000000000000 ) ) ;
#2271 =( GEOMETRIC_REPRESENTATION_CONTEXT ( 3 ) GLOBAL_UNCERTAINTY_ASSIGNED_CONTEXT ( ( #159 ) ) GLOBAL_UNIT_ASSIGNED_CONTEXT ( ( #2016, #1802, #941 ) ) REPRESENTATION_CONTEXT ( 'NONE', 'WORKASPACE' ) );
#2272 = PRESENTATION_LAYER_ASSIGNMENT (  '', '', ( #1656 ) ) ;
#2273 = LINE ( 'NONE', #1142, #1521 ) ;
#2274 = LINE ( 'NONE', #606, #1853 ) ;
#2275 = ADVANCED_FACE ( 'NONE', ( #755 ), #843, .F. ) ;
#2276 = CARTESIAN_POINT ( 'NONE',  ( 0.7500000000000000000, 0.3896862477045595630, 0.7500000000000000000 ) ) ;
#2277 = CARTESIAN_POINT ( 'NONE',  ( 1.500000000000000444, 0.4896862477045595963, 1.500000000000000000 ) ) ;
#2278 = CARTESIAN_POINT ( 'NONE',  ( 0.3234674192098180856, 0.6367061152542283775, -1.354133507872155917 ) ) ;
#2279 =( NAMED_UNIT ( * ) PLANE_ANGLE_UNIT ( ) SI_UNIT ( $, .RADIAN. ) );
#2280 = EDGE_LOOP ( 'NONE', ( #377, #505, #1994, #2566 ) ) ;
#2281 = DIRECTION ( 'NONE',  ( 1.000000000000000000, 0.000000000000000000, 0.000000000000000000 ) ) ;
#2282 = LINE ( 'NONE', #1028, #2110 ) ;
#2283 = LINE ( 'NONE', #181, #365 ) ;
#2284 = CARTESIAN_POINT ( 'NONE',  ( -8.958158193347445201E-13, 0.6312201943930479953, 1.392329507379516107 ) ) ;
#2285 = ORIENTED_EDGE ( 'NONE', *, *, #688, .F. ) ;
#2286 = DIRECTION ( 'NONE',  ( 0.000000000000000000, 0.000000000000000000, 1.000000000000000000 ) ) ;
#2287 = ORIENTED_EDGE ( 'NONE', *, *, #2500, .F. ) ;
#2288 = AXIS2_PLACEMENT_3D ( 'NONE', #1742, #2558, #2406 ) ;
#2289 = CARTESIAN_POINT ( 'NONE',  ( 0.3583111458316375897, 0.4896862477045595963, 1.500000000000000000 ) ) ;
#2290 = LINE ( 'NONE', #206, #1726 ) ;
#2291 = AXIS2_PLACEMENT_3D ( 'NONE', #2129, #2337, #53 ) ;
#2292 = DIRECTION ( 'NONE',  ( 0.000000000000000000, 0.000000000000000000, 1.000000000000000000 ) ) ;
#2293 = MECHANICAL_DESIGN_GEOMETRIC_PRESENTATION_REPRESENTATION (  '', ( #276 ), #182 ) ;
#2294 = LINE ( 'NONE', #420, #177 ) ;
#2295 = SURFACE_STYLE_USAGE ( .BOTH. , #1657 ) ;
#2296 = DIRECTION ( 'NONE',  ( -0.000000000000000000, -0.000000000000000000, 1.000000000000000000 ) ) ;
#2297 = ORIENTED_EDGE ( 'NONE', *, *, #739, .F. ) ;
#2298 = PRESENTATION_LAYER_ASSIGNMENT (  '', '', ( #1811 ) ) ;
#2299 =( LENGTH_UNIT ( ) NAMED_UNIT ( * ) SI_UNIT ( .MILLI., .METRE. ) );
#2300 = VECTOR ( 'NONE', #552, 1000.000000000000000 ) ;
#2301 = ORIENTED_EDGE ( 'NONE', *, *, #574, .T. ) ;
#2302 = CARTESIAN_POINT ( 'NONE',  ( -0.7500000000000000000, 0.4396862477045595519, 0.7500000000000000000 ) ) ;
#2303 =( GEOMETRIC_REPRESENTATION_CONTEXT ( 3 ) GLOBAL_UNCERTAINTY_ASSIGNED_CONTEXT ( ( #2164 ) ) GLOBAL_UNIT_ASSIGNED_CONTEXT ( ( #2237, #2020, #1747 ) ) REPRESENTATION_CONTEXT ( 'NONE', 'WORKASPACE' ) );
#2304 = MECHANICAL_DESIGN_GEOMETRIC_PRESENTATION_REPRESENTATION (  '', ( #1610 ), #284 ) ;
#2305 = PRESENTATION_STYLE_ASSIGNMENT (( #1472 ) ) ;
#2306 =( GEOMETRIC_REPRESENTATION_CONTEXT ( 3 ) GLOBAL_UNCERTAINTY_ASSIGNED_CONTEXT ( ( #994 ) ) GLOBAL_UNIT_ASSIGNED_CONTEXT ( ( #1586, #1760, #78 ) ) REPRESENTATION_CONTEXT ( 'NONE', 'WORKASPACE' ) );
#2307 = DIRECTION ( 'NONE',  ( -0.000000000000000000, 1.000000000000000000, -0.000000000000000000 ) ) ;
#2308 = LINE ( 'NONE', #1493, #1520 ) ;
#2309 = MECHANICAL_DESIGN_GEOMETRIC_PRESENTATION_REPRESENTATION (  '', ( #1751 ), #857 ) ;
#2310 = CARTESIAN_POINT ( 'NONE',  ( -0.5000000000000001110, -0.06000000000000002554, 1.350000000000000089 ) ) ;
#2311 =( GEOMETRIC_REPRESENTATION_CONTEXT ( 3 ) GLOBAL_UNCERTAINTY_ASSIGNED_CONTEXT ( ( #1504 ) ) GLOBAL_UNIT_ASSIGNED_CONTEXT ( ( #416, #1000, #2471 ) ) REPRESENTATION_CONTEXT ( 'NONE', 'WORKASPACE' ) );
#2312 = EDGE_CURVE ( 'NONE', #2654, #1015, #1446, .T. ) ;
#2313 = PRESENTATION_STYLE_ASSIGNMENT (( #618 ) ) ;
#2314 = COLOUR_RGB ( '',0.9686274509803921573, 0.8784313725490195957, 0.5999999999999999778 ) ;
#2315 = ORIENTED_EDGE ( 'NONE', *, *, #600, .T. ) ;
#2316 = CARTESIAN_POINT ( 'NONE',  ( 1.500000000000000444, 0.4896862477045595963, -0.3583111458316358688 ) ) ;
#2317 = FILL_AREA_STYLE ('',( #422 ) ) ;
#2318 = DIRECTION ( 'NONE',  ( -0.000000000000000000, -1.000000000000000000, -0.000000000000000000 ) ) ;
#2319 = CARTESIAN_POINT ( 'NONE',  ( 8.959783584182639881E-13, 0.6312201943930479953, -1.392329507379516107 ) ) ;
#2320 = ORIENTED_EDGE ( 'NONE', *, *, #169, .T. ) ;
#2321 = CARTESIAN_POINT ( 'NONE',  ( -0.3583111458316375897, 0.6396862477045595075, 1.500000000000000000 ) ) ;
#2322 = ORIENTED_EDGE ( 'NONE', *, *, #1918, .T. ) ;
#2323 = DIRECTION ( 'NONE',  ( -1.000000000000000000, 0.000000000000000000, 0.000000000000000000 ) ) ;
#2324 =( LENGTH_UNIT ( ) NAMED_UNIT ( * ) SI_UNIT ( .MILLI., .METRE. ) );
#2325 = DIRECTION ( 'NONE',  ( 0.000000000000000000, -1.000000000000000000, 0.000000000000000000 ) ) ;
#2326 = LINE ( 'NONE', #1270, #2506 ) ;
#2327 = DIRECTION ( 'NONE',  ( -0.000000000000000000, -1.000000000000000000, -0.000000000000000000 ) ) ;
#2328 = SURFACE_STYLE_USAGE ( .BOTH. , #2154 ) ;
#2329 = VERTEX_POINT ( 'NONE', #374 ) ;
#2330 = SURFACE_STYLE_FILL_AREA ( #460 ) ;
#2331 = ORIENTED_EDGE ( 'NONE', *, *, #199, .F. ) ;
#2332 = CARTESIAN_POINT ( 'NONE',  ( -0.4999999999999998890, 0.000000000000000000, -1.350000000000000089 ) ) ;
#2333 = DIRECTION ( 'NONE',  ( 0.000000000000000000, -1.000000000000000000, 0.000000000000000000 ) ) ;
#2334 = ORIENTED_EDGE ( 'NONE', *, *, #1887, .F. ) ;
#2335 = PRESENTATION_LAYER_ASSIGNMENT (  '', '', ( #586 ) ) ;
#2336 =( NAMED_UNIT ( * ) SI_UNIT ( $, .STERADIAN. ) SOLID_ANGLE_UNIT ( ) );
#2337 = DIRECTION ( 'NONE',  ( 0.000000000000000000, 0.000000000000000000, -1.000000000000000000 ) ) ;
#2338 = EDGE_LOOP ( 'NONE', ( #1690, #2347, #2402, #704 ) ) ;
#2339 = UNCERTAINTY_MEASURE_WITH_UNIT (LENGTH_MEASURE( 1.000000000000000082E-05 ), #2056, 'distance_accuracy_value', 'NONE');
#2340 = STYLED_ITEM ( 'NONE', ( #499 ), #1383 ) ;
#2341 = ADVANCED_FACE ( 'NONE', ( #730 ), #1961, .F. ) ;
#2342 = VECTOR ( 'NONE', #1035, 1000.000000000000000 ) ;
#2343 = LINE ( 'NONE', #2531, #19 ) ;
#2344 = DIRECTION ( 'NONE',  ( 8.031127203596329369E-17, 0.000000000000000000, -1.000000000000000000 ) ) ;
#2345 = LINE ( 'NONE', #1482, #2565 ) ;
#2346 = LINE ( 'NONE', #426, #1387 ) ;
#2347 = ORIENTED_EDGE ( 'NONE', *, *, #5, .F. ) ;
#2348 = DIRECTION ( 'NONE',  ( -1.000000000000000000, -0.000000000000000000, -0.000000000000000000 ) ) ;
#2349 = ORIENTED_EDGE ( 'NONE', *, *, #1231, .T. ) ;
#2350 = ADVANCED_FACE ( 'NONE', ( #2051 ), #167, .F. ) ;
#2351 = EDGE_CURVE ( 'NONE', #901, #1015, #1755, .T. ) ;
#2352 = LINE ( 'NONE', #1089, #1695 ) ;
#2353 = CARTESIAN_POINT ( 'NONE',  ( 1.350000000000000089, 0.000000000000000000, 1.350000000000000089 ) ) ;
#2354 = FACE_OUTER_BOUND ( 'NONE', #1949, .T. ) ;
#2355 = AXIS2_PLACEMENT_3D ( 'NONE', #3, #67, #2590 ) ;
#2356 = CIRCLE ( 'NONE', #2661, 0.1499999999999999112 ) ;
#2357 = SURFACE_SIDE_STYLE ('',( #2166 ) ) ;
#2358 = PRESENTATION_LAYER_ASSIGNMENT (  '', '', ( #1866 ) ) ;
#2359 = DIRECTION ( 'NONE',  ( -0.000000000000000000, 0.000000000000000000, 1.000000000000000000 ) ) ;
#2360 = PLANE ( 'NONE',  #1108 ) ;
#2361 = VERTEX_POINT ( 'NONE', #2160 ) ;
#2362 = VERTEX_POINT ( 'NONE', #1927 ) ;
#2363 = FILL_AREA_STYLE_COLOUR ( '', #516 ) ;
#2364 = VERTEX_POINT ( 'NONE', #463 ) ;
#2365 = PLANE ( 'NONE',  #1439 ) ;
#2366 = CARTESIAN_POINT ( 'NONE',  ( -1.500000000000000444, 0.3896862477045595630, -1.500000000000000000 ) ) ;
#2367 = CARTESIAN_POINT ( 'NONE',  ( -1.199999999999999734, 0.4396862477045595519, 0.9999999999999997780 ) ) ;
#2368 = FILL_AREA_STYLE_COLOUR ( '', #2669 ) ;
#2369 = LINE ( 'NONE', #41, #1350 ) ;
#2370 = CARTESIAN_POINT ( 'NONE',  ( 0.2172523896448736724, 0.6367061152544386537, 1.379505527170789669 ) ) ;
#2371 = DIRECTION ( 'NONE',  ( 1.000000000000000000, 0.000000000000000000, 0.000000000000000000 ) ) ;
#2372 = EDGE_LOOP ( 'NONE', ( #802, #2527, #302, #438 ) ) ;
#2373 = FILL_AREA_STYLE ('',( #1924 ) ) ;
#2374 = LINE ( 'NONE', #840, #2576 ) ;
#2375 = VERTEX_POINT ( 'NONE', #2353 ) ;
#2376 = FILL_AREA_STYLE ('',( #2593 ) ) ;
#2377 =( NAMED_UNIT ( * ) SI_UNIT ( $, .STERADIAN. ) SOLID_ANGLE_UNIT ( ) );
#2378 = CARTESIAN_POINT ( 'NONE',  ( -1.500000000000000444, 0.4896862477045595963, 0.2415077363278145539 ) ) ;
#2379 = EDGE_CURVE ( 'NONE', #157, #1007, #1782, .T. ) ;
#2380 = PRESENTATION_STYLE_ASSIGNMENT (( #2621 ) ) ;
#2381 =( NAMED_UNIT ( * ) PLANE_ANGLE_UNIT ( ) SI_UNIT ( $, .RADIAN. ) );
#2382 = SURFACE_STYLE_USAGE ( .BOTH. , #1762 ) ;
#2383 = AXIS2_PLACEMENT_3D ( 'NONE', #1795, #1564, #328 ) ;
#2384 = ORIENTED_EDGE ( 'NONE', *, *, #723, .T. ) ;
#2385 = FILL_AREA_STYLE ('',( #2011 ) ) ;
#2386 =( LENGTH_UNIT ( ) NAMED_UNIT ( * ) SI_UNIT ( .MILLI., .METRE. ) );
#2387 = FILL_AREA_STYLE_COLOUR ( '', #1955 ) ;
#2388 = ADVANCED_FACE ( 'NONE', ( #1103 ), #1120, .F. ) ;
#2389 = MECHANICAL_DESIGN_GEOMETRIC_PRESENTATION_REPRESENTATION (  '', ( #1436 ), #1603 ) ;
#2390 = DIRECTION ( 'NONE',  ( 0.000000000000000000, 0.000000000000000000, -1.000000000000000000 ) ) ;
#2391 = FACE_OUTER_BOUND ( 'NONE', #1641, .T. ) ;
#2392 = DIRECTION ( 'NONE',  ( 1.606225440719265874E-16, 0.000000000000000000, -1.000000000000000000 ) ) ;
#2393 = VECTOR ( 'NONE', #30, 1000.000000000000000 ) ;
#2394 = CIRCLE ( 'NONE', #407, 0.1499999999999999112 ) ;
#2395 = SURFACE_SIDE_STYLE ('',( #310 ) ) ;
#2396 = FACE_OUTER_BOUND ( 'NONE', #1527, .T. ) ;
#2397 = EDGE_CURVE ( 'NONE', #2229, #1136, #938, .T. ) ;
#2398 = STYLED_ITEM ( 'NONE', ( #2178 ), #945 ) ;
#2399 = STYLED_ITEM ( 'NONE', ( #2595 ), #2264 ) ;
#2400 = MECHANICAL_DESIGN_GEOMETRIC_PRESENTATION_REPRESENTATION (  '', ( #2625 ), #1360 ) ;
#2401 = PRESENTATION_STYLE_ASSIGNMENT (( #292 ) ) ;
#2402 = ORIENTED_EDGE ( 'NONE', *, *, #2052, .F. ) ;
#2403 = DIRECTION ( 'NONE',  ( 1.000000000000000000, 0.000000000000000000, 0.000000000000000000 ) ) ;
#2404 = SURFACE_SIDE_STYLE ('',( #1357 ) ) ;
#2405 = VERTEX_POINT ( 'NONE', #1543 ) ;
#2406 = DIRECTION ( 'NONE',  ( 1.224646799147353207E-16, 0.000000000000000000, -1.000000000000000000 ) ) ;
#2407 = LINE ( 'NONE', #298, #1107 ) ;
#2408 = FACE_BOUND ( 'NONE', #1990, .T. ) ;
#2409 = ORIENTED_EDGE ( 'NONE', *, *, #701, .T. ) ;
#2410 = LINE ( 'NONE', #1550, #1886 ) ;
#2411 = FILL_AREA_STYLE_COLOUR ( '', #1308 ) ;
#2412 = DIRECTION ( 'NONE',  ( 0.000000000000000000, 1.000000000000000000, 0.000000000000000000 ) ) ;
#2413 = ORIENTED_EDGE ( 'NONE', *, *, #527, .F. ) ;
#2414 =( NAMED_UNIT ( * ) PLANE_ANGLE_UNIT ( ) SI_UNIT ( $, .RADIAN. ) );
#2415 = CARTESIAN_POINT ( 'NONE',  ( 0.2179869833239655441, 0.6367060102122655829, 1.379330053914941567 ) ) ;
#2416 = ORIENTED_EDGE ( 'NONE', *, *, #108, .T. ) ;
#2417 = FILL_AREA_STYLE ('',( #2631 ) ) ;
#2418 = UNCERTAINTY_MEASURE_WITH_UNIT (LENGTH_MEASURE( 1.000000000000000082E-05 ), #1975, 'distance_accuracy_value', 'NONE');
#2419 = CARTESIAN_POINT ( 'NONE',  ( 1.350000000000000089, 0.000000000000000000, 1.350000000000000089 ) ) ;
#2420 = STYLED_ITEM ( 'NONE', ( #1915 ), #1982 ) ;
#2421 = AXIS2_PLACEMENT_3D ( 'NONE', #2517, #1874, #821 ) ;
#2422 = DIRECTION ( 'NONE',  ( 0.000000000000000000, 0.000000000000000000, -1.000000000000000000 ) ) ;
#2423 = SURFACE_STYLE_USAGE ( .BOTH. , #1967 ) ;
#2424 = COLOUR_RGB ( '',0.2509803921568627416, 0.2509803921568627416, 0.2509803921568627416 ) ;
#2425 = ORIENTED_EDGE ( 'NONE', *, *, #1117, .F. ) ;
#2426 =( GEOMETRIC_REPRESENTATION_CONTEXT ( 3 ) GLOBAL_UNCERTAINTY_ASSIGNED_CONTEXT ( ( #1321 ) ) GLOBAL_UNIT_ASSIGNED_CONTEXT ( ( #1639, #373, #1225 ) ) REPRESENTATION_CONTEXT ( 'NONE', 'WORKASPACE' ) );
#2427 =( LENGTH_UNIT ( ) NAMED_UNIT ( * ) SI_UNIT ( .MILLI., .METRE. ) );
#2428 = ORIENTED_EDGE ( 'NONE', *, *, #1174, .F. ) ;
#2429 = ORIENTED_EDGE ( 'NONE', *, *, #2379, .T. ) ;
#2430 = CARTESIAN_POINT ( 'NONE',  ( 0.3583111458316490805, 0.6396862477068330222, -1.500000000000037081 ) ) ;
#2431 = FILL_AREA_STYLE_COLOUR ( '', #902 ) ;
#2432 = EDGE_CURVE ( 'NONE', #669, #1392, #2374, .T. ) ;
#2433 = SURFACE_STYLE_FILL_AREA ( #791 ) ;
#2434 = AXIS2_PLACEMENT_3D ( 'NONE', #1792, #920, #1766 ) ;
#2435 = CARTESIAN_POINT ( 'NONE',  ( -0.9999999999999995559, 0.4396862477045595519, 0.7999999999999998224 ) ) ;
#2436 = PRESENTATION_STYLE_ASSIGNMENT (( #1157 ) ) ;
#2437 = FILL_AREA_STYLE ('',( #1175 ) ) ;
#2438 = COLOUR_RGB ( '',0.9686274509803921573, 0.8784313725490195957, 0.5999999999999999778 ) ;
#2439 =( GEOMETRIC_REPRESENTATION_CONTEXT ( 3 ) GLOBAL_UNCERTAINTY_ASSIGNED_CONTEXT ( ( #2240 ) ) GLOBAL_UNIT_ASSIGNED_CONTEXT ( ( #1674, #1911, #2336 ) ) REPRESENTATION_CONTEXT ( 'NONE', 'WORKASPACE' ) );
#2440 = DIRECTION ( 'NONE',  ( -0.9726352588645361674, 0.000000000000000000, 0.2323373693866676304 ) ) ;
#2441 =( GEOMETRIC_REPRESENTATION_CONTEXT ( 3 ) GLOBAL_UNCERTAINTY_ASSIGNED_CONTEXT ( ( #141 ) ) GLOBAL_UNIT_ASSIGNED_CONTEXT ( ( #2202, #337, #1560 ) ) REPRESENTATION_CONTEXT ( 'NONE', 'WORKASPACE' ) );
#2442 = ORIENTED_EDGE ( 'NONE', *, *, #1118, .F. ) ;
#2443 = EDGE_CURVE ( 'NONE', #619, #2329, #1164, .T. ) ;
#2444 = VECTOR ( 'NONE', #2493, 1000.000000000000000 ) ;
#2445 = MECHANICAL_DESIGN_GEOMETRIC_PRESENTATION_REPRESENTATION (  '', ( #1749 ), #2311 ) ;
#2446 = ORIENTED_EDGE ( 'NONE', *, *, #865, .F. ) ;
#2447 = VECTOR ( 'NONE', #1948, 1000.000000000000000 ) ;
#2448 = SURFACE_SIDE_STYLE ('',( #2670 ) ) ;
#2449 = CARTESIAN_POINT ( 'NONE',  ( 1.500000000000000444, 0.3896862477045595630, 1.499999999999999778 ) ) ;
#2450 = PRESENTATION_STYLE_ASSIGNMENT (( #1627 ) ) ;
#2451 = PRESENTATION_STYLE_ASSIGNMENT (( #2496 ) ) ;
#2452 = CARTESIAN_POINT ( 'NONE',  ( 0.3234674192097928280, 0.6367061152542283775, -1.354133507872162134 ) ) ;
#2453 = PRODUCT_DEFINITION_CONTEXT ( 'detailed design', #1306, 'design' ) ;
#2454 =( NAMED_UNIT ( * ) SI_UNIT ( $, .STERADIAN. ) SOLID_ANGLE_UNIT ( ) );
#2455 =( NAMED_UNIT ( * ) PLANE_ANGLE_UNIT ( ) SI_UNIT ( $, .RADIAN. ) );
#2456 = ORIENTED_EDGE ( 'NONE', *, *, #1539, .T. ) ;
#2457 = CARTESIAN_POINT ( 'NONE',  ( 1.500000000000000444, 0.4896862477045595963, 1.500000000000000000 ) ) ;
#2458 = EDGE_CURVE ( 'NONE', #239, #489, #1055, .T. ) ;
#2459 =( NAMED_UNIT ( * ) PLANE_ANGLE_UNIT ( ) SI_UNIT ( $, .RADIAN. ) );
#2460 = FACE_OUTER_BOUND ( 'NONE', #2586, .T. ) ;
#2461 = DIRECTION ( 'NONE',  ( 0.000000000000000000, -1.000000000000000000, 0.000000000000000000 ) ) ;
#2462 = DIRECTION ( 'NONE',  ( -0.000000000000000000, 1.000000000000000000, -0.000000000000000000 ) ) ;
#2463 =( GEOMETRIC_REPRESENTATION_CONTEXT ( 3 ) GLOBAL_UNCERTAINTY_ASSIGNED_CONTEXT ( ( #2560 ) ) GLOBAL_UNIT_ASSIGNED_CONTEXT ( ( #961, #999, #776 ) ) REPRESENTATION_CONTEXT ( 'NONE', 'WORKASPACE' ) );
#2464 = FACE_OUTER_BOUND ( 'NONE', #32, .T. ) ;
#2465 = CARTESIAN_POINT ( 'NONE',  ( -1.500000000000000444, 0.4896862477045595963, 1.500000000000000000 ) ) ;
#2466 = CARTESIAN_POINT ( 'NONE',  ( -0.4999999999999998890, 0.000000000000000000, -1.350000000000000089 ) ) ;
#2467 = VERTEX_POINT ( 'NONE', #1060 ) ;
#2468 = PRESENTATION_LAYER_ASSIGNMENT (  '', '', ( #1428 ) ) ;
#2469 = CARTESIAN_POINT ( 'NONE',  ( -0.3234674192097928280, 0.6367061152542283775, 1.354133507872162134 ) ) ;
#2470 = DIRECTION ( 'NONE',  ( 0.000000000000000000, 0.000000000000000000, -1.000000000000000000 ) ) ;
#2471 =( NAMED_UNIT ( * ) SI_UNIT ( $, .STERADIAN. ) SOLID_ANGLE_UNIT ( ) );
#2472 = STYLED_ITEM ( 'NONE', ( #2155 ), #1628 ) ;
#2473 = CARTESIAN_POINT ( 'NONE',  ( -1.500000000000000444, 0.4896862477045595963, 1.500000000000000000 ) ) ;
#2474 = CARTESIAN_POINT ( 'NONE',  ( -0.9999999999999995559, 0.4396862477045595519, 0.7999999999999998224 ) ) ;
#2475 = VECTOR ( 'NONE', #1646, 1000.000000000000000 ) ;
#2476 =( NAMED_UNIT ( * ) PLANE_ANGLE_UNIT ( ) SI_UNIT ( $, .RADIAN. ) );
#2477 = UNCERTAINTY_MEASURE_WITH_UNIT (LENGTH_MEASURE( 1.000000000000000082E-05 ), #757, 'distance_accuracy_value', 'NONE');
#2478 = ORIENTED_EDGE ( 'NONE', *, *, #1577, .F. ) ;
#2479 = EDGE_CURVE ( 'NONE', #1336, #1392, #1032, .T. ) ;
#2480 = PRESENTATION_LAYER_ASSIGNMENT (  '', '', ( #1745 ) ) ;
#2481 = SURFACE_STYLE_FILL_AREA ( #1589 ) ;
#2482 = PRESENTATION_STYLE_ASSIGNMENT (( #2262 ) ) ;
#2483 = B_SPLINE_CURVE_WITH_KNOTS ( 'NONE', 3,
 ( #1511, #1954, #31, #2319 ),
 .UNSPECIFIED., .F., .F.,
 ( 4, 4 ),
 ( 0.000000000000000000, 0.0003254958976128378176 ),
 .UNSPECIFIED. ) ;
#2484 = EDGE_LOOP ( 'NONE', ( #304, #988, #786, #1764 ) ) ;
#2485 = MECHANICAL_DESIGN_GEOMETRIC_PRESENTATION_REPRESENTATION (  '', ( #1168 ), #2306 ) ;
#2486 = CARTESIAN_POINT ( 'NONE',  ( 1.392245181642171703, 0.6312449294990211124, 0.1095410673141907348 ) ) ;
#2487 = MECHANICAL_DESIGN_GEOMETRIC_PRESENTATION_REPRESENTATION (  '', ( #989 ), #329 ) ;
#2488 = CARTESIAN_POINT ( 'NONE',  ( -0.9999999999999995559, 0.3896862477045595630, -1.200000000000000178 ) ) ;
#2489 = DIRECTION ( 'NONE',  ( 0.000000000000000000, 0.000000000000000000, -1.000000000000000000 ) ) ;
#2490 = CARTESIAN_POINT ( 'NONE',  ( -0.3234674192097928280, 0.6367061152542283775, 1.354133507872162134 ) ) ;
#2491 = CARTESIAN_POINT ( 'NONE',  ( 0.1213580194302613657, 0.4896862477045595963, -1.500000000000000000 ) ) ;
#2492 = EDGE_LOOP ( 'NONE', ( #2158, #551, #934, #1753 ) ) ;
#2493 = DIRECTION ( 'NONE',  ( 0.000000000000000000, 0.000000000000000000, 1.000000000000000000 ) ) ;
#2494 = PRESENTATION_STYLE_ASSIGNMENT (( #1668 ) ) ;
#2495 = DIRECTION ( 'NONE',  ( -1.000000000000000000, 0.000000000000000000, -0.000000000000000000 ) ) ;
#2496 = SURFACE_STYLE_USAGE ( .BOTH. , #1455 ) ;
#2497 = PRESENTATION_STYLE_ASSIGNMENT (( #2681 ) ) ;
#2498 = EDGE_LOOP ( 'NONE', ( #1135, #1536, #2478, #2682 ) ) ;
#2499 =( GEOMETRIC_REPRESENTATION_CONTEXT ( 3 ) GLOBAL_UNCERTAINTY_ASSIGNED_CONTEXT ( ( #877 ) ) GLOBAL_UNIT_ASSIGNED_CONTEXT ( ( #1803, #2632, #2642 ) ) REPRESENTATION_CONTEXT ( 'NONE', 'WORKASPACE' ) );
#2500 = EDGE_CURVE ( 'NONE', #2375, #2630, #2096, .T. ) ;
#2501 = FILL_AREA_STYLE ('',( #1230 ) ) ;
#2502 =( GEOMETRIC_REPRESENTATION_CONTEXT ( 3 ) GLOBAL_UNCERTAINTY_ASSIGNED_CONTEXT ( ( #1791 ) ) GLOBAL_UNIT_ASSIGNED_CONTEXT ( ( #1973, #448, #907 ) ) REPRESENTATION_CONTEXT ( 'NONE', 'WORKASPACE' ) );
#2503 =( LENGTH_UNIT ( ) NAMED_UNIT ( * ) SI_UNIT ( .MILLI., .METRE. ) );
#2504 = CARTESIAN_POINT ( 'NONE',  ( 1.350000000000000311, -0.06000000000000002554, -1.350000000000000089 ) ) ;
#2505 = CARTESIAN_POINT ( 'NONE',  ( -0.5000000000000001110, -0.06000000000000002554, 1.350000000000000089 ) ) ;
#2506 = VECTOR ( 'NONE', #431, 1000.000000000000000 ) ;
#2507 = CARTESIAN_POINT ( 'NONE',  ( -0.8499999999999998668, 0.000000000000000000, -1.350000000000000089 ) ) ;
#2508 = ORIENTED_EDGE ( 'NONE', *, *, #1005, .F. ) ;
#2509 = CARTESIAN_POINT ( 'NONE',  ( 0.4500000000000000111, -0.06000000000000002554, -0.4949489742783177992 ) ) ;
#2510 = DIRECTION ( 'NONE',  ( -0.000000000000000000, 1.000000000000000000, -0.000000000000000000 ) ) ;
#2511 = LINE ( 'NONE', #424, #724 ) ;
#2512 =( NAMED_UNIT ( * ) SI_UNIT ( $, .STERADIAN. ) SOLID_ANGLE_UNIT ( ) );
#2513 =( GEOMETRIC_REPRESENTATION_CONTEXT ( 3 ) GLOBAL_UNCERTAINTY_ASSIGNED_CONTEXT ( ( #2477 ) ) GLOBAL_UNIT_ASSIGNED_CONTEXT ( ( #757, #2015, #581 ) ) REPRESENTATION_CONTEXT ( 'NONE', 'WORKASPACE' ) );
#2514 = ORIENTED_EDGE ( 'NONE', *, *, #576, .F. ) ;
#2515 = ADVANCED_FACE ( 'NONE', ( #812 ), #2712, .F. ) ;
#2516 = CARTESIAN_POINT ( 'NONE',  ( -0.3583111458316375897, 0.4896862477045595963, 1.500000000000000000 ) ) ;
#2517 = CARTESIAN_POINT ( 'NONE',  ( -0.7500000000000000000, 0.4396862477045595519, -0.7500000000000000000 ) ) ;
#2518 = ORIENTED_EDGE ( 'NONE', *, *, #2312, .T. ) ;
#2519 = STYLED_ITEM ( 'NONE', ( #879 ), #2605 ) ;
#2520 = CARTESIAN_POINT ( 'NONE',  ( -0.7500000000000000000, 0.4396862477045595519, -0.7500000000000000000 ) ) ;
#2521 = DIRECTION ( 'NONE',  ( -1.000000000000000000, 0.000000000000000000, 0.000000000000000000 ) ) ;
#2522 = PRESENTATION_LAYER_ASSIGNMENT (  '', '', ( #1168 ) ) ;
#2523 = CARTESIAN_POINT ( 'NONE',  ( -1.500000000000000444, 0.3896862477045595630, 1.500000000000000000 ) ) ;
#2524 = VERTEX_POINT ( 'NONE', #1477 ) ;
#2525 = AXIS2_PLACEMENT_3D ( 'NONE', #1999, #1797, #2627 ) ;
#2526 = COLOUR_RGB ( '',0.9686274509803921573, 0.8784313725490195957, 0.5999999999999999778 ) ;
#2527 = ORIENTED_EDGE ( 'NONE', *, *, #2633, .T. ) ;
#2528 =( GEOMETRIC_REPRESENTATION_CONTEXT ( 3 ) GLOBAL_UNCERTAINTY_ASSIGNED_CONTEXT ( ( #2548 ) ) GLOBAL_UNIT_ASSIGNED_CONTEXT ( ( #1725, #2598, #2562 ) ) REPRESENTATION_CONTEXT ( 'NONE', 'WORKASPACE' ) );
#2529 = EDGE_CURVE ( 'NONE', #2630, #295, #2308, .T. ) ;
#2530 =( LENGTH_UNIT ( ) NAMED_UNIT ( * ) SI_UNIT ( .MILLI., .METRE. ) );
#2531 = CARTESIAN_POINT ( 'NONE',  ( -0.4999999999999995559, 0.4396862477045595519, -1.200000000000000178 ) ) ;
#2532 = CARTESIAN_POINT ( 'NONE',  ( -0.5000000000000001110, -0.06000000000000002554, 1.350000000000000089 ) ) ;
#2533 = SURFACE_STYLE_USAGE ( .BOTH. , #1324 ) ;
#2534 = ORIENTED_EDGE ( 'NONE', *, *, #789, .T. ) ;
#2535 = SURFACE_STYLE_USAGE ( .BOTH. , #1891 ) ;
#2536 = LINE ( 'NONE', #2302, #1235 ) ;
#2537 = VERTEX_POINT ( 'NONE', #2118 ) ;
#2538 =( NAMED_UNIT ( * ) PLANE_ANGLE_UNIT ( ) SI_UNIT ( $, .RADIAN. ) );
#2539 = FILL_AREA_STYLE ('',( #281 ) ) ;
#2540 = SURFACE_SIDE_STYLE ('',( #2702 ) ) ;
#2541 = DIRECTION ( 'NONE',  ( -0.000000000000000000, 1.000000000000000000, -0.000000000000000000 ) ) ;
#2542 = SURFACE_SIDE_STYLE ('',( #1079 ) ) ;
#2543 = VERTEX_POINT ( 'NONE', #1083 ) ;
#2544 = CARTESIAN_POINT ( 'NONE',  ( -1.500000000000000444, 0.4896862477045595963, -1.500000000000000000 ) ) ;
#2545 = ORIENTED_EDGE ( 'NONE', *, *, #1221, .F. ) ;
#2546 = DIRECTION ( 'NONE',  ( -1.000000000000000000, -0.000000000000000000, -0.000000000000000000 ) ) ;
#2547 = CARTESIAN_POINT ( 'NONE',  ( -1.349999999999999867, -0.06000000000000002554, -1.350000000000000089 ) ) ;
#2548 = UNCERTAINTY_MEASURE_WITH_UNIT (LENGTH_MEASURE( 1.000000000000000082E-05 ), #1725, 'distance_accuracy_value', 'NONE');
#2549 = PRESENTATION_STYLE_ASSIGNMENT (( #2328 ) ) ;
#2550 = EDGE_CURVE ( 'NONE', #643, #619, #1318, .T. ) ;
#2551 = CARTESIAN_POINT ( 'NONE',  ( 0.5000000000000000000, -0.06000000000000002554, -0.005051025721682219846 ) ) ;
#2552 = EDGE_LOOP ( 'NONE', ( #1544, #1051, #164, #2349 ) ) ;
#2553 = CARTESIAN_POINT ( 'NONE',  ( -1.499999999999999556, 0.3896862477045595630, 1.499999999999999778 ) ) ;
#2554 = ORIENTED_EDGE ( 'NONE', *, *, #349, .F. ) ;
#2555 = STYLED_ITEM ( 'NONE', ( #470 ), #1974 ) ;
#2556 = FACE_OUTER_BOUND ( 'NONE', #1239, .T. ) ;
#2557 = EDGE_CURVE ( 'NONE', #249, #332, #1711, .T. ) ;
#2558 = DIRECTION ( 'NONE',  ( 1.000000000000000000, -0.000000000000000000, 1.224646799147353207E-16 ) ) ;
#2559 = MECHANICAL_DESIGN_GEOMETRIC_PRESENTATION_REPRESENTATION (  '', ( #312 ), #1104 ) ;
#2560 = UNCERTAINTY_MEASURE_WITH_UNIT (LENGTH_MEASURE( 1.000000000000000082E-05 ), #961, 'distance_accuracy_value', 'NONE');
#2561 = PRESENTATION_LAYER_ASSIGNMENT (  '', '', ( #312 ) ) ;
#2562 =( NAMED_UNIT ( * ) SI_UNIT ( $, .STERADIAN. ) SOLID_ANGLE_UNIT ( ) );
#2563 = COLOUR_RGB ( '',0.7921568627450980005, 0.8196078431372548767, 0.9333333333333333481 ) ;
#2564 = PLANE ( 'NONE',  #58 ) ;
#2565 = VECTOR ( 'NONE', #247, 1000.000000000000000 ) ;
#2566 = ORIENTED_EDGE ( 'NONE', *, *, #2479, .T. ) ;
#2567 =( NAMED_UNIT ( * ) PLANE_ANGLE_UNIT ( ) SI_UNIT ( $, .RADIAN. ) );
#2568 = ORIENTED_EDGE ( 'NONE', *, *, #1655, .T. ) ;
#2569 = CARTESIAN_POINT ( 'NONE',  ( 1.500000000000000444, 0.4896862477045595963, 0.3583111458316640130 ) ) ;
#2570 = SURFACE_STYLE_FILL_AREA ( #2539 ) ;
#2571 = VECTOR ( 'NONE', #1858, 1000.000000000000000 ) ;
#2572 = ORIENTED_EDGE ( 'NONE', *, *, #838, .T. ) ;
#2573 =( LENGTH_UNIT ( ) NAMED_UNIT ( * ) SI_UNIT ( .MILLI., .METRE. ) );
#2574 = EDGE_CURVE ( 'NONE', #750, #495, #1238, .T. ) ;
#2575 = SURFACE_SIDE_STYLE ('',( #1093 ) ) ;
#2576 = VECTOR ( 'NONE', #1687, 1000.000000000000000 ) ;
#2577 = VECTOR ( 'NONE', #627, 1000.000000000000000 ) ;
#2578 = CARTESIAN_POINT ( 'NONE',  ( -0.7500000000000000000, 0.4396862477045595519, 0.7500000000000000000 ) ) ;
#2579 = ORIENTED_EDGE ( 'NONE', *, *, #1900, .T. ) ;
#2580 = CARTESIAN_POINT ( 'NONE',  ( -0.8499999999999998668, -0.06000000000000002554, -1.350000000000000089 ) ) ;
#2581 = PLANE ( 'NONE',  #1123 ) ;
#2582 = PRESENTATION_LAYER_ASSIGNMENT (  '', '', ( #2398 ) ) ;
#2583 = PLANE ( 'NONE',  #2623 ) ;
#2584 = UNCERTAINTY_MEASURE_WITH_UNIT (LENGTH_MEASURE( 1.000000000000000082E-05 ), #2031, 'distance_accuracy_value', 'NONE');
#2585 =( NAMED_UNIT ( * ) PLANE_ANGLE_UNIT ( ) SI_UNIT ( $, .RADIAN. ) );
#2586 = EDGE_LOOP ( 'NONE', ( #1976, #997, #924, #1377 ) ) ;
#2587 = CARTESIAN_POINT ( 'NONE',  ( -1.500000000000000444, 0.4896862477045595963, -1.500000000000000000 ) ) ;
#2588 = SURFACE_STYLE_FILL_AREA ( #1752 ) ;
#2589 = ORIENTED_EDGE ( 'NONE', *, *, #1665, .F. ) ;
#2590 = DIRECTION ( 'NONE',  ( 0.000000000000000000, 0.000000000000000000, -1.000000000000000000 ) ) ;
#2591 = EDGE_LOOP ( 'NONE', ( #1492, #2192, #427, #1849 ) ) ;
#2592 = SURFACE_STYLE_FILL_AREA ( #2112 ) ;
#2593 = FILL_AREA_STYLE_COLOUR ( '', #1885 ) ;
#2594 = ORIENTED_EDGE ( 'NONE', *, *, #2458, .F. ) ;
#2595 = PRESENTATION_STYLE_ASSIGNMENT (( #1330 ) ) ;
#2596 = ADVANCED_FACE ( 'NONE', ( #2069 ), #2716, .F. ) ;
#2597 = LINE ( 'NONE', #2367, #1767 ) ;
#2598 =( NAMED_UNIT ( * ) PLANE_ANGLE_UNIT ( ) SI_UNIT ( $, .RADIAN. ) );
#2599 = EDGE_CURVE ( 'NONE', #2524, #2156, #2369, .T. ) ;
#2600 = ORIENTED_EDGE ( 'NONE', *, *, #633, .T. ) ;
#2601 = CARTESIAN_POINT ( 'NONE',  ( 1.350000000000000089, -0.06000000000000002554, 1.350000000000000089 ) ) ;
#2602 = CARTESIAN_POINT ( 'NONE',  ( 0.4500000000000000111, -0.06000000000000002554, -0.005051025721682224183 ) ) ;
#2603 =( LENGTH_UNIT ( ) NAMED_UNIT ( * ) SI_UNIT ( .MILLI., .METRE. ) );
#2604 = PLANE ( 'NONE',  #883 ) ;
#2605 = ADVANCED_FACE ( 'NONE', ( #831 ), #2134, .F. ) ;
#2606 = PRESENTATION_LAYER_ASSIGNMENT (  '', '', ( #2253 ) ) ;
#2607 = DIRECTION ( 'NONE',  ( 0.000000000000000000, -0.000000000000000000, -1.000000000000000000 ) ) ;
#2608 = AXIS2_PLACEMENT_3D ( 'NONE', #356, #1209, #333 ) ;
#2609 = DIRECTION ( 'NONE',  ( -0.000000000000000000, 1.000000000000000000, -0.000000000000000000 ) ) ;
#2610 = VECTOR ( 'NONE', #1128, 1000.000000000000000 ) ;
#2611 = ORIENTED_EDGE ( 'NONE', *, *, #928, .T. ) ;
#2612 =( GEOMETRIC_REPRESENTATION_CONTEXT ( 3 ) GLOBAL_UNCERTAINTY_ASSIGNED_CONTEXT ( ( #1390 ) ) GLOBAL_UNIT_ASSIGNED_CONTEXT ( ( #1660, #1203, #972 ) ) REPRESENTATION_CONTEXT ( 'NONE', 'WORKASPACE' ) );
#2613 = DIRECTION ( 'NONE',  ( 0.000000000000000000, 0.000000000000000000, -1.000000000000000000 ) ) ;
#2614 = ORIENTED_EDGE ( 'NONE', *, *, #464, .F. ) ;
#2615 = AXIS2_PLACEMENT_3D ( 'NONE', #2277, #121, #547 ) ;
#2616 = PRESENTATION_STYLE_ASSIGNMENT (( #1801 ) ) ;
#2617 = DIRECTION ( 'NONE',  ( -1.000000000000000000, -0.000000000000000000, -0.000000000000000000 ) ) ;
#2618 = AXIS2_PLACEMENT_3D ( 'NONE', #2109, #2333, #706 ) ;
#2619 = COLOUR_RGB ( '',1.000000000000000000, 1.000000000000000000, 1.000000000000000000 ) ;
#2620 = CARTESIAN_POINT ( 'NONE',  ( 1.350000000000000089, -0.06000000000000002554, 1.350000000000000089 ) ) ;
#2621 = SURFACE_STYLE_USAGE ( .BOTH. , #484 ) ;
#2622 = EDGE_CURVE ( 'NONE', #1136, #2085, #1691, .T. ) ;
#2623 = AXIS2_PLACEMENT_3D ( 'NONE', #325, #503, #2607 ) ;
#2624 = EDGE_CURVE ( 'NONE', #1444, #1968, #1906, .T. ) ;
#2625 = STYLED_ITEM ( 'NONE', ( #2126 ), #1082 ) ;
#2626 = STYLED_ITEM ( 'NONE', ( #650 ), #1133 ) ;
#2627 = DIRECTION ( 'NONE',  ( -8.881784197001252323E-16, 0.000000000000000000, -1.000000000000000000 ) ) ;
#2628 = SURFACE_STYLE_USAGE ( .BOTH. , #703 ) ;
#2629 = CARTESIAN_POINT ( 'NONE',  ( -0.3234674192097924394, 0.6367061152542283775, 1.354133507872162356 ) ) ;
#2630 = VERTEX_POINT ( 'NONE', #1288 ) ;
#2631 = FILL_AREA_STYLE_COLOUR ( '', #1382 ) ;
#2632 =( NAMED_UNIT ( * ) PLANE_ANGLE_UNIT ( ) SI_UNIT ( $, .RADIAN. ) );
#2633 = EDGE_CURVE ( 'NONE', #901, #2141, #245, .T. ) ;
#2634 = CARTESIAN_POINT ( 'NONE',  ( -0.9999999999999995559, 0.4396862477045595519, -1.200000000000000178 ) ) ;
#2635 = ORIENTED_EDGE ( 'NONE', *, *, #2529, .F. ) ;
#2636 = DIRECTION ( 'NONE',  ( 0.000000000000000000, -1.000000000000000000, 0.000000000000000000 ) ) ;
#2637 = EDGE_CURVE ( 'NONE', #394, #1605, #2343, .T. ) ;
#2638 = EDGE_CURVE ( 'NONE', #522, #577, #453, .T. ) ;
#2639 = ORIENTED_EDGE ( 'NONE', *, *, #2638, .F. ) ;
#2640 = CARTESIAN_POINT ( 'NONE',  ( 0.4599999999999999645, -0.06000000000000002554, -0.4459591794226542283 ) ) ;
#2641 = ORIENTED_EDGE ( 'NONE', *, *, #178, .T. ) ;
#2642 =( NAMED_UNIT ( * ) SI_UNIT ( $, .STERADIAN. ) SOLID_ANGLE_UNIT ( ) );
#2643 = PRODUCT_RELATED_PRODUCT_CATEGORY ( 'part', '', ( #1127 ) ) ;
#2644 = FACE_OUTER_BOUND ( 'NONE', #1701, .T. ) ;
#2645 = CARTESIAN_POINT ( 'NONE',  ( -1.392402932638717505, 0.6311986574513955839, 0.1076747590697612056 ) ) ;
#2646 =( LENGTH_UNIT ( ) NAMED_UNIT ( * ) SI_UNIT ( .MILLI., .METRE. ) );
#2647 = EDGE_CURVE ( 'NONE', #157, #330, #362, .T. ) ;
#2648 = MECHANICAL_DESIGN_GEOMETRIC_PRESENTATION_REPRESENTATION (  '', ( #1591 ), #50 ) ;
#2649 = LINE ( 'NONE', #1575, #315 ) ;
#2650 = MECHANICAL_DESIGN_GEOMETRIC_PRESENTATION_REPRESENTATION (  '', ( #269 ), #1237 ) ;
#2651 = ORIENTED_EDGE ( 'NONE', *, *, #91, .F. ) ;
#2652 = COLOUR_RGB ( '',1.000000000000000000, 1.000000000000000000, 1.000000000000000000 ) ;
#2653 = VECTOR ( 'NONE', #855, 1000.000000000000000 ) ;
#2654 = VERTEX_POINT ( 'NONE', #1534 ) ;
#2655 = SURFACE_STYLE_FILL_AREA ( #480 ) ;
#2656 = ORIENTED_EDGE ( 'NONE', *, *, #2557, .F. ) ;
#2657 = CARTESIAN_POINT ( 'NONE',  ( -1.350000000000000311, 0.000000000000000000, 1.350000000000000089 ) ) ;
#2658 = PRESENTATION_LAYER_ASSIGNMENT (  '', '', ( #1946 ) ) ;
#2659 = DIRECTION ( 'NONE',  ( 0.000000000000000000, 0.000000000000000000, 1.000000000000000000 ) ) ;
#2660 = CARTESIAN_POINT ( 'NONE',  ( 8.959783584182639881E-13, 0.6312201943930479953, -1.392329507379516107 ) ) ;
#2661 = AXIS2_PLACEMENT_3D ( 'NONE', #2321, #428, #837 ) ;
#2662 = ORIENTED_EDGE ( 'NONE', *, *, #291, .T. ) ;
#2663 = AXIS2_PLACEMENT_3D ( 'NONE', #1509, #682, #474 ) ;
#2664 = DIRECTION ( 'NONE',  ( 0.000000000000000000, 0.000000000000000000, 1.000000000000000000 ) ) ;
#2665 =( NAMED_UNIT ( * ) PLANE_ANGLE_UNIT ( ) SI_UNIT ( $, .RADIAN. ) );
#2666 = CARTESIAN_POINT ( 'NONE',  ( -0.2322855374814200846, 0.5142209866074242131, -1.378416960718922502 ) ) ;
#2667 = VECTOR ( 'NONE', #1255, 1000.000000000000000 ) ;
#2668 = ORIENTED_EDGE ( 'NONE', *, *, #980, .T. ) ;
#2669 = COLOUR_RGB ( '',1.000000000000000000, 1.000000000000000000, 1.000000000000000000 ) ;
#2670 = SURFACE_STYLE_FILL_AREA ( #592 ) ;
#2671 =( NAMED_UNIT ( * ) SI_UNIT ( $, .STERADIAN. ) SOLID_ANGLE_UNIT ( ) );
#2672 = B_SPLINE_CURVE_WITH_KNOTS ( 'NONE', 3,
 ( #1878, #1537, #2370, #2122 ),
 .UNSPECIFIED., .F., .F.,
 ( 4, 4 ),
 ( 0.0003254958976128380344, 0.0006488541274173443944 ),
 .UNSPECIFIED. ) ;
#2673 = DIRECTION ( 'NONE',  ( 0.9726352588645358344, 0.000000000000000000, -0.2323373693866688516 ) ) ;
#2674 = EDGE_CURVE ( 'NONE', #2699, #522, #1084, .T. ) ;
#2675 = SURFACE_STYLE_FILL_AREA ( #964 ) ;
#2676 = UNCERTAINTY_MEASURE_WITH_UNIT (LENGTH_MEASURE( 1.000000000000000082E-05 ), #1839, 'distance_accuracy_value', 'NONE');
#2677 = VECTOR ( 'NONE', #1771, 1000.000000000000000 ) ;
#2678 = FILL_AREA_STYLE_COLOUR ( '', #75 ) ;
#2679 = CARTESIAN_POINT ( 'NONE',  ( -0.3241461931050233503, 0.4896862477045597073, -1.356975062913613694 ) ) ;
#2680 = ADVANCED_FACE ( 'NONE', ( #59 ), #2583, .F. ) ;
#2681 = SURFACE_STYLE_USAGE ( .BOTH. , #1671 ) ;
#2682 = ORIENTED_EDGE ( 'NONE', *, *, #2191, .F. ) ;
#2683 =( NAMED_UNIT ( * ) SI_UNIT ( $, .STERADIAN. ) SOLID_ANGLE_UNIT ( ) );
#2684 = PLANE ( 'NONE',  #1195 ) ;
#2685 = CARTESIAN_POINT ( 'NONE',  ( 0.000000000000000000, 0.6096862477045594808, 0.000000000000000000 ) ) ;
#2686 = EDGE_CURVE ( 'NONE', #394, #702, #709, .T. ) ;
#2687 = FILL_AREA_STYLE_COLOUR ( '', #1296 ) ;
#2688 = AXIS2_PLACEMENT_3D ( 'NONE', #1703, #1650, #2094 ) ;
#2689 =( NAMED_UNIT ( * ) SI_UNIT ( $, .STERADIAN. ) SOLID_ANGLE_UNIT ( ) );
#2690 = ORIENTED_EDGE ( 'NONE', *, *, #2267, .T. ) ;
#2691 = CIRCLE ( 'NONE', #807, 1.392231564227880414 ) ;
#2692 =( NAMED_UNIT ( * ) PLANE_ANGLE_UNIT ( ) SI_UNIT ( $, .RADIAN. ) );
#2693 = CARTESIAN_POINT ( 'NONE',  ( 1.354133507872162578, 0.6367061152542283775, 0.3234674192097912182 ) ) ;
#2694 = FILL_AREA_STYLE ('',( #1850 ) ) ;
#2695 = AXIS2_PLACEMENT_3D ( 'NONE', #220, #2521, #1501 ) ;
#2696 = AXIS2_PLACEMENT_3D ( 'NONE', #515, #2199, #1977 ) ;
#2697 = CARTESIAN_POINT ( 'NONE',  ( 0.1122837917607915070, 0.5207848697023294005, -1.394002819761300804 ) ) ;
#2698 = SURFACE_STYLE_USAGE ( .BOTH. , #163 ) ;
#2699 = VERTEX_POINT ( 'NONE', #944 ) ;
#2700 = CARTESIAN_POINT ( 'NONE',  ( 0.4999999999999998890, -0.06000000000000002554, 1.350000000000000089 ) ) ;
#2701 = PRESENTATION_LAYER_ASSIGNMENT (  '', '', ( #2399 ) ) ;
#2702 = SURFACE_STYLE_FILL_AREA ( #1487 ) ;
#2703 = LINE ( 'NONE', #1667, #2444 ) ;
#2704 =( NAMED_UNIT ( * ) PLANE_ANGLE_UNIT ( ) SI_UNIT ( $, .RADIAN. ) );
#2705 = ORIENTED_EDGE ( 'NONE', *, *, #390, .T. ) ;
#2706 = SURFACE_SIDE_STYLE ('',( #1259 ) ) ;
#2707 = DIRECTION ( 'NONE',  ( 0.000000000000000000, 0.000000000000000000, -1.000000000000000000 ) ) ;
#2708 = SURFACE_STYLE_FILL_AREA ( #1870 ) ;
#2709 = EDGE_LOOP ( 'NONE', ( #1342, #908, #2073, #1699 ) ) ;
#2710 = CARTESIAN_POINT ( 'NONE',  ( 1.392413003749198630, 0.6311957025653207598, -0.1073968761529782989 ) ) ;
#2711 = CARTESIAN_POINT ( 'NONE',  ( -1.350000000000000311, -0.06000000000000002554, 1.350000000000000089 ) ) ;
#2712 = PLANE ( 'NONE',  #1648 ) ;
#2713 = LINE ( 'NONE', #2310, #624 ) ;
#2714 = ORIENTED_EDGE ( 'NONE', *, *, #1061, .F. ) ;
#2715 = ADVANCED_FACE ( 'NONE', ( #1601, #2396, #543, #2408 ), #763, .F. ) ;
#2716 = PLANE ( 'NONE',  #982 ) ;
#2717 = CARTESIAN_POINT ( 'NONE',  ( 1.350000000000000089, -0.06000000000000002554, 1.350000000000000089 ) ) ;
#2718 = CARTESIAN_POINT ( 'NONE',  ( 0.4599999999999999645, 0.000000000000000000, -0.05404082057734576477 ) ) ;
ENDSEC;
END-ISO-10303-21;
