ISO-10303-21;
HEADER;
FILE_DESCRIPTION (( 'STEP AP214' ),
    '1' );
FILE_NAME ('ISL3150EIBZ.STEP',
    '2025-10-11T05:12:56',
    ( '' ),
    ( '' ),
    'SwSTEP 2.0',
    'SolidWorks 2023',
    '' );
FILE_SCHEMA (( 'AUTOMOTIVE_DESIGN' ));
ENDSEC;

DATA;
#1 =( GEOMETRIC_REPRESENTATION_CONTEXT ( 3 ) GLOBAL_UNCERTAINTY_ASSIGNED_CONTEXT ( ( #3385 ) ) GLOBAL_UNIT_ASSIGNED_CONTEXT ( ( #6144, #9593, #5290 ) ) REPRESENTATION_CONTEXT ( 'NONE', 'WORKASPACE' ) );
#2 = DIRECTION ( 'NONE',  ( 1.000000000000000000, 0.000000000000000000, 0.000000000000000000 ) ) ;
#3 = MECHANICAL_DESIGN_GEOMETRIC_PRESENTATION_REPRESENTATION (  '', ( #8290 ), #8105 ) ;
#4 = ORIENTED_EDGE ( 'NONE', *, *, #9255, .F. ) ;
#5 = DIRECTION ( 'NONE',  ( 0.000000000000000000, -0.1045284632676537068, -0.9945218953682734009 ) ) ;
#6 = CIRCLE ( 'NONE', #6306, 0.09999999999999982514 ) ;
#7 = CARTESIAN_POINT ( 'NONE',  ( -2.750000000000001332, 1.950000000000000178, 0.1100000000000000144 ) ) ;
#8 = DIRECTION ( 'NONE',  ( 0.000000000000000000, 0.000000000000000000, 1.000000000000000000 ) ) ;
#9 = CARTESIAN_POINT ( 'NONE',  ( -4.324760935694445863, -1.918963392251840538, -0.1122745449310406929 ) ) ;
#10 = CLOSED_SHELL ( 'NONE', ( #6964, #9945, #7576, #8568, #5388, #2060, #6772, #3661, #3090, #6558, #10753, #10693, #7251, #3387 ) ) ;
#11 = ORIENTED_EDGE ( 'NONE', *, *, #3037, .T. ) ;
#12 = DIRECTION ( 'NONE',  ( 0.000000000000000000, 1.000000000000000000, 0.000000000000000000 ) ) ;
#13 = FILL_AREA_STYLE ('',( #7729 ) ) ;
#14 = ORIENTED_EDGE ( 'NONE', *, *, #9200, .T. ) ;
#15 = VECTOR ( 'NONE', #1592, 1000.000000000000000 ) ;
#16 = EDGE_CURVE ( 'NONE', #4769, #1266, #5808, .T. ) ;
#17 = DIRECTION ( 'NONE',  ( 0.000000000000000000, 0.000000000000000000, -1.000000000000000000 ) ) ;
#18 = EDGE_CURVE ( 'NONE', #10357, #5438, #10272, .T. ) ;
#19 =( NAMED_UNIT ( * ) PLANE_ANGLE_UNIT ( ) SI_UNIT ( $, .RADIAN. ) );
#20 = VERTEX_POINT ( 'NONE', #7717 ) ;
#21 = PLANE ( 'NONE',  #1530 ) ;
#22 = AXIS2_PLACEMENT_3D ( 'NONE', #9816, #10605, #2858 ) ;
#23 = DIRECTION ( 'NONE',  ( 1.000000000000000000, 0.000000000000000000, 0.000000000000000000 ) ) ;
#24 = CARTESIAN_POINT ( 'NONE',  ( -0.2100000000000005473, -1.950000000000000178, -0.1099999999999999867 ) ) ;
#25 = EDGE_CURVE ( 'NONE', #7730, #1298, #1824, .T. ) ;
#26 = LINE ( 'NONE', #3446, #7474 ) ;
#27 = EDGE_CURVE ( 'NONE', #8215, #2189, #8574, .T. ) ;
#28 = CARTESIAN_POINT ( 'NONE',  ( 3.599999999999999645, -2.165000000000000036, -0.7605367378089592512 ) ) ;
#29 = EDGE_CURVE ( 'NONE', #1473, #431, #6022, .T. ) ;
#30 = ORIENTED_EDGE ( 'NONE', *, *, #10837, .F. ) ;
#31 = EDGE_LOOP ( 'NONE', ( #1960, #2424, #9251, #319, #2930, #1358, #352, #2355, #9172, #3922, #5288, #498 ) ) ;
#32 = PRESENTATION_STYLE_ASSIGNMENT (( #2653 ) ) ;
#33 =( LENGTH_UNIT ( ) NAMED_UNIT ( * ) SI_UNIT ( .MILLI., .METRE. ) );
#34 = FILL_AREA_STYLE ('',( #4434 ) ) ;
#35 = UNCERTAINTY_MEASURE_WITH_UNIT (LENGTH_MEASURE( 1.000000000000000082E-05 ), #4421, 'distance_accuracy_value', 'NONE');
#36 = SURFACE_STYLE_FILL_AREA ( #6003 ) ;
#37 = DIRECTION ( 'NONE',  ( 1.000000000000000000, 0.000000000000000000, 0.000000000000000000 ) ) ;
#38 = ORIENTED_EDGE ( 'NONE', *, *, #9819, .F. ) ;
#39 = DIRECTION ( 'NONE',  ( 0.000000000000000000, -0.02716902826232023976, 0.9996308538171885250 ) ) ;
#40 = SURFACE_STYLE_FILL_AREA ( #7758 ) ;
#41 = ORIENTED_EDGE ( 'NONE', *, *, #10848, .T. ) ;
#42 = DIRECTION ( 'NONE',  ( 0.000000000000000000, 0.000000000000000000, -1.000000000000000000 ) ) ;
#43 = CYLINDRICAL_SURFACE ( 'NONE', #10550, 0.2000000000000002054 ) ;
#44 = DIRECTION ( 'NONE',  ( 0.000000000000000000, 0.02716902826231849810, -0.9996308538171886360 ) ) ;
#45 = CYLINDRICAL_SURFACE ( 'NONE', #2926, 0.09999999999999982514 ) ;
#46 = SURFACE_SIDE_STYLE ('',( #4340 ) ) ;
#47 = VERTEX_POINT ( 'NONE', #8542 ) ;
#48 = LINE ( 'NONE', #8684, #7194 ) ;
#49 = DIRECTION ( 'NONE',  ( 0.000000000000000000, 0.000000000000000000, -1.000000000000000000 ) ) ;
#50 = DIRECTION ( 'NONE',  ( 1.000000000000000000, 0.000000000000000000, 0.000000000000000000 ) ) ;
#51 =( LENGTH_UNIT ( ) NAMED_UNIT ( * ) SI_UNIT ( .MILLI., .METRE. ) );
#52 = CARTESIAN_POINT ( 'NONE',  ( 4.324998880753508246, 1.875409738600886778, -0.1100106489190410125 ) ) ;
#53 =( NAMED_UNIT ( * ) SI_UNIT ( $, .STERADIAN. ) SOLID_ANGLE_UNIT ( ) );
#54 = SURFACE_STYLE_USAGE ( .BOTH. , #5122 ) ;
#55 = UNCERTAINTY_MEASURE_WITH_UNIT (LENGTH_MEASURE( 1.000000000000000082E-05 ), #2051, 'distance_accuracy_value', 'NONE');
#56 = SURFACE_STYLE_FILL_AREA ( #11129 ) ;
#57 = VECTOR ( 'NONE', #4725, 1000.000000000000000 ) ;
#58 = SURFACE_SIDE_STYLE ('',( #10440 ) ) ;
#59 = LINE ( 'NONE', #1792, #3739 ) ;
#60 =( NAMED_UNIT ( * ) SI_UNIT ( $, .STERADIAN. ) SOLID_ANGLE_UNIT ( ) );
#61 = STYLED_ITEM ( 'NONE', ( #10279 ), #2836 ) ;
#62 = ORIENTED_EDGE ( 'NONE', *, *, #2328, .T. ) ;
#63 = FACE_OUTER_BOUND ( 'NONE', #5593, .T. ) ;
#64 = VERTEX_POINT ( 'NONE', #1749 ) ;
#65 = MECHANICAL_DESIGN_GEOMETRIC_PRESENTATION_REPRESENTATION (  '', ( #4022 ), #1310 ) ;
#66 = FILL_AREA_STYLE_COLOUR ( '', #10788 ) ;
#67 = UNCERTAINTY_MEASURE_WITH_UNIT (LENGTH_MEASURE( 1.000000000000000082E-05 ), #1856, 'distance_accuracy_value', 'NONE');
#68 = VECTOR ( 'NONE', #7951, 999.9999999999998863 ) ;
#69 = COLOUR_RGB ( '',0.8039215686274510109, 0.8039215686274510109, 0.8039215686274510109 ) ;
#70 = ORIENTED_EDGE ( 'NONE', *, *, #2485, .T. ) ;
#71 = FACE_OUTER_BOUND ( 'NONE', #1877, .T. ) ;
#72 = PRESENTATION_STYLE_ASSIGNMENT (( #6041 ) ) ;
#73 = ADVANCED_FACE ( 'NONE', ( #813 ), #3447, .F. ) ;
#74 =( NAMED_UNIT ( * ) PLANE_ANGLE_UNIT ( ) SI_UNIT ( $, .RADIAN. ) );
#75 = CARTESIAN_POINT ( 'NONE',  ( -1.480000000000000870, -2.481923391582665950, -0.6429911470448941291 ) ) ;
#76 = AXIS2_PLACEMENT_3D ( 'NONE', #10845, #1198, #10116 ) ;
#77 = CARTESIAN_POINT ( 'NONE',  ( -1.480000000000000870, 2.165000000000000036, -0.7605367378089592512 ) ) ;
#78 = SURFACE_SIDE_STYLE ('',( #928 ) ) ;
#79 = SURFACE_STYLE_FILL_AREA ( #9608 ) ;
#80 = CARTESIAN_POINT ( 'NONE',  ( 1.059999999999999387, -1.950000000000000178, 0.1100000000000000144 ) ) ;
#81 = EDGE_CURVE ( 'NONE', #401, #241, #10420, .T. ) ;
#82 = ORIENTED_EDGE ( 'NONE', *, *, #5617, .T. ) ;
#83 = ORIENTED_EDGE ( 'NONE', *, *, #3790, .T. ) ;
#84 = PLANE ( 'NONE',  #7344 ) ;
#85 = FACE_OUTER_BOUND ( 'NONE', #2776, .T. ) ;
#86 = VECTOR ( 'NONE', #8127, 1000.000000000000000 ) ;
#87 = UNCERTAINTY_MEASURE_WITH_UNIT (LENGTH_MEASURE( 1.000000000000000082E-05 ), #7249, 'distance_accuracy_value', 'NONE');
#88 = EDGE_CURVE ( 'NONE', #5309, #10269, #1218, .T. ) ;
#89 = EDGE_CURVE ( 'NONE', #7651, #10571, #9499, .T. ) ;
#90 = PLANE ( 'NONE',  #2860 ) ;
#91 = CARTESIAN_POINT ( 'NONE',  ( -2.750000000000001332, 3.000000000000000000, -1.000000000000000000 ) ) ;
#92 = DIRECTION ( 'NONE',  ( 0.000000000000000000, -0.9996308538171885250, -0.02716902826232023976 ) ) ;
#93 = CARTESIAN_POINT ( 'NONE',  ( -1.480000000000000870, -2.366708997306596007, -0.08456619434753616382 ) ) ;
#94 = MECHANICAL_DESIGN_GEOMETRIC_PRESENTATION_REPRESENTATION (  '', ( #8189 ), #2945 ) ;
#95 = ORIENTED_EDGE ( 'NONE', *, *, #11130, .F. ) ;
#96 = FILL_AREA_STYLE_COLOUR ( '', #11093 ) ;
#97 = AXIS2_PLACEMENT_3D ( 'NONE', #2605, #5437, #4601 ) ;
#98 = EDGE_LOOP ( 'NONE', ( #9905, #5985, #10393, #9710 ) ) ;
#99 = CARTESIAN_POINT ( 'NONE',  ( -1.060000000000000941, 1.950000000000000178, -0.1099999999999999867 ) ) ;
#100 = CARTESIAN_POINT ( 'NONE',  ( -2.750000000000001332, 1.950000000000000178, 0.1100000000000000144 ) ) ;
#101 = ADVANCED_FACE ( 'NONE', ( #5992 ), #11085, .T. ) ;
#102 = CARTESIAN_POINT ( 'NONE',  ( 2.329999999999999627, 2.364926170763438140, -0.7551029321564953767 ) ) ;
#103 = STYLED_ITEM ( 'NONE', ( #3623 ), #626 ) ;
#104 = SURFACE_SIDE_STYLE ('',( #7202 ) ) ;
#105 = CARTESIAN_POINT ( 'NONE',  ( -0.2100000000000005473, -2.149963085381718209, -0.2072830971737681105 ) ) ;
#106 = VECTOR ( 'NONE', #10056, 999.9999999999998863 ) ;
#107 = ORIENTED_EDGE ( 'NONE', *, *, #1518, .T. ) ;
#109 = DIRECTION ( 'NONE',  ( 0.000000000000000000, 0.000000000000000000, -1.000000000000000000 ) ) ;
#108 = STYLED_ITEM ( 'NONE', ( #2694 ), #7773 ) ;
#110 =( NAMED_UNIT ( * ) PLANE_ANGLE_UNIT ( ) SI_UNIT ( $, .RADIAN. ) );
#111 = CYLINDRICAL_SURFACE ( 'NONE', #4645, 0.1949999999999998679 ) ;
#112 = CARTESIAN_POINT ( 'NONE',  ( -1.060000000000000941, 3.000000000000000000, -0.7794627824221421752 ) ) ;
#113 =( NAMED_UNIT ( * ) PLANE_ANGLE_UNIT ( ) SI_UNIT ( $, .RADIAN. ) );
#114 = AXIS2_PLACEMENT_3D ( 'NONE', #10785, #3957, #6531 ) ;
#115 = DIRECTION ( 'NONE',  ( 1.000000000000000000, 0.000000000000000000, 0.000000000000000000 ) ) ;
#116 = CARTESIAN_POINT ( 'NONE',  ( 1.059999999999999387, 2.350974876014612747, -0.9546157422084604605 ) ) ;
#117 = CARTESIAN_POINT ( 'NONE',  ( -2.330000000000001403, 2.149963085381718209, -0.2072830971737681105 ) ) ;
#118 = DIRECTION ( 'NONE',  ( -0.000000000000000000, 0.000000000000000000, -1.000000000000000000 ) ) ;
#119 = EDGE_LOOP ( 'NONE', ( #8202, #10748, #8675, #6127, #3493, #10726 ) ) ;
#120 = CARTESIAN_POINT ( 'NONE',  ( 4.190202986107629535, 1.815202986107628647, 0.6749999999999999334 ) ) ;
#121 = CARTESIAN_POINT ( 'NONE',  ( 2.329999999999999627, 2.366708997306596007, -0.08456619434753621933 ) ) ;
#122 = ORIENTED_EDGE ( 'NONE', *, *, #5801, .T. ) ;
#123 = VECTOR ( 'NONE', #9510, 1000.000000000000000 ) ;
#124 = PLANE ( 'NONE',  #2241 ) ;
#125 = DIRECTION ( 'NONE',  ( 0.000000000000000000, 0.02716902826231849810, -0.9996308538171886360 ) ) ;
#126 = VERTEX_POINT ( 'NONE', #7121 ) ;
#127 =( LENGTH_UNIT ( ) NAMED_UNIT ( * ) SI_UNIT ( .MILLI., .METRE. ) );
#128 = DIRECTION ( 'NONE',  ( 1.000000000000000000, 0.000000000000000000, 0.000000000000000000 ) ) ;
#129 = CARTESIAN_POINT ( 'NONE',  ( -4.020000000000001350, 2.050000000000000266, -0.1099999999999999867 ) ) ;
#130 =( NAMED_UNIT ( * ) PLANE_ANGLE_UNIT ( ) SI_UNIT ( $, .RADIAN. ) );
#131 = COLOUR_RGB ( '',0.8039215686274510109, 0.8039215686274510109, 0.8039215686274510109 ) ;
#132 = LINE ( 'NONE', #8593, #11133 ) ;
#133 = PRESENTATION_STYLE_ASSIGNMENT (( #6045 ) ) ;
#134 =( GEOMETRIC_REPRESENTATION_CONTEXT ( 3 ) GLOBAL_UNCERTAINTY_ASSIGNED_CONTEXT ( ( #992 ) ) GLOBAL_UNIT_ASSIGNED_CONTEXT ( ( #9476, #11009, #3424 ) ) REPRESENTATION_CONTEXT ( 'NONE', 'WORKASPACE' ) );
#135 = ADVANCED_FACE ( 'NONE', ( #10511 ), #7913, .F. ) ;
#136 = FILL_AREA_STYLE_COLOUR ( '', #2058 ) ;
#137 = DIRECTION ( 'NONE',  ( 0.000000000000000000, -0.06975647374412548285, 0.9975640502598243087 ) ) ;
#138 = EDGE_CURVE ( 'NONE', #1403, #2244, #7176, .T. ) ;
#139 = DIRECTION ( 'NONE',  ( 1.000000000000000000, 0.000000000000000000, 0.000000000000000000 ) ) ;
#140 =( GEOMETRIC_REPRESENTATION_CONTEXT ( 3 ) GLOBAL_UNCERTAINTY_ASSIGNED_CONTEXT ( ( #6767 ) ) GLOBAL_UNIT_ASSIGNED_CONTEXT ( ( #5772, #5874, #9307 ) ) REPRESENTATION_CONTEXT ( 'NONE', 'WORKASPACE' ) );
#141 = AXIS2_PLACEMENT_3D ( 'NONE', #4170, #7430, #1561 ) ;
#142 = CIRCLE ( 'NONE', #7704, 0.09999999999999982514 ) ;
#143 = ORIENTED_EDGE ( 'NONE', *, *, #2000, .F. ) ;
#144 =( GEOMETRIC_REPRESENTATION_CONTEXT ( 3 ) GLOBAL_UNCERTAINTY_ASSIGNED_CONTEXT ( ( #7041 ) ) GLOBAL_UNIT_ASSIGNED_CONTEXT ( ( #342, #2057, #5515 ) ) REPRESENTATION_CONTEXT ( 'NONE', 'WORKASPACE' ) );
#145 = EDGE_LOOP ( 'NONE', ( #8145, #11136, #4835, #9201 ) ) ;
#146 =( GEOMETRIC_REPRESENTATION_CONTEXT ( 3 ) GLOBAL_UNCERTAINTY_ASSIGNED_CONTEXT ( ( #6507 ) ) GLOBAL_UNIT_ASSIGNED_CONTEXT ( ( #1878, #2670, #8679 ) ) REPRESENTATION_CONTEXT ( 'NONE', 'WORKASPACE' ) );
#147 = CARTESIAN_POINT ( 'NONE',  ( -3.600000000000000977, 2.474947744208253031, -0.7427475520708763934 ) ) ;
#148 = CARTESIAN_POINT ( 'NONE',  ( 4.324999626916907758, 1.875273160256224037, -0.1100035496485116254 ) ) ;
#149 = CARTESIAN_POINT ( 'NONE',  ( -1.060000000000000941, 2.166782826543157903, 0.1100000000000000144 ) ) ;
#150 = DIRECTION ( 'NONE',  ( 0.1039620511844957379, -0.1039620511844980694, 0.9891328443778542034 ) ) ;
#151 = FILL_AREA_STYLE_COLOUR ( '', #9079 ) ;
#152 = PRESENTATION_LAYER_ASSIGNMENT (  '', '', ( #1208 ) ) ;
#153 = CARTESIAN_POINT ( 'NONE',  ( 3.599999999999999645, 2.474947744208253031, -0.7427475520708763934 ) ) ;
#154 =( NAMED_UNIT ( * ) SI_UNIT ( $, .STERADIAN. ) SOLID_ANGLE_UNIT ( ) );
#155 = CARTESIAN_POINT ( 'NONE',  ( -3.600000000000000977, -3.000000000000000000, -0.7794627824221421752 ) ) ;
#156 = UNCERTAINTY_MEASURE_WITH_UNIT (LENGTH_MEASURE( 1.000000000000000082E-05 ), #2691, 'distance_accuracy_value', 'NONE');
#157 = DIRECTION ( 'NONE',  ( 0.000000000000000000, 0.000000000000000000, -1.000000000000000000 ) ) ;
#158 = MECHANICAL_DESIGN_GEOMETRIC_PRESENTATION_REPRESENTATION (  '', ( #3563 ), #9969 ) ;
#159 = AXIS2_PLACEMENT_3D ( 'NONE', #3578, #7019, #1815 ) ;
#160 = ORIENTED_EDGE ( 'NONE', *, *, #10445, .T. ) ;
#161 =( NAMED_UNIT ( * ) SI_UNIT ( $, .STERADIAN. ) SOLID_ANGLE_UNIT ( ) );
#162 = VECTOR ( 'NONE', #6400, 999.9999999999998863 ) ;
#163 = EDGE_CURVE ( 'NONE', #1254, #6881, #5197, .T. ) ;
#164 = VERTEX_POINT ( 'NONE', #5422 ) ;
#165 = PRESENTATION_STYLE_ASSIGNMENT (( #8848 ) ) ;
#166 = FILL_AREA_STYLE ('',( #6230 ) ) ;
#167 = MECHANICAL_DESIGN_GEOMETRIC_PRESENTATION_REPRESENTATION (  '', ( #6626 ), #6812 ) ;
#168 =( GEOMETRIC_REPRESENTATION_CONTEXT ( 3 ) GLOBAL_UNCERTAINTY_ASSIGNED_CONTEXT ( ( #8851 ) ) GLOBAL_UNIT_ASSIGNED_CONTEXT ( ( #6249, #3431, #849 ) ) REPRESENTATION_CONTEXT ( 'NONE', 'WORKASPACE' ) );
#169 = DIRECTION ( 'NONE',  ( 0.000000000000000000, 0.000000000000000000, 1.000000000000000000 ) ) ;
#170 = CARTESIAN_POINT ( 'NONE',  ( -4.020000000000001350, 2.050000000000000266, -0.2100000000000000200 ) ) ;
#171 = FILL_AREA_STYLE_COLOUR ( '', #4940 ) ;
#172 = ADVANCED_FACE ( 'NONE', ( #1976 ), #6108, .T. ) ;
#173 = VECTOR ( 'NONE', #7903, 1000.000000000000000 ) ;
#174 = ORIENTED_EDGE ( 'NONE', *, *, #5320, .T. ) ;
#175 = STYLED_ITEM ( 'NONE', ( #9348 ), #1303 ) ;
#176 = LINE ( 'NONE', #10656, #7783 ) ;
#177 = COLOUR_RGB ( '',0.8039215686274510109, 0.8039215686274510109, 0.8039215686274510109 ) ;
#178 = EDGE_CURVE ( 'NONE', #7376, #5932, #9778, .T. ) ;
#179 = CIRCLE ( 'NONE', #7726, 0.07499999999999998335 ) ;
#180 = UNCERTAINTY_MEASURE_WITH_UNIT (LENGTH_MEASURE( 1.000000000000000082E-05 ), #10939, 'distance_accuracy_value', 'NONE');
#181 = FACE_OUTER_BOUND ( 'NONE', #5370, .T. ) ;
#182 = FACE_OUTER_BOUND ( 'NONE', #4016, .T. ) ;
#183 = DIRECTION ( 'NONE',  ( 0.000000000000000000, 0.000000000000000000, -1.000000000000000000 ) ) ;
#184 =( NAMED_UNIT ( * ) PLANE_ANGLE_UNIT ( ) SI_UNIT ( $, .RADIAN. ) );
#185 = PLANE ( 'NONE',  #1141 ) ;
#186 = SURFACE_STYLE_FILL_AREA ( #3487 ) ;
#187 = SURFACE_STYLE_FILL_AREA ( #909 ) ;
#188 = MECHANICAL_DESIGN_GEOMETRIC_PRESENTATION_REPRESENTATION (  '', ( #3398 ), #545 ) ;
#189 = ORIENTED_EDGE ( 'NONE', *, *, #1851, .F. ) ;
#190 = LINE ( 'NONE', #121, #962 ) ;
#191 = EDGE_LOOP ( 'NONE', ( #9592, #4807, #2010, #6700 ) ) ;
#192 = CARTESIAN_POINT ( 'NONE',  ( 3.599999999999999645, -2.481923391582665950, -0.6429911470448941291 ) ) ;
#193 = MECHANICAL_DESIGN_GEOMETRIC_PRESENTATION_REPRESENTATION (  '', ( #10099 ), #7921 ) ;
#194 = LINE ( 'NONE', #10501, #6760 ) ;
#195 = UNCERTAINTY_MEASURE_WITH_UNIT (LENGTH_MEASURE( 1.000000000000000082E-05 ), #6497, 'distance_accuracy_value', 'NONE');
#196 = CARTESIAN_POINT ( 'NONE',  ( 1.059999999999999387, 2.366708997306596007, -0.08456619434753621933 ) ) ;
#197 = VERTEX_POINT ( 'NONE', #8824 ) ;
#198 = FILL_AREA_STYLE ('',( #5297 ) ) ;
#199 = SURFACE_SIDE_STYLE ('',( #8075 ) ) ;
#200 = FACE_OUTER_BOUND ( 'NONE', #8093, .T. ) ;
#201 = PRESENTATION_STYLE_ASSIGNMENT (( #4479 ) ) ;
#202 = DIRECTION ( 'NONE',  ( 1.000000000000000000, 0.000000000000000000, 0.000000000000000000 ) ) ;
#203 = SURFACE_STYLE_USAGE ( .BOTH. , #8877 ) ;
#204 = EDGE_LOOP ( 'NONE', ( #4540, #3204, #9629, #3260 ) ) ;
#205 = ORIENTED_EDGE ( 'NONE', *, *, #3246, .T. ) ;
#206 = DIRECTION ( 'NONE',  ( 0.000000000000000000, 0.000000000000000000, 1.000000000000000000 ) ) ;
#207 = ADVANCED_FACE ( 'NONE', ( #6322 ), #10626, .T. ) ;
#208 = SURFACE_SIDE_STYLE ('',( #7922 ) ) ;
#209 = UNCERTAINTY_MEASURE_WITH_UNIT (LENGTH_MEASURE( 1.000000000000000082E-05 ), #8489, 'distance_accuracy_value', 'NONE');
#210 = SURFACE_STYLE_USAGE ( .BOTH. , #8671 ) ;
#211 = SURFACE_STYLE_FILL_AREA ( #4546 ) ;
#212 = CARTESIAN_POINT ( 'NONE',  ( -2.750000000000001332, 1.950000000000000178, 0.1100000000000000144 ) ) ;
#213 = DIRECTION ( 'NONE',  ( 0.000000000000000000, 0.000000000000000000, -1.000000000000000000 ) ) ;
#214 = SURFACE_STYLE_FILL_AREA ( #7929 ) ;
#215 = ORIENTED_EDGE ( 'NONE', *, *, #8778, .T. ) ;
#216 = ORIENTED_EDGE ( 'NONE', *, *, #6009, .T. ) ;
#217 = CARTESIAN_POINT ( 'NONE',  ( -4.325000000000000178, -1.889792128260249671, -0.6828396347450740311 ) ) ;
#218 =( NAMED_UNIT ( * ) PLANE_ANGLE_UNIT ( ) SI_UNIT ( $, .RADIAN. ) );
#219 = EDGE_CURVE ( 'NONE', #9612, #914, #4865, .T. ) ;
#220 = PRESENTATION_STYLE_ASSIGNMENT (( #7035 ) ) ;
#221 = FACE_OUTER_BOUND ( 'NONE', #2151, .T. ) ;
#222 = ORIENTED_EDGE ( 'NONE', *, *, #5587, .F. ) ;
#223 =( NAMED_UNIT ( * ) SI_UNIT ( $, .STERADIAN. ) SOLID_ANGLE_UNIT ( ) );
#224 = COLOUR_RGB ( '',0.8039215686274510109, 0.8039215686274510109, 0.8039215686274510109 ) ;
#225 = PLANE ( 'NONE',  #9859 ) ;
#226 = DIRECTION ( 'NONE',  ( 0.000000000000000000, 0.02716902826232023976, 0.9996308538171885250 ) ) ;
#227 = EDGE_CURVE ( 'NONE', #4945, #2705, #3103, .T. ) ;
#228 = SURFACE_STYLE_USAGE ( .BOTH. , #9587 ) ;
#229 = FILL_AREA_STYLE ('',( #8807 ) ) ;
#230 = CARTESIAN_POINT ( 'NONE',  ( -0.2100000000000005473, -2.366708997306596007, -0.08456619434753621933 ) ) ;
#231 = CARTESIAN_POINT ( 'NONE',  ( 2.749999999999999112, 2.350974876014612747, -0.9546157422084604605 ) ) ;
#232 = EDGE_CURVE ( 'NONE', #2411, #11054, #3143, .T. ) ;
#233 = DIRECTION ( 'NONE',  ( 0.000000000000000000, -0.000000000000000000, 1.000000000000000000 ) ) ;
#234 = EDGE_CURVE ( 'NONE', #1715, #1861, #10736, .T. ) ;
#235 = CIRCLE ( 'NONE', #10140, 0.09999999999999982514 ) ;
#236 = EDGE_LOOP ( 'NONE', ( #2174, #4623, #9745, #4550 ) ) ;
#237 = CARTESIAN_POINT ( 'NONE',  ( -2.750000000000001332, -2.166782826543157903, 0.1100000000000000144 ) ) ;
#238 = ORIENTED_EDGE ( 'NONE', *, *, #10549, .T. ) ;
#239 =( NAMED_UNIT ( * ) PLANE_ANGLE_UNIT ( ) SI_UNIT ( $, .RADIAN. ) );
#240 = CIRCLE ( 'NONE', #5088, 0.09999999999999956146 ) ;
#241 = VERTEX_POINT ( 'NONE', #7396 ) ;
#242 = CARTESIAN_POINT ( 'NONE',  ( -1.480000000000000870, -2.364926170763438140, -0.7551029321564953767 ) ) ;
#243 = FILL_AREA_STYLE_COLOUR ( '', #5848 ) ;
#244 = VECTOR ( 'NONE', #10547, 1000.000000000000000 ) ;
#245 =( NAMED_UNIT ( * ) SI_UNIT ( $, .STERADIAN. ) SOLID_ANGLE_UNIT ( ) );
#246 = FACE_OUTER_BOUND ( 'NONE', #2576, .T. ) ;
#247 = LINE ( 'NONE', #2237, #6747 ) ;
#248 = FILL_AREA_STYLE_COLOUR ( '', #605 ) ;
#249 = PRESENTATION_LAYER_ASSIGNMENT (  '', '', ( #9968 ) ) ;
#250 = AXIS2_PLACEMENT_3D ( 'NONE', #4698, #6596, #3093 ) ;
#251 = CARTESIAN_POINT ( 'NONE',  ( -4.020000000000001350, -1.950000000000000178, -0.1099999999999999867 ) ) ;
#252 = STYLED_ITEM ( 'NONE', ( #7209 ), #6555 ) ;
#253 = ORIENTED_EDGE ( 'NONE', *, *, #9811, .T. ) ;
#254 = EDGE_LOOP ( 'NONE', ( #5035, #3529, #827, #2509, #10569, #708 ) ) ;
#255 = CARTESIAN_POINT ( 'NONE',  ( -3.600000000000000977, 3.000000000000000000, -0.7794627824221421752 ) ) ;
#256 = PRESENTATION_STYLE_ASSIGNMENT (( #6498 ) ) ;
#257 = CIRCLE ( 'NONE', #3277, 0.07499999999999998335 ) ;
#258 = DIRECTION ( 'NONE',  ( 0.000000000000000000, -0.9996308538171886360, 0.02716902826231849810 ) ) ;
#259 = DIRECTION ( 'NONE',  ( 0.000000000000000000, 0.000000000000000000, -1.000000000000000000 ) ) ;
#260 = MECHANICAL_DESIGN_GEOMETRIC_PRESENTATION_REPRESENTATION (  '', ( #5652 ), #1678 ) ;
#261 = SURFACE_STYLE_FILL_AREA ( #4379 ) ;
#262 = FILL_AREA_STYLE ('',( #151 ) ) ;
#263 = CARTESIAN_POINT ( 'NONE',  ( 4.019999999999999574, -3.000000000000000000, -0.7794627824221421752 ) ) ;
#264 = CARTESIAN_POINT ( 'NONE',  ( 1.479999999999999094, -1.950000000000000178, -0.1099999999999999867 ) ) ;
#265 = SURFACE_STYLE_USAGE ( .BOTH. , #7236 ) ;
#266 = VERTEX_POINT ( 'NONE', #8133 ) ;
#267 = CARTESIAN_POINT ( 'NONE',  ( -0.2100000000000005473, -2.381960306200947564, -0.6457080498711260663 ) ) ;
#268 = DIRECTION ( 'NONE',  ( 1.000000000000000000, -0.000000000000000000, 0.000000000000000000 ) ) ;
#269 = AXIS2_PLACEMENT_3D ( 'NONE', #9619, #7801, #8780 ) ;
#270 = PRESENTATION_LAYER_ASSIGNMENT (  '', '', ( #5110 ) ) ;
#271 = ORIENTED_EDGE ( 'NONE', *, *, #7987, .F. ) ;
#272 = CARTESIAN_POINT ( 'NONE',  ( 2.329999999999999627, -2.050000000000000266, -0.2100000000000000200 ) ) ;
#273 = FILL_AREA_STYLE_COLOUR ( '', #6895 ) ;
#274 = AXIS2_PLACEMENT_3D ( 'NONE', #1016, #7159, #2009 ) ;
#275 = PRESENTATION_STYLE_ASSIGNMENT (( #3765 ) ) ;
#276 = STYLED_ITEM ( 'NONE', ( #9828 ), #6209 ) ;
#277 = EDGE_LOOP ( 'NONE', ( #8368, #6808, #3354, #10287 ) ) ;
#278 = SURFACE_STYLE_USAGE ( .BOTH. , #9860 ) ;
#279 = ADVANCED_FACE ( 'NONE', ( #10679 ), #7447, .T. ) ;
#280 = STYLED_ITEM ( 'NONE', ( #7138 ), #1369 ) ;
#281 = MECHANICAL_DESIGN_GEOMETRIC_PRESENTATION_REPRESENTATION (  '', ( #9272 ), #1516 ) ;
#282 = ADVANCED_FACE ( 'NONE', ( #5483 ), #1933, .F. ) ;
#283 = FILL_AREA_STYLE_COLOUR ( '', #7502 ) ;
#284 = FACE_OUTER_BOUND ( 'NONE', #357, .T. ) ;
#285 = SURFACE_SIDE_STYLE ('',( #1834 ) ) ;
#286 = DIRECTION ( 'NONE',  ( 1.000000000000000000, 0.000000000000000000, 0.000000000000000000 ) ) ;
#287 = DIRECTION ( 'NONE',  ( 0.000000000000000000, -0.9975640502598241977, -0.06975647374412546897 ) ) ;
#288 = CIRCLE ( 'NONE', #1879, 0.1949999999999998679 ) ;
#289 = VERTEX_POINT ( 'NONE', #5384 ) ;
#290 = DIRECTION ( 'NONE',  ( 0.000000000000000000, 0.000000000000000000, -1.000000000000000000 ) ) ;
#291 = ORIENTED_EDGE ( 'NONE', *, *, #9669, .F. ) ;
#292 = EDGE_CURVE ( 'NONE', #6682, #5664, #6859, .T. ) ;
#293 = FILL_AREA_STYLE_COLOUR ( '', #10404 ) ;
#294 = EDGE_CURVE ( 'NONE', #2367, #7491, #937, .T. ) ;
#295 = AXIS2_PLACEMENT_3D ( 'NONE', #11024, #9492, #6769 ) ;
#296 = CARTESIAN_POINT ( 'NONE',  ( -2.750000000000001332, -2.165000000000000036, -0.7605367378089592512 ) ) ;
#297 = EDGE_CURVE ( 'NONE', #1781, #6383, #4384, .T. ) ;
#298 = EDGE_LOOP ( 'NONE', ( #8729, #7320, #10479, #6898 ) ) ;
#299 = CARTESIAN_POINT ( 'NONE',  ( 4.019999999999999574, -2.050000000000000266, -0.2100000000000000200 ) ) ;
#300 =( NAMED_UNIT ( * ) SI_UNIT ( $, .STERADIAN. ) SOLID_ANGLE_UNIT ( ) );
#301 = CARTESIAN_POINT ( 'NONE',  ( 1.479999999999999094, -3.000000000000000000, -1.000000000000000000 ) ) ;
#302 = DIRECTION ( 'NONE',  ( 0.000000000000000000, 0.000000000000000000, 1.000000000000000000 ) ) ;
#303 = LINE ( 'NONE', #9725, #4636 ) ;
#304 = CARTESIAN_POINT ( 'NONE',  ( 1.059999999999999387, -2.050000000000000266, -0.1099999999999999867 ) ) ;
#305 = SURFACE_STYLE_USAGE ( .BOTH. , #8024 ) ;
#306 = FILL_AREA_STYLE ('',( #2138 ) ) ;
#307 = COLOUR_RGB ( '',0.8039215686274510109, 0.8039215686274510109, 0.8039215686274510109 ) ;
#308 = EDGE_CURVE ( 'NONE', #7810, #4788, #6, .T. ) ;
#309 = VERTEX_POINT ( 'NONE', #9573 ) ;
#310 = ORIENTED_EDGE ( 'NONE', *, *, #9311, .T. ) ;
#311 = FACE_OUTER_BOUND ( 'NONE', #9346, .T. ) ;
#312 = SURFACE_SIDE_STYLE ('',( #10802 ) ) ;
#313 =( GEOMETRIC_REPRESENTATION_CONTEXT ( 3 ) GLOBAL_UNCERTAINTY_ASSIGNED_CONTEXT ( ( #6437 ) ) GLOBAL_UNIT_ASSIGNED_CONTEXT ( ( #4655, #2934, #1362 ) ) REPRESENTATION_CONTEXT ( 'NONE', 'WORKASPACE' ) );
#314 = SURFACE_SIDE_STYLE ('',( #2033 ) ) ;
#315 = DIRECTION ( 'NONE',  ( 0.000000000000000000, 0.9975640502598243087, 0.06975647374412501101 ) ) ;
#316 =( NAMED_UNIT ( * ) PLANE_ANGLE_UNIT ( ) SI_UNIT ( $, .RADIAN. ) );
#317 = DIRECTION ( 'NONE',  ( 1.000000000000000000, 0.000000000000000000, 0.000000000000000000 ) ) ;
#318 =( GEOMETRIC_REPRESENTATION_CONTEXT ( 3 ) GLOBAL_UNCERTAINTY_ASSIGNED_CONTEXT ( ( #524 ) ) GLOBAL_UNIT_ASSIGNED_CONTEXT ( ( #6658, #2463, #7441 ) ) REPRESENTATION_CONTEXT ( 'NONE', 'WORKASPACE' ) );
#319 = ORIENTED_EDGE ( 'NONE', *, *, #1155, .F. ) ;
#320 = DIRECTION ( 'NONE',  ( 0.000000000000000000, 0.000000000000000000, -1.000000000000000000 ) ) ;
#321 =( GEOMETRIC_REPRESENTATION_CONTEXT ( 3 ) GLOBAL_UNCERTAINTY_ASSIGNED_CONTEXT ( ( #8487 ) ) GLOBAL_UNIT_ASSIGNED_CONTEXT ( ( #8709, #7009, #4745 ) ) REPRESENTATION_CONTEXT ( 'NONE', 'WORKASPACE' ) );
#322 = STYLED_ITEM ( 'NONE', ( #2744 ), #2192 ) ;
#323 = MECHANICAL_DESIGN_GEOMETRIC_PRESENTATION_REPRESENTATION (  '', ( #9692 ), #8052 ) ;
#324 =( GEOMETRIC_REPRESENTATION_CONTEXT ( 3 ) GLOBAL_UNCERTAINTY_ASSIGNED_CONTEXT ( ( #429 ) ) GLOBAL_UNIT_ASSIGNED_CONTEXT ( ( #6175, #3468, #6916 ) ) REPRESENTATION_CONTEXT ( 'NONE', 'WORKASPACE' ) );
#325 = ORIENTED_EDGE ( 'NONE', *, *, #7955, .T. ) ;
#326 = FILL_AREA_STYLE ('',( #8271 ) ) ;
#327 = STYLED_ITEM ( 'NONE', ( #6134 ), #10567 ) ;
#328 = CARTESIAN_POINT ( 'NONE',  ( 0.2099999999999992428, 2.481923391582665950, -0.6429911470448941291 ) ) ;
#329 = CIRCLE ( 'NONE', #6443, 0.09999999999999982514 ) ;
#330 = FACE_OUTER_BOUND ( 'NONE', #1536, .T. ) ;
#331 = VECTOR ( 'NONE', #2450, 1000.000000000000000 ) ;
#332 = MECHANICAL_DESIGN_GEOMETRIC_PRESENTATION_REPRESENTATION (  '', ( #10212 ), #3917 ) ;
#333 = CARTESIAN_POINT ( 'NONE',  ( -4.190202986107629535, 1.815202986107628647, 0.6750000000000000444 ) ) ;
#334 =( NAMED_UNIT ( * ) SI_UNIT ( $, .STERADIAN. ) SOLID_ANGLE_UNIT ( ) );
#335 = COLOUR_RGB ( '',0.8039215686274510109, 0.8039215686274510109, 0.8039215686274510109 ) ;
#336 = ORIENTED_EDGE ( 'NONE', *, *, #10432, .F. ) ;
#337 = SURFACE_STYLE_FILL_AREA ( #8906 ) ;
#338 = COLOUR_RGB ( '',0.8039215686274510109, 0.8039215686274510109, 0.8039215686274510109 ) ;
#339 = MECHANICAL_DESIGN_GEOMETRIC_PRESENTATION_REPRESENTATION (  '', ( #4664 ), #10257 ) ;
#340 = SURFACE_SIDE_STYLE ('',( #1162 ) ) ;
#341 =( NAMED_UNIT ( * ) SI_UNIT ( $, .STERADIAN. ) SOLID_ANGLE_UNIT ( ) );
#342 =( LENGTH_UNIT ( ) NAMED_UNIT ( * ) SI_UNIT ( .MILLI., .METRE. ) );
#343 = FILL_AREA_STYLE_COLOUR ( '', #6002 ) ;
#344 = CARTESIAN_POINT ( 'NONE',  ( -0.2100000000000005473, 2.366708997306596007, -0.08456619434753616382 ) ) ;
#345 = AXIS2_PLACEMENT_3D ( 'NONE', #4630, #1802, #8759 ) ;
#346 = SURFACE_STYLE_FILL_AREA ( #5231 ) ;
#347 = SURFACE_STYLE_FILL_AREA ( #8007 ) ;
#348 = ORIENTED_EDGE ( 'NONE', *, *, #5238, .F. ) ;
#349 = CARTESIAN_POINT ( 'NONE',  ( 1.059999999999999387, -2.474947744208253031, -0.7427475520708766155 ) ) ;
#351 =( NAMED_UNIT ( * ) PLANE_ANGLE_UNIT ( ) SI_UNIT ( $, .RADIAN. ) );
#350 = PRESENTATION_LAYER_ASSIGNMENT (  '', '', ( #5014 ) ) ;
#352 = ORIENTED_EDGE ( 'NONE', *, *, #6289, .F. ) ;
#353 = CARTESIAN_POINT ( 'NONE',  ( -0.2100000000000005473, -3.000000000000000000, -1.000000000000000000 ) ) ;
#354 = MECHANICAL_DESIGN_GEOMETRIC_PRESENTATION_REPRESENTATION (  '', ( #5196 ), #3738 ) ;
#355 =( NAMED_UNIT ( * ) SI_UNIT ( $, .STERADIAN. ) SOLID_ANGLE_UNIT ( ) );
#356 = LINE ( 'NONE', #4583, #1053 ) ;
#357 = EDGE_LOOP ( 'NONE', ( #10739, #9042, #4785, #5637 ) ) ;
#358 = FACE_OUTER_BOUND ( 'NONE', #9162, .T. ) ;
#359 = DIRECTION ( 'NONE',  ( 1.000000000000000000, 0.000000000000000000, 0.000000000000000000 ) ) ;
#360 = DIRECTION ( 'NONE',  ( 1.000000000000000000, 0.000000000000000000, -0.000000000000000000 ) ) ;
#361 = COLOUR_RGB ( '',0.8039215686274510109, 0.8039215686274510109, 0.8039215686274510109 ) ;
#362 = SURFACE_STYLE_USAGE ( .BOTH. , #10556 ) ;
#363 = COLOUR_RGB ( '',0.8039215686274510109, 0.8039215686274510109, 0.8039215686274510109 ) ;
#364 = EDGE_CURVE ( 'NONE', #11137, #374, #9495, .T. ) ;
#365 =( LENGTH_UNIT ( ) NAMED_UNIT ( * ) SI_UNIT ( .MILLI., .METRE. ) );
#366 = SURFACE_STYLE_FILL_AREA ( #415 ) ;
#367 = PRESENTATION_LAYER_ASSIGNMENT (  '', '', ( #5580 ) ) ;
#368 = EDGE_CURVE ( 'NONE', #1309, #7400, #1081, .T. ) ;
#369 = CARTESIAN_POINT ( 'NONE',  ( 4.190202986107629535, 1.889792128260249227, -0.6828396347450740311 ) ) ;
#370 = VECTOR ( 'NONE', #286, 1000.000000000000000 ) ;
#371 = VECTOR ( 'NONE', #3910, 1000.000000000000000 ) ;
#372 = ORIENTED_EDGE ( 'NONE', *, *, #4949, .T. ) ;
#373 = VECTOR ( 'NONE', #7055, 1000.000000000000000 ) ;
#374 = VERTEX_POINT ( 'NONE', #5322 ) ;
#375 =( NAMED_UNIT ( * ) PLANE_ANGLE_UNIT ( ) SI_UNIT ( $, .RADIAN. ) );
#376 = VECTOR ( 'NONE', #4770, 1000.000000000000000 ) ;
#377 = EDGE_CURVE ( 'NONE', #5700, #1669, #8728, .T. ) ;
#378 = FILL_AREA_STYLE ('',( #5613 ) ) ;
#379 = CARTESIAN_POINT ( 'NONE',  ( 2.749999999999999112, 2.474947744208253031, -0.7427475520708763934 ) ) ;
#380 = EDGE_CURVE ( 'NONE', #1462, #7935, #4502, .T. ) ;
#381 = CARTESIAN_POINT ( 'NONE',  ( 4.019999999999999574, 2.050000000000000266, -0.1099999999999999867 ) ) ;
#382 = EDGE_CURVE ( 'NONE', #10466, #1620, #2393, .T. ) ;
#383 = SURFACE_SIDE_STYLE ('',( #5561 ) ) ;
#384 = ORIENTED_EDGE ( 'NONE', *, *, #232, .F. ) ;
#385 = VECTOR ( 'NONE', #6453, 1000.000000000000000 ) ;
#386 = ORIENTED_EDGE ( 'NONE', *, *, #1124, .T. ) ;
#387 = DIRECTION ( 'NONE',  ( 1.000000000000000000, 0.000000000000000000, 0.000000000000000000 ) ) ;
#388 =( NAMED_UNIT ( * ) SI_UNIT ( $, .STERADIAN. ) SOLID_ANGLE_UNIT ( ) );
#389 = SURFACE_STYLE_USAGE ( .BOTH. , #6463 ) ;
#390 = AXIS2_PLACEMENT_3D ( 'NONE', #6870, #5913, #1616 ) ;
#391 = DIRECTION ( 'NONE',  ( 1.000000000000000000, 0.000000000000000000, 0.000000000000000000 ) ) ;
#392 = ORIENTED_EDGE ( 'NONE', *, *, #2198, .F. ) ;
#393 =( NAMED_UNIT ( * ) PLANE_ANGLE_UNIT ( ) SI_UNIT ( $, .RADIAN. ) );
#394 = PRESENTATION_STYLE_ASSIGNMENT (( #3066 ) ) ;
#395 = CARTESIAN_POINT ( 'NONE',  ( 2.329999999999999627, 2.366708997306596007, -0.08456619434753621933 ) ) ;
#396 = CARTESIAN_POINT ( 'NONE',  ( -4.020000000000001350, -2.474947744208253031, -0.7427475520708763934 ) ) ;
#397 = FACE_OUTER_BOUND ( 'NONE', #7068, .T. ) ;
#398 = SURFACE_SIDE_STYLE ('',( #3712 ) ) ;
#399 = DIRECTION ( 'NONE',  ( 0.000000000000000000, 0.000000000000000000, -1.000000000000000000 ) ) ;
#400 = SURFACE_STYLE_USAGE ( .BOTH. , #7482 ) ;
#401 = VERTEX_POINT ( 'NONE', #1048 ) ;
#402 = ORIENTED_EDGE ( 'NONE', *, *, #9542, .F. ) ;
#403 =( LENGTH_UNIT ( ) NAMED_UNIT ( * ) SI_UNIT ( .MILLI., .METRE. ) );
#404 = ORIENTED_EDGE ( 'NONE', *, *, #6971, .T. ) ;
#405 = CARTESIAN_POINT ( 'NONE',  ( 4.157726890409723097, -1.857316032562341457, -0.9918290452651816747 ) ) ;
#406 = SURFACE_STYLE_USAGE ( .BOTH. , #10836 ) ;
#407 = UNCERTAINTY_MEASURE_WITH_UNIT (LENGTH_MEASURE( 1.000000000000000082E-05 ), #9205, 'distance_accuracy_value', 'NONE');
#408 = ORIENTED_EDGE ( 'NONE', *, *, #1452, .F. ) ;
#409 = CARTESIAN_POINT ( 'NONE',  ( 3.599999999999999645, 1.950000000000000178, 0.1100000000000000144 ) ) ;
#410 = SURFACE_SIDE_STYLE ('',( #576 ) ) ;
#411 = VECTOR ( 'NONE', #9890, 1000.000000000000000 ) ;
#412 = SURFACE_SIDE_STYLE ('',( #5420 ) ) ;
#413 = DIRECTION ( 'NONE',  ( 0.000000000000000000, 0.000000000000000000, -1.000000000000000000 ) ) ;
#414 = FILL_AREA_STYLE_COLOUR ( '', #7692 ) ;
#415 = FILL_AREA_STYLE ('',( #4642 ) ) ;
#416 = MECHANICAL_DESIGN_GEOMETRIC_PRESENTATION_REPRESENTATION (  '', ( #6883 ), #6340 ) ;
#417 =( NAMED_UNIT ( * ) SI_UNIT ( $, .STERADIAN. ) SOLID_ANGLE_UNIT ( ) );
#418 = ADVANCED_FACE ( 'NONE', ( #7983 ), #8611, .T. ) ;
#419 = EDGE_CURVE ( 'NONE', #10285, #3292, #7603, .T. ) ;
#420 = ORIENTED_EDGE ( 'NONE', *, *, #4911, .F. ) ;
#421 = ORIENTED_EDGE ( 'NONE', *, *, #2895, .T. ) ;
#422 = SURFACE_STYLE_FILL_AREA ( #7285 ) ;
#423 = PRESENTATION_STYLE_ASSIGNMENT (( #2146 ) ) ;
#424 = CARTESIAN_POINT ( 'NONE',  ( 4.250409738600888332, -1.949998880753508468, 0.1100106489190367937 ) ) ;
#425 = ORIENTED_EDGE ( 'NONE', *, *, #6758, .T. ) ;
#426 =( NAMED_UNIT ( * ) SI_UNIT ( $, .STERADIAN. ) SOLID_ANGLE_UNIT ( ) );
#427 = EDGE_CURVE ( 'NONE', #5670, #3390, #4817, .T. ) ;
#428 = VECTOR ( 'NONE', #7712, 1000.000000000000000 ) ;
#429 = UNCERTAINTY_MEASURE_WITH_UNIT (LENGTH_MEASURE( 1.000000000000000082E-05 ), #6175, 'distance_accuracy_value', 'NONE');
#430 = ADVANCED_FACE ( 'NONE', ( #2148 ), #4711, .T. ) ;
#431 = VERTEX_POINT ( 'NONE', #424 ) ;
#432 = EDGE_CURVE ( 'NONE', #4732, #6429, #3693, .T. ) ;
#433 = CARTESIAN_POINT ( 'NONE',  ( 2.329999999999999627, -2.350974876014612747, -0.9546157422084604605 ) ) ;
#434 = LINE ( 'NONE', #2317, #1049 ) ;
#435 = SURFACE_STYLE_USAGE ( .BOTH. , #4828 ) ;
#436 = DIRECTION ( 'NONE',  ( 0.000000000000000000, 0.000000000000000000, -1.000000000000000000 ) ) ;
#437 = DIRECTION ( 'NONE',  ( 0.000000000000000000, 0.000000000000000000, 1.000000000000000000 ) ) ;
#438 = COLOUR_RGB ( '',0.8039215686274510109, 0.8039215686274510109, 0.8039215686274510109 ) ;
#439 = FILL_AREA_STYLE ('',( #1377 ) ) ;
#440 = CARTESIAN_POINT ( 'NONE',  ( 2.329999999999999627, 3.000000000000000000, -0.7794627824221421752 ) ) ;
#441 = ORIENTED_EDGE ( 'NONE', *, *, #3453, .T. ) ;
#442 = DIRECTION ( 'NONE',  ( 0.000000000000000000, 0.000000000000000000, -1.000000000000000000 ) ) ;
#443 =( GEOMETRIC_REPRESENTATION_CONTEXT ( 3 ) GLOBAL_UNCERTAINTY_ASSIGNED_CONTEXT ( ( #3179 ) ) GLOBAL_UNIT_ASSIGNED_CONTEXT ( ( #2642, #9320, #6888 ) ) REPRESENTATION_CONTEXT ( 'NONE', 'WORKASPACE' ) );
#444 = PRESENTATION_LAYER_ASSIGNMENT (  '', '', ( #1858 ) ) ;
#445 = EDGE_CURVE ( 'NONE', #6783, #11104, #2891, .T. ) ;
#446 = LINE ( 'NONE', #1444, #8047 ) ;
#447 = FILL_AREA_STYLE ('',( #9864 ) ) ;
#448 =( LENGTH_UNIT ( ) NAMED_UNIT ( * ) SI_UNIT ( .MILLI., .METRE. ) );
#449 =( NAMED_UNIT ( * ) SI_UNIT ( $, .STERADIAN. ) SOLID_ANGLE_UNIT ( ) );
#450 =( LENGTH_UNIT ( ) NAMED_UNIT ( * ) SI_UNIT ( .MILLI., .METRE. ) );
#451 = CIRCLE ( 'NONE', #8014, 0.1949999999999998679 ) ;
#452 = SURFACE_STYLE_USAGE ( .BOTH. , #398 ) ;
#453 = FACE_OUTER_BOUND ( 'NONE', #9074, .T. ) ;
#454 = FACE_OUTER_BOUND ( 'NONE', #5069, .T. ) ;
#455 = ORIENTED_EDGE ( 'NONE', *, *, #8846, .T. ) ;
#456 = ORIENTED_EDGE ( 'NONE', *, *, #9328, .T. ) ;
#458 = PRESENTATION_STYLE_ASSIGNMENT (( #3077 ) ) ;
#457 = PRESENTATION_LAYER_ASSIGNMENT (  '', '', ( #5851 ) ) ;
#459 = EDGE_LOOP ( 'NONE', ( #7341, #772, #3244, #3108 ) ) ;
#460 = FACE_OUTER_BOUND ( 'NONE', #3625, .T. ) ;
#461 =( LENGTH_UNIT ( ) NAMED_UNIT ( * ) SI_UNIT ( .MILLI., .METRE. ) );
#462 =( NAMED_UNIT ( * ) PLANE_ANGLE_UNIT ( ) SI_UNIT ( $, .RADIAN. ) );
#463 = ORIENTED_EDGE ( 'NONE', *, *, #8272, .T. ) ;
#464 = UNCERTAINTY_MEASURE_WITH_UNIT (LENGTH_MEASURE( 1.000000000000000082E-05 ), #1615, 'distance_accuracy_value', 'NONE');
#465 = LINE ( 'NONE', #1346, #6825 ) ;
#466 = SURFACE_SIDE_STYLE ('',( #2289 ) ) ;
#467 = PRESENTATION_LAYER_ASSIGNMENT (  '', '', ( #10192 ) ) ;
#468 = CARTESIAN_POINT ( 'NONE',  ( 2.749999999999999112, -2.381960306200947564, -0.6457080498711260663 ) ) ;
#469 = DIRECTION ( 'NONE',  ( 1.000000000000000000, 0.000000000000000000, 0.000000000000000000 ) ) ;
#470 = CARTESIAN_POINT ( 'NONE',  ( -1.480000000000000870, -2.381960306200947564, -0.6457080498711260663 ) ) ;
#471 = UNCERTAINTY_MEASURE_WITH_UNIT (LENGTH_MEASURE( 1.000000000000000082E-05 ), #9662, 'distance_accuracy_value', 'NONE');
#472 = DIRECTION ( 'NONE',  ( 1.000000000000000000, -0.000000000000000000, 0.000000000000000000 ) ) ;
#473 = DIRECTION ( 'NONE',  ( 0.000000000000000000, 0.000000000000000000, -1.000000000000000000 ) ) ;
#474 = SURFACE_STYLE_USAGE ( .BOTH. , #8184 ) ;
#475 = COLOUR_RGB ( '',0.8039215686274510109, 0.8039215686274510109, 0.8039215686274510109 ) ;
#476 = SURFACE_SIDE_STYLE ('',( #7082 ) ) ;
#477 = VECTOR ( 'NONE', #2868, 999.9999999999998863 ) ;
#478 = VERTEX_POINT ( 'NONE', #1988 ) ;
#479 = ORIENTED_EDGE ( 'NONE', *, *, #1918, .T. ) ;
#480 = PLANE ( 'NONE',  #3570 ) ;
#481 = FILL_AREA_STYLE_COLOUR ( '', #1325 ) ;
#482 = CARTESIAN_POINT ( 'NONE',  ( 1.059999999999999387, 2.050000000000000266, -0.1099999999999999867 ) ) ;
#483 = PRODUCT_DEFINITION_FORMATION_WITH_SPECIFIED_SOURCE ( 'ANY', '', #5418, .NOT_KNOWN. ) ;
#484 = CYLINDRICAL_SURFACE ( 'NONE', #8783, 0.2000000000000003164 ) ;
#485 = SURFACE_STYLE_USAGE ( .BOTH. , #9050 ) ;
#486 = ADVANCED_FACE ( 'NONE', ( #5434 ), #9793, .T. ) ;
#487 = CARTESIAN_POINT ( 'NONE',  ( -2.750000000000001332, 2.050000000000000266, -0.2100000000000000200 ) ) ;
#488 =( NAMED_UNIT ( * ) SI_UNIT ( $, .STERADIAN. ) SOLID_ANGLE_UNIT ( ) );
#489 = ORIENTED_EDGE ( 'NONE', *, *, #2196, .F. ) ;
#490 = CARTESIAN_POINT ( 'NONE',  ( -0.2100000000000005473, 2.474947744208253031, -0.7427475520708763934 ) ) ;
#491 = ORIENTED_EDGE ( 'NONE', *, *, #5728, .T. ) ;
#492 = CARTESIAN_POINT ( 'NONE',  ( -4.190202986107629535, -1.815202986107629091, 0.7500000000000000000 ) ) ;
#493 = LINE ( 'NONE', #10010, #8773 ) ;
#494 = CARTESIAN_POINT ( 'NONE',  ( 2.329999999999999627, -3.000000000000000000, -0.7794627824221421752 ) ) ;
#495 = CARTESIAN_POINT ( 'NONE',  ( 1.059999999999999387, 3.000000000000000000, -0.7794627824221421752 ) ) ;
#496 = LINE ( 'NONE', #6571, #6749 ) ;
#497 = STYLED_ITEM ( 'NONE', ( #1135 ), #3515 ) ;
#498 = ORIENTED_EDGE ( 'NONE', *, *, #2489, .F. ) ;
#499 = EDGE_CURVE ( 'NONE', #7848, #7730, #5667, .T. ) ;
#500 = EDGE_CURVE ( 'NONE', #8158, #8348, #591, .T. ) ;
#501 = AXIS2_PLACEMENT_3D ( 'NONE', #7561, #11016, #578 ) ;
#502 = SURFACE_STYLE_USAGE ( .BOTH. , #8221 ) ;
#503 = COLOUR_RGB ( '',0.8039215686274510109, 0.8039215686274510109, 0.8039215686274510109 ) ;
#504 = VECTOR ( 'NONE', #7830, 1000.000000000000000 ) ;
#505 = COLOUR_RGB ( '',0.8039215686274510109, 0.8039215686274510109, 0.8039215686274510109 ) ;
#506 = SURFACE_STYLE_FILL_AREA ( #8223 ) ;
#507 = UNCERTAINTY_MEASURE_WITH_UNIT (LENGTH_MEASURE( 1.000000000000000082E-05 ), #11132, 'distance_accuracy_value', 'NONE');
#508 = PRESENTATION_LAYER_ASSIGNMENT (  '', '', ( #8793 ) ) ;
#509 = DIRECTION ( 'NONE',  ( -1.000000000000000000, -0.000000000000000000, 0.000000000000000000 ) ) ;
#510 = EDGE_CURVE ( 'NONE', #10277, #7522, #2488, .T. ) ;
#511 = SURFACE_STYLE_FILL_AREA ( #7157 ) ;
#512 =( NAMED_UNIT ( * ) PLANE_ANGLE_UNIT ( ) SI_UNIT ( $, .RADIAN. ) );
#513 = PLANE ( 'NONE',  #996 ) ;
#514 = COLOUR_RGB ( '',0.2862745098039215508, 0.2862745098039215508, 0.2862745098039215508 ) ;
#515 = PRESENTATION_LAYER_ASSIGNMENT (  '', '', ( #4297 ) ) ;
#516 = ORIENTED_EDGE ( 'NONE', *, *, #8437, .F. ) ;
#517 = ORIENTED_EDGE ( 'NONE', *, *, #3931, .F. ) ;
#518 = EDGE_CURVE ( 'NONE', #9135, #6911, #2363, .T. ) ;
#519 = ORIENTED_EDGE ( 'NONE', *, *, #8152, .F. ) ;
#520 = UNCERTAINTY_MEASURE_WITH_UNIT (LENGTH_MEASURE( 1.000000000000000082E-05 ), #2419, 'distance_accuracy_value', 'NONE');
#521 = AXIS2_PLACEMENT_3D ( 'NONE', #7183, #6113, #7851 ) ;
#522 = LINE ( 'NONE', #9931, #9502 ) ;
#523 =( GEOMETRIC_REPRESENTATION_CONTEXT ( 3 ) GLOBAL_UNCERTAINTY_ASSIGNED_CONTEXT ( ( #4454 ) ) GLOBAL_UNIT_ASSIGNED_CONTEXT ( ( #5087, #8328, #817 ) ) REPRESENTATION_CONTEXT ( 'NONE', 'WORKASPACE' ) );
#524 = UNCERTAINTY_MEASURE_WITH_UNIT (LENGTH_MEASURE( 1.000000000000000082E-05 ), #6658, 'distance_accuracy_value', 'NONE');
#525 = VERTEX_POINT ( 'NONE', #4877 ) ;
#526 = VECTOR ( 'NONE', #1098, 1000.000000000000114 ) ;
#527 = DIRECTION ( 'NONE',  ( 1.000000000000000000, 0.000000000000000000, 0.000000000000000000 ) ) ;
#528 = CARTESIAN_POINT ( 'NONE',  ( -0.2100000000000005473, 2.050000000000000266, -0.2100000000000000200 ) ) ;
#529 =( NAMED_UNIT ( * ) SI_UNIT ( $, .STERADIAN. ) SOLID_ANGLE_UNIT ( ) );
#530 = SURFACE_STYLE_FILL_AREA ( #8245 ) ;
#531 = COLOUR_RGB ( '',0.8039215686274510109, 0.8039215686274510109, 0.8039215686274510109 ) ;
#532 = SURFACE_SIDE_STYLE ('',( #7275 ) ) ;
#533 = PRESENTATION_STYLE_ASSIGNMENT (( #6662 ) ) ;
#534 = DIRECTION ( 'NONE',  ( -0.1039620511844979445, 0.1039620511844979445, 0.9891328443778539814 ) ) ;
#535 = DIRECTION ( 'NONE',  ( 0.000000000000000000, 0.000000000000000000, -1.000000000000000000 ) ) ;
#536 = VECTOR ( 'NONE', #972, 999.9999999999998863 ) ;
#537 = CARTESIAN_POINT ( 'NONE',  ( -2.330000000000001403, 2.350974876014612747, -0.9546157422084604605 ) ) ;
#538 = COLOUR_RGB ( '',0.8039215686274510109, 0.8039215686274510109, 0.8039215686274510109 ) ;
#539 = VECTOR ( 'NONE', #139, 1000.000000000000000 ) ;
#540 = ORIENTED_EDGE ( 'NONE', *, *, #5811, .T. ) ;
#541 = ORIENTED_EDGE ( 'NONE', *, *, #2183, .F. ) ;
#542 = CARTESIAN_POINT ( 'NONE',  ( -0.2100000000000005473, 2.165000000000000036, -0.7605367378089592512 ) ) ;
#543 = FILL_AREA_STYLE_COLOUR ( '', #10938 ) ;
#544 = DIRECTION ( 'NONE',  ( 0.000000000000000000, 0.000000000000000000, 1.000000000000000000 ) ) ;
#545 =( GEOMETRIC_REPRESENTATION_CONTEXT ( 3 ) GLOBAL_UNCERTAINTY_ASSIGNED_CONTEXT ( ( #5642 ) ) GLOBAL_UNIT_ASSIGNED_CONTEXT ( ( #2658, #8723, #7132 ) ) REPRESENTATION_CONTEXT ( 'NONE', 'WORKASPACE' ) );
#546 = PRESENTATION_LAYER_ASSIGNMENT (  '', '', ( #8099 ) ) ;
#547 = ORIENTED_EDGE ( 'NONE', *, *, #5941, .T. ) ;
#548 = FILL_AREA_STYLE_COLOUR ( '', #8173 ) ;
#549 = AXIS2_PLACEMENT_3D ( 'NONE', #333, #8681, #5272 ) ;
#550 = EDGE_LOOP ( 'NONE', ( #9385, #6871, #8316, #1599 ) ) ;
#551 = LINE ( 'NONE', #5567, #9335 ) ;
#552 = LINE ( 'NONE', #7409, #3375 ) ;
#553 = STYLED_ITEM ( 'NONE', ( #2590 ), #73 ) ;
#554 = FACE_OUTER_BOUND ( 'NONE', #6851, .T. ) ;
#555 = LINE ( 'NONE', #8153, #9442 ) ;
#556 = FILL_AREA_STYLE_COLOUR ( '', #3933 ) ;
#557 =( NAMED_UNIT ( * ) SI_UNIT ( $, .STERADIAN. ) SOLID_ANGLE_UNIT ( ) );
#558 = COLOUR_RGB ( '',0.8039215686274510109, 0.8039215686274510109, 0.8039215686274510109 ) ;
#559 = EDGE_LOOP ( 'NONE', ( #4236, #3426, #2390, #4167, #1543, #6227, #9613, #718, #6794, #2124, #6178, #5938 ) ) ;
#560 = SURFACE_SIDE_STYLE ('',( #10993 ) ) ;
#561 = EDGE_CURVE ( 'NONE', #6349, #4202, #1637, .T. ) ;
#562 = STYLED_ITEM ( 'NONE', ( #3287 ), #4507 ) ;
#563 = LINE ( 'NONE', #6518, #57 ) ;
#564 = ORIENTED_EDGE ( 'NONE', *, *, #6265, .F. ) ;
#565 = VERTEX_POINT ( 'NONE', #8325 ) ;
#566 = FILL_AREA_STYLE ('',( #7378 ) ) ;
#567 = ORIENTED_EDGE ( 'NONE', *, *, #4949, .F. ) ;
#568 = ADVANCED_FACE ( 'NONE', ( #5948 ), #10064, .T. ) ;
#569 =( NAMED_UNIT ( * ) SI_UNIT ( $, .STERADIAN. ) SOLID_ANGLE_UNIT ( ) );
#570 = DIRECTION ( 'NONE',  ( 1.000000000000000000, 0.000000000000000000, 0.000000000000000000 ) ) ;
#571 = ORIENTED_EDGE ( 'NONE', *, *, #4079, .T. ) ;
#572 = DIRECTION ( 'NONE',  ( 0.000000000000000000, -1.000000000000000000, 0.000000000000000000 ) ) ;
#573 = EDGE_CURVE ( 'NONE', #1254, #2367, #3977, .T. ) ;
#574 =( NAMED_UNIT ( * ) PLANE_ANGLE_UNIT ( ) SI_UNIT ( $, .RADIAN. ) );
#575 = ADVANCED_FACE ( 'NONE', ( #6718 ), #1595, .T. ) ;
#576 = SURFACE_STYLE_FILL_AREA ( #4061 ) ;
#577 = CARTESIAN_POINT ( 'NONE',  ( 3.599999999999999645, -2.350974876014612747, -0.9546157422084604605 ) ) ;
#578 = DIRECTION ( 'NONE',  ( 1.000000000000000000, 0.000000000000000000, 0.000000000000000000 ) ) ;
#579 = LINE ( 'NONE', #9789, #4041 ) ;
#580 = CARTESIAN_POINT ( 'NONE',  ( -2.750000000000001332, -3.000000000000000000, -1.000000000000000000 ) ) ;
#581 = DIRECTION ( 'NONE',  ( 1.000000000000000000, 0.000000000000000000, 0.000000000000000000 ) ) ;
#582 = SURFACE_STYLE_USAGE ( .BOTH. , #6833 ) ;
#583 = AXIS2_PLACEMENT_3D ( 'NONE', #7843, #202, #2819 ) ;
#584 = ORIENTED_EDGE ( 'NONE', *, *, #9752, .F. ) ;
#585 = VERTEX_POINT ( 'NONE', #4420 ) ;
#586 = CYLINDRICAL_SURFACE ( 'NONE', #5315, 0.07499999999999998335 ) ;
#587 = DIRECTION ( 'NONE',  ( 1.000000000000000000, 0.000000000000000000, 0.000000000000000000 ) ) ;
#588 = PLANE ( 'NONE',  #6776 ) ;
#589 = DIRECTION ( 'NONE',  ( 0.000000000000000000, -1.000000000000000000, 0.000000000000000000 ) ) ;
#590 = CARTESIAN_POINT ( 'NONE',  ( -0.2100000000000005473, 2.149963085381718209, -0.2072830971737681105 ) ) ;
#591 = LINE ( 'NONE', #9171, #7450 ) ;
#592 = AXIS2_PLACEMENT_3D ( 'NONE', #7271, #9207, #527 ) ;
#593 = VERTEX_POINT ( 'NONE', #2534 ) ;
#594 = ORIENTED_EDGE ( 'NONE', *, *, #9878, .T. ) ;
#595 =( LENGTH_UNIT ( ) NAMED_UNIT ( * ) SI_UNIT ( .MILLI., .METRE. ) );
#596 = VECTOR ( 'NONE', #9023, 1000.000000000000114 ) ;
#597 = CARTESIAN_POINT ( 'NONE',  ( -4.190202986107629535, 1.815202986107628647, -0.6749999999999999334 ) ) ;
#598 = COLOUR_RGB ( '',0.2862745098039215508, 0.2862745098039215508, 0.2862745098039215508 ) ;
#599 = SURFACE_SIDE_STYLE ('',( #8334 ) ) ;
#600 = DIRECTION ( 'NONE',  ( 1.000000000000000000, 0.000000000000000000, 0.000000000000000000 ) ) ;
#601 = ORIENTED_EDGE ( 'NONE', *, *, #5819, .T. ) ;
#602 = PRESENTATION_STYLE_ASSIGNMENT (( #3836 ) ) ;
#603 = DIRECTION ( 'NONE',  ( 0.000000000000000000, 1.000000000000000000, 0.000000000000000000 ) ) ;
#604 = VECTOR ( 'NONE', #8515, 999.9999999999998863 ) ;
#605 = COLOUR_RGB ( '',0.8039215686274510109, 0.8039215686274510109, 0.8039215686274510109 ) ;
#606 = COLOUR_RGB ( '',0.8039215686274510109, 0.8039215686274510109, 0.8039215686274510109 ) ;
#607 =( LENGTH_UNIT ( ) NAMED_UNIT ( * ) SI_UNIT ( .MILLI., .METRE. ) );
#608 = UNCERTAINTY_MEASURE_WITH_UNIT (LENGTH_MEASURE( 1.000000000000000082E-05 ), #2520, 'distance_accuracy_value', 'NONE');
#609 = FILL_AREA_STYLE_COLOUR ( '', #1315 ) ;
#610 = CARTESIAN_POINT ( 'NONE',  ( -4.020000000000001350, -3.000000000000000000, -1.000000000000000000 ) ) ;
#611 = CARTESIAN_POINT ( 'NONE',  ( -4.190202986107629535, 0.000000000000000000, 0.6750000000000000444 ) ) ;
#612 = SURFACE_STYLE_USAGE ( .BOTH. , #9132 ) ;
#613 = EDGE_CURVE ( 'NONE', #9624, #2696, #1529, .T. ) ;
#614 = EDGE_LOOP ( 'NONE', ( #8490, #4 ) ) ;
#615 = EDGE_LOOP ( 'NONE', ( #1740, #853, #6526, #4715 ) ) ;
#616 = ORIENTED_EDGE ( 'NONE', *, *, #8453, .F. ) ;
#617 = EDGE_CURVE ( 'NONE', #8870, #1580, #5304, .T. ) ;
#618 = CARTESIAN_POINT ( 'NONE',  ( -3.600000000000000977, -2.166782826543157903, -0.09000000000000002442 ) ) ;
#619 = MECHANICAL_DESIGN_GEOMETRIC_PRESENTATION_REPRESENTATION (  '', ( #2933 ), #8738 ) ;
#620 = VERTEX_POINT ( 'NONE', #10510 ) ;
#621 = CARTESIAN_POINT ( 'NONE',  ( -0.2100000000000005473, -2.050000000000000266, -0.1099999999999999867 ) ) ;
#622 = CARTESIAN_POINT ( 'NONE',  ( 3.599999999999999645, 3.000000000000000000, -0.7794627824221421752 ) ) ;
#623 = PRESENTATION_STYLE_ASSIGNMENT (( #1514 ) ) ;
#624 = LINE ( 'NONE', #4064, #2763 ) ;
#625 = STYLED_ITEM ( 'NONE', ( #2859 ), #7229 ) ;
#626 = ADVANCED_FACE ( 'NONE', ( #7912 ), #2760, .T. ) ;
#627 =( BOUNDED_CURVE ( )  B_SPLINE_CURVE ( 3, ( #4197, #8448, #8548, #6901 ),
 .UNSPECIFIED., .F., .F. ) 
 B_SPLINE_CURVE_WITH_KNOTS ( ( 4, 4 ),
 ( 5.503250352303687976, 7.063120262055498699 ),
 .UNSPECIFIED. ) 
 CURVE ( )  GEOMETRIC_REPRESENTATION_ITEM ( )  RATIONAL_B_SPLINE_CURVE ( ( 1.000000000000000000, 0.8073061876036329299, 0.8073061876036329299, 1.000000000000000000 ) ) 
 REPRESENTATION_ITEM ( '' )  );
#628 = SURFACE_STYLE_FILL_AREA ( #8366 ) ;
#629 = FACE_OUTER_BOUND ( 'NONE', #10194, .T. ) ;
#630 = ORIENTED_EDGE ( 'NONE', *, *, #9843, .T. ) ;
#631 = STYLED_ITEM ( 'NONE', ( #6415 ), #6612 ) ;
#632 = EDGE_CURVE ( 'NONE', #6874, #5411, #26, .T. ) ;
#633 = FACE_OUTER_BOUND ( 'NONE', #8920, .T. ) ;
#634 = AXIS2_PLACEMENT_3D ( 'NONE', #9095, #5712, #2239 ) ;
#635 = PRESENTATION_LAYER_ASSIGNMENT (  '', '', ( #8383 ) ) ;
#636 = VERTEX_POINT ( 'NONE', #8596 ) ;
#637 = ORIENTED_EDGE ( 'NONE', *, *, #712, .T. ) ;
#638 = SURFACE_STYLE_USAGE ( .BOTH. , #10060 ) ;
#639 =( GEOMETRIC_REPRESENTATION_CONTEXT ( 3 ) GLOBAL_UNCERTAINTY_ASSIGNED_CONTEXT ( ( #5983 ) ) GLOBAL_UNIT_ASSIGNED_CONTEXT ( ( #8661, #6846, #10462 ) ) REPRESENTATION_CONTEXT ( 'NONE', 'WORKASPACE' ) );
#640 = EDGE_CURVE ( 'NONE', #7084, #1394, #6891, .T. ) ;
#641 = DIRECTION ( 'NONE',  ( 1.000000000000000000, 0.000000000000000000, 0.000000000000000000 ) ) ;
#642 = COLOUR_RGB ( '',0.8039215686274510109, 0.8039215686274510109, 0.8039215686274510109 ) ;
#643 = CARTESIAN_POINT ( 'NONE',  ( -4.020000000000001350, 1.950000000000000178, 0.1100000000000000144 ) ) ;
#644 = PRESENTATION_STYLE_ASSIGNMENT (( #10126 ) ) ;
#645 = ADVANCED_FACE ( 'NONE', ( #7844 ), #7743, .T. ) ;
#646 = MANIFOLD_SOLID_BREP ( 'LPattern1[3]', #10 ) ;
#647 = STYLED_ITEM ( 'NONE', ( #3049 ), #10850 ) ;
#648 = EDGE_LOOP ( 'NONE', ( #7484, #7671, #2931, #6399, #8644, #4407, #541, #4897, #8488, #8976, #10293, #11032 ) ) ;
#649 = SURFACE_STYLE_FILL_AREA ( #5787 ) ;
#650 =( GEOMETRIC_REPRESENTATION_CONTEXT ( 3 ) GLOBAL_UNCERTAINTY_ASSIGNED_CONTEXT ( ( #8886 ) ) GLOBAL_UNIT_ASSIGNED_CONTEXT ( ( #4688, #1284, #4852 ) ) REPRESENTATION_CONTEXT ( 'NONE', 'WORKASPACE' ) );
#651 =( LENGTH_UNIT ( ) NAMED_UNIT ( * ) SI_UNIT ( .MILLI., .METRE. ) );
#652 = PLANE ( 'NONE',  #9339 ) ;
#653 =( GEOMETRIC_REPRESENTATION_CONTEXT ( 3 ) GLOBAL_UNCERTAINTY_ASSIGNED_CONTEXT ( ( #5471 ) ) GLOBAL_UNIT_ASSIGNED_CONTEXT ( ( #10040, #3961, #4003 ) ) REPRESENTATION_CONTEXT ( 'NONE', 'WORKASPACE' ) );
#654 = EDGE_LOOP ( 'NONE', ( #1548, #9451, #6839, #8588 ) ) ;
#655 = CARTESIAN_POINT ( 'NONE',  ( 4.324999626916907758, -1.875273160256224925, -0.1100035496485116115 ) ) ;
#656 = PRESENTATION_LAYER_ASSIGNMENT (  '', '', ( #4080 ) ) ;
#657 = EDGE_LOOP ( 'NONE', ( #10632, #8797, #5521, #7179 ) ) ;
#658 = SURFACE_STYLE_USAGE ( .BOTH. , #6014 ) ;
#659 = FILL_AREA_STYLE_COLOUR ( '', #5573 ) ;
#660 = CARTESIAN_POINT ( 'NONE',  ( 4.324998880753508246, 1.875409738600886778, -0.1100106489190410125 ) ) ;
#661 = PRESENTATION_LAYER_ASSIGNMENT (  '', '', ( #11115 ) ) ;
#662 = LINE ( 'NONE', #774, #3024 ) ;
#663 = UNCERTAINTY_MEASURE_WITH_UNIT (LENGTH_MEASURE( 1.000000000000000082E-05 ), #9870, 'distance_accuracy_value', 'NONE');
#664 = COLOUR_RGB ( '',0.8039215686274510109, 0.8039215686274510109, 0.8039215686274510109 ) ;
#665 = LINE ( 'NONE', #3349, #5831 ) ;
#666 = EDGE_CURVE ( 'NONE', #8106, #6983, #7227, .T. ) ;
#667 = COLOUR_RGB ( '',0.8039215686274510109, 0.8039215686274510109, 0.8039215686274510109 ) ;
#668 = ORIENTED_EDGE ( 'NONE', *, *, #6479, .T. ) ;
#669 = ORIENTED_EDGE ( 'NONE', *, *, #1851, .T. ) ;
#670 = FILL_AREA_STYLE ('',( #2343 ) ) ;
#671 = VERTEX_POINT ( 'NONE', #1137 ) ;
#672 = COLOUR_RGB ( '',0.8039215686274510109, 0.8039215686274510109, 0.8039215686274510109 ) ;
#673 = DIRECTION ( 'NONE',  ( -1.000000000000000000, -0.000000000000000000, -0.000000000000000000 ) ) ;
#674 =( GEOMETRIC_REPRESENTATION_CONTEXT ( 3 ) GLOBAL_UNCERTAINTY_ASSIGNED_CONTEXT ( ( #7928 ) ) GLOBAL_UNIT_ASSIGNED_CONTEXT ( ( #7217, #3028, #9822 ) ) REPRESENTATION_CONTEXT ( 'NONE', 'WORKASPACE' ) );
#675 = VECTOR ( 'NONE', #8689, 1000.000000000000000 ) ;
#676 = STYLED_ITEM ( 'NONE', ( #3471 ), #8911 ) ;
#677 =( LENGTH_UNIT ( ) NAMED_UNIT ( * ) SI_UNIT ( .MILLI., .METRE. ) );
#678 = EDGE_CURVE ( 'NONE', #4886, #738, #6814, .T. ) ;
#679 = VERTEX_POINT ( 'NONE', #2927 ) ;
#680 = LINE ( 'NONE', #1724, #2365 ) ;
#681 = SURFACE_STYLE_FILL_AREA ( #8634 ) ;
#682 = STYLED_ITEM ( 'NONE', ( #10021 ), #10645 ) ;
#683 = SURFACE_STYLE_USAGE ( .BOTH. , #793 ) ;
#684 = DIRECTION ( 'NONE',  ( 0.000000000000000000, 0.000000000000000000, -1.000000000000000000 ) ) ;
#685 = CARTESIAN_POINT ( 'NONE',  ( -0.2100000000000005473, -1.950000000000000178, 0.1100000000000000144 ) ) ;
#686 = VECTOR ( 'NONE', #4518, 999.9999999999998863 ) ;
#687 = VECTOR ( 'NONE', #6565, 1000.000000000000000 ) ;
#688 = DIRECTION ( 'NONE',  ( 0.000000000000000000, 0.000000000000000000, -1.000000000000000000 ) ) ;
#689 = VERTEX_POINT ( 'NONE', #8996 ) ;
#690 = DIRECTION ( 'NONE',  ( 1.000000000000000000, 0.000000000000000000, 0.000000000000000000 ) ) ;
#691 = EDGE_LOOP ( 'NONE', ( #4996, #8336, #10214, #5292 ) ) ;
#692 = FILL_AREA_STYLE_COLOUR ( '', #11102 ) ;
#693 = ORIENTED_EDGE ( 'NONE', *, *, #7087, .T. ) ;
#694 = DIRECTION ( 'NONE',  ( -1.000000000000000000, -0.000000000000000000, -0.000000000000000000 ) ) ;
#695 = AXIS2_PLACEMENT_3D ( 'NONE', #9359, #3126, #11048 ) ;
#696 =( LENGTH_UNIT ( ) NAMED_UNIT ( * ) SI_UNIT ( .MILLI., .METRE. ) );
#697 = DIRECTION ( 'NONE',  ( 1.000000000000000000, 0.000000000000000000, 0.000000000000000000 ) ) ;
#698 = SURFACE_STYLE_USAGE ( .BOTH. , #2416 ) ;
#699 =( GEOMETRIC_REPRESENTATION_CONTEXT ( 3 ) GLOBAL_UNCERTAINTY_ASSIGNED_CONTEXT ( ( #407 ) ) GLOBAL_UNIT_ASSIGNED_CONTEXT ( ( #9205, #2974, #1285 ) ) REPRESENTATION_CONTEXT ( 'NONE', 'WORKASPACE' ) );
#700 = SURFACE_STYLE_FILL_AREA ( #10920 ) ;
#701 = CARTESIAN_POINT ( 'NONE',  ( -4.325000000000000178, 1.875136580382891216, 0.1100000000000039835 ) ) ;
#702 = DIRECTION ( 'NONE',  ( -1.000000000000000000, -0.000000000000000000, -0.000000000000000000 ) ) ;
#703 =( GEOMETRIC_REPRESENTATION_CONTEXT ( 3 ) GLOBAL_UNCERTAINTY_ASSIGNED_CONTEXT ( ( #2729 ) ) GLOBAL_UNIT_ASSIGNED_CONTEXT ( ( #9974, #4675, #5752 ) ) REPRESENTATION_CONTEXT ( 'NONE', 'WORKASPACE' ) );
#704 =( GEOMETRIC_REPRESENTATION_CONTEXT ( 3 ) GLOBAL_UNCERTAINTY_ASSIGNED_CONTEXT ( ( #9935 ) ) GLOBAL_UNIT_ASSIGNED_CONTEXT ( ( #5059, #7665, #8476 ) ) REPRESENTATION_CONTEXT ( 'NONE', 'WORKASPACE' ) );
#705 = EDGE_CURVE ( 'NONE', #1177, #6693, #3733, .T. ) ;
#706 = STYLED_ITEM ( 'NONE', ( #6684 ), #10707 ) ;
#707 = ORIENTED_EDGE ( 'NONE', *, *, #5617, .F. ) ;
#708 = ORIENTED_EDGE ( 'NONE', *, *, #9447, .T. ) ;
#709 = CARTESIAN_POINT ( 'NONE',  ( 4.257733289429966206, -1.815202986107629091, 0.7500000000000000000 ) ) ;
#710 = SURFACE_SIDE_STYLE ('',( #2495 ) ) ;
#711 = EDGE_CURVE ( 'NONE', #9199, #7280, #4697, .T. ) ;
#712 = EDGE_CURVE ( 'NONE', #1393, #8158, #8132, .T. ) ;
#713 = MECHANICAL_DESIGN_GEOMETRIC_PRESENTATION_REPRESENTATION (  '', ( #5935 ), #10986 ) ;
#714 = DIRECTION ( 'NONE',  ( 1.000000000000000000, 0.000000000000000000, 0.000000000000000000 ) ) ;
#715 =( LENGTH_UNIT ( ) NAMED_UNIT ( * ) SI_UNIT ( .MILLI., .METRE. ) );
#716 = MECHANICAL_DESIGN_GEOMETRIC_PRESENTATION_REPRESENTATION (  '', ( #2129 ), #4672 ) ;
#717 = FILL_AREA_STYLE_COLOUR ( '', #4772 ) ;
#718 = ORIENTED_EDGE ( 'NONE', *, *, #10303, .T. ) ;
#719 =( LENGTH_UNIT ( ) NAMED_UNIT ( * ) SI_UNIT ( .MILLI., .METRE. ) );
#720 = CARTESIAN_POINT ( 'NONE',  ( -4.190202986107628647, -1.815202986107629091, 0.6750000000000000444 ) ) ;
#721 = VECTOR ( 'NONE', #2619, 1000.000000000000000 ) ;
#722 = AXIS2_PLACEMENT_3D ( 'NONE', #3406, #9228, #8505 ) ;
#723 = ORIENTED_EDGE ( 'NONE', *, *, #3636, .F. ) ;
#724 = DIRECTION ( 'NONE',  ( 0.000000000000000000, 0.06975647374412501101, -0.9975640502598243087 ) ) ;
#725 = SURFACE_STYLE_USAGE ( .BOTH. , #1549 ) ;
#726 = SURFACE_SIDE_STYLE ('',( #8460 ) ) ;
#727 = MANIFOLD_SOLID_BREP ( 'Boss-Extrude4', #7206 ) ;
#728 = FILL_AREA_STYLE_COLOUR ( '', #606 ) ;
#729 = AXIS2_PLACEMENT_3D ( 'NONE', #487, #5614, #3919 ) ;
#730 = CARTESIAN_POINT ( 'NONE',  ( -1.480000000000000870, 2.149963085381718209, -0.2072830971737681105 ) ) ;
#731 = ORIENTED_EDGE ( 'NONE', *, *, #3720, .F. ) ;
#732 = VERTEX_POINT ( 'NONE', #7500 ) ;
#733 = LINE ( 'NONE', #4344, #1248 ) ;
#734 = ORIENTED_EDGE ( 'NONE', *, *, #9111, .T. ) ;
#735 = CARTESIAN_POINT ( 'NONE',  ( 1.479999999999999094, -2.366708997306596007, -0.08456619434753616382 ) ) ;
#736 = AXIS2_PLACEMENT_3D ( 'NONE', #8862, #1119, #7158 ) ;
#737 = PLANE ( 'NONE',  #9497 ) ;
#738 = VERTEX_POINT ( 'NONE', #3312 ) ;
#739 = DIRECTION ( 'NONE',  ( -0.1039620511844979306, 0.1039620511844979306, -0.9891328443778538704 ) ) ;
#740 = PRESENTATION_STYLE_ASSIGNMENT (( #9537 ) ) ;
#741 = CARTESIAN_POINT ( 'NONE',  ( 4.019999999999999574, -3.000000000000000000, -1.000000000000000000 ) ) ;
#742 = LINE ( 'NONE', #4913, #9501 ) ;
#743 =( NAMED_UNIT ( * ) SI_UNIT ( $, .STERADIAN. ) SOLID_ANGLE_UNIT ( ) );
#744 = COLOUR_RGB ( '',0.8039215686274510109, 0.8039215686274510109, 0.8039215686274510109 ) ;
#745 = MANIFOLD_SOLID_BREP ( 'Boss-Extrude3', #10545 ) ;
#746 = ORIENTED_EDGE ( 'NONE', *, *, #6905, .F. ) ;
#747 = LINE ( 'NONE', #5710, #4102 ) ;
#748 = ORIENTED_EDGE ( 'NONE', *, *, #3943, .F. ) ;
#749 = ORIENTED_EDGE ( 'NONE', *, *, #8310, .T. ) ;
#750 = VERTEX_POINT ( 'NONE', #6706 ) ;
#751 = FILL_AREA_STYLE_COLOUR ( '', #9260 ) ;
#752 = CARTESIAN_POINT ( 'NONE',  ( 2.329999999999999627, 2.166782826543157903, 0.1100000000000000144 ) ) ;
#753 = CARTESIAN_POINT ( 'NONE',  ( -4.293963392251840538, 1.949760935694445196, 0.1122745449310376398 ) ) ;
#754 =( LENGTH_UNIT ( ) NAMED_UNIT ( * ) SI_UNIT ( .MILLI., .METRE. ) );
#755 = ADVANCED_FACE ( 'NONE', ( #7394 ), #6593, .F. ) ;
#756 = EDGE_CURVE ( 'NONE', #1420, #5199, #4125, .T. ) ;
#757 = EDGE_LOOP ( 'NONE', ( #4056, #9439, #10172, #6253 ) ) ;
#758 = ORIENTED_EDGE ( 'NONE', *, *, #3230, .F. ) ;
#759 =( NAMED_UNIT ( * ) SI_UNIT ( $, .STERADIAN. ) SOLID_ANGLE_UNIT ( ) );
#760 =( LENGTH_UNIT ( ) NAMED_UNIT ( * ) SI_UNIT ( .MILLI., .METRE. ) );
#761 = CYLINDRICAL_SURFACE ( 'NONE', #6913, 0.09999999999999956146 ) ;
#762 = DIRECTION ( 'NONE',  ( 0.000000000000000000, 0.9945218953682734009, -0.1045284632676537068 ) ) ;
#763 = PRESENTATION_LAYER_ASSIGNMENT (  '', '', ( #9054 ) ) ;
#764 = EDGE_CURVE ( 'NONE', #4306, #9383, #10846, .T. ) ;
#765 = ORIENTED_EDGE ( 'NONE', *, *, #9885, .F. ) ;
#766 = CARTESIAN_POINT ( 'NONE',  ( -4.020000000000001350, 2.474947744208253031, -0.7427475520708763934 ) ) ;
#767 = CARTESIAN_POINT ( 'NONE',  ( 4.293963392251841427, 1.949760935694445640, -0.1122745449310407206 ) ) ;
#768 = UNCERTAINTY_MEASURE_WITH_UNIT (LENGTH_MEASURE( 1.000000000000000082E-05 ), #5023, 'distance_accuracy_value', 'NONE');
#769 = EDGE_CURVE ( 'NONE', #8864, #1229, #10904, .T. ) ;
#770 = EDGE_CURVE ( 'NONE', #478, #5127, #5709, .T. ) ;
#771 = VECTOR ( 'NONE', #6992, 1000.000000000000000 ) ;
#772 = ORIENTED_EDGE ( 'NONE', *, *, #2485, .F. ) ;
#773 =( NAMED_UNIT ( * ) SI_UNIT ( $, .STERADIAN. ) SOLID_ANGLE_UNIT ( ) );
#774 = CARTESIAN_POINT ( 'NONE',  ( 2.749999999999999112, 3.000000000000000000, -0.7794627824221421752 ) ) ;
#775 = DIRECTION ( 'NONE',  ( 1.000000000000000000, 0.000000000000000000, 0.000000000000000000 ) ) ;
#776 = FILL_AREA_STYLE_COLOUR ( '', #9919 ) ;
#777 = DIRECTION ( 'NONE',  ( -1.000000000000000000, 1.162852545231921209E-14, -0.000000000000000000 ) ) ;
#778 = CIRCLE ( 'NONE', #2735, 0.2000000000000002054 ) ;
#779 = ORIENTED_EDGE ( 'NONE', *, *, #4309, .T. ) ;
#780 = UNCERTAINTY_MEASURE_WITH_UNIT (LENGTH_MEASURE( 1.000000000000000082E-05 ), #9517, 'distance_accuracy_value', 'NONE');
#781 = ORIENTED_EDGE ( 'NONE', *, *, #2682, .F. ) ;
#782 = SURFACE_SIDE_STYLE ('',( #9474 ) ) ;
#783 = ORIENTED_EDGE ( 'NONE', *, *, #5223, .F. ) ;
#784 = AXIS2_PLACEMENT_3D ( 'NONE', #9594, #7898, #8695 ) ;
#785 = LINE ( 'NONE', #3296, #1386 ) ;
#786 = EDGE_CURVE ( 'NONE', #7326, #9310, #2294, .T. ) ;
#787 = CARTESIAN_POINT ( 'NONE',  ( -3.600000000000000977, -2.165000000000000036, -0.7605367378089592512 ) ) ;
#788 = ORIENTED_EDGE ( 'NONE', *, *, #5390, .F. ) ;
#789 = FACE_OUTER_BOUND ( 'NONE', #4242, .T. ) ;
#790 = PRESENTATION_LAYER_ASSIGNMENT (  '', '', ( #5652 ) ) ;
#791 = STYLED_ITEM ( 'NONE', ( #7346 ), #6078 ) ;
#792 = FILL_AREA_STYLE_COLOUR ( '', #2581 ) ;
#793 = SURFACE_SIDE_STYLE ('',( #9429 ) ) ;
#794 =( NAMED_UNIT ( * ) PLANE_ANGLE_UNIT ( ) SI_UNIT ( $, .RADIAN. ) );
#795 = DIRECTION ( 'NONE',  ( -1.000000000000000000, 0.000000000000000000, -0.000000000000000000 ) ) ;
#796 = MANIFOLD_SOLID_BREP ( 'LPattern1[6]', #9742 ) ;
#797 = ORIENTED_EDGE ( 'NONE', *, *, #3434, .F. ) ;
#798 = CIRCLE ( 'NONE', #10170, 0.09999999999999982514 ) ;
#799 = SURFACE_STYLE_USAGE ( .BOTH. , #6934 ) ;
#800 = EDGE_LOOP ( 'NONE', ( #9807, #4666, #5895, #7779 ) ) ;
#801 = ORIENTED_EDGE ( 'NONE', *, *, #1452, .T. ) ;
#802 =( LENGTH_UNIT ( ) NAMED_UNIT ( * ) SI_UNIT ( .MILLI., .METRE. ) );
#803 = UNCERTAINTY_MEASURE_WITH_UNIT (LENGTH_MEASURE( 1.000000000000000082E-05 ), #403, 'distance_accuracy_value', 'NONE');
#804 = CARTESIAN_POINT ( 'NONE',  ( -1.480000000000000870, -2.050000000000000266, -0.2100000000000000200 ) ) ;
#805 = VERTEX_POINT ( 'NONE', #7672 ) ;
#806 = FILL_AREA_STYLE ('',( #7616 ) ) ;
#807 = ORIENTED_EDGE ( 'NONE', *, *, #4710, .F. ) ;
#808 = SURFACE_STYLE_FILL_AREA ( #1742 ) ;
#809 = LINE ( 'NONE', #5247, #9984 ) ;
#810 = CARTESIAN_POINT ( 'NONE',  ( -1.480000000000000870, 2.166782826543157903, -0.09000000000000002442 ) ) ;
#811 = DIRECTION ( 'NONE',  ( 0.000000000000000000, 0.000000000000000000, 1.000000000000000000 ) ) ;
#812 = MECHANICAL_DESIGN_GEOMETRIC_PRESENTATION_REPRESENTATION (  '', ( #10361 ), #1329 ) ;
#813 = FACE_OUTER_BOUND ( 'NONE', #5551, .T. ) ;
#814 =( GEOMETRIC_REPRESENTATION_CONTEXT ( 3 ) GLOBAL_UNCERTAINTY_ASSIGNED_CONTEXT ( ( #9538 ) ) GLOBAL_UNIT_ASSIGNED_CONTEXT ( ( #3589, #4505, #3635 ) ) REPRESENTATION_CONTEXT ( 'NONE', 'WORKASPACE' ) );
#815 = VERTEX_POINT ( 'NONE', #7445 ) ;
#816 = ORIENTED_EDGE ( 'NONE', *, *, #5444, .F. ) ;
#817 =( NAMED_UNIT ( * ) SI_UNIT ( $, .STERADIAN. ) SOLID_ANGLE_UNIT ( ) );
#818 = DIRECTION ( 'NONE',  ( 0.000000000000000000, 0.000000000000000000, -1.000000000000000000 ) ) ;
#819 = PLANE ( 'NONE',  #10348 ) ;
#820 = SURFACE_STYLE_USAGE ( .BOTH. , #4200 ) ;
#821 = FILL_AREA_STYLE ('',( #8609 ) ) ;
#822 = SURFACE_SIDE_STYLE ('',( #2548 ) ) ;
#823 = ORIENTED_EDGE ( 'NONE', *, *, #6072, .F. ) ;
#824 = SURFACE_STYLE_USAGE ( .BOTH. , #6732 ) ;
#825 = FACE_OUTER_BOUND ( 'NONE', #1874, .T. ) ;
#826 = AXIS2_PLACEMENT_3D ( 'NONE', #9556, #1804, #5246 ) ;
#827 = ORIENTED_EDGE ( 'NONE', *, *, #7520, .T. ) ;
#828 = SURFACE_STYLE_USAGE ( .BOTH. , #3232 ) ;
#829 = SURFACE_STYLE_FILL_AREA ( #4042 ) ;
#830 =( LENGTH_UNIT ( ) NAMED_UNIT ( * ) SI_UNIT ( .MILLI., .METRE. ) );
#831 = MANIFOLD_SOLID_BREP ( 'LPattern1[9]', #7745 ) ;
#832 = CARTESIAN_POINT ( 'NONE',  ( 2.749999999999999112, -1.950000000000000178, 0.1100000000000000144 ) ) ;
#833 = AXIS2_PLACEMENT_3D ( 'NONE', #6151, #8872, #5298 ) ;
#834 = EDGE_CURVE ( 'NONE', #4702, #4769, #6764, .T. ) ;
#835 = DIRECTION ( 'NONE',  ( 0.000000000000000000, 1.000000000000000000, 0.000000000000000000 ) ) ;
#836 = ADVANCED_FACE ( 'NONE', ( #63 ), #8586, .T. ) ;
#837 = ORIENTED_EDGE ( 'NONE', *, *, #1784, .T. ) ;
#838 = FILL_AREA_STYLE_COLOUR ( '', #1780 ) ;
#839 = CARTESIAN_POINT ( 'NONE',  ( -4.324999626916907758, 1.875273160256224259, 0.1100035496485116254 ) ) ;
#840 = STYLED_ITEM ( 'NONE', ( #3807 ), #9333 ) ;
#841 = DIRECTION ( 'NONE',  ( 0.000000000000000000, 0.000000000000000000, 1.000000000000000000 ) ) ;
#842 = VECTOR ( 'NONE', #4245, 1000.000000000000000 ) ;
#843 = CARTESIAN_POINT ( 'NONE',  ( 1.059999999999999387, -3.000000000000000000, -1.000000000000000000 ) ) ;
#844 = EDGE_CURVE ( 'NONE', #8601, #2862, #10286, .T. ) ;
#845 = ORIENTED_EDGE ( 'NONE', *, *, #6949, .F. ) ;
#846 = DIRECTION ( 'NONE',  ( 1.000000000000000000, 0.000000000000000000, 0.000000000000000000 ) ) ;
#847 =( GEOMETRIC_REPRESENTATION_CONTEXT ( 3 ) GLOBAL_UNCERTAINTY_ASSIGNED_CONTEXT ( ( #1095 ) ) GLOBAL_UNIT_ASSIGNED_CONTEXT ( ( #5403, #7150, #6925 ) ) REPRESENTATION_CONTEXT ( 'NONE', 'WORKASPACE' ) );
#848 = FILL_AREA_STYLE_COLOUR ( '', #4937 ) ;
#849 =( NAMED_UNIT ( * ) SI_UNIT ( $, .STERADIAN. ) SOLID_ANGLE_UNIT ( ) );
#850 = EDGE_CURVE ( 'NONE', #1367, #3231, #1281, .T. ) ;
#851 = CARTESIAN_POINT ( 'NONE',  ( 2.329999999999999627, -2.050000000000000266, -0.1099999999999999867 ) ) ;
#852 = ADVANCED_FACE ( 'NONE', ( #4526 ), #6363, .T. ) ;
#853 = ORIENTED_EDGE ( 'NONE', *, *, #3528, .F. ) ;
#854 = SURFACE_SIDE_STYLE ('',( #628 ) ) ;
#855 =( NAMED_UNIT ( * ) PLANE_ANGLE_UNIT ( ) SI_UNIT ( $, .RADIAN. ) );
#856 = ORIENTED_EDGE ( 'NONE', *, *, #632, .T. ) ;
#857 = PRESENTATION_LAYER_ASSIGNMENT (  '', '', ( #3350 ) ) ;
#858 = CIRCLE ( 'NONE', #6792, 0.2000000000000002054 ) ;
#859 = LINE ( 'NONE', #7959, #504 ) ;
#860 = MECHANICAL_DESIGN_GEOMETRIC_PRESENTATION_REPRESENTATION (  '', ( #9326 ), #6248 ) ;
#861 = VERTEX_POINT ( 'NONE', #1231 ) ;
#862 = STYLED_ITEM ( 'NONE', ( #5147 ), #9945 ) ;
#863 =( NAMED_UNIT ( * ) PLANE_ANGLE_UNIT ( ) SI_UNIT ( $, .RADIAN. ) );
#864 = PLANE ( 'NONE',  #1853 ) ;
#865 = COLOUR_RGB ( '',0.8039215686274510109, 0.8039215686274510109, 0.8039215686274510109 ) ;
#866 = VECTOR ( 'NONE', #9939, 1000.000000000000000 ) ;
#867 = FACE_OUTER_BOUND ( 'NONE', #2038, .T. ) ;
#868 = CARTESIAN_POINT ( 'NONE',  ( -2.750000000000001332, -2.474947744208253031, -0.7427475520708766155 ) ) ;
#869 =( GEOMETRIC_REPRESENTATION_CONTEXT ( 3 ) GLOBAL_UNCERTAINTY_ASSIGNED_CONTEXT ( ( #8175 ) ) GLOBAL_UNIT_ASSIGNED_CONTEXT ( ( #607, #3744, #1192 ) ) REPRESENTATION_CONTEXT ( 'NONE', 'WORKASPACE' ) );
#870 = AXIS2_PLACEMENT_3D ( 'NONE', #4248, #4189, #8441 ) ;
#871 = AXIS2_PLACEMENT_3D ( 'NONE', #804, #9578, #5190 ) ;
#872 = PRESENTATION_STYLE_ASSIGNMENT (( #1811 ) ) ;
#873 =( GEOMETRIC_REPRESENTATION_CONTEXT ( 3 ) GLOBAL_UNCERTAINTY_ASSIGNED_CONTEXT ( ( #10733 ) ) GLOBAL_UNIT_ASSIGNED_CONTEXT ( ( #11091, #11159, #3516 ) ) REPRESENTATION_CONTEXT ( 'NONE', 'WORKASPACE' ) );
#874 =( GEOMETRIC_REPRESENTATION_CONTEXT ( 3 ) GLOBAL_UNCERTAINTY_ASSIGNED_CONTEXT ( ( #1830 ) ) GLOBAL_UNIT_ASSIGNED_CONTEXT ( ( #2626, #8580, #9301 ) ) REPRESENTATION_CONTEXT ( 'NONE', 'WORKASPACE' ) );
#875 = STYLED_ITEM ( 'NONE', ( #1553 ), #3934 ) ;
#876 = ORIENTED_EDGE ( 'NONE', *, *, #2471, .F. ) ;
#877 = ORIENTED_EDGE ( 'NONE', *, *, #1109, .T. ) ;
#878 = DIRECTION ( 'NONE',  ( 1.000000000000000000, 0.000000000000000000, 0.000000000000000000 ) ) ;
#879 = VECTOR ( 'NONE', #2, 1000.000000000000000 ) ;
#880 = DIRECTION ( 'NONE',  ( 0.000000000000000000, 0.000000000000000000, -1.000000000000000000 ) ) ;
#881 = DIRECTION ( 'NONE',  ( 0.000000000000000000, 0.9996308538171886360, 0.02716902826231849810 ) ) ;
#882 = COLOUR_RGB ( '',0.8039215686274510109, 0.8039215686274510109, 0.8039215686274510109 ) ;
#883 =( GEOMETRIC_REPRESENTATION_CONTEXT ( 3 ) GLOBAL_UNCERTAINTY_ASSIGNED_CONTEXT ( ( #3034 ) ) GLOBAL_UNIT_ASSIGNED_CONTEXT ( ( #1240, #4693, #300 ) ) REPRESENTATION_CONTEXT ( 'NONE', 'WORKASPACE' ) );
#884 = ORIENTED_EDGE ( 'NONE', *, *, #10312, .T. ) ;
#885 =( NAMED_UNIT ( * ) SI_UNIT ( $, .STERADIAN. ) SOLID_ANGLE_UNIT ( ) );
#886 = UNCERTAINTY_MEASURE_WITH_UNIT (LENGTH_MEASURE( 1.000000000000000082E-05 ), #4329, 'distance_accuracy_value', 'NONE');
#887 = VECTOR ( 'NONE', #3298, 1000.000000000000000 ) ;
#888 = ORIENTED_EDGE ( 'NONE', *, *, #3071, .F. ) ;
#889 = LINE ( 'NONE', #9524, #6075 ) ;
#890 = MECHANICAL_DESIGN_GEOMETRIC_PRESENTATION_REPRESENTATION (  '', ( #9188 ), #5576 ) ;
#891 = VECTOR ( 'NONE', #6950, 1000.000000000000000 ) ;
#892 =( NAMED_UNIT ( * ) PLANE_ANGLE_UNIT ( ) SI_UNIT ( $, .RADIAN. ) );
#893 = DIRECTION ( 'NONE',  ( -1.000000000000000000, -0.000000000000000000, -0.000000000000000000 ) ) ;
#894 = CARTESIAN_POINT ( 'NONE',  ( 4.019999999999999574, 2.364926170763438140, -0.7551029321564953767 ) ) ;
#895 = CARTESIAN_POINT ( 'NONE',  ( -0.2100000000000005473, -2.050000000000000266, -0.2100000000000000200 ) ) ;
#896 = ORIENTED_EDGE ( 'NONE', *, *, #6479, .F. ) ;
#897 = DIRECTION ( 'NONE',  ( 0.000000000000000000, -0.9996308538171885250, -0.02716902826232023976 ) ) ;
#898 = STYLED_ITEM ( 'NONE', ( #5713 ), #2001 ) ;
#899 = FILL_AREA_STYLE ('',( #4396 ) ) ;
#900 = EDGE_CURVE ( 'NONE', #10781, #2457, #4622, .T. ) ;
#901 = DIRECTION ( 'NONE',  ( 1.000000000000000000, 0.000000000000000000, 0.000000000000000000 ) ) ;
#902 = STYLED_ITEM ( 'NONE', ( #5626 ), #1251 ) ;
#903 = DIRECTION ( 'NONE',  ( 0.000000000000000000, 0.000000000000000000, -1.000000000000000000 ) ) ;
#904 = CIRCLE ( 'NONE', #1964, 0.09999999999999956146 ) ;
#905 = CARTESIAN_POINT ( 'NONE',  ( -4.325806167510463318, 1.876217025357843182, 0.1023298284942926600 ) ) ;
#906 = LINE ( 'NONE', #11013, #9165 ) ;
#907 = CARTESIAN_POINT ( 'NONE',  ( 3.599999999999999645, -2.350974876014612747, -0.9546157422084604605 ) ) ;
#908 = FACE_OUTER_BOUND ( 'NONE', #5883, .T. ) ;
#909 = FILL_AREA_STYLE ('',( #7892 ) ) ;
#910 = CLOSED_SHELL ( 'NONE', ( #2260, #568, #9544, #10707, #9053, #101, #1113, #6092, #2001, #8845, #9790, #8650, #6209, #4647 ) ) ;
#911 = DIRECTION ( 'NONE',  ( 0.000000000000000000, 0.000000000000000000, 1.000000000000000000 ) ) ;
#912 = VERTEX_POINT ( 'NONE', #2011 ) ;
#913 = SURFACE_STYLE_USAGE ( .BOTH. , #3491 ) ;
#914 = VERTEX_POINT ( 'NONE', #9029 ) ;
#915 = EDGE_CURVE ( 'NONE', #4759, #4929, #5412, .T. ) ;
#916 = MECHANICAL_DESIGN_GEOMETRIC_PRESENTATION_REPRESENTATION (  '', ( #4144 ), #3603 ) ;
#917 = CARTESIAN_POINT ( 'NONE',  ( 2.749999999999999112, 2.364926170763438140, -0.7551029321564953767 ) ) ;
#918 = EDGE_CURVE ( 'NONE', #11070, #2301, #6191, .T. ) ;
#919 = EDGE_CURVE ( 'NONE', #6874, #10718, #4681, .T. ) ;
#920 = EDGE_CURVE ( 'NONE', #4029, #7425, #8117, .T. ) ;
#921 = FILL_AREA_STYLE ('',( #1689 ) ) ;
#922 = ORIENTED_EDGE ( 'NONE', *, *, #364, .F. ) ;
#923 = SURFACE_SIDE_STYLE ('',( #2478 ) ) ;
#924 = DIRECTION ( 'NONE',  ( 0.000000000000000000, 0.000000000000000000, 1.000000000000000000 ) ) ;
#925 =( NAMED_UNIT ( * ) SI_UNIT ( $, .STERADIAN. ) SOLID_ANGLE_UNIT ( ) );
#926 = AXIS2_PLACEMENT_3D ( 'NONE', #5220, #7594, #7714 ) ;
#927 =( NAMED_UNIT ( * ) SI_UNIT ( $, .STERADIAN. ) SOLID_ANGLE_UNIT ( ) );
#928 = SURFACE_STYLE_FILL_AREA ( #10351 ) ;
#929 = ORIENTED_EDGE ( 'NONE', *, *, #2818, .F. ) ;
#930 = EDGE_LOOP ( 'NONE', ( #5715, #4049, #7163, #6628 ) ) ;
#931 =( NAMED_UNIT ( * ) SI_UNIT ( $, .STERADIAN. ) SOLID_ANGLE_UNIT ( ) );
#932 = DIRECTION ( 'NONE',  ( 0.000000000000000000, 0.000000000000000000, -1.000000000000000000 ) ) ;
#933 = SURFACE_STYLE_USAGE ( .BOTH. , #2770 ) ;
#934 = DIRECTION ( 'NONE',  ( 1.000000000000000000, 0.000000000000000000, 0.000000000000000000 ) ) ;
#935 = SURFACE_STYLE_FILL_AREA ( #7858 ) ;
#936 = DIRECTION ( 'NONE',  ( 0.000000000000000000, 0.000000000000000000, -1.000000000000000000 ) ) ;
#937 = LINE ( 'NONE', #1765, #3413 ) ;
#938 = VERTEX_POINT ( 'NONE', #1125 ) ;
#939 = PRESENTATION_STYLE_ASSIGNMENT (( #5213 ) ) ;
#940 = ORIENTED_EDGE ( 'NONE', *, *, #1287, .F. ) ;
#941 = DIRECTION ( 'NONE',  ( 0.000000000000000000, -1.000000000000000000, 0.000000000000000000 ) ) ;
#942 =( LENGTH_UNIT ( ) NAMED_UNIT ( * ) SI_UNIT ( .MILLI., .METRE. ) );
#943 = FACE_OUTER_BOUND ( 'NONE', #1091, .T. ) ;
#944 = SURFACE_STYLE_FILL_AREA ( #1059 ) ;
#945 = DIRECTION ( 'NONE',  ( -1.000000000000000000, -0.000000000000000000, 0.000000000000000000 ) ) ;
#946 = ORIENTED_EDGE ( 'NONE', *, *, #632, .F. ) ;
#947 = VECTOR ( 'NONE', #8798, 1000.000000000000000 ) ;
#948 = PLANE ( 'NONE',  #8340 ) ;
#949 = VECTOR ( 'NONE', #10215, 999.9999999999998863 ) ;
#950 =( LENGTH_UNIT ( ) NAMED_UNIT ( * ) SI_UNIT ( .MILLI., .METRE. ) );
#951 = LINE ( 'NONE', #8804, #5714 ) ;
#952 =( NAMED_UNIT ( * ) SI_UNIT ( $, .STERADIAN. ) SOLID_ANGLE_UNIT ( ) );
#953 = DIRECTION ( 'NONE',  ( -1.000000000000000000, -0.000000000000000000, 0.000000000000000000 ) ) ;
#954 = UNCERTAINTY_MEASURE_WITH_UNIT (LENGTH_MEASURE( 1.000000000000000082E-05 ), #8280, 'distance_accuracy_value', 'NONE');
#955 = SPHERICAL_SURFACE ( 'NONE', #9071, 0.07499999999999999722 ) ;
#956 = ADVANCED_FACE ( 'NONE', ( #2802 ), #7213, .T. ) ;
#957 = AXIS2_PLACEMENT_3D ( 'NONE', #6053, #3235, #932 ) ;
#958 = FACE_OUTER_BOUND ( 'NONE', #3192, .T. ) ;
#959 = DIRECTION ( 'NONE',  ( -1.000000000000000000, -0.000000000000000000, -0.000000000000000000 ) ) ;
#960 = CARTESIAN_POINT ( 'NONE',  ( -2.750000000000001332, 2.366708997306596007, -0.08456619434753616382 ) ) ;
#961 =( LENGTH_UNIT ( ) NAMED_UNIT ( * ) SI_UNIT ( .MILLI., .METRE. ) );
#962 = VECTOR ( 'NONE', #1685, 999.9999999999998863 ) ;
#963 = ORIENTED_EDGE ( 'NONE', *, *, #10766, .T. ) ;
#964 =( LENGTH_UNIT ( ) NAMED_UNIT ( * ) SI_UNIT ( .MILLI., .METRE. ) );
#965 = CARTESIAN_POINT ( 'NONE',  ( 0.2099999999999992428, -2.166782826543157903, -0.09000000000000002442 ) ) ;
#966 = ORIENTED_EDGE ( 'NONE', *, *, #5116, .T. ) ;
#967 = CARTESIAN_POINT ( 'NONE',  ( 4.019999999999999574, 2.350974876014612747, -0.9546157422084604605 ) ) ;
#968 = DIRECTION ( 'NONE',  ( 1.000000000000000000, 0.000000000000000000, 0.000000000000000000 ) ) ;
#969 = UNCERTAINTY_MEASURE_WITH_UNIT (LENGTH_MEASURE( 1.000000000000000082E-05 ), #7746, 'distance_accuracy_value', 'NONE');
#970 = UNCERTAINTY_MEASURE_WITH_UNIT (LENGTH_MEASURE( 1.000000000000000082E-05 ), #9493, 'distance_accuracy_value', 'NONE');
#971 = CIRCLE ( 'NONE', #10341, 0.2000000000000003164 ) ;
#972 = DIRECTION ( 'NONE',  ( 0.000000000000000000, -0.02716902826231849810, -0.9996308538171886360 ) ) ;
#973 = ORIENTED_EDGE ( 'NONE', *, *, #8431, .T. ) ;
#974 = FACE_OUTER_BOUND ( 'NONE', #10944, .T. ) ;
#975 = EDGE_CURVE ( 'NONE', #1170, #1963, #7486, .T. ) ;
#976 = AXIS2_PLACEMENT_3D ( 'NONE', #8892, #1153, #320 ) ;
#977 = CARTESIAN_POINT ( 'NONE',  ( -2.330000000000001403, -2.149963085381718209, -0.2072830971737681105 ) ) ;
#978 = PRESENTATION_LAYER_ASSIGNMENT (  '', '', ( #7265 ) ) ;
#979 = ADVANCED_FACE ( 'NONE', ( #3025 ), #4899, .T. ) ;
#980 = CARTESIAN_POINT ( 'NONE',  ( 4.019999999999999574, 2.381960306200947564, -0.6457080498711260663 ) ) ;
#981 = CARTESIAN_POINT ( 'NONE',  ( -4.190202986107629535, 0.000000000000000000, -0.7500000000000000000 ) ) ;
#982 = DIRECTION ( 'NONE',  ( 0.000000000000000000, -0.9975640502598243087, -0.06975647374412548285 ) ) ;
#983 = EDGE_CURVE ( 'NONE', #9100, #10277, #10945, .T. ) ;
#984 = AXIS2_PLACEMENT_3D ( 'NONE', #7290, #5499, #10688 ) ;
#985 = ORIENTED_EDGE ( 'NONE', *, *, #1155, .T. ) ;
#986 = ORIENTED_EDGE ( 'NONE', *, *, #2835, .F. ) ;
#987 = SURFACE_STYLE_USAGE ( .BOTH. , #5143 ) ;
#988 = DIRECTION ( 'NONE',  ( 0.000000000000000000, 0.000000000000000000, -1.000000000000000000 ) ) ;
#989 = ADVANCED_FACE ( 'NONE', ( #4947 ), #7319, .F. ) ;
#990 = PRESENTATION_LAYER_ASSIGNMENT (  '', '', ( #8185 ) ) ;
#991 = CARTESIAN_POINT ( 'NONE',  ( -4.020000000000001350, -2.050000000000000266, -0.2100000000000000200 ) ) ;
#992 = UNCERTAINTY_MEASURE_WITH_UNIT (LENGTH_MEASURE( 1.000000000000000082E-05 ), #9476, 'distance_accuracy_value', 'NONE');
#993 = DIRECTION ( 'NONE',  ( 0.000000000000000000, 0.000000000000000000, -1.000000000000000000 ) ) ;
#994 = SURFACE_STYLE_USAGE ( .BOTH. , #4499 ) ;
#995 = EDGE_CURVE ( 'NONE', #5214, #689, #1395, .T. ) ;
#996 = AXIS2_PLACEMENT_3D ( 'NONE', #2221, #5755, #3020 ) ;
#997 = CARTESIAN_POINT ( 'NONE',  ( -0.2100000000000005473, 2.481923391582665950, -0.6429911470448941291 ) ) ;
#998 = EDGE_LOOP ( 'NONE', ( #2357, #564, #2976, #9315 ) ) ;
#999 = LINE ( 'NONE', #7864, #9636 ) ;
#1000 = DIRECTION ( 'NONE',  ( 0.000000000000000000, 0.000000000000000000, -1.000000000000000000 ) ) ;
#1001 = ORIENTED_EDGE ( 'NONE', *, *, #2835, .T. ) ;
#1002 = COLOUR_RGB ( '',0.8039215686274510109, 0.8039215686274510109, 0.8039215686274510109 ) ;
#1003 =( LENGTH_UNIT ( ) NAMED_UNIT ( * ) SI_UNIT ( .MILLI., .METRE. ) );
#1004 = CARTESIAN_POINT ( 'NONE',  ( -1.480000000000000870, -1.950000000000000178, -0.1099999999999999867 ) ) ;
#1005 =( NAMED_UNIT ( * ) PLANE_ANGLE_UNIT ( ) SI_UNIT ( $, .RADIAN. ) );
#1006 = VECTOR ( 'NONE', #10970, 1000.000000000000227 ) ;
#1007 = VERTEX_POINT ( 'NONE', #4050 ) ;
#1008 = LINE ( 'NONE', #4452, #3177 ) ;
#1009 = DIRECTION ( 'NONE',  ( 0.000000000000000000, -1.000000000000000000, 0.000000000000000000 ) ) ;
#1010 = DIRECTION ( 'NONE',  ( 0.000000000000000000, 1.000000000000000000, 0.000000000000000000 ) ) ;
#1011 = FACE_OUTER_BOUND ( 'NONE', #1510, .T. ) ;
#1012 = CIRCLE ( 'NONE', #8216, 0.2000000000000003164 ) ;
#1013 = SURFACE_STYLE_USAGE ( .BOTH. , #3771 ) ;
#1014 = CARTESIAN_POINT ( 'NONE',  ( 3.599999999999999645, -1.950000000000000178, -0.1099999999999999867 ) ) ;
#1015 = DIRECTION ( 'NONE',  ( 0.000000000000000000, 0.9975640502598241977, -0.06975647374412546897 ) ) ;
#1016 = CARTESIAN_POINT ( 'NONE',  ( 1.059999999999999387, 2.364926170763438140, -0.7551029321564953767 ) ) ;
#1017 = ORIENTED_EDGE ( 'NONE', *, *, #8080, .T. ) ;
#1018 = SURFACE_STYLE_USAGE ( .BOTH. , #854 ) ;
#1019 = ORIENTED_EDGE ( 'NONE', *, *, #5748, .F. ) ;
#1020 = ADVANCED_FACE ( 'NONE', ( #3186 ), #6645, .T. ) ;
#1021 = AXIS2_PLACEMENT_3D ( 'NONE', #6580, #5694, #4998 ) ;
#1022 = MECHANICAL_DESIGN_GEOMETRIC_PRESENTATION_REPRESENTATION (  '', ( #1893 ), #10934 ) ;
#1023 = LINE ( 'NONE', #4473, #173 ) ;
#1024 = ORIENTED_EDGE ( 'NONE', *, *, #6905, .T. ) ;
#1025 = PLANE ( 'NONE',  #1910 ) ;
#1026 = PRESENTATION_LAYER_ASSIGNMENT (  '', '', ( #840 ) ) ;
#1027 = CARTESIAN_POINT ( 'NONE',  ( -0.2100000000000005473, 3.000000000000000000, -1.000000000000000000 ) ) ;
#1028 = CIRCLE ( 'NONE', #1370, 0.2000000000000002054 ) ;
#1029 = DIRECTION ( 'NONE',  ( 0.000000000000000000, -0.9975640502598243087, 0.06975647374412501101 ) ) ;
#1030 = PRESENTATION_LAYER_ASSIGNMENT (  '', '', ( #2088 ) ) ;
#1031 = CARTESIAN_POINT ( 'NONE',  ( -4.020000000000001350, 2.474947744208253031, -0.7427475520708766155 ) ) ;
#1032 = DIRECTION ( 'NONE',  ( 0.000000000000000000, 0.9975640502598243087, 0.06975647374412501101 ) ) ;
#1033 = MECHANICAL_DESIGN_GEOMETRIC_PRESENTATION_REPRESENTATION (  '', ( #9863 ), #140 ) ;
#1034 = CIRCLE ( 'NONE', #2452, 0.09999999999999982514 ) ;
#1035 = PRESENTATION_LAYER_ASSIGNMENT (  '', '', ( #9503 ) ) ;
#1036 = ORIENTED_EDGE ( 'NONE', *, *, #8856, .T. ) ;
#1037 = ORIENTED_EDGE ( 'NONE', *, *, #7789, .T. ) ;
#1038 =( GEOMETRIC_REPRESENTATION_CONTEXT ( 3 ) GLOBAL_UNCERTAINTY_ASSIGNED_CONTEXT ( ( #8776 ) ) GLOBAL_UNIT_ASSIGNED_CONTEXT ( ( #6738, #5850, #2437 ) ) REPRESENTATION_CONTEXT ( 'NONE', 'WORKASPACE' ) );
#1039 = PLANE ( 'NONE',  #3391 ) ;
#1040 = CARTESIAN_POINT ( 'NONE',  ( 0.2099999999999992428, -2.050000000000000266, -0.2100000000000000200 ) ) ;
#1041 = CARTESIAN_POINT ( 'NONE',  ( 0.2099999999999992428, 2.050000000000000266, -0.1099999999999999867 ) ) ;
#1042 = FACE_OUTER_BOUND ( 'NONE', #236, .T. ) ;
#1043 = CARTESIAN_POINT ( 'NONE',  ( -4.020000000000001350, 2.165000000000000036, -0.7605367378089592512 ) ) ;
#1044 =( GEOMETRIC_REPRESENTATION_CONTEXT ( 3 ) GLOBAL_UNCERTAINTY_ASSIGNED_CONTEXT ( ( #2073 ) ) GLOBAL_UNIT_ASSIGNED_CONTEXT ( ( #6789, #7699, #6857 ) ) REPRESENTATION_CONTEXT ( 'NONE', 'WORKASPACE' ) );
#1045 = PRESENTATION_STYLE_ASSIGNMENT (( #6120 ) ) ;
#1046 = CARTESIAN_POINT ( 'NONE',  ( -4.325000000000000178, -1.950000000000000178, 0.1100000000000000006 ) ) ;
#1047 = UNCERTAINTY_MEASURE_WITH_UNIT (LENGTH_MEASURE( 1.000000000000000082E-05 ), #2627, 'distance_accuracy_value', 'NONE');
#1048 = CARTESIAN_POINT ( 'NONE',  ( 2.329999999999999627, 2.166782826543157903, 0.1100000000000000144 ) ) ;
#1049 = VECTOR ( 'NONE', #3932, 1000.000000000000000 ) ;
#1050 = ORIENTED_EDGE ( 'NONE', *, *, #5921, .F. ) ;
#1051 = STYLED_ITEM ( 'NONE', ( #32 ), #8571 ) ;
#1052 = EDGE_CURVE ( 'NONE', #9581, #6215, #6132, .T. ) ;
#1053 = VECTOR ( 'NONE', #1966, 1000.000000000000000 ) ;
#1054 = EDGE_CURVE ( 'NONE', #3346, #1076, #1782, .T. ) ;
#1055 = VERTEX_POINT ( 'NONE', #2566 ) ;
#1056 = EDGE_CURVE ( 'NONE', #4528, #6572, #733, .T. ) ;
#1057 = COLOUR_RGB ( '',0.8039215686274510109, 0.8039215686274510109, 0.8039215686274510109 ) ;
#1058 =( GEOMETRIC_REPRESENTATION_CONTEXT ( 3 ) GLOBAL_UNCERTAINTY_ASSIGNED_CONTEXT ( ( #7327 ) ) GLOBAL_UNIT_ASSIGNED_CONTEXT ( ( #6869, #9415, #6485 ) ) REPRESENTATION_CONTEXT ( 'NONE', 'WORKASPACE' ) );
#1059 = FILL_AREA_STYLE ('',( #2047 ) ) ;
#1060 =( NAMED_UNIT ( * ) SI_UNIT ( $, .STERADIAN. ) SOLID_ANGLE_UNIT ( ) );
#1061 = PRESENTATION_LAYER_ASSIGNMENT (  '', '', ( #11170 ) ) ;
#1062 = VERTEX_POINT ( 'NONE', #6021 ) ;
#1063 =( NAMED_UNIT ( * ) PLANE_ANGLE_UNIT ( ) SI_UNIT ( $, .RADIAN. ) );
#1064 = CARTESIAN_POINT ( 'NONE',  ( 4.019999999999999574, -2.366708997306596007, -0.08456619434753621933 ) ) ;
#1065 = STYLED_ITEM ( 'NONE', ( #8224 ), #8790 ) ;
#1066 = COLOUR_RGB ( '',0.8039215686274510109, 0.8039215686274510109, 0.8039215686274510109 ) ;
#1067 = UNCERTAINTY_MEASURE_WITH_UNIT (LENGTH_MEASURE( 1.000000000000000082E-05 ), #1570, 'distance_accuracy_value', 'NONE');
#1068 = DIRECTION ( 'NONE',  ( 1.000000000000000000, 0.000000000000000000, 0.000000000000000000 ) ) ;
#1069 = CARTESIAN_POINT ( 'NONE',  ( -3.800202986107628966, -1.425202986107629410, 0.7399999999999999911 ) ) ;
#1070 = CARTESIAN_POINT ( 'NONE',  ( 4.249999999999999112, 1.949999999999999734, 0.1100000000000000006 ) ) ;
#1071 = SURFACE_STYLE_FILL_AREA ( #229 ) ;
#1072 =( NAMED_UNIT ( * ) PLANE_ANGLE_UNIT ( ) SI_UNIT ( $, .RADIAN. ) );
#1073 = PRESENTATION_STYLE_ASSIGNMENT (( #10442 ) ) ;
#1074 = MECHANICAL_DESIGN_GEOMETRIC_PRESENTATION_REPRESENTATION (  '', ( #10807 ), #3203 ) ;
#1075 = MECHANICAL_DESIGN_GEOMETRIC_PRESENTATION_REPRESENTATION (  '', ( #5654 ), #3592 ) ;
#1076 = VERTEX_POINT ( 'NONE', #7766 ) ;
#1077 = CARTESIAN_POINT ( 'NONE',  ( 4.019999999999999574, 3.000000000000000000, -0.7794627824221421752 ) ) ;
#1078 = ORIENTED_EDGE ( 'NONE', *, *, #4079, .F. ) ;
#1079 =( LENGTH_UNIT ( ) NAMED_UNIT ( * ) SI_UNIT ( .MILLI., .METRE. ) );
#1080 = COLOUR_RGB ( '',0.8039215686274510109, 0.8039215686274510109, 0.8039215686274510109 ) ;
#1081 = CIRCLE ( 'NONE', #8736, 0.09999999999999956146 ) ;
#1082 = LINE ( 'NONE', #9551, #9113 ) ;
#1083 =( NAMED_UNIT ( * ) PLANE_ANGLE_UNIT ( ) SI_UNIT ( $, .RADIAN. ) );
#1084 = EDGE_LOOP ( 'NONE', ( #8591, #2329, #3227, #421 ) ) ;
#1085 = DIRECTION ( 'NONE',  ( 0.000000000000000000, 0.000000000000000000, -1.000000000000000000 ) ) ;
#1086 = SURFACE_STYLE_USAGE ( .BOTH. , #5359 ) ;
#1087 = CARTESIAN_POINT ( 'NONE',  ( -1.480000000000000870, 2.165000000000000036, -0.7605367378089592512 ) ) ;
#1088 = DIRECTION ( 'NONE',  ( 0.000000000000000000, 0.000000000000000000, 1.000000000000000000 ) ) ;
#1089 = CARTESIAN_POINT ( 'NONE',  ( 1.059999999999999387, 2.381960306200947564, -0.6457080498711260663 ) ) ;
#1090 = STYLED_ITEM ( 'NONE', ( #220 ), #4514 ) ;
#1091 = EDGE_LOOP ( 'NONE', ( #4733, #10888, #4539, #4960 ) ) ;
#1092 = ORIENTED_EDGE ( 'NONE', *, *, #2055, .T. ) ;
#1093 = FILL_AREA_STYLE ('',( #5258 ) ) ;
#1094 =( NAMED_UNIT ( * ) SI_UNIT ( $, .STERADIAN. ) SOLID_ANGLE_UNIT ( ) );
#1095 = UNCERTAINTY_MEASURE_WITH_UNIT (LENGTH_MEASURE( 1.000000000000000082E-05 ), #5403, 'distance_accuracy_value', 'NONE');
#1096 = SURFACE_STYLE_FILL_AREA ( #4435 ) ;
#1097 = EDGE_CURVE ( 'NONE', #8949, #7084, #7015, .T. ) ;
#1098 = DIRECTION ( 'NONE',  ( 0.1039620511844979306, -0.1039620511844979306, 0.9891328443778538704 ) ) ;
#1099 = LINE ( 'NONE', #5265, #6309 ) ;
#1100 = LINE ( 'NONE', #7982, #5691 ) ;
#1101 = CARTESIAN_POINT ( 'NONE',  ( 3.599999999999999645, -2.165000000000000036, -0.7605367378089592512 ) ) ;
#1102 = EDGE_CURVE ( 'NONE', #689, #4202, #48, .T. ) ;
#1103 = EDGE_LOOP ( 'NONE', ( #1683, #1050, #4762, #3440 ) ) ;
#1104 =( NAMED_UNIT ( * ) PLANE_ANGLE_UNIT ( ) SI_UNIT ( $, .RADIAN. ) );
#1105 = ORIENTED_EDGE ( 'NONE', *, *, #8272, .F. ) ;
#1106 = SURFACE_STYLE_FILL_AREA ( #5174 ) ;
#1107 = CARTESIAN_POINT ( 'NONE',  ( -4.020000000000001350, 2.481923391582665950, -0.6429911470448941291 ) ) ;
#1108 = DIRECTION ( 'NONE',  ( 1.000000000000000000, 0.000000000000000000, 0.000000000000000000 ) ) ;
#1109 = EDGE_CURVE ( 'NONE', #9379, #3626, #3476, .T. ) ;
#1110 = ORIENTED_EDGE ( 'NONE', *, *, #11098, .T. ) ;
#1111 = ADVANCED_FACE ( 'NONE', ( #10271 ), #948, .T. ) ;
#1112 = CARTESIAN_POINT ( 'NONE',  ( 4.251217025357843404, 1.950806167510463540, 0.1023298284942926600 ) ) ;
#1113 = ADVANCED_FACE ( 'NONE', ( #2678 ), #2723, .F. ) ;
#1114 =( GEOMETRIC_REPRESENTATION_CONTEXT ( 3 ) GLOBAL_UNCERTAINTY_ASSIGNED_CONTEXT ( ( #8559 ) ) GLOBAL_UNIT_ASSIGNED_CONTEXT ( ( #127, #8818, #2752 ) ) REPRESENTATION_CONTEXT ( 'NONE', 'WORKASPACE' ) );
#1115 =( NAMED_UNIT ( * ) SI_UNIT ( $, .STERADIAN. ) SOLID_ANGLE_UNIT ( ) );
#1116 = PLANE ( 'NONE',  #9536 ) ;
#1117 = DIRECTION ( 'NONE',  ( 1.000000000000000000, -0.000000000000000000, 0.000000000000000000 ) ) ;
#1118 = FILL_AREA_STYLE_COLOUR ( '', #1410 ) ;
#1119 = DIRECTION ( 'NONE',  ( -1.000000000000000000, -0.000000000000000000, -0.000000000000000000 ) ) ;
#1120 = PRESENTATION_STYLE_ASSIGNMENT (( #6251 ) ) ;
#1121 = VECTOR ( 'NONE', #9988, 1000.000000000000000 ) ;
#1122 = ORIENTED_EDGE ( 'NONE', *, *, #5804, .F. ) ;
#1123 = EDGE_LOOP ( 'NONE', ( #6395, #5679, #8562, #4532, #2160, #7565, #3802, #3914, #2172, #9274, #3176, #4938 ) ) ;
#1124 = EDGE_CURVE ( 'NONE', #2692, #6020, #176, .T. ) ;
#1125 = CARTESIAN_POINT ( 'NONE',  ( 1.479999999999999094, 2.165000000000000036, -0.7605367378089592512 ) ) ;
#1126 = CARTESIAN_POINT ( 'NONE',  ( 4.325000000000000178, -1.950000000000000178, 0.1100000000000000006 ) ) ;
#1127 = ORIENTED_EDGE ( 'NONE', *, *, #617, .T. ) ;
#1128 = FACE_OUTER_BOUND ( 'NONE', #4847, .T. ) ;
#1129 = VECTOR ( 'NONE', #4521, 1000.000000000000000 ) ;
#1130 = ORIENTED_EDGE ( 'NONE', *, *, #5450, .T. ) ;
#1131 = PRESENTATION_STYLE_ASSIGNMENT (( #2697 ) ) ;
#1132 = PRESENTATION_STYLE_ASSIGNMENT (( #6202 ) ) ;
#1133 = CARTESIAN_POINT ( 'NONE',  ( 0.2099999999999992428, -3.000000000000000000, -1.000000000000000000 ) ) ;
#1134 = AXIS2_PLACEMENT_3D ( 'NONE', #7957, #2012, #290 ) ;
#1135 = PRESENTATION_STYLE_ASSIGNMENT (( #3565 ) ) ;
#1136 = CARTESIAN_POINT ( 'NONE',  ( -0.2100000000000005473, -2.166782826543157903, 0.1100000000000000144 ) ) ;
#1137 = CARTESIAN_POINT ( 'NONE',  ( 2.329999999999999627, 3.000000000000000000, -1.000000000000000000 ) ) ;
#1138 = FILL_AREA_STYLE ('',( #10562 ) ) ;
#1139 = MECHANICAL_DESIGN_GEOMETRIC_PRESENTATION_REPRESENTATION (  '', ( #10873 ), #3861 ) ;
#1140 = DIRECTION ( 'NONE',  ( 0.000000000000000000, 0.000000000000000000, -1.000000000000000000 ) ) ;
#1141 = AXIS2_PLACEMENT_3D ( 'NONE', #8748, #7890, #8004 ) ;
#1142 = MECHANICAL_DESIGN_GEOMETRIC_PRESENTATION_REPRESENTATION (  '', ( #2199 ), #5645 ) ;
#1143 = ORIENTED_EDGE ( 'NONE', *, *, #1052, .F. ) ;
#1144 = VERTEX_POINT ( 'NONE', #5276 ) ;
#1145 =( LENGTH_UNIT ( ) NAMED_UNIT ( * ) SI_UNIT ( .MILLI., .METRE. ) );
#1146 = MECHANICAL_DESIGN_GEOMETRIC_PRESENTATION_REPRESENTATION (  '', ( #9070 ), #7091 ) ;
#1148 = FILL_AREA_STYLE_COLOUR ( '', #8642 ) ;
#1147 = AXIS2_PLACEMENT_3D ( 'NONE', #10058, #4755, #1526 ) ;
#1149 = PRESENTATION_STYLE_ASSIGNMENT (( #9741 ) ) ;
#1150 = LINE ( 'NONE', #4598, #5219 ) ;
#1151 = PRESENTATION_STYLE_ASSIGNMENT (( #3811 ) ) ;
#1152 = ORIENTED_EDGE ( 'NONE', *, *, #4159, .F. ) ;
#1153 = DIRECTION ( 'NONE',  ( 1.000000000000000000, 0.000000000000000000, 0.000000000000000000 ) ) ;
#1154 = MECHANICAL_DESIGN_GEOMETRIC_PRESENTATION_REPRESENTATION (  '', ( #7265 ), #6016 ) ;
#1155 = EDGE_CURVE ( 'NONE', #6643, #1812, #6308, .T. ) ;
#1156 = EDGE_LOOP ( 'NONE', ( #5982, #4068, #7180 ) ) ;
#1157 = CARTESIAN_POINT ( 'NONE',  ( -1.480000000000000870, 1.950000000000000178, -0.1099999999999999867 ) ) ;
#1158 =( LENGTH_UNIT ( ) NAMED_UNIT ( * ) SI_UNIT ( .MILLI., .METRE. ) );
#1159 = VECTOR ( 'NONE', #3087, 1000.000000000000000 ) ;
#1160 = EDGE_LOOP ( 'NONE', ( #9222, #4977, #7847, #6508 ) ) ;
#1161 = COLOUR_RGB ( '',0.8039215686274510109, 0.8039215686274510109, 0.8039215686274510109 ) ;
#1162 = SURFACE_STYLE_FILL_AREA ( #4563 ) ;
#1163 = PLANE ( 'NONE',  #5541 ) ;
#1165 = EDGE_CURVE ( 'NONE', #2882, #4593, #8107, .T. ) ;
#1164 = STYLED_ITEM ( 'NONE', ( #8440 ), #575 ) ;
#1166 = DIRECTION ( 'NONE',  ( 1.000000000000000000, -0.000000000000000000, 0.000000000000000000 ) ) ;
#1167 = EDGE_CURVE ( 'NONE', #3597, #11104, #8958, .T. ) ;
#1168 = STYLED_ITEM ( 'NONE', ( #9965 ), #7457 ) ;
#1169 = ORIENTED_EDGE ( 'NONE', *, *, #9109, .F. ) ;
#1170 = VERTEX_POINT ( 'NONE', #5400 ) ;
#1171 = LINE ( 'NONE', #353, #2817 ) ;
#1172 = EDGE_CURVE ( 'NONE', #2257, #6897, #4559, .T. ) ;
#1173 = VECTOR ( 'NONE', #2480, 1000.000000000000000 ) ;
#1174 = CARTESIAN_POINT ( 'NONE',  ( 1.059999999999999387, -1.950000000000000178, -0.1099999999999999867 ) ) ;
#1175 = PRESENTATION_LAYER_ASSIGNMENT (  '', '', ( #4610 ) ) ;
#1176 = UNCERTAINTY_MEASURE_WITH_UNIT (LENGTH_MEASURE( 1.000000000000000082E-05 ), #8605, 'distance_accuracy_value', 'NONE');
#1177 = VERTEX_POINT ( 'NONE', #7148 ) ;
#1178 = LINE ( 'NONE', #4633, #9959 ) ;
#1179 = EDGE_CURVE ( 'NONE', #10718, #9948, #10596, .T. ) ;
#1180 =( LENGTH_UNIT ( ) NAMED_UNIT ( * ) SI_UNIT ( .MILLI., .METRE. ) );
#1181 = ADVANCED_FACE ( 'NONE', ( #1999 ), #5449, .T. ) ;
#1182 = CARTESIAN_POINT ( 'NONE',  ( -3.800202986107628522, -1.425202986107629410, 0.7399999999999999911 ) ) ;
#1183 =( NAMED_UNIT ( * ) PLANE_ANGLE_UNIT ( ) SI_UNIT ( $, .RADIAN. ) );
#1184 = CARTESIAN_POINT ( 'NONE',  ( 2.749999999999999112, 2.050000000000000266, -0.1099999999999999867 ) ) ;
#1185 = VECTOR ( 'NONE', #4910, 1000.000000000000000 ) ;
#1186 = CARTESIAN_POINT ( 'NONE',  ( 4.325000000000000178, -1.950000000000000178, -0.1100000000000000006 ) ) ;
#1187 = CARTESIAN_POINT ( 'NONE',  ( -2.750000000000001332, 2.050000000000000266, -0.1099999999999999867 ) ) ;
#1188 = SURFACE_STYLE_USAGE ( .BOTH. , #1414 ) ;
#1189 = DIRECTION ( 'NONE',  ( 0.000000000000000000, 0.02716902826232023976, 0.9996308538171885250 ) ) ;
#1190 = ORIENTED_EDGE ( 'NONE', *, *, #9804, .T. ) ;
#1191 = ORIENTED_EDGE ( 'NONE', *, *, #3094, .F. ) ;
#1192 =( NAMED_UNIT ( * ) SI_UNIT ( $, .STERADIAN. ) SOLID_ANGLE_UNIT ( ) );
#1193 = VECTOR ( 'NONE', #5024, 1000.000000000000000 ) ;
#1194 =( NAMED_UNIT ( * ) SI_UNIT ( $, .STERADIAN. ) SOLID_ANGLE_UNIT ( ) );
#1195 =( LENGTH_UNIT ( ) NAMED_UNIT ( * ) SI_UNIT ( .MILLI., .METRE. ) );
#1196 = CARTESIAN_POINT ( 'NONE',  ( -0.2100000000000005473, 2.366708997306596007, -0.08456619434753616382 ) ) ;
#1197 = DIRECTION ( 'NONE',  ( 0.000000000000000000, -0.9996308538171886360, 0.02716902826231849810 ) ) ;
#1198 = DIRECTION ( 'NONE',  ( 0.1039620511844979445, -0.1039620511844979445, 0.9891328443778539814 ) ) ;
#1199 = DIRECTION ( 'NONE',  ( 1.000000000000000000, 0.000000000000000000, 0.000000000000000000 ) ) ;
#1200 = CARTESIAN_POINT ( 'NONE',  ( 3.599999999999999645, -2.474947744208253031, -0.7427475520708766155 ) ) ;
#1201 = AXIS2_PLACEMENT_3D ( 'NONE', #10115, #5769, #8479 ) ;
#1202 = ORIENTED_EDGE ( 'NONE', *, *, #4749, .F. ) ;
#1203 =( NAMED_UNIT ( * ) PLANE_ANGLE_UNIT ( ) SI_UNIT ( $, .RADIAN. ) );
#1204 = MECHANICAL_DESIGN_GEOMETRIC_PRESENTATION_REPRESENTATION (  '', ( #4277 ), #8247 ) ;
#1205 = COLOUR_RGB ( '',0.8039215686274510109, 0.8039215686274510109, 0.8039215686274510109 ) ;
#1206 = VECTOR ( 'NONE', #941, 1000.000000000000000 ) ;
#1207 = ORIENTED_EDGE ( 'NONE', *, *, #2961, .F. ) ;
#1208 = STYLED_ITEM ( 'NONE', ( #1888 ), #10563 ) ;
#1209 = CARTESIAN_POINT ( 'NONE',  ( 4.324999626916907758, -1.875273160256224703, 0.1100035496485116254 ) ) ;
#1210 = PRESENTATION_LAYER_ASSIGNMENT (  '', '', ( #862 ) ) ;
#1211 = FILL_AREA_STYLE_COLOUR ( '', #7255 ) ;
#1212 =( NAMED_UNIT ( * ) PLANE_ANGLE_UNIT ( ) SI_UNIT ( $, .RADIAN. ) );
#1213 =( GEOMETRIC_REPRESENTATION_CONTEXT ( 3 ) GLOBAL_UNCERTAINTY_ASSIGNED_CONTEXT ( ( #9623 ) ) GLOBAL_UNIT_ASSIGNED_CONTEXT ( ( #2620, #1720, #223 ) ) REPRESENTATION_CONTEXT ( 'NONE', 'WORKASPACE' ) );
#1214 = CIRCLE ( 'NONE', #3012, 0.07499999999999998335 ) ;
#1215 = CYLINDRICAL_SURFACE ( 'NONE', #5680, 0.09999999999999982514 ) ;
#1216 = AXIS2_PLACEMENT_3D ( 'NONE', #5954, #7523, #2368 ) ;
#1217 = ORIENTED_EDGE ( 'NONE', *, *, #7189, .F. ) ;
#1218 = CIRCLE ( 'NONE', #7168, 0.2000000000000003164 ) ;
#1219 = COLOUR_RGB ( '',0.8039215686274510109, 0.8039215686274510109, 0.8039215686274510109 ) ;
#1220 = MECHANICAL_DESIGN_GEOMETRIC_PRESENTATION_REPRESENTATION (  '', ( #4115 ), #1598 ) ;
#1221 = AXIS2_PLACEMENT_3D ( 'NONE', #3945, #1330, #2168 ) ;
#1222 = CARTESIAN_POINT ( 'NONE',  ( 0.2099999999999992428, 2.050000000000000266, -0.1099999999999999867 ) ) ;
#1223 = DIRECTION ( 'NONE',  ( 1.000000000000000000, 0.000000000000000000, 0.000000000000000000 ) ) ;
#1224 = CARTESIAN_POINT ( 'NONE',  ( -4.190202986107629535, -1.889792128260249671, -0.6828396347450740311 ) ) ;
#1225 = STYLED_ITEM ( 'NONE', ( #8240 ), #10339 ) ;
#1226 =( NAMED_UNIT ( * ) SI_UNIT ( $, .STERADIAN. ) SOLID_ANGLE_UNIT ( ) );
#1227 =( NAMED_UNIT ( * ) SI_UNIT ( $, .STERADIAN. ) SOLID_ANGLE_UNIT ( ) );
#1228 = ORIENTED_EDGE ( 'NONE', *, *, #6289, .T. ) ;
#1229 = VERTEX_POINT ( 'NONE', #3065 ) ;
#1230 = STYLED_ITEM ( 'NONE', ( #2719 ), #8959 ) ;
#1231 = CARTESIAN_POINT ( 'NONE',  ( 3.599999999999999645, 2.350974876014612747, -0.9546157422084604605 ) ) ;
#1232 = MECHANICAL_DESIGN_GEOMETRIC_PRESENTATION_REPRESENTATION (  '', ( #5014 ), #883 ) ;
#1233 = ORIENTED_EDGE ( 'NONE', *, *, #4065, .F. ) ;
#1234 = ADVANCED_FACE ( 'NONE', ( #8338 ), #3940, .T. ) ;
#1235 = CARTESIAN_POINT ( 'NONE',  ( -2.750000000000001332, -2.166782826543157903, 0.1100000000000000144 ) ) ;
#1236 = PRESENTATION_LAYER_ASSIGNMENT (  '', '', ( #7338 ) ) ;
#1237 = CARTESIAN_POINT ( 'NONE',  ( 1.479999999999999094, 2.166782826543157903, 0.1100000000000000144 ) ) ;
#1238 = DIRECTION ( 'NONE',  ( -0.000000000000000000, 0.000000000000000000, 1.000000000000000000 ) ) ;
#1239 = ORIENTED_EDGE ( 'NONE', *, *, #7422, .F. ) ;
#1240 =( LENGTH_UNIT ( ) NAMED_UNIT ( * ) SI_UNIT ( .MILLI., .METRE. ) );
#1241 = AXIS2_PLACEMENT_3D ( 'NONE', #5890, #589, #8691 ) ;
#1242 = FILL_AREA_STYLE ('',( #5887 ) ) ;
#1243 = DIRECTION ( 'NONE',  ( 0.000000000000000000, 0.000000000000000000, -1.000000000000000000 ) ) ;
#1244 = UNCERTAINTY_MEASURE_WITH_UNIT (LENGTH_MEASURE( 1.000000000000000082E-05 ), #6374, 'distance_accuracy_value', 'NONE');
#1245 = EDGE_CURVE ( 'NONE', #1420, #3816, #10820, .T. ) ;
#1246 = DIRECTION ( 'NONE',  ( 0.000000000000000000, -1.000000000000000000, 0.000000000000000000 ) ) ;
#1247 = CARTESIAN_POINT ( 'NONE',  ( 1.059999999999999387, -2.165000000000000036, -0.7605367378089592512 ) ) ;
#1248 = VECTOR ( 'NONE', #1827, 1000.000000000000000 ) ;
#1249 =( GEOMETRIC_REPRESENTATION_CONTEXT ( 3 ) GLOBAL_UNCERTAINTY_ASSIGNED_CONTEXT ( ( #4044 ) ) GLOBAL_UNIT_ASSIGNED_CONTEXT ( ( #3062, #3821, #4035 ) ) REPRESENTATION_CONTEXT ( 'NONE', 'WORKASPACE' ) );
#1250 = ADVANCED_FACE ( 'NONE', ( #1443 ), #8159, .T. ) ;
#1251 = ADVANCED_FACE ( 'NONE', ( #3877 ), #7366, .T. ) ;
#1252 =( GEOMETRIC_REPRESENTATION_CONTEXT ( 3 ) GLOBAL_UNCERTAINTY_ASSIGNED_CONTEXT ( ( #2639 ) ) GLOBAL_UNIT_ASSIGNED_CONTEXT ( ( #802, #2298, #5070 ) ) REPRESENTATION_CONTEXT ( 'NONE', 'WORKASPACE' ) );
#1253 = ORIENTED_EDGE ( 'NONE', *, *, #4359, .F. ) ;
#1254 = VERTEX_POINT ( 'NONE', #6863 ) ;
#1255 =( NAMED_UNIT ( * ) PLANE_ANGLE_UNIT ( ) SI_UNIT ( $, .RADIAN. ) );
#1256 =( NAMED_UNIT ( * ) SI_UNIT ( $, .STERADIAN. ) SOLID_ANGLE_UNIT ( ) );
#1257 = PRESENTATION_LAYER_ASSIGNMENT (  '', '', ( #6124 ) ) ;
#1258 = CARTESIAN_POINT ( 'NONE',  ( 2.749999999999999112, -2.050000000000000266, -0.1099999999999999867 ) ) ;
#1259 = AXIS2_PLACEMENT_3D ( 'NONE', #11151, #8380, #8494 ) ;
#1260 = DIRECTION ( 'NONE',  ( 0.1039620511844979306, -0.1039620511844979306, -0.9891328443778538704 ) ) ;
#1261 = CARTESIAN_POINT ( 'NONE',  ( -3.600000000000000977, 1.950000000000000178, -0.1099999999999999867 ) ) ;
#1262 = LINE ( 'NONE', #590, #385 ) ;
#1263 = ORIENTED_EDGE ( 'NONE', *, *, #4708, .F. ) ;
#1264 = EDGE_CURVE ( 'NONE', #8519, #8811, #10263, .T. ) ;
#1265 =( GEOMETRIC_REPRESENTATION_CONTEXT ( 3 ) GLOBAL_UNCERTAINTY_ASSIGNED_CONTEXT ( ( #8342 ) ) GLOBAL_UNIT_ASSIGNED_CONTEXT ( ( #7257, #6018, #2561 ) ) REPRESENTATION_CONTEXT ( 'NONE', 'WORKASPACE' ) );
#1266 = VERTEX_POINT ( 'NONE', #5905 ) ;
#1267 = DIRECTION ( 'NONE',  ( 1.000000000000000000, -0.000000000000000000, -0.000000000000000000 ) ) ;
#1268 =( LENGTH_UNIT ( ) NAMED_UNIT ( * ) SI_UNIT ( .MILLI., .METRE. ) );
#1269 = DIRECTION ( 'NONE',  ( 1.000000000000000000, 0.000000000000000000, 0.000000000000000000 ) ) ;
#1270 = FILL_AREA_STYLE_COLOUR ( '', #3175 ) ;
#1271 = MECHANICAL_DESIGN_GEOMETRIC_PRESENTATION_REPRESENTATION (  '', ( #562 ), #10824 ) ;
#1272 = CARTESIAN_POINT ( 'NONE',  ( 3.599999999999999645, -2.050000000000000266, -0.1099999999999999867 ) ) ;
#1273 = ORIENTED_EDGE ( 'NONE', *, *, #5171, .F. ) ;
#1274 =( NAMED_UNIT ( * ) SI_UNIT ( $, .STERADIAN. ) SOLID_ANGLE_UNIT ( ) );
#1275 = DIRECTION ( 'NONE',  ( 1.000000000000000000, 0.000000000000000000, 0.000000000000000000 ) ) ;
#1276 = FACE_OUTER_BOUND ( 'NONE', #10830, .T. ) ;
#1277 = LINE ( 'NONE', #7418, #4737 ) ;
#1278 = DIRECTION ( 'NONE',  ( 0.000000000000000000, 0.000000000000000000, -1.000000000000000000 ) ) ;
#1279 = FILL_AREA_STYLE ('',( #5632 ) ) ;
#1280 = VERTEX_POINT ( 'NONE', #1545 ) ;
#1281 = LINE ( 'NONE', #7103, #7740 ) ;
#1282 = VERTEX_POINT ( 'NONE', #9521 ) ;
#1283 = FILL_AREA_STYLE ('',( #7322 ) ) ;
#1284 =( NAMED_UNIT ( * ) PLANE_ANGLE_UNIT ( ) SI_UNIT ( $, .RADIAN. ) );
#1285 =( NAMED_UNIT ( * ) SI_UNIT ( $, .STERADIAN. ) SOLID_ANGLE_UNIT ( ) );
#1286 = UNCERTAINTY_MEASURE_WITH_UNIT (LENGTH_MEASURE( 1.000000000000000082E-05 ), #6375, 'distance_accuracy_value', 'NONE');
#1287 = EDGE_CURVE ( 'NONE', #8556, #8327, #6821, .T. ) ;
#1288 = EDGE_LOOP ( 'NONE', ( #9203, #7291, #5488, #6599 ) ) ;
#1289 =( LENGTH_UNIT ( ) NAMED_UNIT ( * ) SI_UNIT ( .MILLI., .METRE. ) );
#1290 = VECTOR ( 'NONE', #7119, 1000.000000000000000 ) ;
#1291 = DIRECTION ( 'NONE',  ( 0.000000000000000000, 0.02716902826232023976, 0.9996308538171885250 ) ) ;
#1292 = PRESENTATION_STYLE_ASSIGNMENT (( #9038 ) ) ;
#1293 =( NAMED_UNIT ( * ) SI_UNIT ( $, .STERADIAN. ) SOLID_ANGLE_UNIT ( ) );
#1294 =( NAMED_UNIT ( * ) PLANE_ANGLE_UNIT ( ) SI_UNIT ( $, .RADIAN. ) );
#1295 = LINE ( 'NONE', #8084, #10273 ) ;
#1296 = AXIS2_PLACEMENT_3D ( 'NONE', #8412, #9479, #4119 ) ;
#1297 = COLOUR_RGB ( '',0.8039215686274510109, 0.8039215686274510109, 0.8039215686274510109 ) ;
#1298 = VERTEX_POINT ( 'NONE', #6733 ) ;
#1299 = VERTEX_POINT ( 'NONE', #10196 ) ;
#1300 = CARTESIAN_POINT ( 'NONE',  ( 4.019999999999999574, 3.000000000000000000, -0.7794627824221421752 ) ) ;
#1301 = LINE ( 'NONE', #8320, #9628 ) ;
#1302 = FILL_AREA_STYLE ('',( #4873 ) ) ;
#1303 = ADVANCED_FACE ( 'NONE', ( #10260 ), #6912, .F. ) ;
#1304 = CARTESIAN_POINT ( 'NONE',  ( -4.020000000000001350, -2.366708997306596007, -0.08456619434753621933 ) ) ;
#1305 = EDGE_CURVE ( 'NONE', #5777, #7555, #8772, .T. ) ;
#1306 = LINE ( 'NONE', #6559, #10288 ) ;
#1307 =( NAMED_UNIT ( * ) PLANE_ANGLE_UNIT ( ) SI_UNIT ( $, .RADIAN. ) );
#1308 = STYLED_ITEM ( 'NONE', ( #4764 ), #2938 ) ;
#1309 = VERTEX_POINT ( 'NONE', #2606 ) ;
#1310 =( GEOMETRIC_REPRESENTATION_CONTEXT ( 3 ) GLOBAL_UNCERTAINTY_ASSIGNED_CONTEXT ( ( #1497 ) ) GLOBAL_UNIT_ASSIGNED_CONTEXT ( ( #4607, #7938, #5330 ) ) REPRESENTATION_CONTEXT ( 'NONE', 'WORKASPACE' ) );
#1311 = ADVANCED_FACE ( 'NONE', ( #825 ), #11101, .T. ) ;
#1312 = UNCERTAINTY_MEASURE_WITH_UNIT (LENGTH_MEASURE( 1.000000000000000082E-05 ), #1003, 'distance_accuracy_value', 'NONE');
#1313 = ORIENTED_EDGE ( 'NONE', *, *, #3159, .T. ) ;
#1314 =( LENGTH_UNIT ( ) NAMED_UNIT ( * ) SI_UNIT ( .MILLI., .METRE. ) );
#1315 = COLOUR_RGB ( '',0.8039215686274510109, 0.8039215686274510109, 0.8039215686274510109 ) ;
#1316 = DIRECTION ( 'NONE',  ( 1.000000000000000000, 0.000000000000000000, 0.000000000000000000 ) ) ;
#1317 = EDGE_CURVE ( 'NONE', #565, #8761, #2778, .T. ) ;
#1318 =( NAMED_UNIT ( * ) PLANE_ANGLE_UNIT ( ) SI_UNIT ( $, .RADIAN. ) );
#1319 = STYLED_ITEM ( 'NONE', ( #5665 ), #1653 ) ;
#1320 =( NAMED_UNIT ( * ) SI_UNIT ( $, .STERADIAN. ) SOLID_ANGLE_UNIT ( ) );
#1321 = PRESENTATION_STYLE_ASSIGNMENT (( #2048 ) ) ;
#1322 = VECTOR ( 'NONE', #10076, 1000.000000000000000 ) ;
#1323 = ORIENTED_EDGE ( 'NONE', *, *, #3152, .F. ) ;
#1324 = SURFACE_SIDE_STYLE ('',( #4936 ) ) ;
#1325 = COLOUR_RGB ( '',0.8039215686274510109, 0.8039215686274510109, 0.8039215686274510109 ) ;
#1326 = CARTESIAN_POINT ( 'NONE',  ( -1.480000000000000870, 2.050000000000000266, -0.1099999999999999867 ) ) ;
#1327 = COLOUR_RGB ( '',0.2862745098039215508, 0.2862745098039215508, 0.2862745098039215508 ) ;
#1328 = CARTESIAN_POINT ( 'NONE',  ( -0.2100000000000005473, -2.350974876014612747, -0.9546157422084604605 ) ) ;
#1329 =( GEOMETRIC_REPRESENTATION_CONTEXT ( 3 ) GLOBAL_UNCERTAINTY_ASSIGNED_CONTEXT ( ( #4104 ) ) GLOBAL_UNIT_ASSIGNED_CONTEXT ( ( #7559, #10328, #10388 ) ) REPRESENTATION_CONTEXT ( 'NONE', 'WORKASPACE' ) );
#1330 = DIRECTION ( 'NONE',  ( 0.000000000000000000, 1.000000000000000000, 0.000000000000000000 ) ) ;
#1331 = DIRECTION ( 'NONE',  ( 0.000000000000000000, 0.000000000000000000, -1.000000000000000000 ) ) ;
#1332 = DIRECTION ( 'NONE',  ( 1.000000000000000000, 0.000000000000000000, 0.000000000000000000 ) ) ;
#1333 = EDGE_LOOP ( 'NONE', ( #2540, #5416, #7452, #4413 ) ) ;
#1334 = MECHANICAL_DESIGN_GEOMETRIC_PRESENTATION_REPRESENTATION (  '', ( #10727 ), #7287 ) ;
#1335 = ORIENTED_EDGE ( 'NONE', *, *, #9956, .F. ) ;
#1337 = SURFACE_STYLE_FILL_AREA ( #6695 ) ;
#1336 = STYLED_ITEM ( 'NONE', ( #4450 ), #7382 ) ;
#1338 = ORIENTED_EDGE ( 'NONE', *, *, #8639, .F. ) ;
#1339 =( NAMED_UNIT ( * ) SI_UNIT ( $, .STERADIAN. ) SOLID_ANGLE_UNIT ( ) );
#1340 =( BOUNDED_CURVE ( )  B_SPLINE_CURVE ( 3, ( #8324, #8944, #1426, #3863 ),
 .UNSPECIFIED., .F., .F. ) 
 B_SPLINE_CURVE_WITH_KNOTS ( ( 4, 4 ),
 ( 3.141592653589793116, 3.147055862111343583 ),
 .UNSPECIFIED. ) 
 CURVE ( )  GEOMETRIC_REPRESENTATION_ITEM ( )  RATIONAL_B_SPLINE_CURVE ( ( 1.000000000000000000, 0.9999975127809339615, 0.9999975127809339615, 1.000000000000000000 ) ) 
 REPRESENTATION_ITEM ( '' )  );
#1341 = CARTESIAN_POINT ( 'NONE',  ( 1.059999999999999387, -2.366708997306596007, -0.08456619434753621933 ) ) ;
#1342 = CARTESIAN_POINT ( 'NONE',  ( -1.480000000000000870, 1.950000000000000178, 0.1100000000000000144 ) ) ;
#1343 = EDGE_LOOP ( 'NONE', ( #2825, #8787, #6257, #9634 ) ) ;
#1344 = LINE ( 'NONE', #621, #1121 ) ;
#1345 = UNCERTAINTY_MEASURE_WITH_UNIT (LENGTH_MEASURE( 1.000000000000000082E-05 ), #7186, 'distance_accuracy_value', 'NONE');
#1346 = CARTESIAN_POINT ( 'NONE',  ( -2.750000000000001332, 3.000000000000000000, -1.000000000000000000 ) ) ;
#1347 = DIRECTION ( 'NONE',  ( 0.000000000000000000, 0.000000000000000000, -1.000000000000000000 ) ) ;
#1348 =( GEOMETRIC_REPRESENTATION_CONTEXT ( 3 ) GLOBAL_UNCERTAINTY_ASSIGNED_CONTEXT ( ( #4494 ) ) GLOBAL_UNIT_ASSIGNED_CONTEXT ( ( #10991, #5957, #9229 ) ) REPRESENTATION_CONTEXT ( 'NONE', 'WORKASPACE' ) );
#1349 = FILL_AREA_STYLE_COLOUR ( '', #7815 ) ;
#1350 = DIRECTION ( 'NONE',  ( 1.000000000000000000, 0.000000000000000000, 0.000000000000000000 ) ) ;
#1351 = CARTESIAN_POINT ( 'NONE',  ( 2.749999999999999112, -2.050000000000000266, -0.2100000000000000200 ) ) ;
#1352 = CLOSED_SHELL ( 'NONE', ( #135, #8959, #9333, #207, #2720, #6555, #7528, #10965, #9395, #8712, #1653, #645, #7670, #1805 ) ) ;
#1353 = FACE_OUTER_BOUND ( 'NONE', #2595, .T. ) ;
#1354 =( NAMED_UNIT ( * ) SI_UNIT ( $, .STERADIAN. ) SOLID_ANGLE_UNIT ( ) );
#1355 = COLOUR_RGB ( '',0.2862745098039215508, 0.2862745098039215508, 0.2862745098039215508 ) ;
#1356 =( LENGTH_UNIT ( ) NAMED_UNIT ( * ) SI_UNIT ( .MILLI., .METRE. ) );
#1357 = VECTOR ( 'NONE', #1901, 1000.000000000000000 ) ;
#1358 = ORIENTED_EDGE ( 'NONE', *, *, #711, .F. ) ;
#1359 = VERTEX_POINT ( 'NONE', #537 ) ;
#1360 = CARTESIAN_POINT ( 'NONE',  ( -0.2100000000000005473, 2.166782826543157903, 0.1100000000000000144 ) ) ;
#1361 =( LENGTH_UNIT ( ) NAMED_UNIT ( * ) SI_UNIT ( .MILLI., .METRE. ) );
#1362 =( NAMED_UNIT ( * ) SI_UNIT ( $, .STERADIAN. ) SOLID_ANGLE_UNIT ( ) );
#1363 = AXIS2_PLACEMENT_3D ( 'NONE', #9604, #3789, #8020 ) ;
#1364 = CARTESIAN_POINT ( 'NONE',  ( 1.059999999999999387, 2.165000000000000036, -0.7605367378089592512 ) ) ;
#1365 = VECTOR ( 'NONE', #4008, 1000.000000000000000 ) ;
#1366 = CARTESIAN_POINT ( 'NONE',  ( 4.293963392251839650, 1.949760935694445640, 0.1122745449310376537 ) ) ;
#1367 = VERTEX_POINT ( 'NONE', #2667 ) ;
#1368 = CARTESIAN_POINT ( 'NONE',  ( -4.325000000000000178, 1.875136580382891216, -0.1100000000000039835 ) ) ;
#1369 = ADVANCED_FACE ( 'NONE', ( #9685 ), #4803, .T. ) ;
#1370 = AXIS2_PLACEMENT_3D ( 'NONE', #1476, #9389, #4922 ) ;
#1371 = ORIENTED_EDGE ( 'NONE', *, *, #3808, .F. ) ;
#1372 = MECHANICAL_DESIGN_GEOMETRIC_PRESENTATION_REPRESENTATION (  '', ( #2088 ), #847 ) ;
#1373 = DIRECTION ( 'NONE',  ( 1.000000000000000000, 0.000000000000000000, 0.000000000000000000 ) ) ;
#1374 = CARTESIAN_POINT ( 'NONE',  ( -2.750000000000001332, 2.050000000000000266, -0.1099999999999999867 ) ) ;
#1375 = LINE ( 'NONE', #6405, #8800 ) ;
#1376 = VECTOR ( 'NONE', #1849, 1000.000000000000000 ) ;
#1377 = FILL_AREA_STYLE_COLOUR ( '', #3968 ) ;
#1378 = CARTESIAN_POINT ( 'NONE',  ( -1.060000000000000941, 2.364926170763438140, -0.7551029321564953767 ) ) ;
#1380 = EDGE_CURVE ( 'NONE', #8008, #7054, #5860, .T. ) ;
#1379 = VECTOR ( 'NONE', #5364, 1000.000000000000000 ) ;
#1381 = ORIENTED_EDGE ( 'NONE', *, *, #7443, .T. ) ;
#1382 = COLOUR_RGB ( '',0.8039215686274510109, 0.8039215686274510109, 0.8039215686274510109 ) ;
#1383 = FILL_AREA_STYLE_COLOUR ( '', #8104 ) ;
#1384 = ADVANCED_FACE ( 'NONE', ( #3696 ), #8843, .T. ) ;
#1385 = EDGE_CURVE ( 'NONE', #4552, #4759, #1416, .T. ) ;
#1386 = VECTOR ( 'NONE', #6698, 1000.000000000000000 ) ;
#1387 = STYLED_ITEM ( 'NONE', ( #3139 ), #3651 ) ;
#1388 = DIRECTION ( 'NONE',  ( 1.000000000000000000, -0.000000000000000000, 0.000000000000000000 ) ) ;
#1389 = UNCERTAINTY_MEASURE_WITH_UNIT (LENGTH_MEASURE( 1.000000000000000082E-05 ), #6590, 'distance_accuracy_value', 'NONE');
#1390 = CARTESIAN_POINT ( 'NONE',  ( -4.020000000000001350, -2.050000000000000266, -0.1099999999999999867 ) ) ;
#1391 = SURFACE_STYLE_FILL_AREA ( #5582 ) ;
#1392 = PRESENTATION_LAYER_ASSIGNMENT (  '', '', ( #3751 ) ) ;
#1393 = VERTEX_POINT ( 'NONE', #7397 ) ;
#1394 = VERTEX_POINT ( 'NONE', #9996 ) ;
#1395 = LINE ( 'NONE', #8349, #8095 ) ;
#1396 = EDGE_LOOP ( 'NONE', ( #7427, #9895, #4166, #4467 ) ) ;
#1397 = CIRCLE ( 'NONE', #6445, 0.09999999999999956146 ) ;
#1398 = STYLED_ITEM ( 'NONE', ( #8830 ), #8568 ) ;
#1399 = PRESENTATION_STYLE_ASSIGNMENT (( #7266 ) ) ;
#1400 = UNCERTAINTY_MEASURE_WITH_UNIT (LENGTH_MEASURE( 1.000000000000000082E-05 ), #7306, 'distance_accuracy_value', 'NONE');
#1401 = FILL_AREA_STYLE_COLOUR ( '', #8998 ) ;
#1402 = UNCERTAINTY_MEASURE_WITH_UNIT (LENGTH_MEASURE( 1.000000000000000082E-05 ), #51, 'distance_accuracy_value', 'NONE');
#1403 = VERTEX_POINT ( 'NONE', #6548 ) ;
#1404 = PRESENTATION_LAYER_ASSIGNMENT (  '', '', ( #9881 ) ) ;
#1405 = DIRECTION ( 'NONE',  ( 0.000000000000000000, 0.000000000000000000, -1.000000000000000000 ) ) ;
#1406 = DIRECTION ( 'NONE',  ( 0.000000000000000000, 0.000000000000000000, -1.000000000000000000 ) ) ;
#1407 = DIRECTION ( 'NONE',  ( 1.000000000000000000, 0.000000000000000000, 0.000000000000000000 ) ) ;
#1408 = DIRECTION ( 'NONE',  ( 1.000000000000000000, 0.000000000000000000, 0.000000000000000000 ) ) ;
#1409 = DIRECTION ( 'NONE',  ( 0.000000000000000000, 0.000000000000000000, -1.000000000000000000 ) ) ;
#1410 = COLOUR_RGB ( '',0.8039215686274510109, 0.8039215686274510109, 0.8039215686274510109 ) ;
#1411 = LINE ( 'NONE', #4120, #5979 ) ;
#1412 = CARTESIAN_POINT ( 'NONE',  ( 3.599999999999999645, 2.381960306200947564, -0.6457080498711260663 ) ) ;
#1413 = DIRECTION ( 'NONE',  ( 0.000000000000000000, 0.000000000000000000, -1.000000000000000000 ) ) ;
#1414 = SURFACE_SIDE_STYLE ('',( #10905 ) ) ;
#1415 = AXIS2_PLACEMENT_3D ( 'NONE', #4792, #6532, #7383 ) ;
#1416 = LINE ( 'NONE', #9158, #4765 ) ;
#1417 = PRESENTATION_LAYER_ASSIGNMENT (  '', '', ( #6635 ) ) ;
#1418 = PRESENTATION_LAYER_ASSIGNMENT (  '', '', ( #6293 ) ) ;
#1419 = ORIENTED_EDGE ( 'NONE', *, *, #7799, .F. ) ;
#1420 = VERTEX_POINT ( 'NONE', #3969 ) ;
#1421 = CARTESIAN_POINT ( 'NONE',  ( 4.019999999999999574, -2.474947744208253031, -0.7427475520708766155 ) ) ;
#1422 =( NAMED_UNIT ( * ) PLANE_ANGLE_UNIT ( ) SI_UNIT ( $, .RADIAN. ) );
#1423 = CARTESIAN_POINT ( 'NONE',  ( -4.020000000000001350, -2.050000000000000266, -0.1099999999999999867 ) ) ;
#1424 = CARTESIAN_POINT ( 'NONE',  ( -2.750000000000001332, 2.166782826543157903, -0.09000000000000002442 ) ) ;
#1425 = FACE_OUTER_BOUND ( 'NONE', #7596, .T. ) ;
#1426 = CARTESIAN_POINT ( 'NONE',  ( 4.250273160256225147, 1.949999626916908202, -0.1100035496485075592 ) ) ;
#1427 = PRESENTATION_LAYER_ASSIGNMENT (  '', '', ( #3962 ) ) ;
#1428 = CARTESIAN_POINT ( 'NONE',  ( -4.250409738600888332, 1.949998880753508024, 0.1100106489190367937 ) ) ;
#1429 = AXIS2_PLACEMENT_3D ( 'NONE', #4470, #10448, #2693 ) ;
#1430 = ORIENTED_EDGE ( 'NONE', *, *, #9794, .F. ) ;
#1431 = AXIS2_PLACEMENT_3D ( 'NONE', #6442, #2024, #535 ) ;
#1432 = EDGE_LOOP ( 'NONE', ( #6446, #2412, #4969, #8467 ) ) ;
#1433 = DIRECTION ( 'NONE',  ( 0.000000000000000000, -1.000000000000000000, 0.000000000000000000 ) ) ;
#1434 = EDGE_CURVE ( 'NONE', #11006, #2882, #5496, .T. ) ;
#1435 = DIRECTION ( 'NONE',  ( 1.000000000000000000, 0.000000000000000000, 0.000000000000000000 ) ) ;
#1436 = CLOSED_SHELL ( 'NONE', ( #5239, #2836, #3880, #8064, #3819, #6832, #7229, #2538, #10081, #7242, #10649, #1111, #8677, #3965 ) ) ;
#1437 = SURFACE_STYLE_FILL_AREA ( #9177 ) ;
#1438 = EDGE_CURVE ( 'NONE', #2324, #4235, #247, .T. ) ;
#1439 =( LENGTH_UNIT ( ) NAMED_UNIT ( * ) SI_UNIT ( .MILLI., .METRE. ) );
#1440 = DIRECTION ( 'NONE',  ( -1.000000000000000000, 0.000000000000000000, 0.000000000000000000 ) ) ;
#1441 = ORIENTED_EDGE ( 'NONE', *, *, #8960, .F. ) ;
#1442 = FACE_OUTER_BOUND ( 'NONE', #1813, .T. ) ;
#1443 = FACE_OUTER_BOUND ( 'NONE', #9926, .T. ) ;
#1444 = CARTESIAN_POINT ( 'NONE',  ( 2.329999999999999627, 2.474947744208253031, -0.7427475520708763934 ) ) ;
#1445 = EDGE_CURVE ( 'NONE', #1669, #7365, #8707, .T. ) ;
#1446 = CIRCLE ( 'NONE', #10651, 0.09999999999999982514 ) ;
#1447 =( LENGTH_UNIT ( ) NAMED_UNIT ( * ) SI_UNIT ( .MILLI., .METRE. ) );
#1448 = DIRECTION ( 'NONE',  ( 0.000000000000000000, 0.000000000000000000, 1.000000000000000000 ) ) ;
#1449 = UNCERTAINTY_MEASURE_WITH_UNIT (LENGTH_MEASURE( 1.000000000000000082E-05 ), #9632, 'distance_accuracy_value', 'NONE');
#1450 = CARTESIAN_POINT ( 'NONE',  ( -1.060000000000000941, -2.366708997306596007, -0.08456619434753616382 ) ) ;
#1451 =( NAMED_UNIT ( * ) PLANE_ANGLE_UNIT ( ) SI_UNIT ( $, .RADIAN. ) );
#1452 = EDGE_CURVE ( 'NONE', #8215, #1393, #2551, .T. ) ;
#1453 = CARTESIAN_POINT ( 'NONE',  ( 2.329999999999999627, 2.350974876014612747, -0.9546157422084604605 ) ) ;
#1454 = SURFACE_STYLE_FILL_AREA ( #10885 ) ;
#1455 = ADVANCED_FACE ( 'NONE', ( #1650 ), #4097, .T. ) ;
#1456 = ORIENTED_EDGE ( 'NONE', *, *, #7111, .F. ) ;
#1457 = EDGE_LOOP ( 'NONE', ( #6940, #10531, #1557, #3726 ) ) ;
#1458 = VERTEX_POINT ( 'NONE', #2432 ) ;
#1459 = PLANE ( 'NONE',  #141 ) ;
#1460 = DIRECTION ( 'NONE',  ( 0.000000000000000000, -0.02716902826231849810, -0.9996308538171886360 ) ) ;
#1461 = EDGE_CURVE ( 'NONE', #9612, #8531, #6680, .T. ) ;
#1462 = VERTEX_POINT ( 'NONE', #9407 ) ;
#1463 = CARTESIAN_POINT ( 'NONE',  ( 1.059999999999999387, 2.381960306200947564, -0.6457080498711260663 ) ) ;
#1464 = LINE ( 'NONE', #2350, #1185 ) ;
#1465 = LINE ( 'NONE', #10114, #2636 ) ;
#1466 = SURFACE_SIDE_STYLE ('',( #6542 ) ) ;
#1467 = SURFACE_STYLE_FILL_AREA ( #8309 ) ;
#1468 = EDGE_CURVE ( 'NONE', #2244, #197, #6931, .T. ) ;
#1469 = PLANE ( 'NONE',  #2567 ) ;
#1470 = ORIENTED_EDGE ( 'NONE', *, *, #3950, .F. ) ;
#1471 = CIRCLE ( 'NONE', #6336, 0.2000000000000002054 ) ;
#1472 = ORIENTED_EDGE ( 'NONE', *, *, #9168, .T. ) ;
#1473 = VERTEX_POINT ( 'NONE', #6862 ) ;
#1474 = CARTESIAN_POINT ( 'NONE',  ( 1.059999999999999387, 2.050000000000000266, -0.2100000000000000200 ) ) ;
#1475 = SURFACE_SIDE_STYLE ('',( #9217 ) ) ;
#1476 = CARTESIAN_POINT ( 'NONE',  ( 1.059999999999999387, 2.166782826543157903, -0.09000000000000002442 ) ) ;
#1477 =( NAMED_UNIT ( * ) PLANE_ANGLE_UNIT ( ) SI_UNIT ( $, .RADIAN. ) );
#1478 = PRESENTATION_LAYER_ASSIGNMENT (  '', '', ( #4378 ) ) ;
#1479 = CARTESIAN_POINT ( 'NONE',  ( 1.059999999999999387, -2.350974876014612747, -0.9546157422084604605 ) ) ;
#1480 = VECTOR ( 'NONE', #1569, 1000.000000000000000 ) ;
#1481 = EDGE_LOOP ( 'NONE', ( #3866, #5056, #4465, #4217 ) ) ;
#1482 = CARTESIAN_POINT ( 'NONE',  ( 3.599999999999999645, -2.364926170763438140, -0.7551029321564953767 ) ) ;
#1483 = ORIENTED_EDGE ( 'NONE', *, *, #510, .F. ) ;
#1484 = LINE ( 'NONE', #9911, #8444 ) ;
#1485 = CARTESIAN_POINT ( 'NONE',  ( -2.750000000000001332, -1.950000000000000178, -0.1099999999999999867 ) ) ;
#1486 = SURFACE_STYLE_USAGE ( .BOTH. , #5791 ) ;
#1487 = VECTOR ( 'NONE', #6312, 1000.000000000000000 ) ;
#1488 = SURFACE_STYLE_FILL_AREA ( #4092 ) ;
#1489 = FILL_AREA_STYLE ('',( #8391 ) ) ;
#1490 = VERTEX_POINT ( 'NONE', #5097 ) ;
#1491 = DIRECTION ( 'NONE',  ( 0.000000000000000000, 0.000000000000000000, -1.000000000000000000 ) ) ;
#1492 =( NAMED_UNIT ( * ) SI_UNIT ( $, .STERADIAN. ) SOLID_ANGLE_UNIT ( ) );
#1493 = AXIS2_PLACEMENT_3D ( 'NONE', #102, #1108, #5271 ) ;
#1494 = VERTEX_POINT ( 'NONE', #9347 ) ;
#1495 = FACE_OUTER_BOUND ( 'NONE', #4362, .T. ) ;
#1496 = FACE_OUTER_BOUND ( 'NONE', #6581, .T. ) ;
#1497 = UNCERTAINTY_MEASURE_WITH_UNIT (LENGTH_MEASURE( 1.000000000000000082E-05 ), #4607, 'distance_accuracy_value', 'NONE');
#1498 = CARTESIAN_POINT ( 'NONE',  ( 3.599999999999999645, -1.950000000000000178, 0.1100000000000000144 ) ) ;
#1499 = SURFACE_STYLE_USAGE ( .BOTH. , #10826 ) ;
#1500 = FILL_AREA_STYLE_COLOUR ( '', #1872 ) ;
#1501 = AXIS2_PLACEMENT_3D ( 'NONE', #10237, #3392, #6042 ) ;
#1502 = ORIENTED_EDGE ( 'NONE', *, *, #2743, .T. ) ;
#1503 = ORIENTED_EDGE ( 'NONE', *, *, #2822, .T. ) ;
#1504 = ORIENTED_EDGE ( 'NONE', *, *, #2953, .F. ) ;
#1505 = FILL_AREA_STYLE_COLOUR ( '', #4638 ) ;
#1506 = MECHANICAL_DESIGN_GEOMETRIC_PRESENTATION_REPRESENTATION (  '', ( #625 ), #9267 ) ;
#1507 = DIRECTION ( 'NONE',  ( 0.000000000000000000, 0.9975640502598241977, -0.06975647374412546897 ) ) ;
#1508 = ADVANCED_FACE ( 'NONE', ( #1706 ), #10136, .T. ) ;
#1509 = AXIS2_PLACEMENT_3D ( 'NONE', #8181, #5767, #9938 ) ;
#1510 = EDGE_LOOP ( 'NONE', ( #4290, #6237, #816, #70 ) ) ;
#1511 = CARTESIAN_POINT ( 'NONE',  ( -1.480000000000000870, 1.950000000000000178, 0.1100000000000000144 ) ) ;
#1512 = LINE ( 'NONE', #2288, #5192 ) ;
#1513 = DIRECTION ( 'NONE',  ( 0.000000000000000000, -1.000000000000000000, 0.000000000000000000 ) ) ;
#1514 = SURFACE_STYLE_USAGE ( .BOTH. , #1466 ) ;
#1515 =( LENGTH_UNIT ( ) NAMED_UNIT ( * ) SI_UNIT ( .MILLI., .METRE. ) );
#1516 =( GEOMETRIC_REPRESENTATION_CONTEXT ( 3 ) GLOBAL_UNCERTAINTY_ASSIGNED_CONTEXT ( ( #6166 ) ) GLOBAL_UNIT_ASSIGNED_CONTEXT ( ( #6347, #5446, #334 ) ) REPRESENTATION_CONTEXT ( 'NONE', 'WORKASPACE' ) );
#1517 = VERTEX_POINT ( 'NONE', #10480 ) ;
#1518 = EDGE_CURVE ( 'NONE', #3390, #4732, #999, .T. ) ;
#1519 = FACE_OUTER_BOUND ( 'NONE', #2690, .T. ) ;
#1520 = EDGE_CURVE ( 'NONE', #8230, #4156, #1936, .T. ) ;
#1521 = EDGE_CURVE ( 'NONE', #8465, #5786, #2774, .T. ) ;
#1522 = VECTOR ( 'NONE', #3063, 1000.000000000000000 ) ;
#1523 = ORIENTED_EDGE ( 'NONE', *, *, #5604, .F. ) ;
#1524 =( NAMED_UNIT ( * ) SI_UNIT ( $, .STERADIAN. ) SOLID_ANGLE_UNIT ( ) );
#1525 = VERTEX_POINT ( 'NONE', #8676 ) ;
#1526 = DIRECTION ( 'NONE',  ( 0.000000000000000000, 0.000000000000000000, -1.000000000000000000 ) ) ;
#1527 = LINE ( 'NONE', #10239, #7686 ) ;
#1528 = CARTESIAN_POINT ( 'NONE',  ( -2.750000000000001332, 2.364926170763438140, -0.7551029321564953767 ) ) ;
#1529 = CIRCLE ( 'NONE', #9832, 0.2000000000000003164 ) ;
#1530 = AXIS2_PLACEMENT_3D ( 'NONE', #3441, #924, #10177 ) ;
#1531 = SURFACE_STYLE_USAGE ( .BOTH. , #5078 ) ;
#1532 =( NAMED_UNIT ( * ) PLANE_ANGLE_UNIT ( ) SI_UNIT ( $, .RADIAN. ) );
#1533 = CARTESIAN_POINT ( 'NONE',  ( -4.325000000000000178, 1.874999999999999778, 0.1100000000000000006 ) ) ;
#1534 = PRESENTATION_LAYER_ASSIGNMENT (  '', '', ( #9120 ) ) ;
#1535 = VERTEX_POINT ( 'NONE', #267 ) ;
#1536 = EDGE_LOOP ( 'NONE', ( #7605, #10306, #8570, #1190 ) ) ;
#1537 = CARTESIAN_POINT ( 'NONE',  ( -0.2100000000000005473, 2.149963085381718209, -0.2072830971737681105 ) ) ;
#1538 = DIRECTION ( 'NONE',  ( 1.000000000000000000, 0.000000000000000000, 0.000000000000000000 ) ) ;
#1539 = CARTESIAN_POINT ( 'NONE',  ( 1.059999999999999387, -2.350974876014612747, -0.9546157422084604605 ) ) ;
#1540 = DIRECTION ( 'NONE',  ( 1.000000000000000000, -0.000000000000000000, 0.000000000000000000 ) ) ;
#1541 =( NAMED_UNIT ( * ) PLANE_ANGLE_UNIT ( ) SI_UNIT ( $, .RADIAN. ) );
#1542 = STYLED_ITEM ( 'NONE', ( #3668 ), #10981 ) ;
#1543 = ORIENTED_EDGE ( 'NONE', *, *, #9401, .T. ) ;
#1544 = DIRECTION ( 'NONE',  ( 0.000000000000000000, 0.000000000000000000, -1.000000000000000000 ) ) ;
#1545 = CARTESIAN_POINT ( 'NONE',  ( 2.329999999999999627, -3.000000000000000000, -1.000000000000000000 ) ) ;
#1546 = UNCERTAINTY_MEASURE_WITH_UNIT (LENGTH_MEASURE( 1.000000000000000082E-05 ), #4800, 'distance_accuracy_value', 'NONE');
#1547 = VECTOR ( 'NONE', #10890, 1000.000000000000000 ) ;
#1548 = ORIENTED_EDGE ( 'NONE', *, *, #4010, .F. ) ;
#1549 = SURFACE_SIDE_STYLE ('',( #10937 ) ) ;
#1550 = COLOUR_RGB ( '',0.8039215686274510109, 0.8039215686274510109, 0.8039215686274510109 ) ;
#1551 = CARTESIAN_POINT ( 'NONE',  ( 3.599999999999999645, 2.165000000000000036, -0.7605367378089592512 ) ) ;
#1552 = LINE ( 'NONE', #9358, #4025 ) ;
#1553 = PRESENTATION_STYLE_ASSIGNMENT (( #5687 ) ) ;
#1554 = SURFACE_STYLE_USAGE ( .BOTH. , #9289 ) ;
#1555 = VECTOR ( 'NONE', #1507, 1000.000000000000227 ) ;
#1556 = ORIENTED_EDGE ( 'NONE', *, *, #4284, .T. ) ;
#1557 = ORIENTED_EDGE ( 'NONE', *, *, #9200, .F. ) ;
#1558 = DIRECTION ( 'NONE',  ( 1.000000000000000000, 0.000000000000000000, 0.000000000000000000 ) ) ;
#1559 = EDGE_LOOP ( 'NONE', ( #5323, #4488, #4738, #386 ) ) ;
#1560 = VECTOR ( 'NONE', #2587, 1000.000000000000000 ) ;
#1561 = DIRECTION ( 'NONE',  ( 0.000000000000000000, 0.000000000000000000, -1.000000000000000000 ) ) ;
#1562 = MECHANICAL_DESIGN_GEOMETRIC_PRESENTATION_REPRESENTATION (  '', ( #3924 ), #3360 ) ;
#1563 = ADVANCED_FACE ( 'NONE', ( #4504 ), #6063, .T. ) ;
#1564 = STYLED_ITEM ( 'NONE', ( #8053 ), #8777 ) ;
#1565 = VECTOR ( 'NONE', #2611, 1000.000000000000114 ) ;
#1566 = DIRECTION ( 'NONE',  ( 0.000000000000000000, 0.000000000000000000, -1.000000000000000000 ) ) ;
#1567 = FILL_AREA_STYLE ('',( #8410 ) ) ;
#1568 = ORIENTED_EDGE ( 'NONE', *, *, #10750, .F. ) ;
#1569 = DIRECTION ( 'NONE',  ( 1.000000000000000000, 0.000000000000000000, 0.000000000000000000 ) ) ;
#1570 =( LENGTH_UNIT ( ) NAMED_UNIT ( * ) SI_UNIT ( .MILLI., .METRE. ) );
#1571 = CARTESIAN_POINT ( 'NONE',  ( -1.060000000000000941, 2.050000000000000266, -0.2100000000000000200 ) ) ;
#1572 = EDGE_CURVE ( 'NONE', #7351, #7501, #2592, .T. ) ;
#1573 = FILL_AREA_STYLE_COLOUR ( '', #505 ) ;
#1574 = DIRECTION ( 'NONE',  ( 0.000000000000000000, -1.000000000000000000, 0.000000000000000000 ) ) ;
#1575 = ADVANCED_FACE ( 'NONE', ( #9625 ), #3588, .F. ) ;
#1576 = CIRCLE ( 'NONE', #4300, 0.07499999999999998335 ) ;
#1577 = ORIENTED_EDGE ( 'NONE', *, *, #6436, .F. ) ;
#1578 = VECTOR ( 'NONE', #387, 1000.000000000000000 ) ;
#1579 = PRESENTATION_STYLE_ASSIGNMENT (( #7611 ) ) ;
#1580 = VERTEX_POINT ( 'NONE', #10371 ) ;
#1581 = DIRECTION ( 'NONE',  ( 0.000000000000000000, -0.02716902826231849810, -0.9996308538171886360 ) ) ;
#1582 = COLOUR_RGB ( '',0.2862745098039215508, 0.2862745098039215508, 0.2862745098039215508 ) ;
#1583 =( NAMED_UNIT ( * ) SI_UNIT ( $, .STERADIAN. ) SOLID_ANGLE_UNIT ( ) );
#1584 = ORIENTED_EDGE ( 'NONE', *, *, #2543, .F. ) ;
#1585 = ORIENTED_EDGE ( 'NONE', *, *, #9236, .F. ) ;
#1587 = PRESENTATION_LAYER_ASSIGNMENT (  '', '', ( #6626 ) ) ;
#1586 = DIRECTION ( 'NONE',  ( 0.000000000000000000, -0.9945218953682732899, 0.1045284632676538178 ) ) ;
#1588 = EDGE_CURVE ( 'NONE', #6722, #2457, #2999, .T. ) ;
#1589 = CARTESIAN_POINT ( 'NONE',  ( 0.2099999999999992428, -2.050000000000000266, -0.2100000000000000200 ) ) ;
#1590 =( LENGTH_UNIT ( ) NAMED_UNIT ( * ) SI_UNIT ( .MILLI., .METRE. ) );
#1591 = EDGE_CURVE ( 'NONE', #7037, #1359, #2039, .T. ) ;
#1592 = DIRECTION ( 'NONE',  ( 1.000000000000000000, 0.000000000000000000, 0.000000000000000000 ) ) ;
#1593 = EDGE_CURVE ( 'NONE', #8917, #374, #4810, .T. ) ;
#1594 =( GEOMETRIC_REPRESENTATION_CONTEXT ( 3 ) GLOBAL_UNCERTAINTY_ASSIGNED_CONTEXT ( ( #6927 ) ) GLOBAL_UNIT_ASSIGNED_CONTEXT ( ( #10137, #1104, #8893 ) ) REPRESENTATION_CONTEXT ( 'NONE', 'WORKASPACE' ) );
#1595 = PLANE ( 'NONE',  #3510 ) ;
#1596 = FILL_AREA_STYLE ('',( #5832 ) ) ;
#1597 = PLANE ( 'NONE',  #9724 ) ;
#1598 =( GEOMETRIC_REPRESENTATION_CONTEXT ( 3 ) GLOBAL_UNCERTAINTY_ASSIGNED_CONTEXT ( ( #8744 ) ) GLOBAL_UNIT_ASSIGNED_CONTEXT ( ( #2855, #184, #4459 ) ) REPRESENTATION_CONTEXT ( 'NONE', 'WORKASPACE' ) );
#1599 = ORIENTED_EDGE ( 'NONE', *, *, #7512, .T. ) ;
#1600 = ORIENTED_EDGE ( 'NONE', *, *, #6421, .F. ) ;
#1601 =( LENGTH_UNIT ( ) NAMED_UNIT ( * ) SI_UNIT ( .MILLI., .METRE. ) );
#1602 = COLOUR_RGB ( '',0.8039215686274510109, 0.8039215686274510109, 0.8039215686274510109 ) ;
#1603 = CARTESIAN_POINT ( 'NONE',  ( 1.479999999999999094, -2.350974876014612747, -0.9546157422084604605 ) ) ;
#1604 = AXIS2_PLACEMENT_3D ( 'NONE', #4423, #7846, #10464 ) ;
#1605 = FACE_OUTER_BOUND ( 'NONE', #2722, .T. ) ;
#1606 = PRESENTATION_STYLE_ASSIGNMENT (( #8506 ) ) ;
#1607 = ADVANCED_FACE ( 'NONE', ( #9906 ), #8265, .T. ) ;
#1608 = ORIENTED_EDGE ( 'NONE', *, *, #2818, .T. ) ;
#1609 = DIRECTION ( 'NONE',  ( 1.000000000000000000, 0.000000000000000000, 0.000000000000000000 ) ) ;
#1610 = STYLED_ITEM ( 'NONE', ( #2430 ), #4612 ) ;
#1611 = PRESENTATION_LAYER_ASSIGNMENT (  '', '', ( #6845 ) ) ;
#1612 = EDGE_LOOP ( 'NONE', ( #5468, #9259, #3694, #6281 ) ) ;
#1613 = CARTESIAN_POINT ( 'NONE',  ( 4.190202986107629535, 1.815202986107628647, -0.7500000000000000000 ) ) ;
#1614 = CARTESIAN_POINT ( 'NONE',  ( 1.059999999999999387, 3.000000000000000000, -1.000000000000000000 ) ) ;
#1615 =( LENGTH_UNIT ( ) NAMED_UNIT ( * ) SI_UNIT ( .MILLI., .METRE. ) );
#1616 = DIRECTION ( 'NONE',  ( 0.000000000000000000, -0.9975640502598243087, 0.06975647374412501101 ) ) ;
#1617 = LINE ( 'NONE', #730, #2044 ) ;
#1618 = ORIENTED_EDGE ( 'NONE', *, *, #10085, .T. ) ;
#1619 = ORIENTED_EDGE ( 'NONE', *, *, #2167, .T. ) ;
#1620 = VERTEX_POINT ( 'NONE', #490 ) ;
#1621 = PRESENTATION_LAYER_ASSIGNMENT (  '', '', ( #1807 ) ) ;
#1622 = DIRECTION ( 'NONE',  ( -0.000000000000000000, -0.000000000000000000, -1.000000000000000000 ) ) ;
#1623 = ORIENTED_EDGE ( 'NONE', *, *, #4773, .T. ) ;
#1624 = DIRECTION ( 'NONE',  ( 1.000000000000000000, 0.000000000000000000, 0.000000000000000000 ) ) ;
#1625 = SURFACE_STYLE_FILL_AREA ( #10039 ) ;
#1626 = DIRECTION ( 'NONE',  ( 0.000000000000000000, 1.000000000000000000, 0.000000000000000000 ) ) ;
#1627 =( NAMED_UNIT ( * ) PLANE_ANGLE_UNIT ( ) SI_UNIT ( $, .RADIAN. ) );
#1628 =( NAMED_UNIT ( * ) PLANE_ANGLE_UNIT ( ) SI_UNIT ( $, .RADIAN. ) );
#1629 = VERTEX_POINT ( 'NONE', #4713 ) ;
#1630 = CARTESIAN_POINT ( 'NONE',  ( 2.749999999999999112, 1.950000000000000178, 0.1100000000000000144 ) ) ;
#1631 = ORIENTED_EDGE ( 'NONE', *, *, #10147, .F. ) ;
#1632 = CARTESIAN_POINT ( 'NONE',  ( -0.2100000000000005473, 3.000000000000000000, -0.7794627824221421752 ) ) ;
#1633 = ORIENTED_EDGE ( 'NONE', *, *, #7587, .F. ) ;
#1634 = ORIENTED_EDGE ( 'NONE', *, *, #3879, .F. ) ;
#1635 = FILL_AREA_STYLE ('',( #11077 ) ) ;
#1636 =( NAMED_UNIT ( * ) PLANE_ANGLE_UNIT ( ) SI_UNIT ( $, .RADIAN. ) );
#1637 = LINE ( 'NONE', #7625, #5101 ) ;
#1638 = FILL_AREA_STYLE ('',( #7577 ) ) ;
#1639 = EDGE_LOOP ( 'NONE', ( #8395, #10819, #6953, #10666 ) ) ;
#1640 = EDGE_CURVE ( 'NONE', #5438, #10528, #2780, .T. ) ;
#1641 = ORIENTED_EDGE ( 'NONE', *, *, #4093, .T. ) ;
#1642 = CARTESIAN_POINT ( 'NONE',  ( 3.599999999999999645, -2.050000000000000266, -0.1099999999999999867 ) ) ;
#1643 = EDGE_CURVE ( 'NONE', #5972, #10528, #5616, .T. ) ;
#1644 = SURFACE_SIDE_STYLE ('',( #5789 ) ) ;
#1645 = SURFACE_STYLE_FILL_AREA ( #9341 ) ;
#1646 = CARTESIAN_POINT ( 'NONE',  ( 4.249999999999999112, 1.949999999999999734, -0.1100000000000000006 ) ) ;
#1647 = PRESENTATION_LAYER_ASSIGNMENT (  '', '', ( #4381 ) ) ;
#1648 =( NAMED_UNIT ( * ) SI_UNIT ( $, .STERADIAN. ) SOLID_ANGLE_UNIT ( ) );
#1649 = VERTEX_POINT ( 'NONE', #7292 ) ;
#1650 = FACE_OUTER_BOUND ( 'NONE', #2179, .T. ) ;
#1651 = CARTESIAN_POINT ( 'NONE',  ( 3.599999999999999645, -2.050000000000000266, -0.2100000000000000200 ) ) ;
#1652 = UNCERTAINTY_MEASURE_WITH_UNIT (LENGTH_MEASURE( 1.000000000000000082E-05 ), #448, 'distance_accuracy_value', 'NONE');
#1653 = ADVANCED_FACE ( 'NONE', ( #2201 ), #6338, .T. ) ;
#1654 = STYLED_ITEM ( 'NONE', ( #9921 ), #5790 ) ;
#1655 = ORIENTED_EDGE ( 'NONE', *, *, #1385, .F. ) ;
#1656 = EDGE_CURVE ( 'NONE', #6693, #9836, #2312, .T. ) ;
#1657 = SURFACE_SIDE_STYLE ('',( #4988 ) ) ;
#1658 = FACE_OUTER_BOUND ( 'NONE', #2245, .T. ) ;
#1659 = VECTOR ( 'NONE', #846, 1000.000000000000000 ) ;
#1660 = CARTESIAN_POINT ( 'NONE',  ( -1.480000000000000870, -1.950000000000000178, -0.1099999999999999867 ) ) ;
#1661 = CARTESIAN_POINT ( 'NONE',  ( 3.599999999999999645, 3.000000000000000000, -1.000000000000000000 ) ) ;
#1662 = SURFACE_SIDE_STYLE ('',( #11177 ) ) ;
#1663 = CARTESIAN_POINT ( 'NONE',  ( 1.479999999999999094, -2.050000000000000266, -0.1099999999999999867 ) ) ;
#1664 = UNCERTAINTY_MEASURE_WITH_UNIT (LENGTH_MEASURE( 1.000000000000000082E-05 ), #950, 'distance_accuracy_value', 'NONE');
#1665 =( GEOMETRIC_REPRESENTATION_CONTEXT ( 3 ) GLOBAL_UNCERTAINTY_ASSIGNED_CONTEXT ( ( #8607 ) ) GLOBAL_UNIT_ASSIGNED_CONTEXT ( ( #6207, #6948, #2761 ) ) REPRESENTATION_CONTEXT ( 'NONE', 'WORKASPACE' ) );
#1666 = ORIENTED_EDGE ( 'NONE', *, *, #4761, .T. ) ;
#1667 = ORIENTED_EDGE ( 'NONE', *, *, #5668, .T. ) ;
#1669 = VERTEX_POINT ( 'NONE', #8597 ) ;
#1668 = STYLED_ITEM ( 'NONE', ( #7420 ), #6560 ) ;
#1670 =( GEOMETRIC_REPRESENTATION_CONTEXT ( 3 ) GLOBAL_UNCERTAINTY_ASSIGNED_CONTEXT ( ( #6223 ) ) GLOBAL_UNIT_ASSIGNED_CONTEXT ( ( #10118, #7612, #5821 ) ) REPRESENTATION_CONTEXT ( 'NONE', 'WORKASPACE' ) );
#1671 = CARTESIAN_POINT ( 'NONE',  ( 3.599999999999999645, 2.366708997306596007, -0.08456619434753616382 ) ) ;
#1672 = AXIS2_PLACEMENT_3D ( 'NONE', #6232, #9691, #3594 ) ;
#1673 = ORIENTED_EDGE ( 'NONE', *, *, #1942, .T. ) ;
#1674 = DIRECTION ( 'NONE',  ( 0.000000000000000000, 0.02716902826232023976, 0.9996308538171885250 ) ) ;
#1675 = CARTESIAN_POINT ( 'NONE',  ( -1.480000000000000870, 2.364926170763438140, -0.7551029321564953767 ) ) ;
#1676 = LINE ( 'NONE', #1157, #3273 ) ;
#1677 = APPLICATION_PROTOCOL_DEFINITION ( 'draft international standard', 'automotive_design', 1998, #7049 ) ;
#1678 =( GEOMETRIC_REPRESENTATION_CONTEXT ( 3 ) GLOBAL_UNCERTAINTY_ASSIGNED_CONTEXT ( ( #5050 ) ) GLOBAL_UNIT_ASSIGNED_CONTEXT ( ( #4926, #1532, #8495 ) ) REPRESENTATION_CONTEXT ( 'NONE', 'WORKASPACE' ) );
#1679 = PRESENTATION_LAYER_ASSIGNMENT (  '', '', ( #791 ) ) ;
#1680 = CARTESIAN_POINT ( 'NONE',  ( 1.479999999999999094, -2.381960306200947564, -0.6457080498711260663 ) ) ;
#1681 = FACE_OUTER_BOUND ( 'NONE', #3550, .T. ) ;
#1682 = LINE ( 'NONE', #5180, #6918 ) ;
#1683 = ORIENTED_EDGE ( 'NONE', *, *, #2444, .F. ) ;
#1684 =( GEOMETRIC_REPRESENTATION_CONTEXT ( 3 ) GLOBAL_UNCERTAINTY_ASSIGNED_CONTEXT ( ( #9193 ) ) GLOBAL_UNIT_ASSIGNED_CONTEXT ( ( #11162, #1868, #1929 ) ) REPRESENTATION_CONTEXT ( 'NONE', 'WORKASPACE' ) );
#1685 = DIRECTION ( 'NONE',  ( 0.000000000000000000, 0.02716902826231849810, -0.9996308538171886360 ) ) ;
#1686 = ORIENTED_EDGE ( 'NONE', *, *, #3586, .F. ) ;
#1687 = CYLINDRICAL_SURFACE ( 'NONE', #4821, 0.07500000000000041356 ) ;
#1688 = UNCERTAINTY_MEASURE_WITH_UNIT (LENGTH_MEASURE( 1.000000000000000082E-05 ), #3254, 'distance_accuracy_value', 'NONE');
#1689 = FILL_AREA_STYLE_COLOUR ( '', #5736 ) ;
#1690 = ORIENTED_EDGE ( 'NONE', *, *, #4760, .F. ) ;
#1691 = PLANE ( 'NONE',  #10551 ) ;
#1692 = DIRECTION ( 'NONE',  ( 0.000000000000000000, 1.000000000000000000, 0.000000000000000000 ) ) ;
#1693 = STYLED_ITEM ( 'NONE', ( #4178 ), #7106 ) ;
#1694 =( NAMED_UNIT ( * ) SI_UNIT ( $, .STERADIAN. ) SOLID_ANGLE_UNIT ( ) );
#1695 = CARTESIAN_POINT ( 'NONE',  ( -4.283654545973160310, -1.834065403820539508, -0.5033757181366587119 ) ) ;
#1696 = MECHANICAL_DESIGN_GEOMETRIC_PRESENTATION_REPRESENTATION (  '', ( #276 ), #5484 ) ;
#1697 = DIRECTION ( 'NONE',  ( 0.000000000000000000, 0.000000000000000000, 1.000000000000000000 ) ) ;
#1698 = SURFACE_STYLE_USAGE ( .BOTH. , #1854 ) ;
#1699 = DIRECTION ( 'NONE',  ( 0.000000000000000000, -0.9975640502598243087, 0.06975647374412501101 ) ) ;
#1700 = ORIENTED_EDGE ( 'NONE', *, *, #5444, .T. ) ;
#1701 = EDGE_LOOP ( 'NONE', ( #6551, #1483, #2781, #8753 ) ) ;
#1702 =( LENGTH_UNIT ( ) NAMED_UNIT ( * ) SI_UNIT ( .MILLI., .METRE. ) );
#1703 = MECHANICAL_DESIGN_GEOMETRIC_PRESENTATION_REPRESENTATION (  '', ( #9649 ), #3518 ) ;
#1704 = ADVANCED_FACE ( 'NONE', ( #5082 ), #1597, .T. ) ;
#1705 = ORIENTED_EDGE ( 'NONE', *, *, #6412, .T. ) ;
#1706 = FACE_OUTER_BOUND ( 'NONE', #6473, .T. ) ;
#1707 = CARTESIAN_POINT ( 'NONE',  ( -3.600000000000000977, 2.050000000000000266, -0.2100000000000000200 ) ) ;
#1708 =( GEOMETRIC_REPRESENTATION_CONTEXT ( 3 ) GLOBAL_UNCERTAINTY_ASSIGNED_CONTEXT ( ( #6956 ) ) GLOBAL_UNIT_ASSIGNED_CONTEXT ( ( #3724, #4530, #355 ) ) REPRESENTATION_CONTEXT ( 'NONE', 'WORKASPACE' ) );
#1709 = ORIENTED_EDGE ( 'NONE', *, *, #9878, .F. ) ;
#1710 = CARTESIAN_POINT ( 'NONE',  ( -2.330000000000001403, -3.000000000000000000, -0.7794627824221421752 ) ) ;
#1711 = SURFACE_STYLE_FILL_AREA ( #5216 ) ;
#1712 = CARTESIAN_POINT ( 'NONE',  ( -0.2100000000000005473, 2.366708997306596007, -0.08456619434753621933 ) ) ;
#1713 = CARTESIAN_POINT ( 'NONE',  ( -1.480000000000000870, -2.050000000000000266, -0.2100000000000000200 ) ) ;
#1714 = EDGE_CURVE ( 'NONE', #5424, #8230, #3331, .T. ) ;
#1715 = VERTEX_POINT ( 'NONE', #9332 ) ;
#1716 = EDGE_CURVE ( 'NONE', #4794, #565, #6826, .T. ) ;
#1717 = EDGE_CURVE ( 'NONE', #3633, #1781, #4510, .T. ) ;
#1718 = AXIS2_PLACEMENT_3D ( 'NONE', #8209, #8952, #10755 ) ;
#1719 =( LENGTH_UNIT ( ) NAMED_UNIT ( * ) SI_UNIT ( .MILLI., .METRE. ) );
#1720 =( NAMED_UNIT ( * ) PLANE_ANGLE_UNIT ( ) SI_UNIT ( $, .RADIAN. ) );
#1721 = VECTOR ( 'NONE', #7403, 1000.000000000000000 ) ;
#1722 = CYLINDRICAL_SURFACE ( 'NONE', #7147, 0.07500000000000041356 ) ;
#1723 = CARTESIAN_POINT ( 'NONE',  ( -0.2100000000000005473, -2.050000000000000266, -0.1099999999999999867 ) ) ;
#1724 = CARTESIAN_POINT ( 'NONE',  ( -1.480000000000000870, -2.474947744208253031, -0.7427475520708766155 ) ) ;
#1725 = DIRECTION ( 'NONE',  ( 0.000000000000000000, 0.000000000000000000, -1.000000000000000000 ) ) ;
#1726 = MECHANICAL_DESIGN_GEOMETRIC_PRESENTATION_REPRESENTATION (  '', ( #3353 ), #10400 ) ;
#1727 = UNCERTAINTY_MEASURE_WITH_UNIT (LENGTH_MEASURE( 1.000000000000000082E-05 ), #11041, 'distance_accuracy_value', 'NONE');
#1728 = DIRECTION ( 'NONE',  ( 0.000000000000000000, -0.9975640502598243087, 0.06975647374412501101 ) ) ;
#1729 = DIRECTION ( 'NONE',  ( 0.000000000000000000, 0.000000000000000000, -1.000000000000000000 ) ) ;
#1730 = LINE ( 'NONE', #2574, #8608 ) ;
#1731 = FILL_AREA_STYLE_COLOUR ( '', #8376 ) ;
#1732 = PRESENTATION_LAYER_ASSIGNMENT (  '', '', ( #10947 ) ) ;
#1733 = ORIENTED_EDGE ( 'NONE', *, *, #2400, .T. ) ;
#1734 = PRESENTATION_STYLE_ASSIGNMENT (( #3378 ) ) ;
#1735 = LINE ( 'NONE', #5185, #9801 ) ;
#1736 = EDGE_LOOP ( 'NONE', ( #4219, #616, #940, #2804 ) ) ;
#1737 = STYLED_ITEM ( 'NONE', ( #10783 ), #2260 ) ;
#1738 = PRESENTATION_LAYER_ASSIGNMENT (  '', '', ( #9692 ) ) ;
#1739 = UNCERTAINTY_MEASURE_WITH_UNIT (LENGTH_MEASURE( 1.000000000000000082E-05 ), #5833, 'distance_accuracy_value', 'NONE');
#1740 = ORIENTED_EDGE ( 'NONE', *, *, #10565, .T. ) ;
#1741 = CARTESIAN_POINT ( 'NONE',  ( -4.324998880753507358, 1.875409738600887000, 0.1100106489190410680 ) ) ;
#1742 = FILL_AREA_STYLE ('',( #2529 ) ) ;
#1743 = DIRECTION ( 'NONE',  ( 0.000000000000000000, -0.9996308538171886360, 0.02716902826231849810 ) ) ;
#1744 = VECTOR ( 'NONE', #1538, 1000.000000000000000 ) ;
#1745 = CARTESIAN_POINT ( 'NONE',  ( -1.060000000000000941, 3.000000000000000000, -1.000000000000000000 ) ) ;
#1746 = CARTESIAN_POINT ( 'NONE',  ( -4.325000000000000178, -1.875136580382891438, -0.1100000000000039835 ) ) ;
#1747 = VECTOR ( 'NONE', #8447, 1000.000000000000000 ) ;
#1748 = DIRECTION ( 'NONE',  ( -0.000000000000000000, 1.000000000000000000, -0.000000000000000000 ) ) ;
#1749 = CARTESIAN_POINT ( 'NONE',  ( 2.749999999999999112, -2.166782826543157903, 0.1100000000000000144 ) ) ;
#1750 = PRESENTATION_LAYER_ASSIGNMENT (  '', '', ( #6621 ) ) ;
#1751 = PLANE ( 'NONE',  #6109 ) ;
#1752 =( GEOMETRIC_REPRESENTATION_CONTEXT ( 3 ) GLOBAL_UNCERTAINTY_ASSIGNED_CONTEXT ( ( #5618 ) ) GLOBAL_UNIT_ASSIGNED_CONTEXT ( ( #9588, #113, #10541 ) ) REPRESENTATION_CONTEXT ( 'NONE', 'WORKASPACE' ) );
#1753 = MECHANICAL_DESIGN_GEOMETRIC_PRESENTATION_REPRESENTATION (  '', ( #6813 ), #2113 ) ;
#1754 = EDGE_LOOP ( 'NONE', ( #6664, #7589, #5607, #4584 ) ) ;
#1755 = ORIENTED_EDGE ( 'NONE', *, *, #7093, .F. ) ;
#1756 = CARTESIAN_POINT ( 'NONE',  ( 4.249999999999999112, -1.875000000000000222, 0.1100000000000000006 ) ) ;
#1757 = FILL_AREA_STYLE_COLOUR ( '', #6614 ) ;
#1758 = COLOUR_RGB ( '',0.8039215686274510109, 0.8039215686274510109, 0.8039215686274510109 ) ;
#1759 =( NAMED_UNIT ( * ) PLANE_ANGLE_UNIT ( ) SI_UNIT ( $, .RADIAN. ) );
#1760 = UNCERTAINTY_MEASURE_WITH_UNIT (LENGTH_MEASURE( 1.000000000000000082E-05 ), #5519, 'distance_accuracy_value', 'NONE');
#1761 = CARTESIAN_POINT ( 'NONE',  ( 3.599999999999999645, 2.366708997306596007, -0.08456619434753616382 ) ) ;
#1762 = DIRECTION ( 'NONE',  ( 1.000000000000000000, 0.000000000000000000, 0.000000000000000000 ) ) ;
#1763 = FACE_OUTER_BOUND ( 'NONE', #1288, .T. ) ;
#1764 = VECTOR ( 'NONE', #4955, 1000.000000000000000 ) ;
#1765 = CARTESIAN_POINT ( 'NONE',  ( -4.020000000000001350, 2.166782826543157903, 0.1100000000000000144 ) ) ;
#1766 = VERTEX_POINT ( 'NONE', #5031 ) ;
#1767 = CARTESIAN_POINT ( 'NONE',  ( -3.800202986107628966, -1.425202986107629410, 0.7399999999999999911 ) ) ;
#1768 = FILL_AREA_STYLE ('',( #2501 ) ) ;
#1769 = ADVANCED_FACE ( 'NONE', ( #4927 ), #11153, .F. ) ;
#1770 = ORIENTED_EDGE ( 'NONE', *, *, #1572, .T. ) ;
#1771 = CARTESIAN_POINT ( 'NONE',  ( -1.480000000000000870, 2.149963085381718209, -0.2072830971737681105 ) ) ;
#1772 = PRESENTATION_LAYER_ASSIGNMENT (  '', '', ( #3398 ) ) ;
#1773 = EDGE_CURVE ( 'NONE', #7425, #7460, #5139, .T. ) ;
#1774 = DIRECTION ( 'NONE',  ( 0.000000000000000000, 0.000000000000000000, -1.000000000000000000 ) ) ;
#1775 = AXIS2_PLACEMENT_3D ( 'NONE', #8025, #3970, #5546 ) ;
#1776 = DIRECTION ( 'NONE',  ( 0.000000000000000000, -0.9996308538171885250, -0.02716902826232023976 ) ) ;
#1777 = SURFACE_STYLE_FILL_AREA ( #1995 ) ;
#1778 = FACE_OUTER_BOUND ( 'NONE', #4374, .T. ) ;
#1779 =( NAMED_UNIT ( * ) SI_UNIT ( $, .STERADIAN. ) SOLID_ANGLE_UNIT ( ) );
#1780 = COLOUR_RGB ( '',0.8039215686274510109, 0.8039215686274510109, 0.8039215686274510109 ) ;
#1781 = VERTEX_POINT ( 'NONE', #28 ) ;
#1782 = LINE ( 'NONE', #9582, #721 ) ;
#1783 = CARTESIAN_POINT ( 'NONE',  ( 0.000000000000000000, 1.815202986107628647, 0.6750000000000000444 ) ) ;
#1784 = EDGE_CURVE ( 'NONE', #6885, #5255, #7914, .T. ) ;
#1785 = VECTOR ( 'NONE', #10335, 1000.000000000000000 ) ;
#1786 = CARTESIAN_POINT ( 'NONE',  ( -1.480000000000000870, 2.050000000000000266, -0.2100000000000000200 ) ) ;
#1787 = PRESENTATION_LAYER_ASSIGNMENT (  '', '', ( #5212 ) ) ;
#1788 = DIRECTION ( 'NONE',  ( 0.000000000000000000, 0.000000000000000000, 1.000000000000000000 ) ) ;
#1789 = EDGE_CURVE ( 'NONE', #8096, #1494, #7010, .T. ) ;
#1790 =( NAMED_UNIT ( * ) SI_UNIT ( $, .STERADIAN. ) SOLID_ANGLE_UNIT ( ) );
#1791 = DIRECTION ( 'NONE',  ( 0.000000000000000000, 0.000000000000000000, 1.000000000000000000 ) ) ;
#1792 = CARTESIAN_POINT ( 'NONE',  ( 4.019999999999999574, 1.950000000000000178, 0.1100000000000000144 ) ) ;
#1793 = CARTESIAN_POINT ( 'NONE',  ( 2.749999999999999112, -3.000000000000000000, -1.000000000000000000 ) ) ;
#1794 = PRESENTATION_STYLE_ASSIGNMENT (( #9543 ) ) ;
#1795 = ORIENTED_EDGE ( 'NONE', *, *, #9664, .T. ) ;
#1796 = SURFACE_STYLE_FILL_AREA ( #3548 ) ;
#1797 = ORIENTED_EDGE ( 'NONE', *, *, #1165, .F. ) ;
#1798 = VECTOR ( 'NONE', #544, 1000.000000000000000 ) ;
#1799 = CARTESIAN_POINT ( 'NONE',  ( -0.2100000000000005473, -2.474947744208253031, -0.7427475520708766155 ) ) ;
#1800 = EDGE_CURVE ( 'NONE', #4127, #1525, #9610, .T. ) ;
#1801 = CARTESIAN_POINT ( 'NONE',  ( 3.599999999999999645, -1.950000000000000178, 0.1100000000000000144 ) ) ;
#1802 = DIRECTION ( 'NONE',  ( 0.000000000000000000, 0.000000000000000000, -1.000000000000000000 ) ) ;
#1803 = ORIENTED_EDGE ( 'NONE', *, *, #8123, .T. ) ;
#1804 = DIRECTION ( 'NONE',  ( 0.000000000000000000, 0.9996308538171886360, 0.02716902826231849810 ) ) ;
#1805 = ADVANCED_FACE ( 'NONE', ( #4371 ), #1751, .T. ) ;
#1806 = SURFACE_STYLE_USAGE ( .BOTH. , #10397 ) ;
#1807 = STYLED_ITEM ( 'NONE', ( #4781 ), #4416 ) ;
#1808 = FILL_AREA_STYLE_COLOUR ( '', #7690 ) ;
#1809 = CYLINDRICAL_SURFACE ( 'NONE', #4184, 0.1949999999999998679 ) ;
#1810 = SURFACE_SIDE_STYLE ('',( #3505 ) ) ;
#1811 = SURFACE_STYLE_USAGE ( .BOTH. , #3569 ) ;
#1812 = VERTEX_POINT ( 'NONE', #6210 ) ;
#1813 = EDGE_LOOP ( 'NONE', ( #8405, #3381, #216, #1092, #6161, #5619 ) ) ;
#1814 = CARTESIAN_POINT ( 'NONE',  ( -4.190202986107628647, -1.889792128260249671, 0.6828396347450740311 ) ) ;
#1815 = DIRECTION ( 'NONE',  ( 0.000000000000000000, 0.000000000000000000, -1.000000000000000000 ) ) ;
#1816 = UNCERTAINTY_MEASURE_WITH_UNIT (LENGTH_MEASURE( 1.000000000000000082E-05 ), #754, 'distance_accuracy_value', 'NONE');
#1817 = SURFACE_STYLE_USAGE ( .BOTH. , #4437 ) ;
#1818 =( NAMED_UNIT ( * ) SI_UNIT ( $, .STERADIAN. ) SOLID_ANGLE_UNIT ( ) );
#1819 = VERTEX_POINT ( 'NONE', #3507 ) ;
#1820 = PRESENTATION_STYLE_ASSIGNMENT (( #5324 ) ) ;
#1821 = FILL_AREA_STYLE_COLOUR ( '', #2954 ) ;
#1822 = ORIENTED_EDGE ( 'NONE', *, *, #5179, .T. ) ;
#1823 = DIRECTION ( 'NONE',  ( 0.000000000000000000, -0.9975640502598243087, 0.06975647374412501101 ) ) ;
#1824 =( BOUNDED_CURVE ( )  B_SPLINE_CURVE ( 3, ( #3423, #839, #701, #1533 ),
 .UNSPECIFIED., .F., .F. ) 
 B_SPLINE_CURVE_WITH_KNOTS ( ( 4, 4 ),
 ( 6.277722098658053085, 6.283185307179586232 ),
 .UNSPECIFIED. ) 
 CURVE ( )  GEOMETRIC_REPRESENTATION_ITEM ( )  RATIONAL_B_SPLINE_CURVE ( ( 1.000000000000000000, 0.9999975127809339615, 0.9999975127809339615, 1.000000000000000000 ) ) 
 REPRESENTATION_ITEM ( '' )  );
#1825 = ADVANCED_FACE ( 'NONE', ( #1978 ), #4538, .T. ) ;
#1826 = VERTEX_POINT ( 'NONE', #2704 ) ;
#1827 = DIRECTION ( 'NONE',  ( 0.000000000000000000, -1.000000000000000000, 0.000000000000000000 ) ) ;
#1828 = VECTOR ( 'NONE', #1833, 999.9999999999998863 ) ;
#1829 = PRESENTATION_STYLE_ASSIGNMENT (( #7718 ) ) ;
#1830 = UNCERTAINTY_MEASURE_WITH_UNIT (LENGTH_MEASURE( 1.000000000000000082E-05 ), #2626, 'distance_accuracy_value', 'NONE');
#1831 =( LENGTH_UNIT ( ) NAMED_UNIT ( * ) SI_UNIT ( .MILLI., .METRE. ) );
#1832 = DIRECTION ( 'NONE',  ( 1.000000000000000000, 0.000000000000000000, 0.000000000000000000 ) ) ;
#1833 = DIRECTION ( 'NONE',  ( 0.000000000000000000, 0.02716902826231849810, -0.9996308538171886360 ) ) ;
#1834 = SURFACE_STYLE_FILL_AREA ( #1890 ) ;
#1835 = STYLED_ITEM ( 'NONE', ( #9866 ), #5928 ) ;
#1836 = CARTESIAN_POINT ( 'NONE',  ( -4.324998880753508246, -1.875409738600887222, -0.1100106489190410125 ) ) ;
#1837 = STYLED_ITEM ( 'NONE', ( #602 ), #2720 ) ;
#1838 = ORIENTED_EDGE ( 'NONE', *, *, #1927, .F. ) ;
#1839 = ORIENTED_EDGE ( 'NONE', *, *, #8021, .T. ) ;
#1840 = DIRECTION ( 'NONE',  ( 1.000000000000000000, 0.000000000000000000, 0.000000000000000000 ) ) ;
#1841 = CIRCLE ( 'NONE', #7621, 0.09999999999999956146 ) ;
#1842 = LINE ( 'NONE', #7109, #2071 ) ;
#1843 = CARTESIAN_POINT ( 'NONE',  ( 1.059999999999999387, 2.474947744208253031, -0.7427475520708763934 ) ) ;
#1844 = ORIENTED_EDGE ( 'NONE', *, *, #1784, .F. ) ;
#1845 = CARTESIAN_POINT ( 'NONE',  ( 4.019999999999999574, 1.950000000000000178, 0.1100000000000000144 ) ) ;
#1846 = DIRECTION ( 'NONE',  ( 1.000000000000000000, 0.000000000000000000, 0.000000000000000000 ) ) ;
#1847 = AXIS2_PLACEMENT_3D ( 'NONE', #3056, #10749, #3923 ) ;
#1848 = FILL_AREA_STYLE ('',( #8765 ) ) ;
#1849 = DIRECTION ( 'NONE',  ( 1.000000000000000000, 0.000000000000000000, 0.000000000000000000 ) ) ;
#1850 =( GEOMETRIC_REPRESENTATION_CONTEXT ( 3 ) GLOBAL_UNCERTAINTY_ASSIGNED_CONTEXT ( ( #3884 ) ) GLOBAL_UNIT_ASSIGNED_CONTEXT ( ( #10868, #7469, #4151 ) ) REPRESENTATION_CONTEXT ( 'NONE', 'WORKASPACE' ) );
#1851 = EDGE_CURVE ( 'NONE', #805, #2436, #6158, .T. ) ;
#1852 = FILL_AREA_STYLE ('',( #7067 ) ) ;
#1854 = SURFACE_SIDE_STYLE ('',( #6206 ) ) ;
#1853 = AXIS2_PLACEMENT_3D ( 'NONE', #7788, #8538, #7738 ) ;
#1855 = EDGE_CURVE ( 'NONE', #7054, #7260, #6549, .T. ) ;
#1856 =( LENGTH_UNIT ( ) NAMED_UNIT ( * ) SI_UNIT ( .MILLI., .METRE. ) );
#1857 = EDGE_CURVE ( 'NONE', #10317, #6370, #8468, .T. ) ;
#1858 = STYLED_ITEM ( 'NONE', ( #7078 ), #418 ) ;
#1859 = MECHANICAL_DESIGN_GEOMETRIC_PRESENTATION_REPRESENTATION (  '', ( #6729 ), #7638 ) ;
#1860 = ORIENTED_EDGE ( 'NONE', *, *, #3599, .F. ) ;
#1861 = VERTEX_POINT ( 'NONE', #9834 ) ;
#1862 = CARTESIAN_POINT ( 'NONE',  ( 4.190202986107629535, -1.815202986107629091, -0.6749999999999999334 ) ) ;
#1863 = CIRCLE ( 'NONE', #9815, 0.09999999999999956146 ) ;
#1864 = DIRECTION ( 'NONE',  ( 0.000000000000000000, -0.02716902826232023976, 0.9996308538171885250 ) ) ;
#1865 = CARTESIAN_POINT ( 'NONE',  ( -2.330000000000001403, 2.364926170763438140, -0.7551029321564953767 ) ) ;
#1866 = UNCERTAINTY_MEASURE_WITH_UNIT (LENGTH_MEASURE( 1.000000000000000082E-05 ), #11105, 'distance_accuracy_value', 'NONE');
#1867 =( NAMED_UNIT ( * ) PLANE_ANGLE_UNIT ( ) SI_UNIT ( $, .RADIAN. ) );
#1868 =( NAMED_UNIT ( * ) PLANE_ANGLE_UNIT ( ) SI_UNIT ( $, .RADIAN. ) );
#1869 = LINE ( 'NONE', #9514, #3941 ) ;
#1870 =( NAMED_UNIT ( * ) SI_UNIT ( $, .STERADIAN. ) SOLID_ANGLE_UNIT ( ) );
#1871 = CARTESIAN_POINT ( 'NONE',  ( 1.059999999999999387, 2.166782826543157903, 0.1100000000000000144 ) ) ;
#1872 = COLOUR_RGB ( '',0.8039215686274510109, 0.8039215686274510109, 0.8039215686274510109 ) ;
#1873 = CARTESIAN_POINT ( 'NONE',  ( -1.480000000000000870, 2.481923391582665950, -0.6429911470448941291 ) ) ;
#1874 = EDGE_LOOP ( 'NONE', ( #3743, #7279, #7161, #6062 ) ) ;
#1875 = FILL_AREA_STYLE_COLOUR ( '', #1161 ) ;
#1876 = PRESENTATION_LAYER_ASSIGNMENT (  '', '', ( #5654 ) ) ;
#1877 = EDGE_LOOP ( 'NONE', ( #4898, #9684, #10992, #9770 ) ) ;
#1878 =( LENGTH_UNIT ( ) NAMED_UNIT ( * ) SI_UNIT ( .MILLI., .METRE. ) );
#1879 = AXIS2_PLACEMENT_3D ( 'NONE', #2159, #7299, #10759 ) ;
#1880 = PLANE ( 'NONE',  #11150 ) ;
#1881 = CARTESIAN_POINT ( 'NONE',  ( 1.059999999999999387, 1.950000000000000178, -0.1099999999999999867 ) ) ;
#1882 = DIRECTION ( 'NONE',  ( 1.000000000000000000, 0.000000000000000000, -0.000000000000000000 ) ) ;
#1883 = PRESENTATION_LAYER_ASSIGNMENT (  '', '', ( #2418 ) ) ;
#1884 = VERTEX_POINT ( 'NONE', #2186 ) ;
#1885 = STYLED_ITEM ( 'NONE', ( #3259 ), #7660 ) ;
#1886 = DIRECTION ( 'NONE',  ( 1.000000000000000000, 0.000000000000000000, 0.000000000000000000 ) ) ;
#1887 = DIRECTION ( 'NONE',  ( 0.000000000000000000, 0.000000000000000000, -1.000000000000000000 ) ) ;
#1888 = PRESENTATION_STYLE_ASSIGNMENT (( #2624 ) ) ;
#1889 = CARTESIAN_POINT ( 'NONE',  ( 1.059999999999999387, -1.950000000000000178, -0.1099999999999999867 ) ) ;
#1890 = FILL_AREA_STYLE ('',( #9643 ) ) ;
#1891 =( LENGTH_UNIT ( ) NAMED_UNIT ( * ) SI_UNIT ( .MILLI., .METRE. ) );
#1892 = DIRECTION ( 'NONE',  ( 0.000000000000000000, 0.000000000000000000, -1.000000000000000000 ) ) ;
#1893 = STYLED_ITEM ( 'NONE', ( #8549 ), #9099 ) ;
#1894 = ORIENTED_EDGE ( 'NONE', *, *, #9328, .F. ) ;
#1895 = PRESENTATION_STYLE_ASSIGNMENT (( #10720 ) ) ;
#1896 = ORIENTED_EDGE ( 'NONE', *, *, #27, .T. ) ;
#1897 = EDGE_CURVE ( 'NONE', #431, #7586, #9997, .T. ) ;
#1898 = DIRECTION ( 'NONE',  ( 0.000000000000000000, 0.000000000000000000, -1.000000000000000000 ) ) ;
#1899 = PRESENTATION_LAYER_ASSIGNMENT (  '', '', ( #4976 ) ) ;
#1900 = CIRCLE ( 'NONE', #3337, 0.2000000000000003164 ) ;
#1901 = DIRECTION ( 'NONE',  ( 1.000000000000000000, 0.000000000000000000, 0.000000000000000000 ) ) ;
#1902 = DIRECTION ( 'NONE',  ( 1.000000000000000000, 0.000000000000000000, 0.000000000000000000 ) ) ;
#1903 = ADVANCED_FACE ( 'NONE', ( #5485 ), #4644, .T. ) ;
#1904 = VERTEX_POINT ( 'NONE', #2240 ) ;
#1905 = FACE_OUTER_BOUND ( 'NONE', #6748, .T. ) ;
#1906 = PLANE ( 'NONE',  #6225 ) ;
#1907 = EDGE_CURVE ( 'NONE', #9696, #10285, #1295, .T. ) ;
#1908 = AXIS2_PLACEMENT_3D ( 'NONE', #7909, #5990, #2701 ) ;
#1909 = CARTESIAN_POINT ( 'NONE',  ( -1.480000000000000870, -2.050000000000000266, -0.1099999999999999867 ) ) ;
#1910 = AXIS2_PLACEMENT_3D ( 'NONE', #7006, #302, #10458 ) ;
#1911 = MECHANICAL_DESIGN_GEOMETRIC_PRESENTATION_REPRESENTATION (  '', ( #5158 ), #8237 ) ;
#1912 =( LENGTH_UNIT ( ) NAMED_UNIT ( * ) SI_UNIT ( .MILLI., .METRE. ) );
#1913 = VECTOR ( 'NONE', #9862, 1000.000000000000000 ) ;
#1914 = CARTESIAN_POINT ( 'NONE',  ( -1.480000000000000870, -3.000000000000000000, -1.000000000000000000 ) ) ;
#1915 = DIRECTION ( 'NONE',  ( 1.000000000000000000, 0.000000000000000000, 0.000000000000000000 ) ) ;
#1916 = VECTOR ( 'NONE', #9149, 1000.000000000000000 ) ;
#1917 = VECTOR ( 'NONE', #10049, 1000.000000000000000 ) ;
#1918 = EDGE_CURVE ( 'NONE', #914, #11123, #7398, .T. ) ;
#1919 = STYLED_ITEM ( 'NONE', ( #8478 ), #3730 ) ;
#1920 = ORIENTED_EDGE ( 'NONE', *, *, #1124, .F. ) ;
#1921 = MECHANICAL_DESIGN_GEOMETRIC_PRESENTATION_REPRESENTATION (  '', ( #8793 ), #6228 ) ;
#1922 = ORIENTED_EDGE ( 'NONE', *, *, #6265, .T. ) ;
#1923 = PRESENTATION_LAYER_ASSIGNMENT (  '', '', ( #6970 ) ) ;
#1924 =( NAMED_UNIT ( * ) PLANE_ANGLE_UNIT ( ) SI_UNIT ( $, .RADIAN. ) );
#1925 = DIRECTION ( 'NONE',  ( 1.000000000000000000, -0.000000000000000000, 0.000000000000000000 ) ) ;
#1926 = CARTESIAN_POINT ( 'NONE',  ( -4.020000000000001350, -2.474947744208253031, -0.7427475520708763934 ) ) ;
#1927 = EDGE_CURVE ( 'NONE', #8811, #8742, #8134, .T. ) ;
#1928 = SURFACE_STYLE_USAGE ( .BOTH. , #9618 ) ;
#1929 =( NAMED_UNIT ( * ) SI_UNIT ( $, .STERADIAN. ) SOLID_ANGLE_UNIT ( ) );
#1930 = VECTOR ( 'NONE', #7973, 1000.000000000000000 ) ;
#1931 = MECHANICAL_DESIGN_GEOMETRIC_PRESENTATION_REPRESENTATION (  '', ( #8059 ), #4827 ) ;
#1932 = CARTESIAN_POINT ( 'NONE',  ( 1.059999999999999387, 3.000000000000000000, -1.000000000000000000 ) ) ;
#1933 = CYLINDRICAL_SURFACE ( 'NONE', #8291, 0.09999999999999956146 ) ;
#1934 = PRESENTATION_LAYER_ASSIGNMENT (  '', '', ( #2644 ) ) ;
#1935 = EDGE_LOOP ( 'NONE', ( #3135, #1686, #10102, #8229 ) ) ;
#1936 = LINE ( 'NONE', #8730, #3506 ) ;
#1937 = MECHANICAL_DESIGN_GEOMETRIC_PRESENTATION_REPRESENTATION (  '', ( #6621 ), #10598 ) ;
#1938 = ORIENTED_EDGE ( 'NONE', *, *, #11130, .T. ) ;
#1939 = DIRECTION ( 'NONE',  ( 1.000000000000000000, 0.000000000000000000, 0.000000000000000000 ) ) ;
#1940 = CARTESIAN_POINT ( 'NONE',  ( 4.325000000000000178, -1.875136580382891660, 0.1100000000000039835 ) ) ;
#1941 = UNCERTAINTY_MEASURE_WITH_UNIT (LENGTH_MEASURE( 1.000000000000000082E-05 ), #2857, 'distance_accuracy_value', 'NONE');
#1942 = EDGE_CURVE ( 'NONE', #4788, #5235, #8878, .T. ) ;
#1943 = PRESENTATION_LAYER_ASSIGNMENT (  '', '', ( #875 ) ) ;
#1944 = FILL_AREA_STYLE_COLOUR ( '', #10338 ) ;
#1945 = CARTESIAN_POINT ( 'NONE',  ( 4.325000000000000178, 1.889792128260249227, -0.6828396347450740311 ) ) ;
#1946 =( GEOMETRIC_REPRESENTATION_CONTEXT ( 3 ) GLOBAL_UNCERTAINTY_ASSIGNED_CONTEXT ( ( #6369 ) ) GLOBAL_UNIT_ASSIGNED_CONTEXT ( ( #4736, #462, #4853 ) ) REPRESENTATION_CONTEXT ( 'NONE', 'WORKASPACE' ) );
#1947 = ORIENTED_EDGE ( 'NONE', *, *, #918, .T. ) ;
#1948 = CARTESIAN_POINT ( 'NONE',  ( -4.020000000000001350, -3.000000000000000000, -1.000000000000000000 ) ) ;
#1949 = CARTESIAN_POINT ( 'NONE',  ( -2.330000000000001403, -2.166782826543157903, 0.1100000000000000144 ) ) ;
#1950 = COLOUR_RGB ( '',0.2862745098039215508, 0.2862745098039215508, 0.2862745098039215508 ) ;
#1951 = COLOUR_RGB ( '',0.8039215686274510109, 0.8039215686274510109, 0.8039215686274510109 ) ;
#1952 = DIRECTION ( 'NONE',  ( 1.000000000000000000, 0.000000000000000000, 0.000000000000000000 ) ) ;
#1953 = SURFACE_STYLE_USAGE ( .BOTH. , #3646 ) ;
#1954 = LINE ( 'NONE', #8806, #771 ) ;
#1955 = DIRECTION ( 'NONE',  ( 0.000000000000000000, 0.000000000000000000, -1.000000000000000000 ) ) ;
#1956 =( NAMED_UNIT ( * ) PLANE_ANGLE_UNIT ( ) SI_UNIT ( $, .RADIAN. ) );
#1957 = SURFACE_SIDE_STYLE ('',( #347 ) ) ;
#1958 = AXIS2_PLACEMENT_3D ( 'NONE', #1304, #1197, #5430 ) ;
#1959 = MECHANICAL_DESIGN_GEOMETRIC_PRESENTATION_REPRESENTATION (  '', ( #8099 ), #1252 ) ;
#1960 = ORIENTED_EDGE ( 'NONE', *, *, #3164, .F. ) ;
#1961 = ORIENTED_EDGE ( 'NONE', *, *, #138, .T. ) ;
#1962 =( LENGTH_UNIT ( ) NAMED_UNIT ( * ) SI_UNIT ( .MILLI., .METRE. ) );
#1963 = VERTEX_POINT ( 'NONE', #6324 ) ;
#1964 = AXIS2_PLACEMENT_3D ( 'NONE', #10134, #5148, #9343 ) ;
#1965 = VECTOR ( 'NONE', #10415, 1000.000000000000227 ) ;
#1966 = DIRECTION ( 'NONE',  ( 0.000000000000000000, 0.9975640502598243087, 0.06975647374412501101 ) ) ;
#1967 = ORIENTED_EDGE ( 'NONE', *, *, #1800, .T. ) ;
#1968 = CLOSED_SHELL ( 'NONE', ( #4271, #1020, #6634, #4507, #6060, #575, #755, #4293, #2243, #10916, #4514, #7318, #6339, #6126 ) ) ;
#1969 = CARTESIAN_POINT ( 'NONE',  ( 1.479999999999999094, -2.050000000000000266, -0.2100000000000000200 ) ) ;
#1970 =( NAMED_UNIT ( * ) PLANE_ANGLE_UNIT ( ) SI_UNIT ( $, .RADIAN. ) );
#1971 = CARTESIAN_POINT ( 'NONE',  ( -2.750000000000001332, -2.050000000000000266, -0.2100000000000000200 ) ) ;
#1972 = DIRECTION ( 'NONE',  ( 1.000000000000000000, 0.000000000000000000, 0.000000000000000000 ) ) ;
#1973 = SURFACE_SIDE_STYLE ('',( #530 ) ) ;
#1974 =( GEOMETRIC_REPRESENTATION_CONTEXT ( 3 ) GLOBAL_UNCERTAINTY_ASSIGNED_CONTEXT ( ( #10261 ) ) GLOBAL_UNIT_ASSIGNED_CONTEXT ( ( #7458, #4078, #5892 ) ) REPRESENTATION_CONTEXT ( 'NONE', 'WORKASPACE' ) );
#1975 = FACE_OUTER_BOUND ( 'NONE', #6997, .T. ) ;
#1976 = FACE_OUTER_BOUND ( 'NONE', #9318, .T. ) ;
#1977 = EDGE_CURVE ( 'NONE', #1884, #938, #9779, .T. ) ;
#1978 = FACE_OUTER_BOUND ( 'NONE', #4240, .T. ) ;
#1979 = STYLED_ITEM ( 'NONE', ( #5108 ), #4448 ) ;
#1980 = ORIENTED_EDGE ( 'NONE', *, *, #6887, .T. ) ;
#1981 = EDGE_LOOP ( 'NONE', ( #1894, #11172, #10740, #1381 ) ) ;
#1982 = SURFACE_SIDE_STYLE ('',( #1711 ) ) ;
#1983 = DIRECTION ( 'NONE',  ( 0.1039620511844979445, 0.1039620511844979445, 0.9891328443778539814 ) ) ;
#1984 = CYLINDRICAL_SURFACE ( 'NONE', #9126, 0.2000000000000002054 ) ;
#1985 = UNCERTAINTY_MEASURE_WITH_UNIT (LENGTH_MEASURE( 1.000000000000000082E-05 ), #9580, 'distance_accuracy_value', 'NONE');
#1986 = SURFACE_STYLE_FILL_AREA ( #8034 ) ;
#1987 = CARTESIAN_POINT ( 'NONE',  ( 3.599999999999999645, -2.366708997306596007, -0.08456619434753616382 ) ) ;
#1988 = CARTESIAN_POINT ( 'NONE',  ( 3.599999999999999645, 2.381960306200947564, -0.6457080498711260663 ) ) ;
#1989 = ORIENTED_EDGE ( 'NONE', *, *, #10197, .F. ) ;
#1990 = EDGE_CURVE ( 'NONE', #3267, #2283, #4131, .T. ) ;
#1991 = EDGE_CURVE ( 'NONE', #6383, #4233, #8932, .T. ) ;
#1992 = VERTEX_POINT ( 'NONE', #369 ) ;
#1993 =( NAMED_UNIT ( * ) PLANE_ANGLE_UNIT ( ) SI_UNIT ( $, .RADIAN. ) );
#1994 = LINE ( 'NONE', #6070, #10770 ) ;
#1995 = FILL_AREA_STYLE ('',( #4390 ) ) ;
#1996 = CARTESIAN_POINT ( 'NONE',  ( 1.479999999999999094, 3.000000000000000000, -0.7794627824221421752 ) ) ;
#1997 = EDGE_CURVE ( 'NONE', #525, #2092, #10680, .T. ) ;
#1998 = ORIENTED_EDGE ( 'NONE', *, *, #5517, .T. ) ;
#1999 = FACE_OUTER_BOUND ( 'NONE', #6966, .T. ) ;
#2000 = EDGE_CURVE ( 'NONE', #3015, #5859, #8999, .T. ) ;
#2001 = ADVANCED_FACE ( 'NONE', ( #633 ), #4128, .T. ) ;
#2002 = MECHANICAL_DESIGN_GEOMETRIC_PRESENTATION_REPRESENTATION (  '', ( #3639 ), #5064 ) ;
#2003 = CARTESIAN_POINT ( 'NONE',  ( -4.190202986107629535, 1.815202986107628647, -0.6750000000000000444 ) ) ;
#2004 = FILL_AREA_STYLE_COLOUR ( '', #8993 ) ;
#2005 = CARTESIAN_POINT ( 'NONE',  ( 1.059999999999999387, 2.149963085381718209, -0.2072830971737681105 ) ) ;
#2006 =( NAMED_UNIT ( * ) PLANE_ANGLE_UNIT ( ) SI_UNIT ( $, .RADIAN. ) );
#2007 = PRESENTATION_LAYER_ASSIGNMENT (  '', '', ( #6883 ) ) ;
#2008 = CARTESIAN_POINT ( 'NONE',  ( -4.020000000000001350, -1.950000000000000178, -0.1099999999999999867 ) ) ;
#2009 = DIRECTION ( 'NONE',  ( 0.000000000000000000, 0.000000000000000000, -1.000000000000000000 ) ) ;
#2010 = ORIENTED_EDGE ( 'NONE', *, *, #5584, .T. ) ;
#2011 = CARTESIAN_POINT ( 'NONE',  ( -0.2100000000000005473, 2.050000000000000266, -0.1099999999999999867 ) ) ;
#2012 = DIRECTION ( 'NONE',  ( -1.000000000000000000, -0.000000000000000000, -0.000000000000000000 ) ) ;
#2013 = VERTEX_POINT ( 'NONE', #10289 ) ;
#2014 = CARTESIAN_POINT ( 'NONE',  ( 0.2099999999999992428, 2.165000000000000036, -0.7605367378089592512 ) ) ;
#2015 = DIRECTION ( 'NONE',  ( 0.000000000000000000, -0.02716902826232023976, 0.9996308538171885250 ) ) ;
#2016 = CARTESIAN_POINT ( 'NONE',  ( 3.599999999999999645, 2.481923391582665950, -0.6429911470448941291 ) ) ;
#2017 = PRESENTATION_LAYER_ASSIGNMENT (  '', '', ( #1835 ) ) ;
#2018 = VERTEX_POINT ( 'NONE', #5018 ) ;
#2019 = DIRECTION ( 'NONE',  ( 0.000000000000000000, 0.000000000000000000, -1.000000000000000000 ) ) ;
#2020 =( NAMED_UNIT ( * ) SI_UNIT ( $, .STERADIAN. ) SOLID_ANGLE_UNIT ( ) );
#2021 = AXIS2_PLACEMENT_3D ( 'NONE', #6256, #9713, #1725 ) ;
#2022 = CARTESIAN_POINT ( 'NONE',  ( -0.2100000000000005473, -2.481923391582665950, -0.6429911470448941291 ) ) ;
#2023 = FACE_OUTER_BOUND ( 'NONE', #277, .T. ) ;
#2024 = DIRECTION ( 'NONE',  ( 1.000000000000000000, 0.000000000000000000, 0.000000000000000000 ) ) ;
#2025 = MECHANICAL_DESIGN_GEOMETRIC_PRESENTATION_REPRESENTATION (  '', ( #3654 ), #9798 ) ;
#2026 = DIRECTION ( 'NONE',  ( 1.000000000000000000, 0.000000000000000000, 0.000000000000000000 ) ) ;
#2027 = STYLED_ITEM ( 'NONE', ( #8055 ), #6494 ) ;
#2028 = STYLED_ITEM ( 'NONE', ( #3437 ), #2609 ) ;
#2029 = ORIENTED_EDGE ( 'NONE', *, *, #7632, .T. ) ;
#2030 = ORIENTED_EDGE ( 'NONE', *, *, #705, .F. ) ;
#2031 =( LENGTH_UNIT ( ) NAMED_UNIT ( * ) SI_UNIT ( .MILLI., .METRE. ) );
#2032 = STYLED_ITEM ( 'NONE', ( #5899 ), #6964 ) ;
#2033 = SURFACE_STYLE_FILL_AREA ( #8884 ) ;
#2034 = FACE_OUTER_BOUND ( 'NONE', #2565, .T. ) ;
#2035 = SURFACE_STYLE_FILL_AREA ( #378 ) ;
#2036 =( LENGTH_UNIT ( ) NAMED_UNIT ( * ) SI_UNIT ( .MILLI., .METRE. ) );
#2037 = LINE ( 'NONE', #9106, #3052 ) ;
#2038 = EDGE_LOOP ( 'NONE', ( #4712, #11113, #9467, #6610 ) ) ;
#2039 = LINE ( 'NONE', #8094, #5278 ) ;
#2040 = MECHANICAL_DESIGN_GEOMETRIC_PRESENTATION_REPRESENTATION (  '', ( #1693 ), #4934 ) ;
#2041 = ORIENTED_EDGE ( 'NONE', *, *, #3386, .F. ) ;
#2042 = PRESENTATION_STYLE_ASSIGNMENT (( #3981 ) ) ;
#2043 = PRESENTATION_STYLE_ASSIGNMENT (( #435 ) ) ;
#2044 = VECTOR ( 'NONE', #9472, 1000.000000000000000 ) ;
#2045 = ADVANCED_FACE ( 'NONE', ( #1519 ), #8315, .T. ) ;
#2046 = DIRECTION ( 'NONE',  ( 1.000000000000000000, 0.000000000000000000, 0.000000000000000000 ) ) ;
#2047 = FILL_AREA_STYLE_COLOUR ( '', #3043 ) ;
#2048 = SURFACE_STYLE_USAGE ( .BOTH. , #9061 ) ;
#2049 = STYLED_ITEM ( 'NONE', ( #2166 ), #6558 ) ;
#2050 = ORIENTED_EDGE ( 'NONE', *, *, #6598, .F. ) ;
#2051 =( LENGTH_UNIT ( ) NAMED_UNIT ( * ) SI_UNIT ( .MILLI., .METRE. ) );
#2052 = AXIS2_PLACEMENT_3D ( 'NONE', #6796, #4263, #1544 ) ;
#2053 = AXIS2_PLACEMENT_3D ( 'NONE', #4896, #7313, #8294 ) ;
#2054 = CARTESIAN_POINT ( 'NONE',  ( -2.750000000000001332, 3.000000000000000000, -0.7794627824221421752 ) ) ;
#2055 = EDGE_CURVE ( 'NONE', #11006, #7837, #4237, .T. ) ;
#2056 = DIRECTION ( 'NONE',  ( 0.000000000000000000, 0.000000000000000000, -1.000000000000000000 ) ) ;
#2057 =( NAMED_UNIT ( * ) PLANE_ANGLE_UNIT ( ) SI_UNIT ( $, .RADIAN. ) );
#2058 = COLOUR_RGB ( '',0.8039215686274510109, 0.8039215686274510109, 0.8039215686274510109 ) ;
#2059 = FACE_OUTER_BOUND ( 'NONE', #4609, .T. ) ;
#2060 = ADVANCED_FACE ( 'NONE', ( #11139 ), #4182, .T. ) ;
#2061 = FILL_AREA_STYLE ('',( #10543 ) ) ;
#2062 = SPHERICAL_SURFACE ( 'NONE', #3297, 0.07499999999999999722 ) ;
#2063 = EDGE_CURVE ( 'NONE', #3742, #3816, #3405, .T. ) ;
#2064 = COLOUR_RGB ( '',0.8039215686274510109, 0.8039215686274510109, 0.8039215686274510109 ) ;
#2065 = ORIENTED_EDGE ( 'NONE', *, *, #2530, .T. ) ;
#2066 = DIRECTION ( 'NONE',  ( 1.000000000000000000, 0.000000000000000000, 0.000000000000000000 ) ) ;
#2067 =( NAMED_UNIT ( * ) PLANE_ANGLE_UNIT ( ) SI_UNIT ( $, .RADIAN. ) );
#2068 = EDGE_LOOP ( 'NONE', ( #4900, #7765, #6295, #8012 ) ) ;
#2069 =( GEOMETRIC_REPRESENTATION_CONTEXT ( 3 ) GLOBAL_UNCERTAINTY_ASSIGNED_CONTEXT ( ( #9081 ) ) GLOBAL_UNIT_ASSIGNED_CONTEXT ( ( #7618, #863, #5886 ) ) REPRESENTATION_CONTEXT ( 'NONE', 'WORKASPACE' ) );
#2070 = LINE ( 'NONE', #9204, #9291 ) ;
#2071 = VECTOR ( 'NONE', #5354, 1000.000000000000000 ) ;
#2072 = UNCERTAINTY_MEASURE_WITH_UNIT (LENGTH_MEASURE( 1.000000000000000082E-05 ), #1180, 'distance_accuracy_value', 'NONE');
#2073 = UNCERTAINTY_MEASURE_WITH_UNIT (LENGTH_MEASURE( 1.000000000000000082E-05 ), #6789, 'distance_accuracy_value', 'NONE');
#2074 = VERTEX_POINT ( 'NONE', #7001 ) ;
#2075 = CARTESIAN_POINT ( 'NONE',  ( -3.600000000000000977, -2.366708997306596007, -0.08456619434753616382 ) ) ;
#2076 = DIRECTION ( 'NONE',  ( 1.000000000000000000, 0.000000000000000000, 0.000000000000000000 ) ) ;
#2077 = DIRECTION ( 'NONE',  ( 1.000000000000000000, 0.000000000000000000, 0.000000000000000000 ) ) ;
#2078 = FILL_AREA_STYLE_COLOUR ( '', #1205 ) ;
#2079 = EDGE_CURVE ( 'NONE', #5566, #2882, #9017, .T. ) ;
#2080 = CIRCLE ( 'NONE', #8214, 0.09999999999999956146 ) ;
#2081 = PRESENTATION_STYLE_ASSIGNMENT (( #6379 ) ) ;
#2082 = ORIENTED_EDGE ( 'NONE', *, *, #3987, .F. ) ;
#2083 = AXIS2_PLACEMENT_3D ( 'NONE', #10180, #7509, #8492 ) ;
#2084 = VERTEX_POINT ( 'NONE', #967 ) ;
#2085 = VECTOR ( 'NONE', #1260, 1000.000000000000114 ) ;
#2086 = CARTESIAN_POINT ( 'NONE',  ( -3.995202986107628362, -1.425202986107629410, 0.7399999999999999911 ) ) ;
#2087 = DIRECTION ( 'NONE',  ( 0.000000000000000000, 0.000000000000000000, 1.000000000000000000 ) ) ;
#2088 = STYLED_ITEM ( 'NONE', ( #3539 ), #8003 ) ;
#2089 = LINE ( 'NONE', #5560, #5779 ) ;
#2090 = FILL_AREA_STYLE ('',( #10808 ) ) ;
#2091 = PRESENTATION_LAYER_ASSIGNMENT (  '', '', ( #6252 ) ) ;
#2092 = VERTEX_POINT ( 'NONE', #9488 ) ;
#2093 = FILL_AREA_STYLE_COLOUR ( '', #438 ) ;
#2094 = PRESENTATION_LAYER_ASSIGNMENT (  '', '', ( #6977 ) ) ;
#2095 = AXIS2_PLACEMENT_3D ( 'NONE', #4616, #9761, #5342 ) ;
#2096 = VECTOR ( 'NONE', #4270, 1000.000000000000227 ) ;
#2097 = UNCERTAINTY_MEASURE_WITH_UNIT (LENGTH_MEASURE( 1.000000000000000082E-05 ), #6403, 'distance_accuracy_value', 'NONE');
#2098 = ORIENTED_EDGE ( 'NONE', *, *, #9585, .T. ) ;
#2099 =( GEOMETRIC_REPRESENTATION_CONTEXT ( 3 ) GLOBAL_UNCERTAINTY_ASSIGNED_CONTEXT ( ( #1402 ) ) GLOBAL_UNIT_ASSIGNED_CONTEXT ( ( #51, #5224, #4398 ) ) REPRESENTATION_CONTEXT ( 'NONE', 'WORKASPACE' ) );
#2100 = COLOUR_RGB ( '',0.8039215686274510109, 0.8039215686274510109, 0.8039215686274510109 ) ;
#2101 = DIRECTION ( 'NONE',  ( 0.000000000000000000, 1.000000000000000000, 0.000000000000000000 ) ) ;
#2102 =( NAMED_UNIT ( * ) SI_UNIT ( $, .STERADIAN. ) SOLID_ANGLE_UNIT ( ) );
#2103 = DIRECTION ( 'NONE',  ( 0.000000000000000000, 0.02716902826231849810, -0.9996308538171886360 ) ) ;
#2104 = VECTOR ( 'NONE', #9378, 1000.000000000000000 ) ;
#2105 = VECTOR ( 'NONE', #6460, 1000.000000000000000 ) ;
#2106 = AXIS2_PLACEMENT_3D ( 'NONE', #10864, #11158, #6677 ) ;
#2107 = ORIENTED_EDGE ( 'NONE', *, *, #10902, .T. ) ;
#2108 = FILL_AREA_STYLE_COLOUR ( '', #10633 ) ;
#2109 = EDGE_CURVE ( 'NONE', #912, #10396, #7900, .T. ) ;
#2110 = VECTOR ( 'NONE', #4412, 1000.000000000000000 ) ;
#2111 = AXIS2_PLACEMENT_3D ( 'NONE', #7, #8257, #2572 ) ;
#2112 = FILL_AREA_STYLE_COLOUR ( '', #8238 ) ;
#2113 =( GEOMETRIC_REPRESENTATION_CONTEXT ( 3 ) GLOBAL_UNCERTAINTY_ASSIGNED_CONTEXT ( ( #6231 ) ) GLOBAL_UNIT_ASSIGNED_CONTEXT ( ( #9763, #2006, #7256 ) ) REPRESENTATION_CONTEXT ( 'NONE', 'WORKASPACE' ) );
#2114 = SURFACE_STYLE_USAGE ( .BOTH. , #8167 ) ;
#2115 = ORIENTED_EDGE ( 'NONE', *, *, #4432, .T. ) ;
#2116 =( NAMED_UNIT ( * ) SI_UNIT ( $, .STERADIAN. ) SOLID_ANGLE_UNIT ( ) );
#2117 = DIRECTION ( 'NONE',  ( 1.000000000000000000, 0.000000000000000000, 0.000000000000000000 ) ) ;
#2118 = ORIENTED_EDGE ( 'NONE', *, *, #11047, .T. ) ;
#2119 = CARTESIAN_POINT ( 'NONE',  ( -0.2100000000000005473, 2.474947744208253031, -0.7427475520708763934 ) ) ;
#2120 =( BOUNDED_CURVE ( )  B_SPLINE_CURVE ( 3, ( #660, #148, #10093, #3178 ),
 .UNSPECIFIED., .F., .F. ) 
 B_SPLINE_CURVE_WITH_KNOTS ( ( 4, 4 ),
 ( 3.136129445068263077, 3.141592653589793116 ),
 .UNSPECIFIED. ) 
 CURVE ( )  GEOMETRIC_REPRESENTATION_ITEM ( )  RATIONAL_B_SPLINE_CURVE ( ( 1.000000000000000000, 0.9999975127809339615, 0.9999975127809339615, 1.000000000000000000 ) ) 
 REPRESENTATION_ITEM ( '' )  );
#2121 = EDGE_CURVE ( 'NONE', #5952, #5447, #6195, .T. ) ;
#2122 = PRESENTATION_STYLE_ASSIGNMENT (( #406 ) ) ;
#2123 = EDGE_CURVE ( 'NONE', #7656, #5255, #8697, .T. ) ;
#2124 = ORIENTED_EDGE ( 'NONE', *, *, #3987, .T. ) ;
#2125 =( NAMED_UNIT ( * ) PLANE_ANGLE_UNIT ( ) SI_UNIT ( $, .RADIAN. ) );
#2126 = FILL_AREA_STYLE ('',( #10618 ) ) ;
#2127 = LINE ( 'NONE', #8359, #2794 ) ;
#2128 = PRESENTATION_LAYER_ASSIGNMENT (  '', '', ( #3591 ) ) ;
#2129 = STYLED_ITEM ( 'NONE', ( #872 ), #1805 ) ;
#2130 = CARTESIAN_POINT ( 'NONE',  ( 2.329999999999999627, -2.165000000000000036, -0.7605367378089592512 ) ) ;
#2131 = DIRECTION ( 'NONE',  ( 0.000000000000000000, -0.02716902826231849810, -0.9996308538171886360 ) ) ;
#2132 = UNCERTAINTY_MEASURE_WITH_UNIT (LENGTH_MEASURE( 1.000000000000000082E-05 ), #2812, 'distance_accuracy_value', 'NONE');
#2133 = PRESENTATION_STYLE_ASSIGNMENT (( #8931 ) ) ;
#2134 = DIRECTION ( 'NONE',  ( 0.1039620511844983053, -0.1039620511844994433, 0.9891328443778536483 ) ) ;
#2135 = VECTOR ( 'NONE', #6750, 1000.000000000000227 ) ;
#2136 = EDGE_CURVE ( 'NONE', #8072, #7365, #10654, .T. ) ;
#2137 = COLOUR_RGB ( '',0.8039215686274510109, 0.8039215686274510109, 0.8039215686274510109 ) ;
#2138 = FILL_AREA_STYLE_COLOUR ( '', #363 ) ;
#2139 = EDGE_CURVE ( 'NONE', #10571, #7680, #858, .T. ) ;
#2140 = ORIENTED_EDGE ( 'NONE', *, *, #2183, .T. ) ;
#2141 = ORIENTED_EDGE ( 'NONE', *, *, #297, .F. ) ;
#2142 = DIRECTION ( 'NONE',  ( 0.000000000000000000, 0.9975640502598243087, -0.06975647374412548285 ) ) ;
#2143 = COLOUR_RGB ( '',0.8039215686274510109, 0.8039215686274510109, 0.8039215686274510109 ) ;
#2144 = CARTESIAN_POINT ( 'NONE',  ( -2.750000000000001332, -1.950000000000000178, 0.1100000000000000144 ) ) ;
#2145 = DIRECTION ( 'NONE',  ( 0.000000000000000000, 0.000000000000000000, 1.000000000000000000 ) ) ;
#2146 = SURFACE_STYLE_USAGE ( .BOTH. , #2194 ) ;
#2147 = DIRECTION ( 'NONE',  ( 0.000000000000000000, 0.000000000000000000, -1.000000000000000000 ) ) ;
#2148 = FACE_OUTER_BOUND ( 'NONE', #10683, .T. ) ;
#2149 = ORIENTED_EDGE ( 'NONE', *, *, #2961, .T. ) ;
#2150 =( GEOMETRIC_REPRESENTATION_CONTEXT ( 3 ) GLOBAL_UNCERTAINTY_ASSIGNED_CONTEXT ( ( #7541 ) ) GLOBAL_UNIT_ASSIGNED_CONTEXT ( ( #2337, #6522, #9924 ) ) REPRESENTATION_CONTEXT ( 'NONE', 'WORKASPACE' ) );
#2151 = EDGE_LOOP ( 'NONE', ( #10221, #2550 ) ) ;
#2152 = FILL_AREA_STYLE ('',( #9910 ) ) ;
#2153 = LINE ( 'NONE', #10698, #7340 ) ;
#2154 = CARTESIAN_POINT ( 'NONE',  ( 2.749999999999999112, -2.050000000000000266, -0.1099999999999999867 ) ) ;
#2155 = DIRECTION ( 'NONE',  ( 0.000000000000000000, 0.000000000000000000, -1.000000000000000000 ) ) ;
#2156 = DIRECTION ( 'NONE',  ( 0.000000000000000000, -1.000000000000000000, 0.000000000000000000 ) ) ;
#2157 = AXIS2_PLACEMENT_3D ( 'NONE', #10593, #4512, #9805 ) ;
#2158 = FACE_OUTER_BOUND ( 'NONE', #5763, .T. ) ;
#2159 = CARTESIAN_POINT ( 'NONE',  ( -3.800202986107628966, -1.425202986107629410, 0.7500000000000000000 ) ) ;
#2160 = ORIENTED_EDGE ( 'NONE', *, *, #2382, .T. ) ;
#2161 = SURFACE_STYLE_USAGE ( .BOTH. , #6516 ) ;
#2162 = DIRECTION ( 'NONE',  ( 0.000000000000000000, 0.000000000000000000, -1.000000000000000000 ) ) ;
#2163 =( NAMED_UNIT ( * ) SI_UNIT ( $, .STERADIAN. ) SOLID_ANGLE_UNIT ( ) );
#2164 = UNCERTAINTY_MEASURE_WITH_UNIT (LENGTH_MEASURE( 1.000000000000000082E-05 ), #1891, 'distance_accuracy_value', 'NONE');
#2165 = CARTESIAN_POINT ( 'NONE',  ( -2.750000000000001332, -1.950000000000000178, 0.1100000000000000144 ) ) ;
#2166 = PRESENTATION_STYLE_ASSIGNMENT (( #7309 ) ) ;
#2167 = EDGE_CURVE ( 'NONE', #10422, #3742, #859, .T. ) ;
#2168 = DIRECTION ( 'NONE',  ( 0.000000000000000000, 0.000000000000000000, 1.000000000000000000 ) ) ;
#2169 = CYLINDRICAL_SURFACE ( 'NONE', #4529, 0.09999999999999982514 ) ;
#2170 = CYLINDRICAL_SURFACE ( 'NONE', #3871, 0.1949999999999998679 ) ;
#2171 = ORIENTED_EDGE ( 'NONE', *, *, #10356, .T. ) ;
#2172 = ORIENTED_EDGE ( 'NONE', *, *, #7588, .T. ) ;
#2173 =( NAMED_UNIT ( * ) SI_UNIT ( $, .STERADIAN. ) SOLID_ANGLE_UNIT ( ) );
#2174 = ORIENTED_EDGE ( 'NONE', *, *, #8019, .F. ) ;
#2175 = DIRECTION ( 'NONE',  ( 0.000000000000000000, 0.000000000000000000, -1.000000000000000000 ) ) ;
#2176 = FILL_AREA_STYLE ('',( #3081 ) ) ;
#2177 = LINE ( 'NONE', #10725, #3394 ) ;
#2178 = UNCERTAINTY_MEASURE_WITH_UNIT (LENGTH_MEASURE( 1.000000000000000082E-05 ), #5263, 'distance_accuracy_value', 'NONE');
#2179 = EDGE_LOOP ( 'NONE', ( #8518, #4193, #1600, #7759 ) ) ;
#2180 = DIRECTION ( 'NONE',  ( 0.000000000000000000, 0.000000000000000000, -1.000000000000000000 ) ) ;
#2181 = COLOUR_RGB ( '',0.8039215686274510109, 0.8039215686274510109, 0.8039215686274510109 ) ;
#2182 = PLANE ( 'NONE',  #10591 ) ;
#2183 = EDGE_CURVE ( 'NONE', #4769, #5670, #3362, .T. ) ;
#2184 = FILL_AREA_STYLE ('',( #8023 ) ) ;
#2185 =( NAMED_UNIT ( * ) PLANE_ANGLE_UNIT ( ) SI_UNIT ( $, .RADIAN. ) );
#2186 = CARTESIAN_POINT ( 'NONE',  ( 1.059999999999999387, 2.165000000000000036, -0.7605367378089592512 ) ) ;
#2187 = VECTOR ( 'NONE', #5973, 1000.000000000000000 ) ;
#2188 = VECTOR ( 'NONE', #6819, 1000.000000000000000 ) ;
#2189 = VERTEX_POINT ( 'NONE', #4358 ) ;
#2190 = ORIENTED_EDGE ( 'NONE', *, *, #5080, .F. ) ;
#2191 = DIRECTION ( 'NONE',  ( 1.000000000000000000, 0.000000000000000000, 0.000000000000000000 ) ) ;
#2192 = ADVANCED_FACE ( 'NONE', ( #6096 ), #1687, .T. ) ;
#2193 = CARTESIAN_POINT ( 'NONE',  ( 4.251217025357843404, 1.876217025357843182, 0.09449019374921865944 ) ) ;
#2194 = SURFACE_SIDE_STYLE ('',( #1986 ) ) ;
#2195 = AXIS2_PLACEMENT_3D ( 'NONE', #10998, #2707, #10468 ) ;
#2196 = EDGE_CURVE ( 'NONE', #4753, #3185, #8979, .T. ) ;
#2197 = LINE ( 'NONE', #5497, #2507 ) ;
#2198 = EDGE_CURVE ( 'NONE', #1620, #4029, #10612, .T. ) ;
#2199 = STYLED_ITEM ( 'NONE', ( #3492 ), #2654 ) ;
#2200 = ORIENTED_EDGE ( 'NONE', *, *, #8825, .F. ) ;
#2201 = FACE_OUTER_BOUND ( 'NONE', #6633, .T. ) ;
#2202 = UNCERTAINTY_MEASURE_WITH_UNIT (LENGTH_MEASURE( 1.000000000000000082E-05 ), #1601, 'distance_accuracy_value', 'NONE');
#2203 = ORIENTED_EDGE ( 'NONE', *, *, #4506, .T. ) ;
#2204 = VECTOR ( 'NONE', #7128, 1000.000000000000114 ) ;
#2205 = DIRECTION ( 'NONE',  ( 1.000000000000000000, 0.000000000000000000, 0.000000000000000000 ) ) ;
#2206 = PRESENTATION_STYLE_ASSIGNMENT (( #5622 ) ) ;
#2207 = SURFACE_STYLE_FILL_AREA ( #9962 ) ;
#2208 =( LENGTH_UNIT ( ) NAMED_UNIT ( * ) SI_UNIT ( .MILLI., .METRE. ) );
#2209 = CYLINDRICAL_SURFACE ( 'NONE', #7372, 0.2000000000000002054 ) ;
#2210 = LINE ( 'NONE', #5678, #6939 ) ;
#2211 = MECHANICAL_DESIGN_GEOMETRIC_PRESENTATION_REPRESENTATION (  '', ( #5469 ), #4397 ) ;
#2212 = EDGE_LOOP ( 'NONE', ( #1641, #1430, #7674, #6066 ) ) ;
#2213 = VECTOR ( 'NONE', #8076, 1000.000000000000000 ) ;
#2214 = DIRECTION ( 'NONE',  ( 1.000000000000000000, 0.000000000000000000, 0.000000000000000000 ) ) ;
#2215 = PRESENTATION_LAYER_ASSIGNMENT (  '', '', ( #8010 ) ) ;
#2216 = DIRECTION ( 'NONE',  ( 0.000000000000000000, -0.000000000000000000, 1.000000000000000000 ) ) ;
#2217 = CYLINDRICAL_SURFACE ( 'NONE', #957, 0.09999999999999982514 ) ;
#2218 = FACE_BOUND ( 'NONE', #614, .T. ) ;
#2219 = SURFACE_STYLE_USAGE ( .BOTH. , #10714 ) ;
#2220 = PRESENTATION_LAYER_ASSIGNMENT (  '', '', ( #276 ) ) ;
#2221 = CARTESIAN_POINT ( 'NONE',  ( 1.059999999999999387, -1.950000000000000178, 0.1100000000000000144 ) ) ;
#2222 = EDGE_LOOP ( 'NONE', ( #9719, #8392, #325, #2224 ) ) ;
#2223 = PRESENTATION_LAYER_ASSIGNMENT (  '', '', ( #10727 ) ) ;
#2224 = ORIENTED_EDGE ( 'NONE', *, *, #3586, .T. ) ;
#2226 =( LENGTH_UNIT ( ) NAMED_UNIT ( * ) SI_UNIT ( .MILLI., .METRE. ) );
#2225 = AXIS2_PLACEMENT_3D ( 'NONE', #11179, #835, #9361 ) ;
#2227 = ORIENTED_EDGE ( 'NONE', *, *, #9109, .T. ) ;
#2228 = SURFACE_STYLE_USAGE ( .BOTH. , #11059 ) ;
#2229 = ORIENTED_EDGE ( 'NONE', *, *, #9583, .T. ) ;
#2230 = SURFACE_SIDE_STYLE ('',( #5764 ) ) ;
#2231 = UNCERTAINTY_MEASURE_WITH_UNIT (LENGTH_MEASURE( 1.000000000000000082E-05 ), #6390, 'distance_accuracy_value', 'NONE');
#2232 = DIRECTION ( 'NONE',  ( 3.038779738999321752E-16, 1.000000000000000000, 2.891205793294675467E-15 ) ) ;
#2233 = PRESENTATION_LAYER_ASSIGNMENT (  '', '', ( #9649 ) ) ;
#2234 = CARTESIAN_POINT ( 'NONE',  ( 4.325000000000000178, 1.874999999999999778, -0.1100000000000000006 ) ) ;
#2235 = LINE ( 'NONE', #9092, #4373 ) ;
#2236 = DIRECTION ( 'NONE',  ( 0.000000000000000000, -0.02716902826232023976, 0.9996308538171885250 ) ) ;
#2237 = CARTESIAN_POINT ( 'NONE',  ( -2.330000000000001403, 2.165000000000000036, -0.7605367378089592512 ) ) ;
#2238 = CIRCLE ( 'NONE', #6217, 0.2000000000000002054 ) ;
#2239 = DIRECTION ( 'NONE',  ( 0.9945218953682732899, 0.000000000000000000, 0.1045284632676541231 ) ) ;
#2240 = CARTESIAN_POINT ( 'NONE',  ( -2.750000000000001332, -1.950000000000000178, -0.1099999999999999867 ) ) ;
#2241 = AXIS2_PLACEMENT_3D ( 'NONE', #1801, #5240, #968 ) ;
#2242 = EDGE_CURVE ( 'NONE', #1766, #9134, #8066, .T. ) ;
#2243 = ADVANCED_FACE ( 'NONE', ( #8174 ), #5588, .T. ) ;
#2244 = VERTEX_POINT ( 'NONE', #1235 ) ;
#2245 = EDGE_LOOP ( 'NONE', ( #6100, #3972, #10430, #5896 ) ) ;
#2246 = SURFACE_STYLE_USAGE ( .BOTH. , #7343 ) ;
#2247 = SURFACE_STYLE_FILL_AREA ( #2992 ) ;
#2248 = CIRCLE ( 'NONE', #833, 0.07499999999999998335 ) ;
#2249 = FILL_AREA_STYLE ('',( #8322 ) ) ;
#2250 = PRESENTATION_STYLE_ASSIGNMENT (( #10003 ) ) ;
#2251 = PRESENTATION_LAYER_ASSIGNMENT (  '', '', ( #7139 ) ) ;
#2252 = ORIENTED_EDGE ( 'NONE', *, *, #9749, .F. ) ;
#2253 = EDGE_CURVE ( 'NONE', #9581, #2493, #1171, .T. ) ;
#2254 = CIRCLE ( 'NONE', #4453, 0.1949999999999998679 ) ;
#2255 = PRESENTATION_LAYER_ASSIGNMENT (  '', '', ( #2991 ) ) ;
#2256 = EDGE_CURVE ( 'NONE', #9998, #266, #522, .T. ) ;
#2257 = VERTEX_POINT ( 'NONE', #2014 ) ;
#2258 = PRESENTATION_LAYER_ASSIGNMENT (  '', '', ( #4979 ) ) ;
#2259 =( NAMED_UNIT ( * ) SI_UNIT ( $, .STERADIAN. ) SOLID_ANGLE_UNIT ( ) );
#2260 = ADVANCED_FACE ( 'NONE', ( #460 ), #4626, .F. ) ;
#2261 = LINE ( 'NONE', #8329, #2105 ) ;
#2262 = DIRECTION ( 'NONE',  ( 0.000000000000000000, 0.000000000000000000, -1.000000000000000000 ) ) ;
#2263 = DIRECTION ( 'NONE',  ( -0.000000000000000000, -0.000000000000000000, 1.000000000000000000 ) ) ;
#2264 = STYLED_ITEM ( 'NONE', ( #1292 ), #9596 ) ;
#2265 = CYLINDRICAL_SURFACE ( 'NONE', #722, 0.2000000000000003164 ) ;
#2266 = CARTESIAN_POINT ( 'NONE',  ( -3.605202986107629126, -1.425202986107629410, 0.7399999999999999911 ) ) ;
#2267 = AXIS2_PLACEMENT_3D ( 'NONE', #2914, #6365, #10833 ) ;
#2268 = ORIENTED_EDGE ( 'NONE', *, *, #219, .T. ) ;
#2269 = MECHANICAL_DESIGN_GEOMETRIC_PRESENTATION_REPRESENTATION (  '', ( #682 ), #2461 ) ;
#2270 =( GEOMETRIC_REPRESENTATION_CONTEXT ( 3 ) GLOBAL_UNCERTAINTY_ASSIGNED_CONTEXT ( ( #6481 ) ) GLOBAL_UNIT_ASSIGNED_CONTEXT ( ( #10282, #794, #3488 ) ) REPRESENTATION_CONTEXT ( 'NONE', 'WORKASPACE' ) );
#2271 = EDGE_CURVE ( 'NONE', #10082, #8813, #5720, .T. ) ;
#2272 =( NAMED_UNIT ( * ) PLANE_ANGLE_UNIT ( ) SI_UNIT ( $, .RADIAN. ) );
#2273 =( GEOMETRIC_REPRESENTATION_CONTEXT ( 3 ) GLOBAL_UNCERTAINTY_ASSIGNED_CONTEXT ( ( #1664 ) ) GLOBAL_UNIT_ASSIGNED_CONTEXT ( ( #950, #110, #10488 ) ) REPRESENTATION_CONTEXT ( 'NONE', 'WORKASPACE' ) );
#2274 =( GEOMETRIC_REPRESENTATION_CONTEXT ( 3 ) GLOBAL_UNCERTAINTY_ASSIGNED_CONTEXT ( ( #3640 ) ) GLOBAL_UNIT_ASSIGNED_CONTEXT ( ( #9375, #1627, #9257 ) ) REPRESENTATION_CONTEXT ( 'NONE', 'WORKASPACE' ) );
#2275 =( NAMED_UNIT ( * ) PLANE_ANGLE_UNIT ( ) SI_UNIT ( $, .RADIAN. ) );
#2276 = UNCERTAINTY_MEASURE_WITH_UNIT (LENGTH_MEASURE( 1.000000000000000082E-05 ), #7033, 'distance_accuracy_value', 'NONE');
#2277 = FACE_OUTER_BOUND ( 'NONE', #3032, .T. ) ;
#2278 = AXIS2_PLACEMENT_3D ( 'NONE', #8718, #206, #878 ) ;
#2279 = CARTESIAN_POINT ( 'NONE',  ( -0.2100000000000005473, -1.950000000000000178, 0.1100000000000000144 ) ) ;
#2280 = SURFACE_STYLE_FILL_AREA ( #10203 ) ;
#2281 = STYLED_ITEM ( 'NONE', ( #4652 ), #10753 ) ;
#2282 = COLOUR_RGB ( '',0.8039215686274510109, 0.8039215686274510109, 0.8039215686274510109 ) ;
#2283 = VERTEX_POINT ( 'NONE', #735 ) ;
#2284 = ORIENTED_EDGE ( 'NONE', *, *, #5804, .T. ) ;
#2285 = ORIENTED_EDGE ( 'NONE', *, *, #8630, .T. ) ;
#2286 = DIRECTION ( 'NONE',  ( 0.000000000000000000, 0.000000000000000000, -1.000000000000000000 ) ) ;
#2287 = ORIENTED_EDGE ( 'NONE', *, *, #10301, .T. ) ;
#2288 = CARTESIAN_POINT ( 'NONE',  ( -3.605202986107629126, -1.425202986107629410, 0.7399999999999999911 ) ) ;
#2289 = SURFACE_STYLE_FILL_AREA ( #3843 ) ;
#2290 = FILL_AREA_STYLE ('',( #1573 ) ) ;
#2291 = DIRECTION ( 'NONE',  ( -0.000000000000000000, -1.000000000000000000, 0.000000000000000000 ) ) ;
#2292 = SURFACE_STYLE_USAGE ( .BOTH. , #8888 ) ;
#2293 = AXIS2_PLACEMENT_3D ( 'NONE', #3137, #9302, #8526 ) ;
#2294 = LINE ( 'NONE', #580, #1365 ) ;
#2295 = SURFACE_STYLE_USAGE ( .BOTH. , #10171 ) ;
#2296 = ORIENTED_EDGE ( 'NONE', *, *, #915, .T. ) ;
#2297 =( GEOMETRIC_REPRESENTATION_CONTEXT ( 3 ) GLOBAL_UNCERTAINTY_ASSIGNED_CONTEXT ( ( #8984 ) ) GLOBAL_UNIT_ASSIGNED_CONTEXT ( ( #7151, #10385, #6084 ) ) REPRESENTATION_CONTEXT ( 'NONE', 'WORKASPACE' ) );
#2298 =( NAMED_UNIT ( * ) PLANE_ANGLE_UNIT ( ) SI_UNIT ( $, .RADIAN. ) );
#2299 =( GEOMETRIC_REPRESENTATION_CONTEXT ( 3 ) GLOBAL_UNCERTAINTY_ASSIGNED_CONTEXT ( ( #2334 ) ) GLOBAL_UNIT_ASSIGNED_CONTEXT ( ( #4619, #6995, #4463 ) ) REPRESENTATION_CONTEXT ( 'NONE', 'WORKASPACE' ) );
#2300 = STYLED_ITEM ( 'NONE', ( #4592 ), #1903 ) ;
#2301 = VERTEX_POINT ( 'NONE', #5864 ) ;
#2302 = ORIENTED_EDGE ( 'NONE', *, *, #9542, .T. ) ;
#2303 = FILL_AREA_STYLE_COLOUR ( '', #1355 ) ;
#2304 = FILL_AREA_STYLE ('',( #481 ) ) ;
#2305 = SURFACE_STYLE_FILL_AREA ( #4970 ) ;
#2306 =( NAMED_UNIT ( * ) PLANE_ANGLE_UNIT ( ) SI_UNIT ( $, .RADIAN. ) );
#2307 =( LENGTH_UNIT ( ) NAMED_UNIT ( * ) SI_UNIT ( .MILLI., .METRE. ) );
#2308 = AXIS2_PLACEMENT_3D ( 'NONE', #3293, #8466, #4168 ) ;
#2309 = CARTESIAN_POINT ( 'NONE',  ( 1.059999999999999387, 1.950000000000000178, -0.1099999999999999867 ) ) ;
#2310 = CARTESIAN_POINT ( 'NONE',  ( -2.750000000000001332, -2.165000000000000036, -0.7605367378089592512 ) ) ;
#2311 = ORIENTED_EDGE ( 'NONE', *, *, #2167, .F. ) ;
#2312 = LINE ( 'NONE', #8543, #9077 ) ;
#2313 = AXIS2_PLACEMENT_3D ( 'NONE', #3835, #3610, #8812 ) ;
#2314 = PRESENTATION_LAYER_ASSIGNMENT (  '', '', ( #902 ) ) ;
#2315 = PRESENTATION_LAYER_ASSIGNMENT (  '', '', ( #9013 ) ) ;
#2316 = VERTEX_POINT ( 'NONE', #10948 ) ;
#2317 = CARTESIAN_POINT ( 'NONE',  ( -1.480000000000000870, 2.474947744208253031, -0.7427475520708763934 ) ) ;
#2318 = VECTOR ( 'NONE', #2535, 1000.000000000000000 ) ;
#2319 = CARTESIAN_POINT ( 'NONE',  ( 2.329999999999999627, 2.050000000000000266, -0.1099999999999999867 ) ) ;
#2320 = FILL_AREA_STYLE ('',( #7634 ) ) ;
#2321 = SURFACE_STYLE_FILL_AREA ( #3011 ) ;
#2322 = SURFACE_SIDE_STYLE ('',( #1488 ) ) ;
#2323 = VECTOR ( 'NONE', #8838, 1000.000000000000000 ) ;
#2324 = VERTEX_POINT ( 'NONE', #5918 ) ;
#2325 = EDGE_CURVE ( 'NONE', #7084, #3834, #10949, .T. ) ;
#2326 =( NAMED_UNIT ( * ) SI_UNIT ( $, .STERADIAN. ) SOLID_ANGLE_UNIT ( ) );
#2327 =( NAMED_UNIT ( * ) PLANE_ANGLE_UNIT ( ) SI_UNIT ( $, .RADIAN. ) );
#2328 = EDGE_CURVE ( 'NONE', #8016, #6722, #9296, .T. ) ;
#2329 = ORIENTED_EDGE ( 'NONE', *, *, #5450, .F. ) ;
#2330 = SURFACE_STYLE_FILL_AREA ( #10936 ) ;
#2331 = COLOUR_RGB ( '',0.8039215686274510109, 0.8039215686274510109, 0.8039215686274510109 ) ;
#2332 = CARTESIAN_POINT ( 'NONE',  ( -2.330000000000001403, -2.166782826543157903, -0.09000000000000002442 ) ) ;
#2333 = SURFACE_SIDE_STYLE ('',( #10144 ) ) ;
#2334 = UNCERTAINTY_MEASURE_WITH_UNIT (LENGTH_MEASURE( 1.000000000000000082E-05 ), #4619, 'distance_accuracy_value', 'NONE');
#2335 = ADVANCED_FACE ( 'NONE', ( #5000 ), #1459, .F. ) ;
#2336 = DIRECTION ( 'NONE',  ( 0.000000000000000000, 0.06975647374412501101, -0.9975640502598243087 ) ) ;
#2337 =( LENGTH_UNIT ( ) NAMED_UNIT ( * ) SI_UNIT ( .MILLI., .METRE. ) );
#2338 =( LENGTH_UNIT ( ) NAMED_UNIT ( * ) SI_UNIT ( .MILLI., .METRE. ) );
#2339 = VERTEX_POINT ( 'NONE', #11007 ) ;
#2340 = EDGE_CURVE ( 'NONE', #11137, #266, #6320, .T. ) ;
#2341 = ORIENTED_EDGE ( 'NONE', *, *, #6204, .T. ) ;
#2342 = EDGE_CURVE ( 'NONE', #8326, #6174, #6438, .T. ) ;
#2343 = FILL_AREA_STYLE_COLOUR ( '', #9012 ) ;
#2344 = ORIENTED_EDGE ( 'NONE', *, *, #5746, .T. ) ;
#2345 = CARTESIAN_POINT ( 'NONE',  ( -4.250409738600890108, 1.949998880753508024, -0.1100106489190371128 ) ) ;
#2346 = SURFACE_STYLE_FILL_AREA ( #6872 ) ;
#2347 = SURFACE_SIDE_STYLE ('',( #8471 ) ) ;
#2348 = ORIENTED_EDGE ( 'NONE', *, *, #2967, .F. ) ;
#2349 = FILL_AREA_STYLE ('',( #8525 ) ) ;
#2350 = CARTESIAN_POINT ( 'NONE',  ( -3.600000000000000977, 1.950000000000000178, 0.1100000000000000144 ) ) ;
#2351 = LINE ( 'NONE', #4004, #3683 ) ;
#2352 = SURFACE_SIDE_STYLE ('',( #5976 ) ) ;
#2353 = CARTESIAN_POINT ( 'NONE',  ( -4.190202986107629535, -1.882733289429967094, 0.7500000000000000000 ) ) ;
#2354 = DIRECTION ( 'NONE',  ( 1.000000000000000000, 0.000000000000000000, 0.000000000000000000 ) ) ;
#2355 = ORIENTED_EDGE ( 'NONE', *, *, #9583, .F. ) ;
#2356 = CIRCLE ( 'NONE', #8692, 0.09999999999999956146 ) ;
#2357 = ORIENTED_EDGE ( 'NONE', *, *, #4372, .T. ) ;
#2358 = ORIENTED_EDGE ( 'NONE', *, *, #10375, .F. ) ;
#2359 = SURFACE_STYLE_FILL_AREA ( #7401 ) ;
#2360 = LINE ( 'NONE', #8539, #2623 ) ;
#2361 =( GEOMETRIC_REPRESENTATION_CONTEXT ( 3 ) GLOBAL_UNCERTAINTY_ASSIGNED_CONTEXT ( ( #5227 ) ) GLOBAL_UNIT_ASSIGNED_CONTEXT ( ( #10537, #1063, #9635 ) ) REPRESENTATION_CONTEXT ( 'NONE', 'WORKASPACE' ) );
#2362 = FACE_OUTER_BOUND ( 'NONE', #5835, .T. ) ;
#2363 = LINE ( 'NONE', #1479, #2748 ) ;
#2364 = CARTESIAN_POINT ( 'NONE',  ( -1.480000000000000870, -3.000000000000000000, -0.7794627824221421752 ) ) ;
#2365 = VECTOR ( 'NONE', #3427, 1000.000000000000227 ) ;
#2366 = ORIENTED_EDGE ( 'NONE', *, *, #5163, .T. ) ;
#2367 = VERTEX_POINT ( 'NONE', #8470 ) ;
#2368 = DIRECTION ( 'NONE',  ( 0.000000000000000000, 0.000000000000000000, -1.000000000000000000 ) ) ;
#2369 = SURFACE_STYLE_USAGE ( .BOTH. , #9454 ) ;
#2370 = CARTESIAN_POINT ( 'NONE',  ( 3.599999999999999645, -3.000000000000000000, -1.000000000000000000 ) ) ;
#2371 = DIRECTION ( 'NONE',  ( 0.000000000000000000, 0.000000000000000000, -1.000000000000000000 ) ) ;
#2372 = AXIS2_PLACEMENT_3D ( 'NONE', #4527, #8919, #3776 ) ;
#2373 =( NAMED_UNIT ( * ) SI_UNIT ( $, .STERADIAN. ) SOLID_ANGLE_UNIT ( ) );
#2374 =( LENGTH_UNIT ( ) NAMED_UNIT ( * ) SI_UNIT ( .MILLI., .METRE. ) );
#2375 = EDGE_CURVE ( 'NONE', #9548, #3958, #3132, .T. ) ;
#2376 = ORIENTED_EDGE ( 'NONE', *, *, #8914, .F. ) ;
#2377 = MECHANICAL_DESIGN_GEOMETRIC_PRESENTATION_REPRESENTATION (  '', ( #6356 ), #2745 ) ;
#2378 =( GEOMETRIC_REPRESENTATION_CONTEXT ( 3 ) GLOBAL_UNCERTAINTY_ASSIGNED_CONTEXT ( ( #6573 ) ) GLOBAL_UNIT_ASSIGNED_CONTEXT ( ( #8970, #6357, #2960 ) ) REPRESENTATION_CONTEXT ( 'NONE', 'WORKASPACE' ) );
#2379 = EDGE_CURVE ( 'NONE', #732, #5424, #1034, .T. ) ;
#2380 = EDGE_LOOP ( 'NONE', ( #3075, #6193, #8026, #3078 ) ) ;
#2381 =( NAMED_UNIT ( * ) PLANE_ANGLE_UNIT ( ) SI_UNIT ( $, .RADIAN. ) );
#2382 = EDGE_CURVE ( 'NONE', #6572, #5447, #11146, .T. ) ;
#2383 = CARTESIAN_POINT ( 'NONE',  ( -2.750000000000001332, -3.000000000000000000, -1.000000000000000000 ) ) ;
#2384 = DIRECTION ( 'NONE',  ( 0.000000000000000000, 0.000000000000000000, -1.000000000000000000 ) ) ;
#2385 = FACE_OUTER_BOUND ( 'NONE', #10291, .T. ) ;
#2386 = CARTESIAN_POINT ( 'NONE',  ( 1.479999999999999094, -3.000000000000000000, -1.000000000000000000 ) ) ;
#2387 = PLANE ( 'NONE',  #8994 ) ;
#2388 = FILL_AREA_STYLE ('',( #776 ) ) ;
#2389 = EDGE_LOOP ( 'NONE', ( #1822, #8170, #4978, #10801 ) ) ;
#2390 = ORIENTED_EDGE ( 'NONE', *, *, #3737, .T. ) ;
#2391 =( LENGTH_UNIT ( ) NAMED_UNIT ( * ) SI_UNIT ( .MILLI., .METRE. ) );
#2392 = VERTEX_POINT ( 'NONE', #4114 ) ;
#2393 = CIRCLE ( 'NONE', #5843, 0.09999999999999982514 ) ;
#2394 = CARTESIAN_POINT ( 'NONE',  ( -4.257733289429966206, -1.889792128260249671, 0.6828396347450740311 ) ) ;
#2395 = COLOUR_RGB ( '',0.8039215686274510109, 0.8039215686274510109, 0.8039215686274510109 ) ;
#2396 = EDGE_CURVE ( 'NONE', #1812, #5438, #785, .T. ) ;
#2397 = CIRCLE ( 'NONE', #5294, 0.09999999999999982514 ) ;
#2398 = ORIENTED_EDGE ( 'NONE', *, *, #7870, .F. ) ;
#2399 = CARTESIAN_POINT ( 'NONE',  ( -2.330000000000001403, 2.050000000000000266, -0.1099999999999999867 ) ) ;
#2400 = EDGE_CURVE ( 'NONE', #7586, #8556, #6752, .T. ) ;
#2401 = EDGE_CURVE ( 'NONE', #679, #7935, #7381, .T. ) ;
#2402 = SURFACE_STYLE_FILL_AREA ( #10164 ) ;
#2403 = SURFACE_STYLE_USAGE ( .BOTH. , #2352 ) ;
#2404 = CARTESIAN_POINT ( 'NONE',  ( -4.249999999999999112, -1.950000000000000178, 0.1100000000000000006 ) ) ;
#2405 = PLANE ( 'NONE',  #7274 ) ;
#2406 = DIRECTION ( 'NONE',  ( 0.000000000000000000, 0.000000000000000000, -1.000000000000000000 ) ) ;
#2407 = ORIENTED_EDGE ( 'NONE', *, *, #8981, .T. ) ;
#2408 = COLOUR_RGB ( '',0.8039215686274510109, 0.8039215686274510109, 0.8039215686274510109 ) ;
#2409 = SURFACE_STYLE_USAGE ( .BOTH. , #10230 ) ;
#2410 = MECHANICAL_DESIGN_GEOMETRIC_PRESENTATION_REPRESENTATION (  '', ( #1168 ), #2782 ) ;
#2411 = VERTEX_POINT ( 'NONE', #9422 ) ;
#2412 = ORIENTED_EDGE ( 'NONE', *, *, #3246, .F. ) ;
#2413 = EDGE_CURVE ( 'NONE', #11117, #2583, #8801, .T. ) ;
#2414 = LINE ( 'NONE', #7682, #8547 ) ;
#2415 = SURFACE_STYLE_USAGE ( .BOTH. , #8378 ) ;
#2416 = SURFACE_SIDE_STYLE ('',( #2483 ) ) ;
#2417 = DIRECTION ( 'NONE',  ( 0.000000000000000000, 0.02716902826231849810, -0.9996308538171886360 ) ) ;
#2418 = STYLED_ITEM ( 'NONE', ( #8881 ), #10756 ) ;
#2419 =( LENGTH_UNIT ( ) NAMED_UNIT ( * ) SI_UNIT ( .MILLI., .METRE. ) );
#2420 = SURFACE_STYLE_FILL_AREA ( #10184 ) ;
#2421 =( LENGTH_UNIT ( ) NAMED_UNIT ( * ) SI_UNIT ( .MILLI., .METRE. ) );
#2422 = MECHANICAL_DESIGN_GEOMETRIC_PRESENTATION_REPRESENTATION (  '', ( #1542 ), #6952 ) ;
#2423 = EDGE_LOOP ( 'NONE', ( #9979, #9214, #8769, #7192, #9101, #7316, #6865, #7693, #788, #6172, #5986, #9733 ) ) ;
#2424 = ORIENTED_EDGE ( 'NONE', *, *, #8292, .F. ) ;
#2425 = COLOUR_RGB ( '',0.2862745098039215508, 0.2862745098039215508, 0.2862745098039215508 ) ;
#2426 = FILL_AREA_STYLE ('',( #1757 ) ) ;
#2427 = CARTESIAN_POINT ( 'NONE',  ( 3.599999999999999645, 2.050000000000000266, -0.2100000000000000200 ) ) ;
#2428 = DIRECTION ( 'NONE',  ( 0.000000000000000000, -0.02716902826232023976, 0.9996308538171885250 ) ) ;
#2429 = DIRECTION ( 'NONE',  ( 0.000000000000000000, 0.1045284632676537068, 0.9945218953682734009 ) ) ;
#2430 = PRESENTATION_STYLE_ASSIGNMENT (( #6004 ) ) ;
#2431 = ORIENTED_EDGE ( 'NONE', *, *, #6194, .F. ) ;
#2432 = CARTESIAN_POINT ( 'NONE',  ( -2.330000000000001403, -1.950000000000000178, -0.1099999999999999867 ) ) ;
#2433 = UNCERTAINTY_MEASURE_WITH_UNIT (LENGTH_MEASURE( 1.000000000000000082E-05 ), #696, 'distance_accuracy_value', 'NONE');
#2434 = COLOUR_RGB ( '',0.2862745098039215508, 0.2862745098039215508, 0.2862745098039215508 ) ;
#2435 = VECTOR ( 'NONE', #3997, 1000.000000000000000 ) ;
#2436 = VERTEX_POINT ( 'NONE', #8743 ) ;
#2437 =( NAMED_UNIT ( * ) SI_UNIT ( $, .STERADIAN. ) SOLID_ANGLE_UNIT ( ) );
#2438 = STYLED_ITEM ( 'NONE', ( #2994 ), #9314 ) ;
#2439 = LINE ( 'NONE', #10267, #10799 ) ;
#2440 = STYLED_ITEM ( 'NONE', ( #2645 ), #3511 ) ;
#2441 = DIRECTION ( 'NONE',  ( -1.000000000000000000, -0.000000000000000000, -0.000000000000000000 ) ) ;
#2442 = DIRECTION ( 'NONE',  ( 0.000000000000000000, 0.000000000000000000, -1.000000000000000000 ) ) ;
#2443 = CIRCLE ( 'NONE', #7867, 0.2000000000000003164 ) ;
#2444 = EDGE_CURVE ( 'NONE', #5907, #1076, #10590, .T. ) ;
#2445 = ORIENTED_EDGE ( 'NONE', *, *, #10228, .F. ) ;
#2446 = UNCERTAINTY_MEASURE_WITH_UNIT (LENGTH_MEASURE( 1.000000000000000082E-05 ), #8840, 'distance_accuracy_value', 'NONE');
#2447 = EDGE_LOOP ( 'NONE', ( #5634, #5141, #3205, #5042, #2869, #6111, #2500, #3450, #9163, #5034, #4558, #336 ) ) ;
#2448 = VERTEX_POINT ( 'NONE', #6811 ) ;
#2449 =( GEOMETRIC_REPRESENTATION_CONTEXT ( 3 ) GLOBAL_UNCERTAINTY_ASSIGNED_CONTEXT ( ( #8070 ) ) GLOBAL_UNIT_ASSIGNED_CONTEXT ( ( #7497, #4063, #3197 ) ) REPRESENTATION_CONTEXT ( 'NONE', 'WORKASPACE' ) );
#2450 = DIRECTION ( 'NONE',  ( -1.000000000000000000, -0.000000000000000000, 0.000000000000000000 ) ) ;
#2451 = COLOUR_RGB ( '',0.8039215686274510109, 0.8039215686274510109, 0.8039215686274510109 ) ;
#2452 = AXIS2_PLACEMENT_3D ( 'NONE', #8407, #673, #2286 ) ;
#2453 = COLOUR_RGB ( '',0.8039215686274510109, 0.8039215686274510109, 0.8039215686274510109 ) ;
#2454 = VECTOR ( 'NONE', #6128, 999.9999999999998863 ) ;
#2455 = CARTESIAN_POINT ( 'NONE',  ( 2.749999999999999112, 2.474947744208253031, -0.7427475520708766155 ) ) ;
#2456 = DIRECTION ( 'NONE',  ( 1.000000000000000000, -0.000000000000000000, 0.000000000000000000 ) ) ;
#2457 = VERTEX_POINT ( 'NONE', #3601 ) ;
#2458 = DIRECTION ( 'NONE',  ( 0.000000000000000000, 0.02716902826231849810, -0.9996308538171886360 ) ) ;
#2459 = DIRECTION ( 'NONE',  ( 1.000000000000000000, 0.000000000000000000, 0.000000000000000000 ) ) ;
#2460 = DIRECTION ( 'NONE',  ( 0.000000000000000000, -1.000000000000000000, 0.000000000000000000 ) ) ;
#2461 =( GEOMETRIC_REPRESENTATION_CONTEXT ( 3 ) GLOBAL_UNCERTAINTY_ASSIGNED_CONTEXT ( ( #8177 ) ) GLOBAL_UNIT_ASSIGNED_CONTEXT ( ( #8284, #8963, #7417 ) ) REPRESENTATION_CONTEXT ( 'NONE', 'WORKASPACE' ) );
#2462 = VECTOR ( 'NONE', #7822, 1000.000000000000000 ) ;
#2463 =( NAMED_UNIT ( * ) PLANE_ANGLE_UNIT ( ) SI_UNIT ( $, .RADIAN. ) );
#2464 =( NAMED_UNIT ( * ) PLANE_ANGLE_UNIT ( ) SI_UNIT ( $, .RADIAN. ) );
#2465 = AXIS2_PLACEMENT_3D ( 'NONE', #3454, #6787, #818 ) ;
#2466 = EDGE_LOOP ( 'NONE', ( #7521, #10931, #7126, #4854 ) ) ;
#2467 =( GEOMETRIC_REPRESENTATION_CONTEXT ( 3 ) GLOBAL_UNCERTAINTY_ASSIGNED_CONTEXT ( ( #9014 ) ) GLOBAL_UNIT_ASSIGNED_CONTEXT ( ( #595, #4882, #2259 ) ) REPRESENTATION_CONTEXT ( 'NONE', 'WORKASPACE' ) );
#2468 =( NAMED_UNIT ( * ) PLANE_ANGLE_UNIT ( ) SI_UNIT ( $, .RADIAN. ) );
#2469 = FILL_AREA_STYLE_COLOUR ( '', #6361 ) ;
#2470 = ORIENTED_EDGE ( 'NONE', *, *, #8285, .T. ) ;
#2471 = EDGE_CURVE ( 'NONE', #8761, #6215, #8628, .T. ) ;
#2472 = PRESENTATION_STYLE_ASSIGNMENT (( #11021 ) ) ;
#2473 = ADVANCED_FACE ( 'NONE', ( #6180 ), #6923, .T. ) ;
#2474 =( GEOMETRIC_REPRESENTATION_CONTEXT ( 3 ) GLOBAL_UNCERTAINTY_ASSIGNED_CONTEXT ( ( #2178 ) ) GLOBAL_UNIT_ASSIGNED_CONTEXT ( ( #5263, #7022, #7134 ) ) REPRESENTATION_CONTEXT ( 'NONE', 'WORKASPACE' ) );
#2475 = UNCERTAINTY_MEASURE_WITH_UNIT (LENGTH_MEASURE( 1.000000000000000082E-05 ), #964, 'distance_accuracy_value', 'NONE');
#2476 = SURFACE_STYLE_FILL_AREA ( #921 ) ;
#2477 = ORIENTED_EDGE ( 'NONE', *, *, #8292, .T. ) ;
#2478 = SURFACE_STYLE_FILL_AREA ( #9384 ) ;
#2479 = ORIENTED_EDGE ( 'NONE', *, *, #1997, .F. ) ;
#2481 =( GEOMETRIC_REPRESENTATION_CONTEXT ( 3 ) GLOBAL_UNCERTAINTY_ASSIGNED_CONTEXT ( ( #3815 ) ) GLOBAL_UNIT_ASSIGNED_CONTEXT ( ( #2031, #8194, #8882 ) ) REPRESENTATION_CONTEXT ( 'NONE', 'WORKASPACE' ) );
#2480 = DIRECTION ( 'NONE',  ( 1.000000000000000000, 0.000000000000000000, 0.000000000000000000 ) ) ;
#2482 = PRESENTATION_STYLE_ASSIGNMENT (( #5988 ) ) ;
#2483 = SURFACE_STYLE_FILL_AREA ( #2249 ) ;
#2484 = CYLINDRICAL_SURFACE ( 'NONE', #2671, 0.09999999999999956146 ) ;
#2485 = EDGE_CURVE ( 'NONE', #3258, #525, #1008, .T. ) ;
#2486 = CIRCLE ( 'NONE', #1415, 0.09999999999999982514 ) ;
#2487 = CARTESIAN_POINT ( 'NONE',  ( 4.019999999999999574, -3.000000000000000000, -1.000000000000000000 ) ) ;
#2488 = LINE ( 'NONE', #9393, #8905 ) ;
#2489 = EDGE_CURVE ( 'NONE', #3346, #8096, #10434, .T. ) ;
#2490 = CIRCLE ( 'NONE', #8820, 0.07500000000000002498 ) ;
#2491 =( BOUNDED_CURVE ( )  B_SPLINE_CURVE ( 3, ( #1836, #9, #3432, #5286 ),
 .UNSPECIFIED., .F., .T. ) 
 B_SPLINE_CURVE_WITH_KNOTS ( ( 4, 4 ),
 ( 5.503250352303673765, 7.063120262055498699 ),
 .UNSPECIFIED. ) 
 CURVE ( )  GEOMETRIC_REPRESENTATION_ITEM ( )  RATIONAL_B_SPLINE_CURVE ( ( 1.000000000000000000, 0.8073061876036297102, 0.8073061876036297102, 1.000000000000000000 ) ) 
 REPRESENTATION_ITEM ( '' )  );
#2492 = ORIENTED_EDGE ( 'NONE', *, *, #5743, .T. ) ;
#2493 = VERTEX_POINT ( 'NONE', #7039 ) ;
#2494 = CARTESIAN_POINT ( 'NONE',  ( -1.060000000000000941, -2.165000000000000036, -0.7605367378089592512 ) ) ;
#2495 = SURFACE_STYLE_FILL_AREA ( #2426 ) ;
#2496 =( NAMED_UNIT ( * ) SI_UNIT ( $, .STERADIAN. ) SOLID_ANGLE_UNIT ( ) );
#2497 = MECHANICAL_DESIGN_GEOMETRIC_PRESENTATION_REPRESENTATION (  '', ( #3591 ), #6468 ) ;
#2498 = PLANE ( 'NONE',  #3218 ) ;
#2499 = DIRECTION ( 'NONE',  ( 0.000000000000000000, 0.000000000000000000, -1.000000000000000000 ) ) ;
#2500 = ORIENTED_EDGE ( 'NONE', *, *, #3595, .F. ) ;
#2501 = FILL_AREA_STYLE_COLOUR ( '', #9717 ) ;
#2502 = MECHANICAL_DESIGN_GEOMETRIC_PRESENTATION_REPRESENTATION (  '', ( #9372 ), #7373 ) ;
#2503 = ORIENTED_EDGE ( 'NONE', *, *, #6011, .T. ) ;
#2504 = CARTESIAN_POINT ( 'NONE',  ( -4.190202986107629535, -1.815202986107629091, 0.6750000000000000444 ) ) ;
#2505 = CARTESIAN_POINT ( 'NONE',  ( 2.329999999999999627, 2.474947744208253031, -0.7427475520708763934 ) ) ;
#2506 = PRESENTATION_STYLE_ASSIGNMENT (( #3418 ) ) ;
#2507 = VECTOR ( 'NONE', #3976, 1000.000000000000000 ) ;
#2508 = FACE_OUTER_BOUND ( 'NONE', #4147, .T. ) ;
#2509 = ORIENTED_EDGE ( 'NONE', *, *, #7870, .T. ) ;
#2510 = ORIENTED_EDGE ( 'NONE', *, *, #3799, .F. ) ;
#2511 = EDGE_LOOP ( 'NONE', ( #1523, #3509, #5826, #3535 ) ) ;
#2512 = PLANE ( 'NONE',  #7518 ) ;
#2513 = MECHANICAL_DESIGN_GEOMETRIC_PRESENTATION_REPRESENTATION (  '', ( #1090 ), #7040 ) ;
#2514 = PRESENTATION_STYLE_ASSIGNMENT (( #9297 ) ) ;
#2515 = CARTESIAN_POINT ( 'NONE',  ( 2.329999999999999627, -2.381960306200947564, -0.6457080498711260663 ) ) ;
#2516 = ORIENTED_EDGE ( 'NONE', *, *, #3649, .T. ) ;
#2517 = CARTESIAN_POINT ( 'NONE',  ( 2.749999999999999112, -3.000000000000000000, -0.7794627824221421752 ) ) ;
#2518 = DIRECTION ( 'NONE',  ( 0.000000000000000000, 0.06975647374412548285, 0.9975640502598243087 ) ) ;
#2519 =( NAMED_UNIT ( * ) SI_UNIT ( $, .STERADIAN. ) SOLID_ANGLE_UNIT ( ) );
#2520 =( LENGTH_UNIT ( ) NAMED_UNIT ( * ) SI_UNIT ( .MILLI., .METRE. ) );
#2521 = EDGE_LOOP ( 'NONE', ( #1619, #6131, #567, #10504 ) ) ;
#2522 = SURFACE_SIDE_STYLE ('',( #1796 ) ) ;
#2523 = CARTESIAN_POINT ( 'NONE',  ( -3.600000000000000977, -2.366708997306596007, -0.08456619434753621933 ) ) ;
#2524 = EDGE_LOOP ( 'NONE', ( #2366, #95, #4017, #7615 ) ) ;
#2525 =( NAMED_UNIT ( * ) SI_UNIT ( $, .STERADIAN. ) SOLID_ANGLE_UNIT ( ) );
#2526 = DIRECTION ( 'NONE',  ( 0.000000000000000000, 0.000000000000000000, -1.000000000000000000 ) ) ;
#2527 = EDGE_LOOP ( 'NONE', ( #10777, #516, #189, #2341 ) ) ;
#2528 = ORIENTED_EDGE ( 'NONE', *, *, #2615, .F. ) ;
#2529 = FILL_AREA_STYLE_COLOUR ( '', #7293 ) ;
#2530 = EDGE_CURVE ( 'NONE', #4185, #5726, #10274, .T. ) ;
#2531 =( LENGTH_UNIT ( ) NAMED_UNIT ( * ) SI_UNIT ( .MILLI., .METRE. ) );
#2532 =( NAMED_UNIT ( * ) PLANE_ANGLE_UNIT ( ) SI_UNIT ( $, .RADIAN. ) );
#2533 = LINE ( 'NONE', #6777, #7747 ) ;
#2534 = CARTESIAN_POINT ( 'NONE',  ( -3.600000000000000977, -2.381960306200947564, -0.6457080498711260663 ) ) ;
#2535 = DIRECTION ( 'NONE',  ( 1.000000000000000000, 0.000000000000000000, 0.000000000000000000 ) ) ;
#2536 = DIRECTION ( 'NONE',  ( 0.000000000000000000, 0.000000000000000000, -1.000000000000000000 ) ) ;
#2537 = AXIS2_PLACEMENT_3D ( 'NONE', #7963, #9771, #3560 ) ;
#2538 = ADVANCED_FACE ( 'NONE', ( #5336 ), #2512, .T. ) ;
#2539 = VERTEX_POINT ( 'NONE', #1949 ) ;
#2540 = ORIENTED_EDGE ( 'NONE', *, *, #1857, .T. ) ;
#2541 = EDGE_CURVE ( 'NONE', #8299, #1266, #5402, .T. ) ;
#2542 = CARTESIAN_POINT ( 'NONE',  ( -1.060000000000000941, 2.165000000000000036, -0.7605367378089592512 ) ) ;
#2543 = EDGE_CURVE ( 'NONE', #4516, #7705, #7945, .T. ) ;
#2544 = EDGE_CURVE ( 'NONE', #4071, #5859, #3740, .T. ) ;
#2545 = SURFACE_SIDE_STYLE ('',( #11095 ) ) ;
#2546 = PRESENTATION_STYLE_ASSIGNMENT (( #389 ) ) ;
#2547 = VECTOR ( 'NONE', #2458, 999.9999999999998863 ) ;
#2548 = SURFACE_STYLE_FILL_AREA ( #11038 ) ;
#2549 = DIRECTION ( 'NONE',  ( 0.000000000000000000, 0.000000000000000000, -1.000000000000000000 ) ) ;
#2550 = ORIENTED_EDGE ( 'NONE', *, *, #7987, .T. ) ;
#2551 = LINE ( 'NONE', #9231, #9098 ) ;
#2552 = DIRECTION ( 'NONE',  ( -1.000000000000000000, -1.215511895599726729E-15, -1.156482317317871764E-14 ) ) ;
#2553 = UNCERTAINTY_MEASURE_WITH_UNIT (LENGTH_MEASURE( 1.000000000000000082E-05 ), #9720, 'distance_accuracy_value', 'NONE');
#2554 = CIRCLE ( 'NONE', #8160, 0.09999999999999982514 ) ;
#2555 = VERTEX_POINT ( 'NONE', #4864 ) ;
#2556 = SURFACE_STYLE_FILL_AREA ( #11173 ) ;
#2557 = PRESENTATION_STYLE_ASSIGNMENT (( #6867 ) ) ;
#2558 = CIRCLE ( 'NONE', #8890, 0.09999999999999982514 ) ;
#2559 = DIRECTION ( 'NONE',  ( 0.000000000000000000, 0.000000000000000000, -1.000000000000000000 ) ) ;
#2560 = LINE ( 'NONE', #5855, #6900 ) ;
#2561 =( NAMED_UNIT ( * ) SI_UNIT ( $, .STERADIAN. ) SOLID_ANGLE_UNIT ( ) );
#2562 = CARTESIAN_POINT ( 'NONE',  ( -0.2100000000000005473, -2.166782826543157903, 0.1100000000000000144 ) ) ;
#2563 = PRESENTATION_LAYER_ASSIGNMENT (  '', '', ( #4022 ) ) ;
#2564 = VECTOR ( 'NONE', #581, 1000.000000000000000 ) ;
#2565 = EDGE_LOOP ( 'NONE', ( #7895, #10467, #7220, #4194 ) ) ;
#2566 = CARTESIAN_POINT ( 'NONE',  ( -3.995202986107628362, -1.425202986107629410, 0.7500000000000000000 ) ) ;
#2567 = AXIS2_PLACEMENT_3D ( 'NONE', #3142, #4916, #6547 ) ;
#2568 = DIRECTION ( 'NONE',  ( 1.000000000000000000, 0.000000000000000000, 0.000000000000000000 ) ) ;
#2569 = SURFACE_STYLE_FILL_AREA ( #5919 ) ;
#2570 =( NAMED_UNIT ( * ) PLANE_ANGLE_UNIT ( ) SI_UNIT ( $, .RADIAN. ) );
#2571 =( NAMED_UNIT ( * ) SI_UNIT ( $, .STERADIAN. ) SOLID_ANGLE_UNIT ( ) );
#2572 = DIRECTION ( 'NONE',  ( 1.000000000000000000, 0.000000000000000000, 0.000000000000000000 ) ) ;
#2573 = MECHANICAL_DESIGN_GEOMETRIC_PRESENTATION_REPRESENTATION (  '', ( #8176 ), #10887 ) ;
#2574 = CARTESIAN_POINT ( 'NONE',  ( 0.2099999999999992428, 3.000000000000000000, -1.000000000000000000 ) ) ;
#2575 = SURFACE_STYLE_USAGE ( .BOTH. , #6762 ) ;
#2576 = EDGE_LOOP ( 'NONE', ( #758, #5756, #8530, #9015 ) ) ;
#2577 =( NAMED_UNIT ( * ) SI_UNIT ( $, .STERADIAN. ) SOLID_ANGLE_UNIT ( ) );
#2578 =( NAMED_UNIT ( * ) SI_UNIT ( $, .STERADIAN. ) SOLID_ANGLE_UNIT ( ) );
#2579 = EDGE_LOOP ( 'NONE', ( #7580, #2284, #10908 ) ) ;
#2580 = DIRECTION ( 'NONE',  ( -1.000000000000000000, -0.000000000000000000, -0.000000000000000000 ) ) ;
#2581 = COLOUR_RGB ( '',0.2862745098039215508, 0.2862745098039215508, 0.2862745098039215508 ) ;
#2582 = DIRECTION ( 'NONE',  ( 0.000000000000000000, 0.000000000000000000, -1.000000000000000000 ) ) ;
#2583 = VERTEX_POINT ( 'NONE', #1630 ) ;
#2584 = SURFACE_SIDE_STYLE ('',( #10292 ) ) ;
#2585 = PLANE ( 'NONE',  #826 ) ;
#2586 = VECTOR ( 'NONE', #2354, 1000.000000000000000 ) ;
#2587 = DIRECTION ( 'NONE',  ( 1.000000000000000000, 0.000000000000000000, 0.000000000000000000 ) ) ;
#2588 = VECTOR ( 'NONE', #9089, 1000.000000000000000 ) ;
#2589 = SURFACE_SIDE_STYLE ('',( #7968 ) ) ;
#2590 = PRESENTATION_STYLE_ASSIGNMENT (( #10244 ) ) ;
#2591 = EDGE_CURVE ( 'NONE', #5859, #1282, #747, .T. ) ;
#2592 = CIRCLE ( 'NONE', #3878, 0.1949999999999998679 ) ;
#2593 =( NAMED_UNIT ( * ) PLANE_ANGLE_UNIT ( ) SI_UNIT ( $, .RADIAN. ) );
#2594 = ADVANCED_FACE ( 'NONE', ( #11019 ), #1469, .T. ) ;
#2595 = EDGE_LOOP ( 'NONE', ( #4111, #547, #7737, #6474, #601, #6830 ) ) ;
#2596 = PRESENTATION_LAYER_ASSIGNMENT (  '', '', ( #103 ) ) ;
#2597 = ORIENTED_EDGE ( 'NONE', *, *, #4431, .F. ) ;
#2598 = DIRECTION ( 'NONE',  ( 0.000000000000000000, 0.000000000000000000, -1.000000000000000000 ) ) ;
#2599 = AXIS2_PLACEMENT_3D ( 'NONE', #4330, #8553, #5844 ) ;
#2600 = CARTESIAN_POINT ( 'NONE',  ( -1.060000000000000941, 2.366708997306596007, -0.08456619434753616382 ) ) ;
#2601 = FACE_OUTER_BOUND ( 'NONE', #8987, .T. ) ;
#2602 = SURFACE_STYLE_USAGE ( .BOTH. , #3632 ) ;
#2603 = EDGE_CURVE ( 'NONE', #6012, #3855, #5093, .T. ) ;
#2604 = EDGE_LOOP ( 'NONE', ( #5964, #1666, #2516, #5806, #9660, #3971 ) ) ;
#2605 = CARTESIAN_POINT ( 'NONE',  ( 2.749999999999999112, -2.364926170763438140, -0.7551029321564953767 ) ) ;
#2606 = CARTESIAN_POINT ( 'NONE',  ( 3.599999999999999645, -2.149963085381718209, -0.2072830971737681105 ) ) ;
#2607 = MECHANICAL_DESIGN_GEOMETRIC_PRESENTATION_REPRESENTATION (  '', ( #2418 ), #8204 ) ;
#2608 = ADVANCED_FACE ( 'NONE', ( #629 ), #3967, .T. ) ;
#2609 = ADVANCED_FACE ( 'NONE', ( #4959 ), #7395, .T. ) ;
#2610 = ORIENTED_EDGE ( 'NONE', *, *, #8914, .T. ) ;
#2611 = DIRECTION ( 'NONE',  ( 0.1039620511844979306, 0.1039620511844979306, -0.9891328443778538704 ) ) ;
#2612 = CARTESIAN_POINT ( 'NONE',  ( 2.329999999999999627, 2.481923391582665950, -0.6429911470448941291 ) ) ;
#2613 =( LENGTH_UNIT ( ) NAMED_UNIT ( * ) SI_UNIT ( .MILLI., .METRE. ) );
#2614 = CIRCLE ( 'NONE', #1363, 0.2000000000000003164 ) ;
#2615 = EDGE_CURVE ( 'NONE', #7379, #1282, #1735, .T. ) ;
#2616 = MECHANICAL_DESIGN_GEOMETRIC_PRESENTATION_REPRESENTATION (  '', ( #10394 ), #8413 ) ;
#2617 = ORIENTED_EDGE ( 'NONE', *, *, #9843, .F. ) ;
#2618 = MECHANICAL_DESIGN_GEOMETRIC_PRESENTATION_REPRESENTATION (  '', ( #7855 ), #3536 ) ;
#2619 = DIRECTION ( 'NONE',  ( 1.000000000000000000, 0.000000000000000000, 0.000000000000000000 ) ) ;
#2620 =( LENGTH_UNIT ( ) NAMED_UNIT ( * ) SI_UNIT ( .MILLI., .METRE. ) );
#2621 = EDGE_CURVE ( 'NONE', #11123, #6425, #10446, .T. ) ;
#2622 = STYLED_ITEM ( 'NONE', ( #5943 ), #9395 ) ;
#2623 = VECTOR ( 'NONE', #6774, 1000.000000000000000 ) ;
#2624 = SURFACE_STYLE_USAGE ( .BOTH. , #5404 ) ;
#2625 = CARTESIAN_POINT ( 'NONE',  ( 4.019999999999999574, 2.366708997306596007, -0.08456619434753616382 ) ) ;
#2626 =( LENGTH_UNIT ( ) NAMED_UNIT ( * ) SI_UNIT ( .MILLI., .METRE. ) );
#2627 =( LENGTH_UNIT ( ) NAMED_UNIT ( * ) SI_UNIT ( .MILLI., .METRE. ) );
#2628 = UNCERTAINTY_MEASURE_WITH_UNIT (LENGTH_MEASURE( 1.000000000000000082E-05 ), #1356, 'distance_accuracy_value', 'NONE');
#2629 = LINE ( 'NONE', #9762, #5119 ) ;
#2630 = LINE ( 'NONE', #7891, #8612 ) ;
#2631 = CARTESIAN_POINT ( 'NONE',  ( 3.599999999999999645, -1.950000000000000178, 0.1100000000000000144 ) ) ;
#2632 = SURFACE_SIDE_STYLE ('',( #10332 ) ) ;
#2633 = EDGE_LOOP ( 'NONE', ( #4881, #7125, #3719, #1967 ) ) ;
#2634 = ORIENTED_EDGE ( 'NONE', *, *, #6287, .F. ) ;
#2635 = AXIS2_PLACEMENT_3D ( 'NONE', #192, #5130, #7058 ) ;
#2636 = VECTOR ( 'NONE', #4912, 1000.000000000000000 ) ;
#2637 = CIRCLE ( 'NONE', #8967, 0.07499999999999998335 ) ;
#2638 = STYLED_ITEM ( 'NONE', ( #4040 ), #8155 ) ;
#2639 = UNCERTAINTY_MEASURE_WITH_UNIT (LENGTH_MEASURE( 1.000000000000000082E-05 ), #802, 'distance_accuracy_value', 'NONE');
#2640 = EDGE_LOOP ( 'NONE', ( #3158, #10031, #5464, #3939 ) ) ;
#2641 = AXIS2_PLACEMENT_3D ( 'NONE', #7754, #4981, #4152 ) ;
#2642 =( LENGTH_UNIT ( ) NAMED_UNIT ( * ) SI_UNIT ( .MILLI., .METRE. ) );
#2643 = AXIS2_PLACEMENT_3D ( 'NONE', #6595, #7446, #1413 ) ;
#2644 = STYLED_ITEM ( 'NONE', ( #6725 ), #3163 ) ;
#2645 = PRESENTATION_STYLE_ASSIGNMENT (( #8706 ) ) ;
#2646 = FACE_OUTER_BOUND ( 'NONE', #1639, .T. ) ;
#2647 = PRESENTATION_LAYER_ASSIGNMENT (  '', '', ( #5362 ) ) ;
#2648 = COLOUR_RGB ( '',0.8039215686274510109, 0.8039215686274510109, 0.8039215686274510109 ) ;
#2649 = FILL_AREA_STYLE ('',( #3624 ) ) ;
#2650 = COLOUR_RGB ( '',0.8039215686274510109, 0.8039215686274510109, 0.8039215686274510109 ) ;
#2651 = VERTEX_POINT ( 'NONE', #11135 ) ;
#2652 = ORIENTED_EDGE ( 'NONE', *, *, #7647, .T. ) ;
#2653 = SURFACE_STYLE_USAGE ( .BOTH. , #7919 ) ;
#2654 = ADVANCED_FACE ( 'NONE', ( #9485 ), #10497, .T. ) ;
#2655 = VECTOR ( 'NONE', #3082, 999.9999999999998863 ) ;
#2656 = CARTESIAN_POINT ( 'NONE',  ( 1.479999999999999094, 2.350974876014612747, -0.9546157422084604605 ) ) ;
#2657 = UNCERTAINTY_MEASURE_WITH_UNIT (LENGTH_MEASURE( 1.000000000000000082E-05 ), #4171, 'distance_accuracy_value', 'NONE');
#2658 =( LENGTH_UNIT ( ) NAMED_UNIT ( * ) SI_UNIT ( .MILLI., .METRE. ) );
#2659 =( LENGTH_UNIT ( ) NAMED_UNIT ( * ) SI_UNIT ( .MILLI., .METRE. ) );
#2660 = DIRECTION ( 'NONE',  ( 1.000000000000000000, 0.000000000000000000, 0.000000000000000000 ) ) ;
#2661 = CYLINDRICAL_SURFACE ( 'NONE', #7934, 0.09999999999999982514 ) ;
#2662 = CARTESIAN_POINT ( 'NONE',  ( 0.2099999999999992428, -2.050000000000000266, -0.1099999999999999867 ) ) ;
#2663 = PRESENTATION_LAYER_ASSIGNMENT (  '', '', ( #676 ) ) ;
#2664 = VECTOR ( 'NONE', #3194, 1000.000000000000000 ) ;
#2665 = CARTESIAN_POINT ( 'NONE',  ( 2.329999999999999627, 2.474947744208253031, -0.7427475520708766155 ) ) ;
#2666 = EDGE_LOOP ( 'NONE', ( #2358, #5210, #2302, #11088 ) ) ;
#2667 = CARTESIAN_POINT ( 'NONE',  ( -1.480000000000000870, -2.149963085381718209, -0.2072830971737681105 ) ) ;
#2668 = MECHANICAL_DESIGN_GEOMETRIC_PRESENTATION_REPRESENTATION (  '', ( #7338 ), #10775 ) ;
#2669 = ORIENTED_EDGE ( 'NONE', *, *, #9956, .T. ) ;
#2670 =( NAMED_UNIT ( * ) PLANE_ANGLE_UNIT ( ) SI_UNIT ( $, .RADIAN. ) );
#2671 = AXIS2_PLACEMENT_3D ( 'NONE', #3326, #4875, #9391 ) ;
#2672 =( GEOMETRIC_REPRESENTATION_CONTEXT ( 3 ) GLOBAL_UNCERTAINTY_ASSIGNED_CONTEXT ( ( #1739 ) ) GLOBAL_UNIT_ASSIGNED_CONTEXT ( ( #5833, #11031, #10246 ) ) REPRESENTATION_CONTEXT ( 'NONE', 'WORKASPACE' ) );
#2673 = DIRECTION ( 'NONE',  ( 0.000000000000000000, 1.000000000000000000, 0.000000000000000000 ) ) ;
#2674 = LINE ( 'NONE', #8739, #6545 ) ;
#2675 = SURFACE_STYLE_USAGE ( .BOTH. , #10594 ) ;
#2676 =( GEOMETRIC_REPRESENTATION_CONTEXT ( 3 ) GLOBAL_UNCERTAINTY_ASSIGNED_CONTEXT ( ( #3702 ) ) GLOBAL_UNIT_ASSIGNED_CONTEXT ( ( #1719, #10209, #6922 ) ) REPRESENTATION_CONTEXT ( 'NONE', 'WORKASPACE' ) );
#2677 = ORIENTED_EDGE ( 'NONE', *, *, #1591, .T. ) ;
#2678 = FACE_OUTER_BOUND ( 'NONE', #2892, .T. ) ;
#2679 =( GEOMETRIC_REPRESENTATION_CONTEXT ( 3 ) GLOBAL_UNCERTAINTY_ASSIGNED_CONTEXT ( ( #9552 ) ) GLOBAL_UNIT_ASSIGNED_CONTEXT ( ( #3144, #10337, #4305 ) ) REPRESENTATION_CONTEXT ( 'NONE', 'WORKASPACE' ) );
#2680 = CARTESIAN_POINT ( 'NONE',  ( 1.479999999999999094, 2.149963085381718209, -0.2072830971737681105 ) ) ;
#2681 = CARTESIAN_POINT ( 'NONE',  ( -0.2100000000000005473, -2.381960306200947564, -0.6457080498711260663 ) ) ;
#2682 = EDGE_CURVE ( 'NONE', #1826, #8880, #4192, .T. ) ;
#2683 = SURFACE_STYLE_FILL_AREA ( #5406 ) ;
#2684 = SURFACE_STYLE_FILL_AREA ( #3710 ) ;
#2685 = SURFACE_STYLE_USAGE ( .BOTH. , #58 ) ;
#2686 = PLANE ( 'NONE',  #5357 ) ;
#2687 = EDGE_CURVE ( 'NONE', #5447, #593, #5981, .T. ) ;
#2688 = FACE_OUTER_BOUND ( 'NONE', #10695, .T. ) ;
#2689 = EDGE_CURVE ( 'NONE', #241, #10380, #190, .T. ) ;
#2690 = EDGE_LOOP ( 'NONE', ( #6921, #5399, #10838, #9484 ) ) ;
#2691 =( LENGTH_UNIT ( ) NAMED_UNIT ( * ) SI_UNIT ( .MILLI., .METRE. ) );
#2692 = VERTEX_POINT ( 'NONE', #3549 ) ;
#2693 = DIRECTION ( 'NONE',  ( -1.156482317317871607E-14, 0.000000000000000000, -1.000000000000000000 ) ) ;
#2694 = PRESENTATION_STYLE_ASSIGNMENT (( #4580 ) ) ;
#2695 = LINE ( 'NONE', #6149, #9174 ) ;
#2696 = VERTEX_POINT ( 'NONE', #5128 ) ;
#2697 = SURFACE_STYLE_USAGE ( .BOTH. , #7905 ) ;
#2698 = CARTESIAN_POINT ( 'NONE',  ( -3.800202986107628966, -1.425202986107629410, 0.7399999999999999911 ) ) ;
#2699 = CARTESIAN_POINT ( 'NONE',  ( 2.329999999999999627, -2.366708997306596007, -0.08456619434753616382 ) ) ;
#2700 = FILL_AREA_STYLE ('',( #5248 ) ) ;
#2701 = DIRECTION ( 'NONE',  ( 0.000000000000000000, 0.000000000000000000, -1.000000000000000000 ) ) ;
#2702 = CARTESIAN_POINT ( 'NONE',  ( -4.249999999999999112, 1.949999999999999734, 0.1100000000000000006 ) ) ;
#2703 =( NAMED_UNIT ( * ) PLANE_ANGLE_UNIT ( ) SI_UNIT ( $, .RADIAN. ) );
#2704 = CARTESIAN_POINT ( 'NONE',  ( 0.2099999999999992428, -2.166782826543157903, 0.1100000000000000144 ) ) ;
#2705 = VERTEX_POINT ( 'NONE', #3611 ) ;
#2706 = EDGE_LOOP ( 'NONE', ( #9121, #9234, #1623, #160 ) ) ;
#2707 = DIRECTION ( 'NONE',  ( 1.000000000000000000, 0.000000000000000000, 0.000000000000000000 ) ) ;
#2708 = CARTESIAN_POINT ( 'NONE',  ( -3.600000000000000977, 2.165000000000000036, -0.7605367378089592512 ) ) ;
#2709 = SURFACE_STYLE_USAGE ( .BOTH. , #6114 ) ;
#2710 = FACE_OUTER_BOUND ( 'NONE', #7485, .T. ) ;
#2711 = LINE ( 'NONE', #2662, #6212 ) ;
#2712 = UNCERTAINTY_MEASURE_WITH_UNIT (LENGTH_MEASURE( 1.000000000000000082E-05 ), #6663, 'distance_accuracy_value', 'NONE');
#2713 = DIRECTION ( 'NONE',  ( 0.000000000000000000, 0.000000000000000000, -1.000000000000000000 ) ) ;
#2714 = ORIENTED_EDGE ( 'NONE', *, *, #10629, .T. ) ;
#2715 = SURFACE_STYLE_FILL_AREA ( #5325 ) ;
#2716 = ORIENTED_EDGE ( 'NONE', *, *, #9168, .F. ) ;
#2717 = CARTESIAN_POINT ( 'NONE',  ( -4.251217025357844292, -1.950806167510463984, -0.1023298284942927433 ) ) ;
#2718 = AXIS2_PLACEMENT_3D ( 'NONE', #1186, #6321, #3849 ) ;
#2719 = PRESENTATION_STYLE_ASSIGNMENT (( #7873 ) ) ;
#2720 = ADVANCED_FACE ( 'NONE', ( #8587 ), #6192, .T. ) ;
#2721 = SURFACE_SIDE_STYLE ('',( #8854 ) ) ;
#2722 = EDGE_LOOP ( 'NONE', ( #7798, #5104, #8137, #2098, #2950, #7931, #3064, #3758, #3837, #7533, #3201, #8373 ) ) ;
#2723 = CYLINDRICAL_SURFACE ( 'NONE', #3829, 0.09999999999999982514 ) ;
#2724 = EDGE_CURVE ( 'NONE', #5786, #7825, #2968, .T. ) ;
#2725 = COLOUR_RGB ( '',0.2862745098039215508, 0.2862745098039215508, 0.2862745098039215508 ) ;
#2726 = CARTESIAN_POINT ( 'NONE',  ( 0.2099999999999992428, -3.000000000000000000, -0.7794627824221421752 ) ) ;
#2727 = EDGE_CURVE ( 'NONE', #4850, #8531, #10869, .T. ) ;
#2728 = VECTOR ( 'NONE', #7771, 1000.000000000000000 ) ;
#2729 = UNCERTAINTY_MEASURE_WITH_UNIT (LENGTH_MEASURE( 1.000000000000000082E-05 ), #9974, 'distance_accuracy_value', 'NONE');
#2730 = SURFACE_STYLE_FILL_AREA ( #10489 ) ;
#2731 = CARTESIAN_POINT ( 'NONE',  ( -1.060000000000000941, -2.165000000000000036, -0.7605367378089592512 ) ) ;
#2732 = PRESENTATION_STYLE_ASSIGNMENT (( #228 ) ) ;
#2733 = SURFACE_STYLE_USAGE ( .BOTH. , #7046 ) ;
#2734 = CARTESIAN_POINT ( 'NONE',  ( -2.330000000000001403, -2.350974876014612747, -0.9546157422084604605 ) ) ;
#2735 = AXIS2_PLACEMENT_3D ( 'NONE', #2332, #6685, #2384 ) ;
#2736 = SURFACE_STYLE_USAGE ( .BOTH. , #7099 ) ;
#2737 = SURFACE_STYLE_FILL_AREA ( #7894 ) ;
#2738 = PRESENTATION_LAYER_ASSIGNMENT (  '', '', ( #7440 ) ) ;
#2739 = ORIENTED_EDGE ( 'NONE', *, *, #10500, .F. ) ;
#2740 = SURFACE_STYLE_USAGE ( .BOTH. , #8975 ) ;
#2741 = DIRECTION ( 'NONE',  ( 0.000000000000000000, -0.02716902826231849810, -0.9996308538171886360 ) ) ;
#2742 = ORIENTED_EDGE ( 'NONE', *, *, #1857, .F. ) ;
#2743 = EDGE_CURVE ( 'NONE', #1144, #2316, #10721, .T. ) ;
#2744 = PRESENTATION_STYLE_ASSIGNMENT (( #3614 ) ) ;
#2745 =( GEOMETRIC_REPRESENTATION_CONTEXT ( 3 ) GLOBAL_UNCERTAINTY_ASSIGNED_CONTEXT ( ( #8164 ) ) GLOBAL_UNIT_ASSIGNED_CONTEXT ( ( #1439, #1318, #2102 ) ) REPRESENTATION_CONTEXT ( 'NONE', 'WORKASPACE' ) );
#2746 = ADVANCED_FACE ( 'NONE', ( #1442 ), #7214, .T. ) ;
#2747 = CARTESIAN_POINT ( 'NONE',  ( 3.599999999999999645, 2.366708997306596007, -0.08456619434753621933 ) ) ;
#2748 = VECTOR ( 'NONE', #10860, 1000.000000000000000 ) ;
#2749 = MECHANICAL_DESIGN_GEOMETRIC_PRESENTATION_REPRESENTATION (  '', ( #631 ), #8722 ) ;
#2750 = CARTESIAN_POINT ( 'NONE',  ( -1.060000000000000941, 2.481923391582665950, -0.6429911470448941291 ) ) ;
#2751 = EDGE_LOOP ( 'NONE', ( #1472, #10336, #746, #2998 ) ) ;
#2752 =( NAMED_UNIT ( * ) SI_UNIT ( $, .STERADIAN. ) SOLID_ANGLE_UNIT ( ) );
#2753 = CARTESIAN_POINT ( 'NONE',  ( 1.479999999999999094, -2.165000000000000036, -0.7605367378089592512 ) ) ;
#2754 = AXIS2_PLACEMENT_3D ( 'NONE', #5501, #9847, #7239 ) ;
#2755 = DIRECTION ( 'NONE',  ( 1.000000000000000000, 0.000000000000000000, 0.000000000000000000 ) ) ;
#2756 = CARTESIAN_POINT ( 'NONE',  ( -4.020000000000001350, 1.950000000000000178, -0.1099999999999999867 ) ) ;
#2757 = COLOUR_RGB ( '',0.8039215686274510109, 0.8039215686274510109, 0.8039215686274510109 ) ;
#2758 = SURFACE_SIDE_STYLE ('',( #4368 ) ) ;
#2760 = CYLINDRICAL_SURFACE ( 'NONE', #8930, 0.2000000000000003164 ) ;
#2759 = COLOUR_RGB ( '',0.2862745098039215508, 0.2862745098039215508, 0.2862745098039215508 ) ;
#2761 =( NAMED_UNIT ( * ) SI_UNIT ( $, .STERADIAN. ) SOLID_ANGLE_UNIT ( ) );
#2762 = EDGE_CURVE ( 'NONE', #7536, #3597, #8011, .T. ) ;
#2763 = VECTOR ( 'NONE', #3198, 1000.000000000000000 ) ;
#2764 = ORIENTED_EDGE ( 'NONE', *, *, #8572, .F. ) ;
#2765 = VERTEX_POINT ( 'NONE', #10932 ) ;
#2766 = FILL_AREA_STYLE_COLOUR ( '', #335 ) ;
#2767 = DIRECTION ( 'NONE',  ( 0.000000000000000000, 0.000000000000000000, -1.000000000000000000 ) ) ;
#2768 = MECHANICAL_DESIGN_GEOMETRIC_PRESENTATION_REPRESENTATION (  '', ( #8185 ), #7276 ) ;
#2769 = CARTESIAN_POINT ( 'NONE',  ( -1.060000000000000941, -2.149963085381718209, -0.2072830971737681105 ) ) ;
#2770 = SURFACE_SIDE_STYLE ('',( #4324 ) ) ;
#2771 = UNCERTAINTY_MEASURE_WITH_UNIT (LENGTH_MEASURE( 1.000000000000000082E-05 ), #7569, 'distance_accuracy_value', 'NONE');
#2772 = PLANE ( 'NONE',  #3026 ) ;
#2773 = FACE_OUTER_BOUND ( 'NONE', #7694, .T. ) ;
#2774 = CIRCLE ( 'NONE', #97, 0.2000000000000003164 ) ;
#2775 = CARTESIAN_POINT ( 'NONE',  ( -2.330000000000001403, 1.950000000000000178, 0.1100000000000000144 ) ) ;
#2776 = EDGE_LOOP ( 'NONE', ( #8255, #8385, #10611, #9491, #3171, #10690, #6852, #10682 ) ) ;
#2777 = SURFACE_STYLE_USAGE ( .BOTH. , #7807 ) ;
#2778 = LINE ( 'NONE', #3909, #10538 ) ;
#2779 = APPLICATION_CONTEXT ( 'automotive_design' ) ;
#2780 = CIRCLE ( 'NONE', #1847, 0.2000000000000003164 ) ;
#2781 = ORIENTED_EDGE ( 'NONE', *, *, #983, .F. ) ;
#2782 =( GEOMETRIC_REPRESENTATION_CONTEXT ( 3 ) GLOBAL_UNCERTAINTY_ASSIGNED_CONTEXT ( ( #87 ) ) GLOBAL_UNIT_ASSIGNED_CONTEXT ( ( #7249, #8956, #557 ) ) REPRESENTATION_CONTEXT ( 'NONE', 'WORKASPACE' ) );
#2783 = DIRECTION ( 'NONE',  ( 1.000000000000000000, -0.000000000000000000, 0.000000000000000000 ) ) ;
#2784 = PRESENTATION_STYLE_ASSIGNMENT (( #3641 ) ) ;
#2785 = PLANE ( 'NONE',  #10478 ) ;
#2786 = PLANE ( 'NONE',  #4415 ) ;
#2787 = STYLED_ITEM ( 'NONE', ( #9265 ), #10834 ) ;
#2788 = VERTEX_POINT ( 'NONE', #3172 ) ;
#2790 = CARTESIAN_POINT ( 'NONE',  ( -2.750000000000001332, -2.481923391582665950, -0.6429911470448941291 ) ) ;
#2789 = STYLED_ITEM ( 'NONE', ( #10343 ), #7670 ) ;
#2791 = CARTESIAN_POINT ( 'NONE',  ( 1.059999999999999387, -2.366708997306596007, -0.08456619434753621933 ) ) ;
#2792 = LINE ( 'NONE', #5339, #3543 ) ;
#2793 = DIRECTION ( 'NONE',  ( 0.000000000000000000, 0.000000000000000000, 1.000000000000000000 ) ) ;
#2794 = VECTOR ( 'NONE', #6655, 1000.000000000000000 ) ;
#2795 = FILL_AREA_STYLE ('',( #7155 ) ) ;
#2796 = CARTESIAN_POINT ( 'NONE',  ( -2.750000000000001332, 1.950000000000000178, -0.1099999999999999867 ) ) ;
#2797 = VECTOR ( 'NONE', #7826, 999.9999999999998863 ) ;
#2798 = CARTESIAN_POINT ( 'NONE',  ( 2.329999999999999627, -2.165000000000000036, -0.7605367378089592512 ) ) ;
#2799 = CARTESIAN_POINT ( 'NONE',  ( -4.190202986107629535, 1.815202986107628647, -0.6749999999999999334 ) ) ;
#2800 = CIRCLE ( 'NONE', #8041, 0.2000000000000003164 ) ;
#2801 = EDGE_LOOP ( 'NONE', ( #1608, #4651, #6313, #41 ) ) ;
#2802 = FACE_OUTER_BOUND ( 'NONE', #8904, .T. ) ;
#2803 = FILL_AREA_STYLE ('',( #6424 ) ) ;
#2804 = ORIENTED_EDGE ( 'NONE', *, *, #2400, .F. ) ;
#2805 = CARTESIAN_POINT ( 'NONE',  ( -1.060000000000000941, 1.950000000000000178, 0.1100000000000000144 ) ) ;
#2806 = COLOUR_RGB ( '',0.8039215686274510109, 0.8039215686274510109, 0.8039215686274510109 ) ;
#2807 = DIRECTION ( 'NONE',  ( 1.000000000000000000, 0.000000000000000000, 0.000000000000000000 ) ) ;
#2808 = DIRECTION ( 'NONE',  ( 1.000000000000000000, -0.000000000000000000, 0.000000000000000000 ) ) ;
#2809 = ORIENTED_EDGE ( 'NONE', *, *, #6148, .T. ) ;
#2810 = CARTESIAN_POINT ( 'NONE',  ( -4.157726890409723097, 1.857316032562341013, -0.9918290452651816747 ) ) ;
#2811 = LINE ( 'NONE', #301, #4790 ) ;
#2812 =( LENGTH_UNIT ( ) NAMED_UNIT ( * ) SI_UNIT ( .MILLI., .METRE. ) );
#2813 = VECTOR ( 'NONE', #2131, 999.9999999999998863 ) ;
#2814 = CARTESIAN_POINT ( 'NONE',  ( -4.020000000000001350, -2.366708997306596007, -0.08456619434753621933 ) ) ;
#2815 = PRESENTATION_LAYER_ASSIGNMENT (  '', '', ( #6243 ) ) ;
#2816 = PRESENTATION_LAYER_ASSIGNMENT (  '', '', ( #9139 ) ) ;
#2817 = VECTOR ( 'NONE', #5415, 1000.000000000000000 ) ;
#2818 = EDGE_CURVE ( 'NONE', #2092, #3130, #2923, .T. ) ;
#2819 = DIRECTION ( 'NONE',  ( 0.000000000000000000, 0.000000000000000000, -1.000000000000000000 ) ) ;
#2820 = PRESENTATION_LAYER_ASSIGNMENT (  '', '', ( #9506 ) ) ;
#2821 = CARTESIAN_POINT ( 'NONE',  ( -2.750000000000001332, 2.050000000000000266, -0.2100000000000000200 ) ) ;
#2822 = EDGE_CURVE ( 'NONE', #2244, #2539, #5467, .T. ) ;
#2823 = ORIENTED_EDGE ( 'NONE', *, *, #1990, .F. ) ;
#2824 = VECTOR ( 'NONE', #7032, 1000.000000000000114 ) ;
#2825 = ORIENTED_EDGE ( 'NONE', *, *, #4161, .F. ) ;
#2827 = MECHANICAL_DESIGN_GEOMETRIC_PRESENTATION_REPRESENTATION (  '', ( #1051 ), #7886 ) ;
#2826 =( LENGTH_UNIT ( ) NAMED_UNIT ( * ) SI_UNIT ( .MILLI., .METRE. ) );
#2828 =( LENGTH_UNIT ( ) NAMED_UNIT ( * ) SI_UNIT ( .MILLI., .METRE. ) );
#2829 = EDGE_CURVE ( 'NONE', #1812, #5972, #7429, .T. ) ;
#2830 = LINE ( 'NONE', #2708, #4103 ) ;
#2831 = LINE ( 'NONE', #4545, #8909 ) ;
#2832 = MECHANICAL_DESIGN_GEOMETRIC_PRESENTATION_REPRESENTATION (  '', ( #3751 ), #869 ) ;
#2833 = CARTESIAN_POINT ( 'NONE',  ( 0.000000000000000000, 0.000000000000000000, -0.7500000000000000000 ) ) ;
#2834 = AXIS2_PLACEMENT_3D ( 'NONE', #6930, #2046, #9430 ) ;
#2835 = EDGE_CURVE ( 'NONE', #4354, #4029, #2558, .T. ) ;
#2836 = ADVANCED_FACE ( 'NONE', ( #9754 ), #9689, .T. ) ;
#2837 =( NAMED_UNIT ( * ) PLANE_ANGLE_UNIT ( ) SI_UNIT ( $, .RADIAN. ) );
#2838 = ORIENTED_EDGE ( 'NONE', *, *, #8635, .T. ) ;
#2839 = COLOUR_RGB ( '',0.8039215686274510109, 0.8039215686274510109, 0.8039215686274510109 ) ;
#2840 = PRESENTATION_STYLE_ASSIGNMENT (( #7028 ) ) ;
#2841 = VECTOR ( 'NONE', #8112, 1000.000000000000000 ) ;
#2842 =( GEOMETRIC_REPRESENTATION_CONTEXT ( 3 ) GLOBAL_UNCERTAINTY_ASSIGNED_CONTEXT ( ( #4793 ) ) GLOBAL_UNIT_ASSIGNED_CONTEXT ( ( #715, #11036, #5039 ) ) REPRESENTATION_CONTEXT ( 'NONE', 'WORKASPACE' ) );
#2843 = ORIENTED_EDGE ( 'NONE', *, *, #9669, .T. ) ;
#2844 = LINE ( 'NONE', #8622, #7335 ) ;
#2845 = DIRECTION ( 'NONE',  ( 1.000000000000000000, 0.000000000000000000, 0.000000000000000000 ) ) ;
#2846 =( NAMED_UNIT ( * ) SI_UNIT ( $, .STERADIAN. ) SOLID_ANGLE_UNIT ( ) );
#2847 = VECTOR ( 'NONE', #9812, 1000.000000000000000 ) ;
#2848 = VECTOR ( 'NONE', #3993, 1000.000000000000000 ) ;
#2849 = CARTESIAN_POINT ( 'NONE',  ( -4.020000000000001350, -3.000000000000000000, -0.7794627824221421752 ) ) ;
#2850 = STYLED_ITEM ( 'NONE', ( #9659 ), #10229 ) ;
#2851 = VERTEX_POINT ( 'NONE', #5507 ) ;
#2852 = PRESENTATION_STYLE_ASSIGNMENT (( #278 ) ) ;
#2853 = CARTESIAN_POINT ( 'NONE',  ( -3.600000000000000977, 2.474947744208253031, -0.7427475520708766155 ) ) ;
#2854 = CARTESIAN_POINT ( 'NONE',  ( 4.325000000000000178, -1.875000000000000222, 0.1100000000000000006 ) ) ;
#2855 =( LENGTH_UNIT ( ) NAMED_UNIT ( * ) SI_UNIT ( .MILLI., .METRE. ) );
#2856 = PLANE ( 'NONE',  #8899 ) ;
#2857 =( LENGTH_UNIT ( ) NAMED_UNIT ( * ) SI_UNIT ( .MILLI., .METRE. ) );
#2858 = DIRECTION ( 'NONE',  ( 0.000000000000000000, 0.000000000000000000, -1.000000000000000000 ) ) ;
#2859 = PRESENTATION_STYLE_ASSIGNMENT (( #10606 ) ) ;
#2860 = AXIS2_PLACEMENT_3D ( 'NONE', #8606, #881, #4325 ) ;
#2861 = VECTOR ( 'NONE', #8187, 1000.000000000000000 ) ;
#2862 = VERTEX_POINT ( 'NONE', #10586 ) ;
#2863 = PRESENTATION_STYLE_ASSIGNMENT (( #2740 ) ) ;
#2864 = SURFACE_SIDE_STYLE ('',( #7162 ) ) ;
#2865 = EDGE_LOOP ( 'NONE', ( #10787, #7942, #749, #5885 ) ) ;
#2866 = STYLED_ITEM ( 'NONE', ( #1895 ), #852 ) ;
#2867 =( GEOMETRIC_REPRESENTATION_CONTEXT ( 3 ) GLOBAL_UNCERTAINTY_ASSIGNED_CONTEXT ( ( #6864 ) ) GLOBAL_UNIT_ASSIGNED_CONTEXT ( ( #10928, #3873, #1320 ) ) REPRESENTATION_CONTEXT ( 'NONE', 'WORKASPACE' ) );
#2868 = DIRECTION ( 'NONE',  ( 0.000000000000000000, 0.02716902826231849810, -0.9996308538171886360 ) ) ;
#2869 = ORIENTED_EDGE ( 'NONE', *, *, #9001, .F. ) ;
#2870 = SURFACE_STYLE_FILL_AREA ( #198 ) ;
#2871 =( GEOMETRIC_REPRESENTATION_CONTEXT ( 3 ) GLOBAL_UNCERTAINTY_ASSIGNED_CONTEXT ( ( #1816 ) ) GLOBAL_UNIT_ASSIGNED_CONTEXT ( ( #754, #5030, #3330 ) ) REPRESENTATION_CONTEXT ( 'NONE', 'WORKASPACE' ) );
#2872 = SURFACE_STYLE_USAGE ( .BOTH. , #7221 ) ;
#2873 =( LENGTH_UNIT ( ) NAMED_UNIT ( * ) SI_UNIT ( .MILLI., .METRE. ) );
#2874 = DIRECTION ( 'NONE',  ( -1.000000000000000000, -0.000000000000000000, -0.000000000000000000 ) ) ;
#2875 = LINE ( 'NONE', #2814, #2813 ) ;
#2876 = VECTOR ( 'NONE', #1697, 1000.000000000000000 ) ;
#2877 = FILL_AREA_STYLE ('',( #10677 ) ) ;
#2878 = FILL_AREA_STYLE_COLOUR ( '', #6536 ) ;
#2879 = DIRECTION ( 'NONE',  ( 0.000000000000000000, 0.9975640502598241977, -0.06975647374412546897 ) ) ;
#2880 = EDGE_CURVE ( 'NONE', #7972, #5700, #10300, .T. ) ;
#2881 = ORIENTED_EDGE ( 'NONE', *, *, #6730, .T. ) ;
#2882 = VERTEX_POINT ( 'NONE', #8951 ) ;
#2883 = SURFACE_STYLE_FILL_AREA ( #3469 ) ;
#2884 = FACE_OUTER_BOUND ( 'NONE', #6578, .T. ) ;
#2885 = SURFACE_STYLE_USAGE ( .BOTH. , #8883 ) ;
#2886 = SURFACE_STYLE_USAGE ( .BOTH. , #314 ) ;
#2887 = CARTESIAN_POINT ( 'NONE',  ( -2.750000000000001332, -2.350974876014612747, -0.9546157422084604605 ) ) ;
#2888 = PLANE ( 'NONE',  #9364 ) ;
#2889 = CYLINDRICAL_SURFACE ( 'NONE', #10711, 0.09999999999999982514 ) ;
#2890 = DIRECTION ( 'NONE',  ( -1.000000000000000000, -0.000000000000000000, -0.000000000000000000 ) ) ;
#2891 = LINE ( 'NONE', #6504, #3663 ) ;
#2892 = EDGE_LOOP ( 'NONE', ( #9262, #10889, #82, #215 ) ) ;
#2893 = SURFACE_STYLE_FILL_AREA ( #6506 ) ;
#2894 = EDGE_CURVE ( 'NONE', #164, #8303, #1676, .T. ) ;
#2895 = EDGE_CURVE ( 'NONE', #3313, #7054, #6877, .T. ) ;
#2896 = EDGE_CURVE ( 'NONE', #1299, #8402, #4606, .T. ) ;
#2897 = EDGE_LOOP ( 'NONE', ( #5189, #5933, #10630, #9577 ) ) ;
#2898 = EDGE_CURVE ( 'NONE', #3633, #2555, #8042, .T. ) ;
#2899 =( NAMED_UNIT ( * ) PLANE_ANGLE_UNIT ( ) SI_UNIT ( $, .RADIAN. ) );
#2900 = DIRECTION ( 'NONE',  ( 0.000000000000000000, 1.000000000000000000, 0.000000000000000000 ) ) ;
#2901 =( NAMED_UNIT ( * ) SI_UNIT ( $, .STERADIAN. ) SOLID_ANGLE_UNIT ( ) );
#2902 = CARTESIAN_POINT ( 'NONE',  ( 3.599999999999999645, -2.050000000000000266, -0.1099999999999999867 ) ) ;
#2903 = ORIENTED_EDGE ( 'NONE', *, *, #3879, .T. ) ;
#2904 = CARTESIAN_POINT ( 'NONE',  ( 2.749999999999999112, -2.474947744208253031, -0.7427475520708766155 ) ) ;
#2905 = SURFACE_STYLE_FILL_AREA ( #447 ) ;
#2906 = CARTESIAN_POINT ( 'NONE',  ( -4.020000000000001350, -3.000000000000000000, -0.7794627824221421752 ) ) ;
#2907 = CARTESIAN_POINT ( 'NONE',  ( -0.2100000000000005473, -2.050000000000000266, -0.2100000000000000200 ) ) ;
#2908 = COLOUR_RGB ( '',0.8039215686274510109, 0.8039215686274510109, 0.8039215686274510109 ) ;
#2909 = CYLINDRICAL_SURFACE ( 'NONE', #274, 0.2000000000000003164 ) ;
#2910 = ORIENTED_EDGE ( 'NONE', *, *, #7944, .T. ) ;
#2911 = FILL_AREA_STYLE_COLOUR ( '', #5770 ) ;
#2912 =( LENGTH_UNIT ( ) NAMED_UNIT ( * ) SI_UNIT ( .MILLI., .METRE. ) );
#2913 = EDGE_LOOP ( 'NONE', ( #5414, #2716, #4953, #10370, #7958, #4997, #1631, #765, #10234, #489, #7453, #6561 ) ) ;
#2914 = CARTESIAN_POINT ( 'NONE',  ( -2.750000000000001332, -2.050000000000000266, -0.2100000000000000200 ) ) ;
#2915 = DIRECTION ( 'NONE',  ( 0.000000000000000000, 0.9975640502598241977, -0.06975647374412546897 ) ) ;
#2916 = CARTESIAN_POINT ( 'NONE',  ( -4.190202986107629535, 1.815202986107628647, 0.7500000000000000000 ) ) ;
#2917 = STYLED_ITEM ( 'NONE', ( #7850 ), #5931 ) ;
#2918 = ORIENTED_EDGE ( 'NONE', *, *, #3462, .T. ) ;
#2919 = CARTESIAN_POINT ( 'NONE',  ( -0.2100000000000005473, -3.000000000000000000, -0.7794627824221421752 ) ) ;
#2920 = SURFACE_STYLE_FILL_AREA ( #2126 ) ;
#2921 = DIRECTION ( 'NONE',  ( 0.000000000000000000, 0.000000000000000000, -1.000000000000000000 ) ) ;
#2922 = FILL_AREA_STYLE ('',( #243 ) ) ;
#2923 = CIRCLE ( 'NONE', #1134, 0.2000000000000002054 ) ;
#2924 = UNCERTAINTY_MEASURE_WITH_UNIT (LENGTH_MEASURE( 1.000000000000000082E-05 ), #6025, 'distance_accuracy_value', 'NONE');
#2925 = CARTESIAN_POINT ( 'NONE',  ( -0.2100000000000005473, 2.050000000000000266, -0.2100000000000000200 ) ) ;
#2927 = CARTESIAN_POINT ( 'NONE',  ( 3.599999999999999645, -2.166782826543157903, 0.1100000000000000144 ) ) ;
#2926 = AXIS2_PLACEMENT_3D ( 'NONE', #4669, #3820, #436 ) ;
#2928 = DIRECTION ( 'NONE',  ( -0.1039620511844979306, 0.1039620511844979306, 0.9891328443778538704 ) ) ;
#2929 = COLOUR_RGB ( '',0.2862745098039215508, 0.2862745098039215508, 0.2862745098039215508 ) ;
#2930 = ORIENTED_EDGE ( 'NONE', *, *, #5877, .F. ) ;
#2931 = ORIENTED_EDGE ( 'NONE', *, *, #1717, .F. ) ;
#2932 = DIRECTION ( 'NONE',  ( 0.000000000000000000, -0.000000000000000000, 1.000000000000000000 ) ) ;
#2933 = STYLED_ITEM ( 'NONE', ( #4597 ), #7050 ) ;
#2934 =( NAMED_UNIT ( * ) PLANE_ANGLE_UNIT ( ) SI_UNIT ( $, .RADIAN. ) );
#2935 =( LENGTH_UNIT ( ) NAMED_UNIT ( * ) SI_UNIT ( .MILLI., .METRE. ) );
#2936 = ADVANCED_FACE ( 'NONE', ( #3700 ), #4350, .T. ) ;
#2937 = LINE ( 'NONE', #8200, #3974 ) ;
#2938 = ADVANCED_FACE ( 'NONE', ( #10814 ), #3058, .T. ) ;
#2939 = VECTOR ( 'NONE', #8782, 1000.000000000000000 ) ;
#2940 = ORIENTED_EDGE ( 'NONE', *, *, #6735, .F. ) ;
#2941 = SURFACE_STYLE_FILL_AREA ( #5563 ) ;
#2942 = MECHANICAL_DESIGN_GEOMETRIC_PRESENTATION_REPRESENTATION (  '', ( #7463 ), #8922 ) ;
#2943 = ORIENTED_EDGE ( 'NONE', *, *, #2896, .F. ) ;
#2944 =( NAMED_UNIT ( * ) PLANE_ANGLE_UNIT ( ) SI_UNIT ( $, .RADIAN. ) );
#2945 =( GEOMETRIC_REPRESENTATION_CONTEXT ( 3 ) GLOBAL_UNCERTAINTY_ASSIGNED_CONTEXT ( ( #10577 ) ) GLOBAL_UNIT_ASSIGNED_CONTEXT ( ( #6642, #11003, #7649 ) ) REPRESENTATION_CONTEXT ( 'NONE', 'WORKASPACE' ) );
#2946 =( NAMED_UNIT ( * ) PLANE_ANGLE_UNIT ( ) SI_UNIT ( $, .RADIAN. ) );
#2947 = DIRECTION ( 'NONE',  ( -0.1045284632676537068, 0.000000000000000000, 0.9945218953682734009 ) ) ;
#2948 = EDGE_CURVE ( 'NONE', #8891, #1462, #6510, .T. ) ;
#2949 = PRESENTATION_STYLE_ASSIGNMENT (( #7471 ) ) ;
#2950 = ORIENTED_EDGE ( 'NONE', *, *, #5946, .T. ) ;
#2951 = EDGE_CURVE ( 'NONE', #5655, #2283, #4826, .T. ) ;
#2952 =( NAMED_UNIT ( * ) SI_UNIT ( $, .STERADIAN. ) SOLID_ANGLE_UNIT ( ) );
#2953 = EDGE_CURVE ( 'NONE', #1394, #8870, #552, .T. ) ;
#2954 = COLOUR_RGB ( '',0.2862745098039215508, 0.2862745098039215508, 0.2862745098039215508 ) ;
#2955 = STYLED_ITEM ( 'NONE', ( #1321 ), #7528 ) ;
#2956 = DIRECTION ( 'NONE',  ( 1.000000000000000000, 0.000000000000000000, 0.000000000000000000 ) ) ;
#2957 = DIRECTION ( 'NONE',  ( 1.000000000000000000, 0.000000000000000000, 0.000000000000000000 ) ) ;
#2958 = CARTESIAN_POINT ( 'NONE',  ( 1.479999999999999094, -2.050000000000000266, -0.1099999999999999867 ) ) ;
#2959 = COLOUR_RGB ( '',0.8039215686274510109, 0.8039215686274510109, 0.8039215686274510109 ) ;
#2960 =( NAMED_UNIT ( * ) SI_UNIT ( $, .STERADIAN. ) SOLID_ANGLE_UNIT ( ) );
#2961 = EDGE_CURVE ( 'NONE', #3823, #20, #6566, .T. ) ;
#2962 =( NAMED_UNIT ( * ) PLANE_ANGLE_UNIT ( ) SI_UNIT ( $, .RADIAN. ) );
#2963 = SURFACE_STYLE_USAGE ( .BOTH. , #3072 ) ;
#2964 = FILL_AREA_STYLE_COLOUR ( '', #4232 ) ;
#2965 =( GEOMETRIC_REPRESENTATION_CONTEXT ( 3 ) GLOBAL_UNCERTAINTY_ASSIGNED_CONTEXT ( ( #2771 ) ) GLOBAL_UNIT_ASSIGNED_CONTEXT ( ( #7569, #4133, #1524 ) ) REPRESENTATION_CONTEXT ( 'NONE', 'WORKASPACE' ) );
#2966 = ORIENTED_EDGE ( 'NONE', *, *, #10431, .F. ) ;
#2967 = EDGE_CURVE ( 'NONE', #1299, #9337, #493, .T. ) ;
#2968 = LINE ( 'NONE', #5413, #244 ) ;
#2969 = ORIENTED_EDGE ( 'NONE', *, *, #10225, .T. ) ;
#2970 = PRESENTATION_STYLE_ASSIGNMENT (( #3956 ) ) ;
#2971 = MECHANICAL_DESIGN_GEOMETRIC_PRESENTATION_REPRESENTATION (  '', ( #4444 ), #6407 ) ;
#2972 = PRESENTATION_STYLE_ASSIGNMENT (( #10724 ) ) ;
#2973 =( GEOMETRIC_REPRESENTATION_CONTEXT ( 3 ) GLOBAL_UNCERTAINTY_ASSIGNED_CONTEXT ( ( #9680 ) ) GLOBAL_UNIT_ASSIGNED_CONTEXT ( ( #461, #4791, #569 ) ) REPRESENTATION_CONTEXT ( 'NONE', 'WORKASPACE' ) );
#2974 =( NAMED_UNIT ( * ) PLANE_ANGLE_UNIT ( ) SI_UNIT ( $, .RADIAN. ) );
#2975 = UNCERTAINTY_MEASURE_WITH_UNIT (LENGTH_MEASURE( 1.000000000000000082E-05 ), #5597, 'distance_accuracy_value', 'NONE');
#2976 = ORIENTED_EDGE ( 'NONE', *, *, #4484, .F. ) ;
#2977 =( LENGTH_UNIT ( ) NAMED_UNIT ( * ) SI_UNIT ( .MILLI., .METRE. ) );
#2978 = DIRECTION ( 'NONE',  ( -0.9945218953682732899, 0.000000000000000000, 0.1045284632676539427 ) ) ;
#2979 = CARTESIAN_POINT ( 'NONE',  ( -2.750000000000001332, 2.474947744208253031, -0.7427475520708763934 ) ) ;
#2980 = LINE ( 'NONE', #10113, #1159 ) ;
#2981 = DIRECTION ( 'NONE',  ( 0.000000000000000000, 0.000000000000000000, -1.000000000000000000 ) ) ;
#2982 = SURFACE_SIDE_STYLE ('',( #10676 ) ) ;
#2983 = FILL_AREA_STYLE ('',( #414 ) ) ;
#2984 = CARTESIAN_POINT ( 'NONE',  ( -0.2100000000000005473, -2.165000000000000036, -0.7605367378089592512 ) ) ;
#2985 = MECHANICAL_DESIGN_GEOMETRIC_PRESENTATION_REPRESENTATION (  '', ( #3716 ), #8779 ) ;
#2986 = ORIENTED_EDGE ( 'NONE', *, *, #308, .T. ) ;
#2987 = MECHANICAL_DESIGN_GEOMETRIC_PRESENTATION_REPRESENTATION (  '', ( #8044 ), #5337 ) ;
#2988 = ORIENTED_EDGE ( 'NONE', *, *, #6211, .F. ) ;
#2989 = SURFACE_STYLE_USAGE ( .BOTH. , #1982 ) ;
#2990 = FILL_AREA_STYLE_COLOUR ( '', #5001 ) ;
#2991 = STYLED_ITEM ( 'NONE', ( #3149 ), #3387 ) ;
#2992 = FILL_AREA_STYLE ('',( #10743 ) ) ;
#2993 = FILL_AREA_STYLE_COLOUR ( '', #9676 ) ;
#2994 = PRESENTATION_STYLE_ASSIGNMENT (( #5557 ) ) ;
#2995 = VECTOR ( 'NONE', #1566, 1000.000000000000000 ) ;
#2996 = LINE ( 'NONE', #3104, #1798 ) ;
#2997 =( NAMED_UNIT ( * ) SI_UNIT ( $, .STERADIAN. ) SOLID_ANGLE_UNIT ( ) );
#2998 = ORIENTED_EDGE ( 'NONE', *, *, #9535, .T. ) ;
#2999 = LINE ( 'NONE', #8203, #10169 ) ;
#3000 = VECTOR ( 'NONE', #3494, 1000.000000000000000 ) ;
#3001 = CIRCLE ( 'NONE', #5540, 0.09999999999999982514 ) ;
#3002 = STYLED_ITEM ( 'NONE', ( #7307 ), #8845 ) ;
#3003 = COLOUR_RGB ( '',0.8039215686274510109, 0.8039215686274510109, 0.8039215686274510109 ) ;
#3004 = UNCERTAINTY_MEASURE_WITH_UNIT (LENGTH_MEASURE( 1.000000000000000082E-05 ), #2828, 'distance_accuracy_value', 'NONE');
#3005 = EDGE_LOOP ( 'NONE', ( #734, #3524, #2252, #6770 ) ) ;
#3006 = DIRECTION ( 'NONE',  ( 0.000000000000000000, -1.000000000000000000, 0.000000000000000000 ) ) ;
#3007 = AXIS2_PLACEMENT_3D ( 'NONE', #4775, #10823, #2216 ) ;
#3008 = SURFACE_SIDE_STYLE ('',( #10866 ) ) ;
#3009 = MECHANICAL_DESIGN_GEOMETRIC_PRESENTATION_REPRESENTATION (  '', ( #4297 ), #10587 ) ;
#3010 = DIRECTION ( 'NONE',  ( 0.000000000000000000, -0.9945218953682734009, -0.1045284632676537068 ) ) ;
#3011 = FILL_AREA_STYLE ('',( #1270 ) ) ;
#3012 = AXIS2_PLACEMENT_3D ( 'NONE', #4032, #7466, #10073 ) ;
#3013 = DIRECTION ( 'NONE',  ( 0.1039620511844979306, -0.1039620511844979306, -0.9891328443778538704 ) ) ;
#3014 = VECTOR ( 'NONE', #3869, 1000.000000000000000 ) ;
#3015 = VERTEX_POINT ( 'NONE', #4717 ) ;
#3016 = STYLED_ITEM ( 'NONE', ( #6220 ), #10081 ) ;
#3017 = PRESENTATION_LAYER_ASSIGNMENT (  '', '', ( #10057 ) ) ;
#3018 = DIRECTION ( 'NONE',  ( 0.000000000000000000, -0.06975647374412548285, 0.9975640502598243087 ) ) ;
#3019 = VECTOR ( 'NONE', #10952, 1000.000000000000000 ) ;
#3020 = DIRECTION ( 'NONE',  ( 1.000000000000000000, 0.000000000000000000, 0.000000000000000000 ) ) ;
#3021 = EDGE_LOOP ( 'NONE', ( #9175, #6646 ) ) ;
#3022 = ORIENTED_EDGE ( 'NONE', *, *, #8339, .T. ) ;
#3023 = ORIENTED_EDGE ( 'NONE', *, *, #9387, .F. ) ;
#3024 = VECTOR ( 'NONE', #11046, 1000.000000000000000 ) ;
#3025 = FACE_OUTER_BOUND ( 'NONE', #9002, .T. ) ;
#3026 = AXIS2_PLACEMENT_3D ( 'NONE', #6288, #934, #993 ) ;
#3027 = EDGE_LOOP ( 'NONE', ( #8627, #4905, #5346, #7904 ) ) ;
#3028 =( NAMED_UNIT ( * ) PLANE_ANGLE_UNIT ( ) SI_UNIT ( $, .RADIAN. ) );
#3029 = EDGE_CURVE ( 'NONE', #4516, #9954, #2261, .T. ) ;
#3030 = CARTESIAN_POINT ( 'NONE',  ( -4.250409738600888332, 1.949998880753508024, 0.1100106489190367937 ) ) ;
#3031 = CARTESIAN_POINT ( 'NONE',  ( -2.750000000000001332, 2.474947744208253031, -0.7427475520708766155 ) ) ;
#3032 = EDGE_LOOP ( 'NONE', ( #9799, #10127, #1961, #1503 ) ) ;
#3033 =( LENGTH_UNIT ( ) NAMED_UNIT ( * ) SI_UNIT ( .MILLI., .METRE. ) );
#3034 = UNCERTAINTY_MEASURE_WITH_UNIT (LENGTH_MEASURE( 1.000000000000000082E-05 ), #1240, 'distance_accuracy_value', 'NONE');
#3035 = EDGE_CURVE ( 'NONE', #1580, #4945, #1214, .T. ) ;
#3036 = PLANE ( 'NONE',  #4249 ) ;
#3037 = EDGE_CURVE ( 'NONE', #4788, #3057, #434, .T. ) ;
#3038 = MECHANICAL_DESIGN_GEOMETRIC_PRESENTATION_REPRESENTATION (  '', ( #2300 ), #6647 ) ;
#3039 = CARTESIAN_POINT ( 'NONE',  ( 3.599999999999999645, 2.149963085381718209, -0.2072830971737681105 ) ) ;
#3040 = DIRECTION ( 'NONE',  ( 1.000000000000000000, 0.000000000000000000, 0.000000000000000000 ) ) ;
#3041 = SURFACE_STYLE_FILL_AREA ( #10735 ) ;
#3042 = DIRECTION ( 'NONE',  ( 0.000000000000000000, 0.9945218953682731788, 0.1045284632676552333 ) ) ;
#3043 = COLOUR_RGB ( '',0.8039215686274510109, 0.8039215686274510109, 0.8039215686274510109 ) ;
#3044 = MECHANICAL_DESIGN_GEOMETRIC_PRESENTATION_REPRESENTATION (  '', ( #6845 ), #9739 ) ;
#3045 = CARTESIAN_POINT ( 'NONE',  ( -0.2100000000000005473, 2.474947744208253031, -0.7427475520708766155 ) ) ;
#3046 = DIRECTION ( 'NONE',  ( -0.000000000000000000, -1.000000000000000000, 0.000000000000000000 ) ) ;
#3047 = ORIENTED_EDGE ( 'NONE', *, *, #10377, .F. ) ;
#3048 = ORIENTED_EDGE ( 'NONE', *, *, #1434, .T. ) ;
#3049 = PRESENTATION_STYLE_ASSIGNMENT (( #2246 ) ) ;
#3050 = LINE ( 'NONE', #3804, #10792 ) ;
#3051 =( NAMED_UNIT ( * ) SI_UNIT ( $, .STERADIAN. ) SOLID_ANGLE_UNIT ( ) );
#3052 = VECTOR ( 'NONE', #3810, 1000.000000000000114 ) ;
#3053 = LINE ( 'NONE', #1196, #1721 ) ;
#3054 = LINE ( 'NONE', #9007, #7029 ) ;
#3055 = ORIENTED_EDGE ( 'NONE', *, *, #4944, .T. ) ;
#3056 = CARTESIAN_POINT ( 'NONE',  ( -3.600000000000000977, -2.364926170763438140, -0.7551029321564953767 ) ) ;
#3057 = VERTEX_POINT ( 'NONE', #9225 ) ;
#3058 = PLANE ( 'NONE',  #5739 ) ;
#3059 = DIRECTION ( 'NONE',  ( 0.000000000000000000, 0.1045284632676537068, -0.9945218953682734009 ) ) ;
#3060 = CARTESIAN_POINT ( 'NONE',  ( 1.059999999999999387, -1.950000000000000178, 0.1100000000000000144 ) ) ;
#3061 = SURFACE_SIDE_STYLE ('',( #8954 ) ) ;
#3062 =( LENGTH_UNIT ( ) NAMED_UNIT ( * ) SI_UNIT ( .MILLI., .METRE. ) );
#3063 = DIRECTION ( 'NONE',  ( 1.000000000000000000, 0.000000000000000000, 0.000000000000000000 ) ) ;
#3064 = ORIENTED_EDGE ( 'NONE', *, *, #2379, .T. ) ;
#3065 = CARTESIAN_POINT ( 'NONE',  ( 3.599999999999999645, 2.149963085381718209, -0.2072830971737681105 ) ) ;
#3066 = SURFACE_STYLE_USAGE ( .BOTH. , #10822 ) ;
#3067 = CARTESIAN_POINT ( 'NONE',  ( -1.060000000000000941, 2.165000000000000036, -0.7605367378089592512 ) ) ;
#3068 = UNCERTAINTY_MEASURE_WITH_UNIT (LENGTH_MEASURE( 1.000000000000000082E-05 ), #4617, 'distance_accuracy_value', 'NONE');
#3069 = CARTESIAN_POINT ( 'NONE',  ( -2.750000000000001332, -2.474947744208253031, -0.7427475520708763934 ) ) ;
#3070 = DIRECTION ( 'NONE',  ( -0.000000000000000000, 0.000000000000000000, 1.000000000000000000 ) ) ;
#3071 = EDGE_CURVE ( 'NONE', #8061, #10055, #1484, .T. ) ;
#3072 = SURFACE_SIDE_STYLE ('',( #8345 ) ) ;
#3073 = CARTESIAN_POINT ( 'NONE',  ( -3.600000000000000977, 2.366708997306596007, -0.08456619434753616382 ) ) ;
#3074 = EDGE_CURVE ( 'NONE', #5255, #3267, #8387, .T. ) ;
#3075 = ORIENTED_EDGE ( 'NONE', *, *, #2727, .T. ) ;
#3076 = ORIENTED_EDGE ( 'NONE', *, *, #10069, .T. ) ;
#3077 = SURFACE_STYLE_USAGE ( .BOTH. , #10154 ) ;
#3078 = ORIENTED_EDGE ( 'NONE', *, *, #5238, .T. ) ;
#3079 = EDGE_CURVE ( 'NONE', #4425, #3742, #2153, .T. ) ;
#3080 = MECHANICAL_DESIGN_GEOMETRIC_PRESENTATION_REPRESENTATION (  '', ( #10675 ), #1114 ) ;
#3081 = FILL_AREA_STYLE_COLOUR ( '', #8767 ) ;
#3082 = DIRECTION ( 'NONE',  ( 0.000000000000000000, 0.02716902826231849810, -0.9996308538171886360 ) ) ;
#3083 = UNCERTAINTY_MEASURE_WITH_UNIT (LENGTH_MEASURE( 1.000000000000000082E-05 ), #3782, 'distance_accuracy_value', 'NONE');
#3084 = EDGE_LOOP ( 'NONE', ( #9846, #3341, #2742 ) ) ;
#3085 = CARTESIAN_POINT ( 'NONE',  ( -3.600000000000000977, -2.350974876014612747, -0.9546157422084604605 ) ) ;
#3086 = PRESENTATION_STYLE_ASSIGNMENT (( #2872 ) ) ;
#3087 = DIRECTION ( 'NONE',  ( 0.000000000000000000, 1.000000000000000000, 0.000000000000000000 ) ) ;
#3088 = STYLED_ITEM ( 'NONE', ( #1131 ), #5353 ) ;
#3089 = CARTESIAN_POINT ( 'NONE',  ( -2.750000000000001332, 1.950000000000000178, 0.1100000000000000144 ) ) ;
#3090 = ADVANCED_FACE ( 'NONE', ( #4088 ), #5839, .T. ) ;
#3091 = CARTESIAN_POINT ( 'NONE',  ( 2.749999999999999112, 2.366708997306596007, -0.08456619434753621933 ) ) ;
#3092 = SURFACE_STYLE_FILL_AREA ( #8423 ) ;
#3093 = DIRECTION ( 'NONE',  ( 0.000000000000000000, -0.9975640502598243087, 0.06975647374412501101 ) ) ;
#3094 = EDGE_CURVE ( 'NONE', #4593, #7639, #7975, .T. ) ;
#3095 = DIRECTION ( 'NONE',  ( 0.000000000000000000, -0.9945218953682729568, -0.1045284632676566489 ) ) ;
#3096 = CARTESIAN_POINT ( 'NONE',  ( -4.020000000000001350, 3.000000000000000000, -0.7794627824221421752 ) ) ;
#3097 = EDGE_CURVE ( 'NONE', #7610, #9548, #10190, .T. ) ;
#3098 = ORIENTED_EDGE ( 'NONE', *, *, #6436, .T. ) ;
#3099 = EDGE_LOOP ( 'NONE', ( #5635, #4132, #1470, #5757 ) ) ;
#3100 =( NAMED_UNIT ( * ) PLANE_ANGLE_UNIT ( ) SI_UNIT ( $, .RADIAN. ) );
#3101 = FILL_AREA_STYLE ('',( #543 ) ) ;
#3102 = COLOUR_RGB ( '',0.8039215686274510109, 0.8039215686274510109, 0.8039215686274510109 ) ;
#3103 = CIRCLE ( 'NONE', #10874, 0.07500000000000003886 ) ;
#3104 = CARTESIAN_POINT ( 'NONE',  ( -1.060000000000000941, 1.950000000000000178, -0.1099999999999999867 ) ) ;
#3106 = DIRECTION ( 'NONE',  ( 0.000000000000000000, 0.000000000000000000, 1.000000000000000000 ) ) ;
#3105 = MECHANICAL_DESIGN_GEOMETRIC_PRESENTATION_REPRESENTATION (  '', ( #252 ), #4925 ) ;
#3107 = AXIS2_PLACEMENT_3D ( 'NONE', #8482, #8367, #688 ) ;
#3108 = ORIENTED_EDGE ( 'NONE', *, *, #8960, .T. ) ;
#3109 =( LENGTH_UNIT ( ) NAMED_UNIT ( * ) SI_UNIT ( .MILLI., .METRE. ) );
#3110 = EDGE_CURVE ( 'NONE', #10466, #4354, #8503, .T. ) ;
#3111 = AXIS2_PLACEMENT_3D ( 'NONE', #3284, #3238, #4275 ) ;
#3112 = EDGE_LOOP ( 'NONE', ( #10128, #8446, #1335, #4393 ) ) ;
#3113 =( GEOMETRIC_REPRESENTATION_CONTEXT ( 3 ) GLOBAL_UNCERTAINTY_ASSIGNED_CONTEXT ( ( #2433 ) ) GLOBAL_UNIT_ASSIGNED_CONTEXT ( ( #696, #5718, #3051 ) ) REPRESENTATION_CONTEXT ( 'NONE', 'WORKASPACE' ) );
#3114 = PRESENTATION_STYLE_ASSIGNMENT (( #7411 ) ) ;
#3115 = CARTESIAN_POINT ( 'NONE',  ( 4.250409738600887444, 1.949998880753508024, 0.1100106489190369741 ) ) ;
#3116 =( GEOMETRIC_REPRESENTATION_CONTEXT ( 3 ) GLOBAL_UNCERTAINTY_ASSIGNED_CONTEXT ( ( #9973 ) ) GLOBAL_UNIT_ASSIGNED_CONTEXT ( ( #651, #10987, #10309 ) ) REPRESENTATION_CONTEXT ( 'NONE', 'WORKASPACE' ) );
#3117 = ORIENTED_EDGE ( 'NONE', *, *, #3931, .T. ) ;
#3118 = FILL_AREA_STYLE ('',( #1383 ) ) ;
#3119 = MECHANICAL_DESIGN_GEOMETRIC_PRESENTATION_REPRESENTATION (  '', ( #5110 ), #9453 ) ;
#3120 = DIRECTION ( 'NONE',  ( 0.000000000000000000, 0.000000000000000000, -1.000000000000000000 ) ) ;
#3121 = VECTOR ( 'NONE', #8089, 1000.000000000000000 ) ;
#3122 = SURFACE_STYLE_USAGE ( .BOTH. , #340 ) ;
#3123 = SURFACE_SIDE_STYLE ('',( #10880 ) ) ;
#3124 = SURFACE_SIDE_STYLE ('',( #4893 ) ) ;
#3125 = COLOUR_RGB ( '',0.8039215686274510109, 0.8039215686274510109, 0.8039215686274510109 ) ;
#3126 = DIRECTION ( 'NONE',  ( 1.000000000000000000, 0.000000000000000000, 0.000000000000000000 ) ) ;
#3127 = CARTESIAN_POINT ( 'NONE',  ( -2.750000000000001332, 1.950000000000000178, -0.1099999999999999867 ) ) ;
#3128 = SURFACE_STYLE_FILL_AREA ( #6523 ) ;
#3129 = ORIENTED_EDGE ( 'NONE', *, *, #4342, .T. ) ;
#3130 = VERTEX_POINT ( 'NONE', #5202 ) ;
#3131 = VERTEX_POINT ( 'NONE', #10307 ) ;
#3132 = LINE ( 'NONE', #6582, #5902 ) ;
#3133 = LINE ( 'NONE', #3031, #6631 ) ;
#3134 = EDGE_CURVE ( 'NONE', #431, #7972, #627, .T. ) ;
#3135 = ORIENTED_EDGE ( 'NONE', *, *, #10142, .F. ) ;
#3136 = FACE_OUTER_BOUND ( 'NONE', #8241, .T. ) ;
#3137 = CARTESIAN_POINT ( 'NONE',  ( -3.600000000000000977, 2.166782826543157903, -0.09000000000000002442 ) ) ;
#3138 = CARTESIAN_POINT ( 'NONE',  ( 0.2099999999999992428, 2.050000000000000266, -0.2100000000000000200 ) ) ;
#3139 = PRESENTATION_STYLE_ASSIGNMENT (( #2403 ) ) ;
#3140 = LINE ( 'NONE', #2353, #7330 ) ;
#3141 = DIRECTION ( 'NONE',  ( 0.000000000000000000, 0.000000000000000000, -1.000000000000000000 ) ) ;
#3142 = CARTESIAN_POINT ( 'NONE',  ( -0.2100000000000005473, 3.000000000000000000, -1.000000000000000000 ) ) ;
#3143 = LINE ( 'NONE', #1247, #6000 ) ;
#3144 =( LENGTH_UNIT ( ) NAMED_UNIT ( * ) SI_UNIT ( .MILLI., .METRE. ) );
#3145 = VECTOR ( 'NONE', #2015, 1000.000000000000000 ) ;
#3146 = ORIENTED_EDGE ( 'NONE', *, *, #5746, .F. ) ;
#3147 = EDGE_LOOP ( 'NONE', ( #10482, #1797, #5112, #11051 ) ) ;
#3148 = CARTESIAN_POINT ( 'NONE',  ( -0.2100000000000005473, 1.950000000000000178, -0.1099999999999999867 ) ) ;
#3149 = PRESENTATION_STYLE_ASSIGNMENT (( #7455 ) ) ;
#3150 = VECTOR ( 'NONE', #9254, 1000.000000000000000 ) ;
#3151 =( NAMED_UNIT ( * ) PLANE_ANGLE_UNIT ( ) SI_UNIT ( $, .RADIAN. ) );
#3152 = EDGE_CURVE ( 'NONE', #7935, #8299, #9334, .T. ) ;
#3153 = SURFACE_SIDE_STYLE ('',( #4023 ) ) ;
#3154 = EDGE_CURVE ( 'NONE', #1992, #8870, #1576, .T. ) ;
#3155 = COLOUR_RGB ( '',0.8039215686274510109, 0.8039215686274510109, 0.8039215686274510109 ) ;
#3156 = DIRECTION ( 'NONE',  ( 0.000000000000000000, 0.9975640502598243087, -0.06975647374412548285 ) ) ;
#3157 = COLOUR_RGB ( '',0.2862745098039215508, 0.2862745098039215508, 0.2862745098039215508 ) ;
#3158 = ORIENTED_EDGE ( 'NONE', *, *, #10994, .F. ) ;
#3159 = EDGE_CURVE ( 'NONE', #2651, #1299, #6854, .T. ) ;
#3160 = ORIENTED_EDGE ( 'NONE', *, *, #2198, .T. ) ;
#3161 = MECHANICAL_DESIGN_GEOMETRIC_PRESENTATION_REPRESENTATION (  '', ( #4979 ), #8595 ) ;
#3162 = SURFACE_STYLE_USAGE ( .BOTH. , #3008 ) ;
#3163 = ADVANCED_FACE ( 'NONE', ( #7582 ), #9509, .T. ) ;
#3164 = EDGE_CURVE ( 'NONE', #8696, #3346, #7885, .T. ) ;
#3165 = DIRECTION ( 'NONE',  ( 0.000000000000000000, 0.000000000000000000, -1.000000000000000000 ) ) ;
#3166 = FACE_OUTER_BOUND ( 'NONE', #254, .T. ) ;
#3167 = FILL_AREA_STYLE ('',( #9181 ) ) ;
#3168 = FILL_AREA_STYLE ('',( #10929 ) ) ;
#3169 = AXIS2_PLACEMENT_3D ( 'NONE', #8300, #3245, #3188 ) ;
#3170 = CIRCLE ( 'NONE', #8248, 0.09999999999999956146 ) ;
#3171 = ORIENTED_EDGE ( 'NONE', *, *, #6843, .F. ) ;
#3172 = CARTESIAN_POINT ( 'NONE',  ( 1.059999999999999387, -2.166782826543157903, 0.1100000000000000144 ) ) ;
#3173 = CIRCLE ( 'NONE', #9868, 0.09999999999999982514 ) ;
#3174 = AXIS2_PLACEMENT_3D ( 'NONE', #2003, #1010, #2793 ) ;
#3175 = COLOUR_RGB ( '',0.2862745098039215508, 0.2862745098039215508, 0.2862745098039215508 ) ;
#3176 = ORIENTED_EDGE ( 'NONE', *, *, #1640, .T. ) ;
#3177 = VECTOR ( 'NONE', #6987, 1000.000000000000000 ) ;
#3178 = CARTESIAN_POINT ( 'NONE',  ( 4.325000000000000178, 1.874999999999999778, -0.1100000000000000006 ) ) ;
#3179 = UNCERTAINTY_MEASURE_WITH_UNIT (LENGTH_MEASURE( 1.000000000000000082E-05 ), #2642, 'distance_accuracy_value', 'NONE');
#3180 = CARTESIAN_POINT ( 'NONE',  ( -2.750000000000001332, 2.366708997306596007, -0.08456619434753621933 ) ) ;
#3181 = CARTESIAN_POINT ( 'NONE',  ( -0.2100000000000005473, -2.474947744208253031, -0.7427475520708763934 ) ) ;
#3182 = SURFACE_SIDE_STYLE ('',( #1391 ) ) ;
#3183 = AXIS2_PLACEMENT_3D ( 'NONE', #868, #137, #982 ) ;
#3184 = ORIENTED_EDGE ( 'NONE', *, *, #1991, .T. ) ;
#3185 = VERTEX_POINT ( 'NONE', #149 ) ;
#3186 = FACE_OUTER_BOUND ( 'NONE', #3279, .T. ) ;
#3187 = ORIENTED_EDGE ( 'NONE', *, *, #10621, .T. ) ;
#3188 = DIRECTION ( 'NONE',  ( 0.000000000000000000, 0.000000000000000000, 1.000000000000000000 ) ) ;
#3189 = VECTOR ( 'NONE', #6743, 1000.000000000000000 ) ;
#3190 = CARTESIAN_POINT ( 'NONE',  ( -1.480000000000000870, -2.166782826543157903, 0.1100000000000000144 ) ) ;
#3191 = CARTESIAN_POINT ( 'NONE',  ( 2.329999999999999627, 2.381960306200947564, -0.6457080498711260663 ) ) ;
#3192 = EDGE_LOOP ( 'NONE', ( #1667, #4343, #2809, #10155, #4085, #6708, #2986, #1673, #7030, #3098, #11089, #1024 ) ) ;
#3193 = CARTESIAN_POINT ( 'NONE',  ( -4.325000000000000178, -1.950000000000000178, 0.1100000000000000006 ) ) ;
#3194 = DIRECTION ( 'NONE',  ( 0.000000000000000000, 1.000000000000000000, 0.000000000000000000 ) ) ;
#3195 = CARTESIAN_POINT ( 'NONE',  ( -4.250409738600890108, 1.949998880753508024, -0.1100106489190371128 ) ) ;
#3196 = SURFACE_STYLE_USAGE ( .BOTH. , #410 ) ;
#3197 =( NAMED_UNIT ( * ) SI_UNIT ( $, .STERADIAN. ) SOLID_ANGLE_UNIT ( ) );
#3198 = DIRECTION ( 'NONE',  ( 1.000000000000000000, 0.000000000000000000, 0.000000000000000000 ) ) ;
#3199 = SURFACE_STYLE_FILL_AREA ( #9155 ) ;
#3200 = PRESENTATION_STYLE_ASSIGNMENT (( #11069 ) ) ;
#3201 = ORIENTED_EDGE ( 'NONE', *, *, #3230, .T. ) ;
#3202 = CARTESIAN_POINT ( 'NONE',  ( 4.264792128260249449, -1.882733289429967094, 0.6828396347450739201 ) ) ;
#3203 =( GEOMETRIC_REPRESENTATION_CONTEXT ( 3 ) GLOBAL_UNCERTAINTY_ASSIGNED_CONTEXT ( ( #9238 ) ) GLOBAL_UNIT_ASSIGNED_CONTEXT ( ( #1590, #7573, #7456 ) ) REPRESENTATION_CONTEXT ( 'NONE', 'WORKASPACE' ) );
#3204 = ORIENTED_EDGE ( 'NONE', *, *, #500, .F. ) ;
#3205 = ORIENTED_EDGE ( 'NONE', *, *, #5161, .F. ) ;
#3206 = FACE_OUTER_BOUND ( 'NONE', #1736, .T. ) ;
#3207 = SURFACE_STYLE_FILL_AREA ( #8258 ) ;
#3208 = CARTESIAN_POINT ( 'NONE',  ( 3.599999999999999645, -3.000000000000000000, -0.7794627824221421752 ) ) ;
#3209 =( NAMED_UNIT ( * ) SI_UNIT ( $, .STERADIAN. ) SOLID_ANGLE_UNIT ( ) );
#3210 = MECHANICAL_DESIGN_GEOMETRIC_PRESENTATION_REPRESENTATION (  '', ( #1610 ), #10450 ) ;
#3211 = COLOUR_RGB ( '',0.8039215686274510109, 0.8039215686274510109, 0.8039215686274510109 ) ;
#3212 = FILL_AREA_STYLE_COLOUR ( '', #7829 ) ;
#3213 =( NAMED_UNIT ( * ) PLANE_ANGLE_UNIT ( ) SI_UNIT ( $, .RADIAN. ) );
#3214 = COLOUR_RGB ( '',0.8039215686274510109, 0.8039215686274510109, 0.8039215686274510109 ) ;
#3215 = DIRECTION ( 'NONE',  ( 0.000000000000000000, -0.000000000000000000, 1.000000000000000000 ) ) ;
#3216 = EDGE_CURVE ( 'NONE', #3131, #8519, #2830, .T. ) ;
#3217 =( GEOMETRIC_REPRESENTATION_CONTEXT ( 3 ) GLOBAL_UNCERTAINTY_ASSIGNED_CONTEXT ( ( #11072 ) ) GLOBAL_UNIT_ASSIGNED_CONTEXT ( ( #1962, #5347, #10609 ) ) REPRESENTATION_CONTEXT ( 'NONE', 'WORKASPACE' ) );
#3218 = AXIS2_PLACEMENT_3D ( 'NONE', #3753, #317, #936 ) ;
#3219 = ORIENTED_EDGE ( 'NONE', *, *, #10085, .F. ) ;
#3220 = ORIENTED_EDGE ( 'NONE', *, *, #10197, .T. ) ;
#3221 = CARTESIAN_POINT ( 'NONE',  ( -4.325000000000000178, -1.875000000000000222, -0.1100000000000000006 ) ) ;
#3222 = CARTESIAN_POINT ( 'NONE',  ( 4.190202986107629535, 1.815202986107628647, -0.6750000000000000444 ) ) ;
#3223 = SURFACE_SIDE_STYLE ('',( #7530 ) ) ;
#3224 = CARTESIAN_POINT ( 'NONE',  ( -2.330000000000001403, -1.950000000000000178, -0.1099999999999999867 ) ) ;
#3225 = EDGE_CURVE ( 'NONE', #1282, #7061, #1397, .T. ) ;
#3226 = MECHANICAL_DESIGN_GEOMETRIC_PRESENTATION_REPRESENTATION (  '', ( #8109 ), #1974 ) ;
#3227 = ORIENTED_EDGE ( 'NONE', *, *, #3669, .F. ) ;
#3228 = UNCERTAINTY_MEASURE_WITH_UNIT (LENGTH_MEASURE( 1.000000000000000082E-05 ), #3033, 'distance_accuracy_value', 'NONE');
#3229 = EDGE_CURVE ( 'NONE', #1963, #5952, #8253, .T. ) ;
#3230 = EDGE_CURVE ( 'NONE', #6515, #6033, #11154, .T. ) ;
#3231 = VERTEX_POINT ( 'NONE', #2769 ) ;
#3232 = SURFACE_SIDE_STYLE ('',( #2330 ) ) ;
#3233 = CARTESIAN_POINT ( 'NONE',  ( -0.2100000000000005473, -2.050000000000000266, -0.1099999999999999867 ) ) ;
#3234 = COLOUR_RGB ( '',0.2862745098039215508, 0.2862745098039215508, 0.2862745098039215508 ) ;
#3235 = DIRECTION ( 'NONE',  ( 1.000000000000000000, 0.000000000000000000, 0.000000000000000000 ) ) ;
#3236 = DIRECTION ( 'NONE',  ( 0.000000000000000000, 0.000000000000000000, -1.000000000000000000 ) ) ;
#3237 = UNCERTAINTY_MEASURE_WITH_UNIT (LENGTH_MEASURE( 1.000000000000000082E-05 ), #6805, 'distance_accuracy_value', 'NONE');
#3238 = DIRECTION ( 'NONE',  ( 1.000000000000000000, 0.000000000000000000, 0.000000000000000000 ) ) ;
#3239 = FILL_AREA_STYLE_COLOUR ( '', #2650 ) ;
#3240 = DIRECTION ( 'NONE',  ( 1.000000000000000000, 0.000000000000000000, 0.000000000000000000 ) ) ;
#3241 = EDGE_LOOP ( 'NONE', ( #4680, #5310, #7270, #11 ) ) ;
#3242 = ORIENTED_EDGE ( 'NONE', *, *, #5602, .F. ) ;
#3243 = CARTESIAN_POINT ( 'NONE',  ( 2.329999999999999627, 2.050000000000000266, -0.1099999999999999867 ) ) ;
#3244 = ORIENTED_EDGE ( 'NONE', *, *, #6077, .F. ) ;
#3245 = DIRECTION ( 'NONE',  ( -1.000000000000000000, 0.000000000000000000, -0.000000000000000000 ) ) ;
#3246 = EDGE_CURVE ( 'NONE', #6915, #6429, #7129, .T. ) ;
#3247 = DIRECTION ( 'NONE',  ( 0.000000000000000000, 0.9975640502598243087, 0.06975647374412501101 ) ) ;
#3248 = ORIENTED_EDGE ( 'NONE', *, *, #6482, .F. ) ;
#3249 = SURFACE_STYLE_USAGE ( .BOTH. , #7607 ) ;
#3250 = APPLICATION_PROTOCOL_DEFINITION ( 'draft international standard', 'automotive_design', 1998, #2779 ) ;
#3251 = SURFACE_SIDE_STYLE ('',( #56 ) ) ;
#3252 = PRESENTATION_STYLE_ASSIGNMENT (( #683 ) ) ;
#3253 = DIRECTION ( 'NONE',  ( 1.000000000000000000, 0.000000000000000000, 0.000000000000000000 ) ) ;
#3254 =( LENGTH_UNIT ( ) NAMED_UNIT ( * ) SI_UNIT ( .MILLI., .METRE. ) );
#3255 = ORIENTED_EDGE ( 'NONE', *, *, #499, .F. ) ;
#3256 = SURFACE_STYLE_FILL_AREA ( #8485 ) ;
#3257 = SURFACE_SIDE_STYLE ('',( #11022 ) ) ;
#3258 = VERTEX_POINT ( 'NONE', #9567 ) ;
#3259 = PRESENTATION_STYLE_ASSIGNMENT (( #4307 ) ) ;
#3260 = ORIENTED_EDGE ( 'NONE', *, *, #5038, .T. ) ;
#3261 = FACE_OUTER_BOUND ( 'NONE', #3021, .T. ) ;
#3262 = CARTESIAN_POINT ( 'NONE',  ( 3.599999999999999645, 2.050000000000000266, -0.1099999999999999867 ) ) ;
#3263 = CARTESIAN_POINT ( 'NONE',  ( -4.020000000000001350, 2.366708997306596007, -0.08456619434753621933 ) ) ;
#3264 = DIRECTION ( 'NONE',  ( 0.000000000000000000, 0.06975647374412548285, 0.9975640502598243087 ) ) ;
#3265 = SURFACE_SIDE_STYLE ('',( #700 ) ) ;
#3266 = DIRECTION ( 'NONE',  ( 0.000000000000000000, 0.000000000000000000, -1.000000000000000000 ) ) ;
#3267 = VERTEX_POINT ( 'NONE', #8775 ) ;
#3268 = EDGE_LOOP ( 'NONE', ( #1705, #8678, #8445, #5994 ) ) ;
#3269 = ADVANCED_FACE ( 'NONE', ( #5428 ), #8031, .T. ) ;
#3270 = AXIS2_PLACEMENT_3D ( 'NONE', #3770, #3018, #6471 ) ;
#3271 = CARTESIAN_POINT ( 'NONE',  ( 0.2099999999999992428, 2.366708997306596007, -0.08456619434753621933 ) ) ;
#3272 = CARTESIAN_POINT ( 'NONE',  ( 0.2099999999999992428, 2.149963085381718209, -0.2072830971737681105 ) ) ;
#3273 = VECTOR ( 'NONE', #2845, 1000.000000000000000 ) ;
#3274 = LINE ( 'NONE', #8610, #8201 ) ;
#3275 = ORIENTED_EDGE ( 'NONE', *, *, #4631, .T. ) ;
#3276 = CARTESIAN_POINT ( 'NONE',  ( 4.325000000000000178, -1.875000000000000222, -0.1100000000000000006 ) ) ;
#3277 = AXIS2_PLACEMENT_3D ( 'NONE', #3472, #8852, #169 ) ;
#3278 = MECHANICAL_DESIGN_GEOMETRIC_PRESENTATION_REPRESENTATION (  '', ( #2027 ), #4207 ) ;
#3279 = EDGE_LOOP ( 'NONE', ( #9751, #1755, #5717, #1922 ) ) ;
#3280 = CARTESIAN_POINT ( 'NONE',  ( -3.600000000000000977, -2.474947744208253031, -0.7427475520708766155 ) ) ;
#3281 = FILL_AREA_STYLE_COLOUR ( '', #4474 ) ;
#3282 =( GEOMETRIC_REPRESENTATION_CONTEXT ( 3 ) GLOBAL_UNCERTAINTY_ASSIGNED_CONTEXT ( ( #10452 ) ) GLOBAL_UNIT_ASSIGNED_CONTEXT ( ( #3525, #3634, #7081 ) ) REPRESENTATION_CONTEXT ( 'NONE', 'WORKASPACE' ) );
#3283 = DIRECTION ( 'NONE',  ( -0.000000000000000000, 1.000000000000000000, -0.000000000000000000 ) ) ;
#3284 = CARTESIAN_POINT ( 'NONE',  ( -4.020000000000001350, 2.364926170763438140, -0.7551029321564953767 ) ) ;
#3285 = SURFACE_STYLE_USAGE ( .BOTH. , #5047 ) ;
#3286 = ADVANCED_FACE ( 'NONE', ( #10576 ), #10636, .T. ) ;
#3287 = PRESENTATION_STYLE_ASSIGNMENT (( #11002 ) ) ;
#3288 = CARTESIAN_POINT ( 'NONE',  ( 1.479999999999999094, 1.950000000000000178, -0.1099999999999999867 ) ) ;
#3289 = STYLED_ITEM ( 'NONE', ( #7454 ), #6060 ) ;
#3290 = ADVANCED_FACE ( 'NONE', ( #10856 ), #4706, .T. ) ;
#3291 = ORIENTED_EDGE ( 'NONE', *, *, #10837, .T. ) ;
#3292 = VERTEX_POINT ( 'NONE', #5492 ) ;
#3293 = CARTESIAN_POINT ( 'NONE',  ( -4.190202986107629535, -1.815202986107628869, -0.6749999999999999334 ) ) ;
#3294 = CARTESIAN_POINT ( 'NONE',  ( 3.599999999999999645, -2.381960306200947564, -0.6457080498711260663 ) ) ;
#3295 = VECTOR ( 'NONE', #3864, 1000.000000000000227 ) ;
#3296 = CARTESIAN_POINT ( 'NONE',  ( -4.020000000000001350, -2.350974876014612747, -0.9546157422084604605 ) ) ;
#3297 = AXIS2_PLACEMENT_3D ( 'NONE', #2799, #8114, #7211 ) ;
#3298 = DIRECTION ( 'NONE',  ( 0.000000000000000000, 1.000000000000000000, 0.000000000000000000 ) ) ;
#3299 = EDGE_CURVE ( 'NONE', #7837, #7972, #5611, .T. ) ;
#3300 = ORIENTED_EDGE ( 'NONE', *, *, #88, .F. ) ;
#3301 = CARTESIAN_POINT ( 'NONE',  ( -2.330000000000001403, 2.366708997306596007, -0.08456619434753621933 ) ) ;
#3302 = FACE_OUTER_BOUND ( 'NONE', #3241, .T. ) ;
#3303 = DIRECTION ( 'NONE',  ( -0.000000000000000000, -0.000000000000000000, 1.000000000000000000 ) ) ;
#3304 = CARTESIAN_POINT ( 'NONE',  ( 0.000000000000000000, 0.000000000000000000, 0.000000000000000000 ) ) ;
#3305 = CARTESIAN_POINT ( 'NONE',  ( -4.264792128260249449, 1.815202986107628647, 0.6828396347450739201 ) ) ;
#3306 = FILL_AREA_STYLE_COLOUR ( '', #5730 ) ;
#3307 =( GEOMETRIC_REPRESENTATION_CONTEXT ( 3 ) GLOBAL_UNCERTAINTY_ASSIGNED_CONTEXT ( ( #2628 ) ) GLOBAL_UNIT_ASSIGNED_CONTEXT ( ( #1356, #8731, #7933 ) ) REPRESENTATION_CONTEXT ( 'NONE', 'WORKASPACE' ) );
#3308 = SURFACE_STYLE_FILL_AREA ( #5013 ) ;
#3309 = EDGE_CURVE ( 'NONE', #1403, #4489, #4813, .T. ) ;
#3310 = MECHANICAL_DESIGN_GEOMETRIC_PRESENTATION_REPRESENTATION (  '', ( #8383 ), #9469 ) ;
#3311 = EDGE_LOOP ( 'NONE', ( #6763, #6691, #2229, #5487 ) ) ;
#3312 = CARTESIAN_POINT ( 'NONE',  ( -4.249999999999999112, -1.950000000000000178, 0.1100000000000000006 ) ) ;
#3313 = VERTEX_POINT ( 'NONE', #482 ) ;
#3314 =( NAMED_UNIT ( * ) SI_UNIT ( $, .STERADIAN. ) SOLID_ANGLE_UNIT ( ) );
#3315 = VECTOR ( 'NONE', #3867, 1000.000000000000000 ) ;
#3316 = DIRECTION ( 'NONE',  ( 1.000000000000000000, 0.000000000000000000, 0.000000000000000000 ) ) ;
#3317 =( GEOMETRIC_REPRESENTATION_CONTEXT ( 3 ) GLOBAL_UNCERTAINTY_ASSIGNED_CONTEXT ( ( #9569 ) ) GLOBAL_UNIT_ASSIGNED_CONTEXT ( ( #2374, #1541, #1648 ) ) REPRESENTATION_CONTEXT ( 'NONE', 'WORKASPACE' ) );
#3318 = EDGE_LOOP ( 'NONE', ( #9230, #5812, #7547, #3022 ) ) ;
#3319 = SURFACE_SIDE_STYLE ('',( #9317 ) ) ;
#3320 = PRODUCT_DEFINITION_SHAPE ( 'NONE', 'NONE',  #3345 ) ;
#3321 = ORIENTED_EDGE ( 'NONE', *, *, #9465, .F. ) ;
#3322 = LINE ( 'NONE', #5939, #1173 ) ;
#3323 = CYLINDRICAL_SURFACE ( 'NONE', #6024, 0.09999999999999982514 ) ;
#3324 = LINE ( 'NONE', #9218, #6236 ) ;
#3325 = DIRECTION ( 'NONE',  ( 0.000000000000000000, 0.000000000000000000, -1.000000000000000000 ) ) ;
#3326 = CARTESIAN_POINT ( 'NONE',  ( -4.020000000000001350, 2.050000000000000266, -0.2100000000000000200 ) ) ;
#3327 = CARTESIAN_POINT ( 'NONE',  ( 2.329999999999999627, 2.474947744208253031, -0.7427475520708766155 ) ) ;
#3328 = PRESENTATION_LAYER_ASSIGNMENT (  '', '', ( #1885 ) ) ;
#3329 = SURFACE_STYLE_FILL_AREA ( #11084 ) ;
#3330 =( NAMED_UNIT ( * ) SI_UNIT ( $, .STERADIAN. ) SOLID_ANGLE_UNIT ( ) );
#3331 = LINE ( 'NONE', #5784, #10989 ) ;
#3332 = ORIENTED_EDGE ( 'NONE', *, *, #9749, .T. ) ;
#3333 = ORIENTED_EDGE ( 'NONE', *, *, #915, .F. ) ;
#3334 = CARTESIAN_POINT ( 'NONE',  ( -1.060000000000000941, -2.474947744208253031, -0.7427475520708763934 ) ) ;
#3335 = STYLED_ITEM ( 'NONE', ( #5865 ), #7939 ) ;
#3336 = CARTESIAN_POINT ( 'NONE',  ( -1.480000000000000870, -2.366708997306596007, -0.08456619434753621933 ) ) ;
#3337 = AXIS2_PLACEMENT_3D ( 'NONE', #1865, #3517, #6285 ) ;
#3338 = DIRECTION ( 'NONE',  ( 0.000000000000000000, 0.9945218953682731788, -0.1045284632676552333 ) ) ;
#3339 =( NAMED_UNIT ( * ) PLANE_ANGLE_UNIT ( ) SI_UNIT ( $, .RADIAN. ) );
#3340 =( NAMED_UNIT ( * ) PLANE_ANGLE_UNIT ( ) SI_UNIT ( $, .RADIAN. ) );
#3341 = ORIENTED_EDGE ( 'NONE', *, *, #4148, .T. ) ;
#3342 = FILL_AREA_STYLE_COLOUR ( '', #11086 ) ;
#3343 = UNCERTAINTY_MEASURE_WITH_UNIT (LENGTH_MEASURE( 1.000000000000000082E-05 ), #7981, 'distance_accuracy_value', 'NONE');
#3344 = VECTOR ( 'NONE', #8139, 1000.000000000000227 ) ;
#3345 = PRODUCT_DEFINITION ( 'UNKNOWN', '', #483, #10453 ) ;
#3346 = VERTEX_POINT ( 'NONE', #1423 ) ;
#3347 =( GEOMETRIC_REPRESENTATION_CONTEXT ( 3 ) GLOBAL_UNCERTAINTY_ASSIGNED_CONTEXT ( ( #1176 ) ) GLOBAL_UNIT_ASSIGNED_CONTEXT ( ( #8605, #8197, #9901 ) ) REPRESENTATION_CONTEXT ( 'NONE', 'WORKASPACE' ) );
#3348 =( NAMED_UNIT ( * ) SI_UNIT ( $, .STERADIAN. ) SOLID_ANGLE_UNIT ( ) );
#3349 = CARTESIAN_POINT ( 'NONE',  ( -1.480000000000000870, 2.366708997306596007, -0.08456619434753616382 ) ) ;
#3350 = STYLED_ITEM ( 'NONE', ( #6107 ), #645 ) ;
#3351 = SURFACE_STYLE_FILL_AREA ( #9240 ) ;
#3352 = FACE_OUTER_BOUND ( 'NONE', #2527, .T. ) ;
#3353 = STYLED_ITEM ( 'NONE', ( #4839 ), #8141 ) ;
#3354 = ORIENTED_EDGE ( 'NONE', *, *, #6692, .T. ) ;
#3355 = ORIENTED_EDGE ( 'NONE', *, *, #3852, .T. ) ;
#3356 = PRESENTATION_STYLE_ASSIGNMENT (( #10382 ) ) ;
#3357 = ORIENTED_EDGE ( 'NONE', *, *, #6204, .F. ) ;
#3358 = AXIS2_PLACEMENT_3D ( 'NONE', #7392, #10844, #9991 ) ;
#3359 = SURFACE_STYLE_USAGE ( .BOTH. , #4283 ) ;
#3361 = EDGE_CURVE ( 'NONE', #8063, #4306, #10025, .T. ) ;
#3360 =( GEOMETRIC_REPRESENTATION_CONTEXT ( 3 ) GLOBAL_UNCERTAINTY_ASSIGNED_CONTEXT ( ( #1688 ) ) GLOBAL_UNIT_ASSIGNED_CONTEXT ( ( #3254, #2185, #8421 ) ) REPRESENTATION_CONTEXT ( 'NONE', 'WORKASPACE' ) );
#3362 = CIRCLE ( 'NONE', #2635, 0.09999999999999982514 ) ;
#3363 = VECTOR ( 'NONE', #9631, 1000.000000000000000 ) ;
#3364 = COLOUR_RGB ( '',0.8039215686274510109, 0.8039215686274510109, 0.8039215686274510109 ) ;
#3365 = LINE ( 'NONE', #2455, #1555 ) ;
#3366 = DIRECTION ( 'NONE',  ( 0.000000000000000000, 0.9975640502598241977, -0.06975647374412546897 ) ) ;
#3367 = VERTEX_POINT ( 'NONE', #7234 ) ;
#3368 = DIRECTION ( 'NONE',  ( 0.000000000000000000, 0.000000000000000000, -1.000000000000000000 ) ) ;
#3369 = SURFACE_SIDE_STYLE ('',( #681 ) ) ;
#3370 = PRESENTATION_STYLE_ASSIGNMENT (( #3249 ) ) ;
#3371 = SURFACE_STYLE_USAGE ( .BOTH. , #5975 ) ;
#3372 =( GEOMETRIC_REPRESENTATION_CONTEXT ( 3 ) GLOBAL_UNCERTAINTY_ASSIGNED_CONTEXT ( ( #3898 ) ) GLOBAL_UNIT_ASSIGNED_CONTEXT ( ( #11096, #9227, #9280 ) ) REPRESENTATION_CONTEXT ( 'NONE', 'WORKASPACE' ) );
#3373 = LINE ( 'NONE', #6141, #8442 ) ;
#3374 = SURFACE_SIDE_STYLE ('',( #3308 ) ) ;
#3375 = VECTOR ( 'NONE', #1267, 1000.000000000000000 ) ;
#3376 = EDGE_LOOP ( 'NONE', ( #9929, #1338, #2348, #7678 ) ) ;
#3377 = MECHANICAL_DESIGN_GEOMETRIC_PRESENTATION_REPRESENTATION (  '', ( #3745 ), #2467 ) ;
#3378 = SURFACE_STYLE_USAGE ( .BOTH. , #2522 ) ;
#3379 = CARTESIAN_POINT ( 'NONE',  ( 2.329999999999999627, -2.366708997306596007, -0.08456619434753621933 ) ) ;
#3380 = ORIENTED_EDGE ( 'NONE', *, *, #2724, .F. ) ;
#3381 = ORIENTED_EDGE ( 'NONE', *, *, #419, .T. ) ;
#3382 = EDGE_CURVE ( 'NONE', #7351, #1055, #9841, .T. ) ;
#3383 = SURFACE_STYLE_FILL_AREA ( #10120 ) ;
#3384 = STYLED_ITEM ( 'NONE', ( #6960 ), #10013 ) ;
#3385 = UNCERTAINTY_MEASURE_WITH_UNIT (LENGTH_MEASURE( 1.000000000000000082E-05 ), #6144, 'distance_accuracy_value', 'NONE');
#3386 = EDGE_CURVE ( 'NONE', #7536, #6783, #6500, .T. ) ;
#3387 = ADVANCED_FACE ( 'NONE', ( #7284 ), #588, .T. ) ;
#3388 = FACE_OUTER_BOUND ( 'NONE', #31, .T. ) ;
#3389 = VERTEX_POINT ( 'NONE', #8434 ) ;
#3390 = VERTEX_POINT ( 'NONE', #3208 ) ;
#3391 = AXIS2_PLACEMENT_3D ( 'NONE', #5608, #3857, #2142 ) ;
#3392 = DIRECTION ( 'NONE',  ( 1.000000000000000000, 0.000000000000000000, 0.000000000000000000 ) ) ;
#3393 = FACE_OUTER_BOUND ( 'NONE', #1156, .T. ) ;
#3394 = VECTOR ( 'NONE', #6480, 1000.000000000000000 ) ;
#3395 = PRESENTATION_STYLE_ASSIGNMENT (( #1531 ) ) ;
#3396 =( GEOMETRIC_REPRESENTATION_CONTEXT ( 3 ) GLOBAL_UNCERTAINTY_ASSIGNED_CONTEXT ( ( #1727 ) ) GLOBAL_UNIT_ASSIGNED_CONTEXT ( ( #11041, #11168, #9408 ) ) REPRESENTATION_CONTEXT ( 'NONE', 'WORKASPACE' ) );
#3397 = DIRECTION ( 'NONE',  ( -0.000000000000000000, -1.000000000000000000, -0.000000000000000000 ) ) ;
#3398 = STYLED_ITEM ( 'NONE', ( #6115 ), #4201 ) ;
#3399 = ORIENTED_EDGE ( 'NONE', *, *, #10629, .F. ) ;
#3400 = ORIENTED_EDGE ( 'NONE', *, *, #9683, .T. ) ;
#3401 = FACE_OUTER_BOUND ( 'NONE', #3766, .T. ) ;
#3402 = DIRECTION ( 'NONE',  ( 1.000000000000000000, 0.000000000000000000, 0.000000000000000000 ) ) ;
#3403 = STYLED_ITEM ( 'NONE', ( #8261 ), #4220 ) ;
#3404 = CARTESIAN_POINT ( 'NONE',  ( -2.330000000000001403, 2.481923391582665950, -0.6429911470448941291 ) ) ;
#3405 = CIRCLE ( 'NONE', #9189, 0.2000000000000003164 ) ;
#3406 = CARTESIAN_POINT ( 'NONE',  ( -4.020000000000001350, -2.364926170763438140, -0.7551029321564953767 ) ) ;
#3407 =( NAMED_UNIT ( * ) SI_UNIT ( $, .STERADIAN. ) SOLID_ANGLE_UNIT ( ) );
#3408 = CARTESIAN_POINT ( 'NONE',  ( 4.325000000000000178, -1.875000000000000222, 0.1100000000000000006 ) ) ;
#3409 = ORIENTED_EDGE ( 'NONE', *, *, #25, .T. ) ;
#3410 = CARTESIAN_POINT ( 'NONE',  ( 2.329999999999999627, 1.950000000000000178, 0.1100000000000000144 ) ) ;
#3411 = CARTESIAN_POINT ( 'NONE',  ( 1.059999999999999387, 2.474947744208253031, -0.7427475520708766155 ) ) ;
#3412 = AXIS2_PLACEMENT_3D ( 'NONE', #170, #7940, #6234 ) ;
#3413 = VECTOR ( 'NONE', #6005, 1000.000000000000000 ) ;
#3414 = VECTOR ( 'NONE', #4281, 1000.000000000000000 ) ;
#3415 = ORIENTED_EDGE ( 'NONE', *, *, #919, .T. ) ;
#3416 = SURFACE_SIDE_STYLE ('',( #829 ) ) ;
#3417 = CARTESIAN_POINT ( 'NONE',  ( -2.330000000000001403, 1.950000000000000178, -0.1099999999999999867 ) ) ;
#3418 = SURFACE_STYLE_USAGE ( .BOTH. , #1662 ) ;
#3419 = FACE_OUTER_BOUND ( 'NONE', #7212, .T. ) ;
#3420 =( NAMED_UNIT ( * ) PLANE_ANGLE_UNIT ( ) SI_UNIT ( $, .RADIAN. ) );
#3421 = ORIENTED_EDGE ( 'NONE', *, *, #5181, .F. ) ;
#3422 =( LENGTH_UNIT ( ) NAMED_UNIT ( * ) SI_UNIT ( .MILLI., .METRE. ) );
#3423 = CARTESIAN_POINT ( 'NONE',  ( -4.324998880753507358, 1.875409738600887000, 0.1100106489190410680 ) ) ;
#3424 =( NAMED_UNIT ( * ) SI_UNIT ( $, .STERADIAN. ) SOLID_ANGLE_UNIT ( ) );
#3425 =( NAMED_UNIT ( * ) SI_UNIT ( $, .STERADIAN. ) SOLID_ANGLE_UNIT ( ) );
#3426 = ORIENTED_EDGE ( 'NONE', *, *, #11180, .T. ) ;
#3427 = DIRECTION ( 'NONE',  ( 0.000000000000000000, -0.9975640502598241977, -0.06975647374412546897 ) ) ;
#3428 = DIRECTION ( 'NONE',  ( 0.000000000000000000, 0.000000000000000000, -1.000000000000000000 ) ) ;
#3429 = LINE ( 'NONE', #7608, #4224 ) ;
#3430 = EDGE_CURVE ( 'NONE', #11123, #8061, #6670, .T. ) ;
#3431 =( NAMED_UNIT ( * ) PLANE_ANGLE_UNIT ( ) SI_UNIT ( $, .RADIAN. ) );
#3432 = CARTESIAN_POINT ( 'NONE',  ( -4.293963392251841427, -1.949760935694446085, -0.1122745449310407206 ) ) ;
#3433 = FILL_AREA_STYLE ('',( #8584 ) ) ;
#3434 = EDGE_CURVE ( 'NONE', #5670, #10655, #10179, .T. ) ;
#3435 = ORIENTED_EDGE ( 'NONE', *, *, #769, .F. ) ;
#3436 = DIRECTION ( 'NONE',  ( 1.000000000000000000, 0.000000000000000000, 0.000000000000000000 ) ) ;
#3437 = PRESENTATION_STYLE_ASSIGNMENT (( #799 ) ) ;
#3438 = ORIENTED_EDGE ( 'NONE', *, *, #3442, .F. ) ;
#3439 = DIRECTION ( 'NONE',  ( 0.000000000000000000, -1.000000000000000000, 0.000000000000000000 ) ) ;
#3440 = ORIENTED_EDGE ( 'NONE', *, *, #1054, .T. ) ;
#3441 = CARTESIAN_POINT ( 'NONE',  ( -4.020000000000001350, 1.950000000000000178, 0.1100000000000000144 ) ) ;
#3442 = EDGE_CURVE ( 'NONE', #8949, #1062, #9323, .T. ) ;
#3443 = DIRECTION ( 'NONE',  ( 0.000000000000000000, -0.02716902826232023976, 0.9996308538171885250 ) ) ;
#3444 = ADVANCED_FACE ( 'NONE', ( #867 ), #7739, .T. ) ;
#3445 = CARTESIAN_POINT ( 'NONE',  ( -4.250409738600888332, 1.949998880753508024, 0.1100106489190367937 ) ) ;
#3446 = CARTESIAN_POINT ( 'NONE',  ( 1.059999999999999387, -2.474947744208253031, -0.7427475520708763934 ) ) ;
#3447 = CYLINDRICAL_SURFACE ( 'NONE', #7524, 0.09999999999999982514 ) ;
#3448 = EDGE_CURVE ( 'NONE', #7014, #2257, #3324, .T. ) ;
#3449 = AXIS2_PLACEMENT_3D ( 'NONE', #3674, #5303, #1029 ) ;
#3450 = ORIENTED_EDGE ( 'NONE', *, *, #6557, .F. ) ;
#3451 = ORIENTED_EDGE ( 'NONE', *, *, #9387, .T. ) ;
#3452 = FILL_AREA_STYLE_COLOUR ( '', #4994 ) ;
#3453 = EDGE_CURVE ( 'NONE', #4929, #1144, #1028, .T. ) ;
#3454 = CARTESIAN_POINT ( 'NONE',  ( -0.2100000000000005473, -2.166782826543157903, -0.09000000000000002442 ) ) ;
#3455 = PRESENTATION_STYLE_ASSIGNMENT (( #4430 ) ) ;
#3456 = PLANE ( 'NONE',  #7361 ) ;
#3457 = SURFACE_STYLE_FILL_AREA ( #262 ) ;
#3458 = CARTESIAN_POINT ( 'NONE',  ( 4.019999999999999574, 2.165000000000000036, -0.7605367378089592512 ) ) ;
#3459 = VECTOR ( 'NONE', #739, 1000.000000000000114 ) ;
#3460 = CARTESIAN_POINT ( 'NONE',  ( -4.257733289429966206, 1.815202986107628647, 0.7500000000000000000 ) ) ;
#3461 = CARTESIAN_POINT ( 'NONE',  ( 1.059999999999999387, 2.474947744208253031, -0.7427475520708766155 ) ) ;
#3462 = EDGE_CURVE ( 'NONE', #9523, #1715, #2360, .T. ) ;
#3463 = DIRECTION ( 'NONE',  ( 1.000000000000000000, -0.000000000000000000, 0.000000000000000000 ) ) ;
#3464 = ORIENTED_EDGE ( 'NONE', *, *, #3430, .F. ) ;
#3465 =( NAMED_UNIT ( * ) PLANE_ANGLE_UNIT ( ) SI_UNIT ( $, .RADIAN. ) );
#3466 = MECHANICAL_DESIGN_GEOMETRIC_PRESENTATION_REPRESENTATION (  '', ( #1835 ), #9791 ) ;
#3467 = EDGE_LOOP ( 'NONE', ( #10199, #6408, #8664, #6030 ) ) ;
#3468 =( NAMED_UNIT ( * ) PLANE_ANGLE_UNIT ( ) SI_UNIT ( $, .RADIAN. ) );
#3469 = FILL_AREA_STYLE ('',( #9735 ) ) ;
#3470 = COLOUR_RGB ( '',0.8039215686274510109, 0.8039215686274510109, 0.8039215686274510109 ) ;
#3471 = PRESENTATION_STYLE_ASSIGNMENT (( #8566 ) ) ;
#3472 = CARTESIAN_POINT ( 'NONE',  ( -4.190202986107629535, 1.815202986107628647, -0.6750000000000000444 ) ) ;
#3473 = DIRECTION ( 'NONE',  ( 1.000000000000000000, 0.000000000000000000, 0.000000000000000000 ) ) ;
#3474 = FILL_AREA_STYLE ('',( #5162 ) ) ;
#3475 = ORIENTED_EDGE ( 'NONE', *, *, #7819, .T. ) ;
#3476 = LINE ( 'NONE', #9419, #2135 ) ;
#3477 = COLOUR_RGB ( '',0.8039215686274510109, 0.8039215686274510109, 0.8039215686274510109 ) ;
#3478 = MECHANICAL_DESIGN_GEOMETRIC_PRESENTATION_REPRESENTATION (  '', ( #2028 ), #9438 ) ;
#3479 = CARTESIAN_POINT ( 'NONE',  ( 2.749999999999999112, 2.166782826543157903, 0.1100000000000000144 ) ) ;
#3480 = MECHANICAL_DESIGN_GEOMETRIC_PRESENTATION_REPRESENTATION (  '', ( #4028 ), #9806 ) ;
#3482 = EDGE_CURVE ( 'NONE', #126, #6307, #1527, .T. ) ;
#3481 = CARTESIAN_POINT ( 'NONE',  ( 0.000000000000000000, -1.815202986107629091, -0.7500000000000000000 ) ) ;
#3483 =( NAMED_UNIT ( * ) PLANE_ANGLE_UNIT ( ) SI_UNIT ( $, .RADIAN. ) );
#3484 =( NAMED_UNIT ( * ) PLANE_ANGLE_UNIT ( ) SI_UNIT ( $, .RADIAN. ) );
#3485 = MECHANICAL_DESIGN_GEOMETRIC_PRESENTATION_REPRESENTATION (  '', ( #791 ), #3113 ) ;
#3486 = CARTESIAN_POINT ( 'NONE',  ( 2.329999999999999627, 1.950000000000000178, 0.1100000000000000144 ) ) ;
#3487 = FILL_AREA_STYLE ('',( #9646 ) ) ;
#3488 =( NAMED_UNIT ( * ) SI_UNIT ( $, .STERADIAN. ) SOLID_ANGLE_UNIT ( ) );
#3489 = ORIENTED_EDGE ( 'NONE', *, *, #5532, .F. ) ;
#3491 = SURFACE_SIDE_STYLE ('',( #6828 ) ) ;
#3490 = VECTOR ( 'NONE', #911, 1000.000000000000000 ) ;
#3492 = PRESENTATION_STYLE_ASSIGNMENT (( #7780 ) ) ;
#3493 = ORIENTED_EDGE ( 'NONE', *, *, #1165, .T. ) ;
#3494 = DIRECTION ( 'NONE',  ( 0.000000000000000000, 0.000000000000000000, 1.000000000000000000 ) ) ;
#3495 = EDGE_CURVE ( 'NONE', #2651, #4825, #11028, .T. ) ;
#3496 = AXIS2_PLACEMENT_3D ( 'NONE', #9990, #9147, #1406 ) ;
#3497 = FILL_AREA_STYLE ('',( #66 ) ) ;
#3498 = ORIENTED_EDGE ( 'NONE', *, *, #6615, .T. ) ;
#3499 = PRESENTATION_STYLE_ASSIGNMENT (( #5020 ) ) ;
#3500 = MECHANICAL_DESIGN_GEOMETRIC_PRESENTATION_REPRESENTATION (  '', ( #5851 ), #8564 ) ;
#3501 = FILL_AREA_STYLE_COLOUR ( '', #4811 ) ;
#3502 = DIRECTION ( 'NONE',  ( 0.000000000000000000, 0.000000000000000000, -1.000000000000000000 ) ) ;
#3503 = AXIS2_PLACEMENT_3D ( 'NONE', #1713, #775, #5912 ) ;
#3504 = CARTESIAN_POINT ( 'NONE',  ( -3.800202986107628522, -1.425202986107629410, 0.1884567106744935716 ) ) ;
#3505 = SURFACE_STYLE_FILL_AREA ( #1138 ) ;
#3506 = VECTOR ( 'NONE', #7932, 1000.000000000000000 ) ;
#3507 = CARTESIAN_POINT ( 'NONE',  ( -4.020000000000001350, -2.381960306200947564, -0.6457080498711260663 ) ) ;
#3508 = PRESENTATION_LAYER_ASSIGNMENT (  '', '', ( #1168 ) ) ;
#3509 = ORIENTED_EDGE ( 'NONE', *, *, #445, .F. ) ;
#3511 = ADVANCED_FACE ( 'NONE', ( #3393 ), #10398, .T. ) ;
#3510 = AXIS2_PLACEMENT_3D ( 'NONE', #1031, #6047, #4369 ) ;
#3512 = VERTEX_POINT ( 'NONE', #7966 ) ;
#3513 = DIRECTION ( 'NONE',  ( 0.000000000000000000, 0.9945218953682734009, 0.1045284632676537068 ) ) ;
#3514 =( NAMED_UNIT ( * ) SI_UNIT ( $, .STERADIAN. ) SOLID_ANGLE_UNIT ( ) );
#3515 = ADVANCED_FACE ( 'NONE', ( #7841 ), #1025, .T. ) ;
#3516 =( NAMED_UNIT ( * ) SI_UNIT ( $, .STERADIAN. ) SOLID_ANGLE_UNIT ( ) );
#3517 = DIRECTION ( 'NONE',  ( -1.000000000000000000, -0.000000000000000000, -0.000000000000000000 ) ) ;
#3518 =( GEOMETRIC_REPRESENTATION_CONTEXT ( 3 ) GLOBAL_UNCERTAINTY_ASSIGNED_CONTEXT ( ( #4377 ) ) GLOBAL_UNIT_ASSIGNED_CONTEXT ( ( #5040, #3340, #3407 ) ) REPRESENTATION_CONTEXT ( 'NONE', 'WORKASPACE' ) );
#3519 = FILL_AREA_STYLE_COLOUR ( '', #538 ) ;
#3520 =( NAMED_UNIT ( * ) SI_UNIT ( $, .STERADIAN. ) SOLID_ANGLE_UNIT ( ) );
#3521 = CARTESIAN_POINT ( 'NONE',  ( -4.157726890409721321, 1.857316032562341013, 0.9918290452651814526 ) ) ;
#3522 = CARTESIAN_POINT ( 'NONE',  ( -4.250136580382891438, -1.950000000000000400, -0.1099999999999998618 ) ) ;
#3523 = DIRECTION ( 'NONE',  ( 0.000000000000000000, 0.000000000000000000, -1.000000000000000000 ) ) ;
#3524 = ORIENTED_EDGE ( 'NONE', *, *, #7777, .F. ) ;
#3525 =( LENGTH_UNIT ( ) NAMED_UNIT ( * ) SI_UNIT ( .MILLI., .METRE. ) );
#3526 = EDGE_CURVE ( 'NONE', #861, #2084, #9606, .T. ) ;
#3527 = PRESENTATION_LAYER_ASSIGNMENT (  '', '', ( #2787 ) ) ;
#3528 = EDGE_CURVE ( 'NONE', #914, #8356, #6043, .T. ) ;
#3529 = ORIENTED_EDGE ( 'NONE', *, *, #1593, .T. ) ;
#3530 = EDGE_CURVE ( 'NONE', #1490, #9555, #4587, .T. ) ;
#3531 = LINE ( 'NONE', #10423, #2454 ) ;
#3532 = DIRECTION ( 'NONE',  ( 0.000000000000000000, 0.000000000000000000, -1.000000000000000000 ) ) ;
#3533 = MECHANICAL_DESIGN_GEOMETRIC_PRESENTATION_REPRESENTATION (  '', ( #9120 ), #653 ) ;
#3534 =( GEOMETRIC_REPRESENTATION_CONTEXT ( 3 ) GLOBAL_UNCERTAINTY_ASSIGNED_CONTEXT ( ( #4351 ) ) GLOBAL_UNIT_ASSIGNED_CONTEXT ( ( #3422, #6809, #6079 ) ) REPRESENTATION_CONTEXT ( 'NONE', 'WORKASPACE' ) );
#3535 = ORIENTED_EDGE ( 'NONE', *, *, #6323, .T. ) ;
#3536 =( GEOMETRIC_REPRESENTATION_CONTEXT ( 3 ) GLOBAL_UNCERTAINTY_ASSIGNED_CONTEXT ( ( #8205 ) ) GLOBAL_UNIT_ASSIGNED_CONTEXT ( ( #1268, #2899, #9802 ) ) REPRESENTATION_CONTEXT ( 'NONE', 'WORKASPACE' ) );
#3537 = DIRECTION ( 'NONE',  ( -1.000000000000000000, 0.000000000000000000, -0.000000000000000000 ) ) ;
#3538 = MECHANICAL_DESIGN_GEOMETRIC_PRESENTATION_REPRESENTATION (  '', ( #2622 ), #10399 ) ;
#3539 = PRESENTATION_STYLE_ASSIGNMENT (( #5453 ) ) ;
#3540 = FILL_AREA_STYLE ('',( #7888 ) ) ;
#3541 = SURFACE_STYLE_FILL_AREA ( #4399 ) ;
#3542 = CARTESIAN_POINT ( 'NONE',  ( 0.2099999999999992428, -3.000000000000000000, -0.7794627824221421752 ) ) ;
#3543 = VECTOR ( 'NONE', #1952, 1000.000000000000000 ) ;
#3544 = FILL_AREA_STYLE_COLOUR ( '', #4130 ) ;
#3545 = DIRECTION ( 'NONE',  ( -1.000000000000000000, -0.000000000000000000, -0.000000000000000000 ) ) ;
#3546 = PRESENTATION_LAYER_ASSIGNMENT (  '', '', ( #8427 ) ) ;
#3547 = ORIENTED_EDGE ( 'NONE', *, *, #10373, .T. ) ;
#3548 = FILL_AREA_STYLE ('',( #6031 ) ) ;
#3549 = CARTESIAN_POINT ( 'NONE',  ( 2.329999999999999627, -2.050000000000000266, -0.1099999999999999867 ) ) ;
#3550 = EDGE_LOOP ( 'NONE', ( #10863, #6254, #3995, #11157 ) ) ;
#3551 = VECTOR ( 'NONE', #9212, 1000.000000000000000 ) ;
#3552 = MECHANICAL_DESIGN_GEOMETRIC_PRESENTATION_REPRESENTATION (  '', ( #1737 ), #4468 ) ;
#3553 = DIRECTION ( 'NONE',  ( 0.000000000000000000, -0.06975647374412548285, 0.9975640502598243087 ) ) ;
#3554 = AXIS2_PLACEMENT_3D ( 'NONE', #6866, #4209, #4939 ) ;
#3555 = CARTESIAN_POINT ( 'NONE',  ( 1.059999999999999387, -2.149963085381718209, -0.2072830971737681105 ) ) ;
#3556 = UNCERTAINTY_MEASURE_WITH_UNIT (LENGTH_MEASURE( 1.000000000000000082E-05 ), #2421, 'distance_accuracy_value', 'NONE');
#3557 = CARTESIAN_POINT ( 'NONE',  ( 1.479999999999999094, 2.481923391582665950, -0.6429911470448941291 ) ) ;
#3558 = MECHANICAL_DESIGN_GEOMETRIC_PRESENTATION_REPRESENTATION (  '', ( #5547 ), #10411 ) ;
#3559 = ORIENTED_EDGE ( 'NONE', *, *, #6758, .F. ) ;
#3560 = DIRECTION ( 'NONE',  ( 0.000000000000000000, 0.02716902826231849810, -0.9996308538171886360 ) ) ;
#3561 = SURFACE_STYLE_USAGE ( .BOTH. , #7063 ) ;
#3562 =( NAMED_UNIT ( * ) PLANE_ANGLE_UNIT ( ) SI_UNIT ( $, .RADIAN. ) );
#3563 = STYLED_ITEM ( 'NONE', ( #4009 ), #2594 ) ;
#3564 = VECTOR ( 'NONE', #9276, 999.9999999999998863 ) ;
#3565 = SURFACE_STYLE_USAGE ( .BOTH. , #10508 ) ;
#3566 = CARTESIAN_POINT ( 'NONE',  ( -4.020000000000001350, -2.474947744208253031, -0.7427475520708766155 ) ) ;
#3567 = LINE ( 'NONE', #4482, #1290 ) ;
#3568 = AXIS2_PLACEMENT_3D ( 'NONE', #2016, #2808, #6099 ) ;
#3569 = SURFACE_SIDE_STYLE ('',( #10353 ) ) ;
#3570 = AXIS2_PLACEMENT_3D ( 'NONE', #4349, #2459, #3428 ) ;
#3571 = COLOUR_RGB ( '',0.2862745098039215508, 0.2862745098039215508, 0.2862745098039215508 ) ;
#3572 = ADVANCED_FACE ( 'NONE', ( #7790 ), #3622, .T. ) ;
#3573 = EDGE_LOOP ( 'NONE', ( #5114, #2597, #11166, #9851 ) ) ;
#3574 = ORIENTED_EDGE ( 'NONE', *, *, #3495, .F. ) ;
#3575 =( LENGTH_UNIT ( ) NAMED_UNIT ( * ) SI_UNIT ( .MILLI., .METRE. ) );
#3576 = CARTESIAN_POINT ( 'NONE',  ( -4.020000000000001350, -2.366708997306596007, -0.08456619434753616382 ) ) ;
#3577 = EDGE_CURVE ( 'NONE', #8429, #2013, #4742, .T. ) ;
#3578 = CARTESIAN_POINT ( 'NONE',  ( -4.020000000000001350, -2.166782826543157903, -0.09000000000000002442 ) ) ;
#3579 = VECTOR ( 'NONE', #7490, 999.9999999999998863 ) ;
#3580 = CARTESIAN_POINT ( 'NONE',  ( 2.329999999999999627, 1.950000000000000178, -0.1099999999999999867 ) ) ;
#3581 = UNCERTAINTY_MEASURE_WITH_UNIT (LENGTH_MEASURE( 1.000000000000000082E-05 ), #10764, 'distance_accuracy_value', 'NONE');
#3582 = EDGE_CURVE ( 'NONE', #6693, #5932, #10843, .T. ) ;
#3583 = DIRECTION ( 'NONE',  ( 0.000000000000000000, 0.000000000000000000, -1.000000000000000000 ) ) ;
#3584 = PRESENTATION_LAYER_ASSIGNMENT (  '', '', ( #5751 ) ) ;
#3585 = DIRECTION ( 'NONE',  ( 1.000000000000000000, 0.000000000000000000, 0.000000000000000000 ) ) ;
#3586 = EDGE_CURVE ( 'NONE', #7326, #4156, #4861, .T. ) ;
#3587 = VERTEX_POINT ( 'NONE', #3089 ) ;
#3588 = CYLINDRICAL_SURFACE ( 'NONE', #976, 0.09999999999999956146 ) ;
#3589 =( LENGTH_UNIT ( ) NAMED_UNIT ( * ) SI_UNIT ( .MILLI., .METRE. ) );
#3590 = ORIENTED_EDGE ( 'NONE', *, *, #5584, .F. ) ;
#3591 = STYLED_ITEM ( 'NONE', ( #4707 ), #4218 ) ;
#3592 =( GEOMETRIC_REPRESENTATION_CONTEXT ( 3 ) GLOBAL_UNCERTAINTY_ASSIGNED_CONTEXT ( ( #3556 ) ) GLOBAL_UNIT_ASSIGNED_CONTEXT ( ( #2421, #6720, #10066 ) ) REPRESENTATION_CONTEXT ( 'NONE', 'WORKASPACE' ) );
#3593 =( NAMED_UNIT ( * ) SI_UNIT ( $, .STERADIAN. ) SOLID_ANGLE_UNIT ( ) );
#3594 = DIRECTION ( 'NONE',  ( 0.000000000000000000, 0.000000000000000000, -1.000000000000000000 ) ) ;
#3595 = EDGE_CURVE ( 'NONE', #1535, #9379, #142, .T. ) ;
#3596 = PRESENTATION_LAYER_ASSIGNMENT (  '', '', ( #5944 ) ) ;
#3597 = VERTEX_POINT ( 'NONE', #6541 ) ;
#3598 = EDGE_CURVE ( 'NONE', #9135, #2411, #8433, .T. ) ;
#3599 = EDGE_CURVE ( 'NONE', #1229, #9766, #4635, .T. ) ;
#3600 = DIRECTION ( 'NONE',  ( 0.000000000000000000, -0.02716902826232023976, 0.9996308538171885250 ) ) ;
#3601 = CARTESIAN_POINT ( 'NONE',  ( 4.019999999999999574, 3.000000000000000000, -1.000000000000000000 ) ) ;
#3602 = CYLINDRICAL_SURFACE ( 'NONE', #3723, 0.2000000000000003164 ) ;
#3603 =( GEOMETRIC_REPRESENTATION_CONTEXT ( 3 ) GLOBAL_UNCERTAINTY_ASSIGNED_CONTEXT ( ( #4265 ) ) GLOBAL_UNIT_ASSIGNED_CONTEXT ( ( #10523, #6221, #1870 ) ) REPRESENTATION_CONTEXT ( 'NONE', 'WORKASPACE' ) );
#3604 = CARTESIAN_POINT ( 'NONE',  ( -2.750000000000001332, -3.000000000000000000, -0.7794627824221421752 ) ) ;
#3605 = LINE ( 'NONE', #2005, #10522 ) ;
#3606 = SURFACE_SIDE_STYLE ('',( #9590 ) ) ;
#3607 = LINE ( 'NONE', #5409, #6562 ) ;
#3608 = ORIENTED_EDGE ( 'NONE', *, *, #5881, .F. ) ;
#3609 = ADVANCED_FACE ( 'NONE', ( #6319 ), #2182, .T. ) ;
#3610 = DIRECTION ( 'NONE',  ( 0.000000000000000000, -0.06975647374412548285, 0.9975640502598243087 ) ) ;
#3611 = CARTESIAN_POINT ( 'NONE',  ( 4.264792128260249449, -1.815202986107629091, -0.6828396347450739201 ) ) ;
#3612 = ORIENTED_EDGE ( 'NONE', *, *, #9732, .T. ) ;
#3613 = PRESENTATION_LAYER_ASSIGNMENT (  '', '', ( #1979 ) ) ;
#3614 = SURFACE_STYLE_USAGE ( .BOTH. , #8755 ) ;
#3615 = SURFACE_STYLE_FILL_AREA ( #9716 ) ;
#3616 = CARTESIAN_POINT ( 'NONE',  ( -2.750000000000001332, 2.350974876014612747, -0.9546157422084604605 ) ) ;
#3617 = ORIENTED_EDGE ( 'NONE', *, *, #1521, .T. ) ;
#3618 =( NAMED_UNIT ( * ) SI_UNIT ( $, .STERADIAN. ) SOLID_ANGLE_UNIT ( ) );
#3619 = FILL_AREA_STYLE_COLOUR ( '', #5140 ) ;
#3620 = PLANE ( 'NONE',  #1509 ) ;
#3621 = MECHANICAL_DESIGN_GEOMETRIC_PRESENTATION_REPRESENTATION (  '', ( #8498 ), #9031 ) ;
#3622 = PLANE ( 'NONE',  #4285 ) ;
#3623 = PRESENTATION_STYLE_ASSIGNMENT (( #1698 ) ) ;
#3624 = FILL_AREA_STYLE_COLOUR ( '', #11175 ) ;
#3625 = EDGE_LOOP ( 'NONE', ( #723, #748, #4100, #2838 ) ) ;
#3626 = VERTEX_POINT ( 'NONE', #8307 ) ;
#3627 =( NAMED_UNIT ( * ) SI_UNIT ( $, .STERADIAN. ) SOLID_ANGLE_UNIT ( ) );
#3628 = PRESENTATION_STYLE_ASSIGNMENT (( #1928 ) ) ;
#3629 = SURFACE_SIDE_STYLE ('',( #211 ) ) ;
#3630 = FILL_AREA_STYLE ('',( #8727 ) ) ;
#3631 = UNCERTAINTY_MEASURE_WITH_UNIT (LENGTH_MEASURE( 1.000000000000000082E-05 ), #1079, 'distance_accuracy_value', 'NONE');
#3632 = SURFACE_SIDE_STYLE ('',( #214 ) ) ;
#3633 = VERTEX_POINT ( 'NONE', #577 ) ;
#3634 =( NAMED_UNIT ( * ) PLANE_ANGLE_UNIT ( ) SI_UNIT ( $, .RADIAN. ) );
#3635 =( NAMED_UNIT ( * ) SI_UNIT ( $, .STERADIAN. ) SOLID_ANGLE_UNIT ( ) );
#3636 = EDGE_CURVE ( 'NONE', #9460, #9547, #3170, .T. ) ;
#3637 = ORIENTED_EDGE ( 'NONE', *, *, #10705, .F. ) ;
#3638 = DIRECTION ( 'NONE',  ( 1.000000000000000000, 0.000000000000000000, 0.000000000000000000 ) ) ;
#3639 = STYLED_ITEM ( 'NONE', ( #2133 ), #5239 ) ;
#3640 = UNCERTAINTY_MEASURE_WITH_UNIT (LENGTH_MEASURE( 1.000000000000000082E-05 ), #9375, 'distance_accuracy_value', 'NONE');
#3641 = SURFACE_STYLE_USAGE ( .BOTH. , #9756 ) ;
#3642 = FILL_AREA_STYLE ('',( #9579 ) ) ;
#3643 = ORIENTED_EDGE ( 'NONE', *, *, #8981, .F. ) ;
#3644 = VECTOR ( 'NONE', #10602, 1000.000000000000000 ) ;
#3645 = CARTESIAN_POINT ( 'NONE',  ( 3.599999999999999645, 3.000000000000000000, -0.7794627824221421752 ) ) ;
#3646 = SURFACE_SIDE_STYLE ('',( #9641 ) ) ;
#3647 =( NAMED_UNIT ( * ) PLANE_ANGLE_UNIT ( ) SI_UNIT ( $, .RADIAN. ) );
#3648 = PLANE ( 'NONE',  #8079 ) ;
#3649 = EDGE_CURVE ( 'NONE', #7555, #1992, #9887, .T. ) ;
#3650 = FACE_OUTER_BOUND ( 'NONE', #2579, .T. ) ;
#3651 = ADVANCED_FACE ( 'NONE', ( #7496 ), #5817, .T. ) ;
#3652 = COLOUR_RGB ( '',0.2862745098039215508, 0.2862745098039215508, 0.2862745098039215508 ) ;
#3653 = DIRECTION ( 'NONE',  ( 1.000000000000000000, 0.000000000000000000, 0.000000000000000000 ) ) ;
#3654 = STYLED_ITEM ( 'NONE', ( #5545 ), #207 ) ;
#3655 = CARTESIAN_POINT ( 'NONE',  ( -2.750000000000001332, 2.381960306200947564, -0.6457080498711260663 ) ) ;
#3656 = ORIENTED_EDGE ( 'NONE', *, *, #6951, .F. ) ;
#3657 = CARTESIAN_POINT ( 'NONE',  ( -2.750000000000001332, 2.474947744208253031, -0.7427475520708763934 ) ) ;
#3658 = CARTESIAN_POINT ( 'NONE',  ( 1.059999999999999387, 2.366708997306596007, -0.08456619434753616382 ) ) ;
#3659 = VERTEX_POINT ( 'NONE', #6761 ) ;
#3660 = STYLED_ITEM ( 'NONE', ( #10426 ), #6772 ) ;
#3661 = ADVANCED_FACE ( 'NONE', ( #1681 ), #10900, .T. ) ;
#3662 = CARTESIAN_POINT ( 'NONE',  ( 3.599999999999999645, 2.481923391582665950, -0.6429911470448941291 ) ) ;
#3663 = VECTOR ( 'NONE', #8091, 1000.000000000000000 ) ;
#3664 = COLOUR_RGB ( '',0.8039215686274510109, 0.8039215686274510109, 0.8039215686274510109 ) ;
#3665 = CYLINDRICAL_SURFACE ( 'NONE', #345, 0.07500000000000041356 ) ;
#3666 = ORIENTED_EDGE ( 'NONE', *, *, #1380, .F. ) ;
#3667 = CARTESIAN_POINT ( 'NONE',  ( 0.2099999999999992428, -3.000000000000000000, -1.000000000000000000 ) ) ;
#3668 = PRESENTATION_STYLE_ASSIGNMENT (( #3561 ) ) ;
#3669 = EDGE_CURVE ( 'NONE', #3313, #4552, #1465, .T. ) ;
#3670 = LINE ( 'NONE', #7116, #2213 ) ;
#3671 = SURFACE_STYLE_FILL_AREA ( #2700 ) ;
#3672 = CYLINDRICAL_SURFACE ( 'NONE', #10232, 0.2000000000000003164 ) ;
#3673 = PRESENTATION_LAYER_ASSIGNMENT (  '', '', ( #2032 ) ) ;
#3674 = CARTESIAN_POINT ( 'NONE',  ( -1.480000000000000870, 3.000000000000000000, -1.000000000000000000 ) ) ;
#3676 = SURFACE_STYLE_FILL_AREA ( #2983 ) ;
#3675 = COLOUR_RGB ( '',0.8039215686274510109, 0.8039215686274510109, 0.8039215686274510109 ) ;
#3677 = FILL_AREA_STYLE ('',( #9729 ) ) ;
#3678 = CIRCLE ( 'NONE', #9091, 0.09999999999999956146 ) ;
#3679 = ORIENTED_EDGE ( 'NONE', *, *, #9747, .T. ) ;
#3680 = ORIENTED_EDGE ( 'NONE', *, *, #3110, .F. ) ;
#3681 = DIRECTION ( 'NONE',  ( 0.000000000000000000, 0.000000000000000000, -1.000000000000000000 ) ) ;
#3682 = DIRECTION ( 'NONE',  ( 1.000000000000000000, 0.000000000000000000, 0.000000000000000000 ) ) ;
#3683 = VECTOR ( 'NONE', #7439, 1000.000000000000000 ) ;
#3684 = DIRECTION ( 'NONE',  ( 0.000000000000000000, 0.02716902826232023976, 0.9996308538171885250 ) ) ;
#3685 = FILL_AREA_STYLE ('',( #7923 ) ) ;
#3686 = UNCERTAINTY_MEASURE_WITH_UNIT (LENGTH_MEASURE( 1.000000000000000082E-05 ), #2338, 'distance_accuracy_value', 'NONE');
#3687 = FACE_OUTER_BOUND ( 'NONE', #1481, .T. ) ;
#3688 = PLANE ( 'NONE',  #10053 ) ;
#3689 = PRESENTATION_LAYER_ASSIGNMENT (  '', '', ( #280 ) ) ;
#3690 = SURFACE_STYLE_FILL_AREA ( #10367 ) ;
#3691 = PLANE ( 'NONE',  #4783 ) ;
#3692 = VECTOR ( 'NONE', #7595, 1000.000000000000000 ) ;
#3693 = LINE ( 'NONE', #6292, #4581 ) ;
#3694 = ORIENTED_EDGE ( 'NONE', *, *, #9459, .F. ) ;
#3695 = FILL_AREA_STYLE ('',( #96 ) ) ;
#3696 = FACE_OUTER_BOUND ( 'NONE', #5636, .T. ) ;
#3697 = EDGE_LOOP ( 'NONE', ( #7230, #10921, #8509 ) ) ;
#3698 = DIRECTION ( 'NONE',  ( 0.000000000000000000, 0.000000000000000000, -1.000000000000000000 ) ) ;
#3699 = VECTOR ( 'NONE', #3013, 1000.000000000000114 ) ;
#3700 = FACE_OUTER_BOUND ( 'NONE', #3376, .T. ) ;
#3701 = SURFACE_SIDE_STYLE ('',( #5442 ) ) ;
#3702 = UNCERTAINTY_MEASURE_WITH_UNIT (LENGTH_MEASURE( 1.000000000000000082E-05 ), #1719, 'distance_accuracy_value', 'NONE');
#3703 = LINE ( 'NONE', #7203, #10730 ) ;
#3704 = VECTOR ( 'NONE', #1692, 1000.000000000000000 ) ;
#3705 = ORIENTED_EDGE ( 'NONE', *, *, #7093, .T. ) ;
#3707 = DIRECTION ( 'NONE',  ( 0.000000000000000000, 0.9975640502598243087, 0.06975647374412501101 ) ) ;
#3706 =( GEOMETRIC_REPRESENTATION_CONTEXT ( 3 ) GLOBAL_UNCERTAINTY_ASSIGNED_CONTEXT ( ( #7074 ) ) GLOBAL_UNIT_ASSIGNED_CONTEXT ( ( #9516, #6171, #1818 ) ) REPRESENTATION_CONTEXT ( 'NONE', 'WORKASPACE' ) );
#3708 =( NAMED_UNIT ( * ) PLANE_ANGLE_UNIT ( ) SI_UNIT ( $, .RADIAN. ) );
#3709 = DIRECTION ( 'NONE',  ( 0.000000000000000000, 0.000000000000000000, -1.000000000000000000 ) ) ;
#3710 = FILL_AREA_STYLE ('',( #2004 ) ) ;
#3711 = LINE ( 'NONE', #230, #68 ) ;
#3712 = SURFACE_STYLE_FILL_AREA ( #6416 ) ;
#3713 = MECHANICAL_DESIGN_GEOMETRIC_PRESENTATION_REPRESENTATION (  '', ( #7139 ), #1 ) ;
#3714 = CARTESIAN_POINT ( 'NONE',  ( 0.2099999999999992428, 2.381960306200947564, -0.6457080498711260663 ) ) ;
#3715 = FILL_AREA_STYLE_COLOUR ( '', #10901 ) ;
#3716 = STYLED_ITEM ( 'NONE', ( #10925 ), #9114 ) ;
#3717 = ORIENTED_EDGE ( 'NONE', *, *, #7387, .T. ) ;
#3718 = DIRECTION ( 'NONE',  ( 1.000000000000000000, 0.000000000000000000, 0.000000000000000000 ) ) ;
#3719 = ORIENTED_EDGE ( 'NONE', *, *, #5796, .F. ) ;
#3720 = EDGE_CURVE ( 'NONE', #8016, #10781, #7560, .T. ) ;
#3721 =( NAMED_UNIT ( * ) PLANE_ANGLE_UNIT ( ) SI_UNIT ( $, .RADIAN. ) );
#3722 = COLOUR_RGB ( '',0.2862745098039215508, 0.2862745098039215508, 0.2862745098039215508 ) ;
#3723 = AXIS2_PLACEMENT_3D ( 'NONE', #8283, #2956, #2162 ) ;
#3724 =( LENGTH_UNIT ( ) NAMED_UNIT ( * ) SI_UNIT ( .MILLI., .METRE. ) );
#3725 = LINE ( 'NONE', #3616, #4118 ) ;
#3726 = ORIENTED_EDGE ( 'NONE', *, *, #510, .T. ) ;
#3727 = DIRECTION ( 'NONE',  ( 0.000000000000000000, 0.000000000000000000, -1.000000000000000000 ) ) ;
#3728 = FILL_AREA_STYLE ('',( #3619 ) ) ;
#3729 = DIRECTION ( 'NONE',  ( 1.000000000000000000, 0.000000000000000000, 0.000000000000000000 ) ) ;
#3730 = ADVANCED_FACE ( 'NONE', ( #10959 ), #6657, .T. ) ;
#3731 = VECTOR ( 'NONE', #1350, 1000.000000000000000 ) ;
#3732 = LINE ( 'NONE', #1136, #4549 ) ;
#3733 = LINE ( 'NONE', #10625, #4276 ) ;
#3734 = CARTESIAN_POINT ( 'NONE',  ( -1.480000000000000870, -3.000000000000000000, -1.000000000000000000 ) ) ;
#3735 = EDGE_CURVE ( 'NONE', #8096, #1170, #2630, .T. ) ;
#3736 = CARTESIAN_POINT ( 'NONE',  ( 4.157726890409721321, -1.857316032562341457, 0.9918290452651814526 ) ) ;
#3737 = EDGE_CURVE ( 'NONE', #8231, #3587, #10330, .T. ) ;
#3738 =( GEOMETRIC_REPRESENTATION_CONTEXT ( 3 ) GLOBAL_UNCERTAINTY_ASSIGNED_CONTEXT ( ( #1400 ) ) GLOBAL_UNIT_ASSIGNED_CONTEXT ( ( #7306, #6470, #2163 ) ) REPRESENTATION_CONTEXT ( 'NONE', 'WORKASPACE' ) );
#3739 = VECTOR ( 'NONE', #4298, 1000.000000000000000 ) ;
#3740 = CIRCLE ( 'NONE', #2643, 0.2000000000000003164 ) ;
#3741 = COLOUR_RGB ( '',0.8039215686274510109, 0.8039215686274510109, 0.8039215686274510109 ) ;
#3742 = VERTEX_POINT ( 'NONE', #231 ) ;
#3743 = ORIENTED_EDGE ( 'NONE', *, *, #4957, .T. ) ;
#3745 = STYLED_ITEM ( 'NONE', ( #5837 ), #8469 ) ;
#3744 =( NAMED_UNIT ( * ) PLANE_ANGLE_UNIT ( ) SI_UNIT ( $, .RADIAN. ) );
#3746 = PRESENTATION_STYLE_ASSIGNMENT (( #4809 ) ) ;
#3747 = DIRECTION ( 'NONE',  ( 0.000000000000000000, -0.02716902826231849810, -0.9996308538171886360 ) ) ;
#3748 = CARTESIAN_POINT ( 'NONE',  ( 3.599999999999999645, -3.000000000000000000, -1.000000000000000000 ) ) ;
#3749 = PLANE ( 'NONE',  #1958 ) ;
#3750 = FILL_AREA_STYLE ('',( #10960 ) ) ;
#3751 = STYLED_ITEM ( 'NONE', ( #2557 ), #10708 ) ;
#3752 = PRESENTATION_LAYER_ASSIGNMENT (  '', '', ( #8619 ) ) ;
#3753 = CARTESIAN_POINT ( 'NONE',  ( -2.330000000000001403, -2.050000000000000266, -0.2100000000000000200 ) ) ;
#3754 = ORIENTED_EDGE ( 'NONE', *, *, #3216, .F. ) ;
#3755 =( LENGTH_UNIT ( ) NAMED_UNIT ( * ) SI_UNIT ( .MILLI., .METRE. ) );
#3756 = MECHANICAL_DESIGN_GEOMETRIC_PRESENTATION_REPRESENTATION (  '', ( #6456 ), #2481 ) ;
#3757 =( GEOMETRIC_REPRESENTATION_CONTEXT ( 3 ) GLOBAL_UNCERTAINTY_ASSIGNED_CONTEXT ( ( #464 ) ) GLOBAL_UNIT_ASSIGNED_CONTEXT ( ( #1615, #1451, #4894 ) ) REPRESENTATION_CONTEXT ( 'NONE', 'WORKASPACE' ) );
#3758 = ORIENTED_EDGE ( 'NONE', *, *, #1714, .T. ) ;
#3759 = DIRECTION ( 'NONE',  ( 0.000000000000000000, 0.000000000000000000, -1.000000000000000000 ) ) ;
#3760 = DIRECTION ( 'NONE',  ( 0.000000000000000000, 1.000000000000000000, 0.000000000000000000 ) ) ;
#3761 = COLOUR_RGB ( '',0.2862745098039215508, 0.2862745098039215508, 0.2862745098039215508 ) ;
#3762 =( GEOMETRIC_REPRESENTATION_CONTEXT ( 3 ) GLOBAL_UNCERTAINTY_ASSIGNED_CONTEXT ( ( #4856 ) ) GLOBAL_UNIT_ASSIGNED_CONTEXT ( ( #10162, #574, #10955 ) ) REPRESENTATION_CONTEXT ( 'NONE', 'WORKASPACE' ) );
#3763 = FILL_AREA_STYLE_COLOUR ( '', #5099 ) ;
#3764 = SURFACE_SIDE_STYLE ('',( #187 ) ) ;
#3765 = SURFACE_STYLE_USAGE ( .BOTH. , #2721 ) ;
#3766 = EDGE_LOOP ( 'NONE', ( #8784, #1143, #4388, #122 ) ) ;
#3767 = SURFACE_SIDE_STYLE ('',( #337 ) ) ;
#3768 = PRESENTATION_LAYER_ASSIGNMENT (  '', '', ( #3403 ) ) ;
#3769 = SURFACE_STYLE_USAGE ( .BOTH. , #4724 ) ;
#3770 = CARTESIAN_POINT ( 'NONE',  ( 2.329999999999999627, -2.474947744208253031, -0.7427475520708766155 ) ) ;
#3771 = SURFACE_SIDE_STYLE ('',( #6138 ) ) ;
#3772 = SURFACE_STYLE_USAGE ( .BOTH. , #3886 ) ;
#3773 =( GEOMETRIC_REPRESENTATION_CONTEXT ( 3 ) GLOBAL_UNCERTAINTY_ASSIGNED_CONTEXT ( ( #4941 ) ) GLOBAL_UNIT_ASSIGNED_CONTEXT ( ( #9764, #8972, #1226 ) ) REPRESENTATION_CONTEXT ( 'NONE', 'WORKASPACE' ) );
#3774 = AXIS2_PLACEMENT_3D ( 'NONE', #10173, #7449, #6766 ) ;
#3775 = EDGE_LOOP ( 'NONE', ( #9486, #3785, #807, #5348 ) ) ;
#3776 = DIRECTION ( 'NONE',  ( 0.000000000000000000, 0.000000000000000000, -1.000000000000000000 ) ) ;
#3777 = EDGE_LOOP ( 'NONE', ( #9650, #3680, #2376, #310 ) ) ;
#3778 = STYLED_ITEM ( 'NONE', ( #2863 ), #956 ) ;
#3779 = DIRECTION ( 'NONE',  ( -1.000000000000000000, 0.000000000000000000, 0.000000000000000000 ) ) ;
#3780 = PRESENTATION_LAYER_ASSIGNMENT (  '', '', ( #1610 ) ) ;
#3781 =( NAMED_UNIT ( * ) PLANE_ANGLE_UNIT ( ) SI_UNIT ( $, .RADIAN. ) );
#3782 =( LENGTH_UNIT ( ) NAMED_UNIT ( * ) SI_UNIT ( .MILLI., .METRE. ) );
#3783 = UNCERTAINTY_MEASURE_WITH_UNIT (LENGTH_MEASURE( 1.000000000000000082E-05 ), #2208, 'distance_accuracy_value', 'NONE');
#3784 = EDGE_CURVE ( 'NONE', #3816, #4503, #5229, .T. ) ;
#3785 = ORIENTED_EDGE ( 'NONE', *, *, #10312, .F. ) ;
#3786 = CARTESIAN_POINT ( 'NONE',  ( 2.329999999999999627, -2.350974876014612747, -0.9546157422084604605 ) ) ;
#3787 = VECTOR ( 'NONE', #5759, 1000.000000000000000 ) ;
#3788 = LINE ( 'NONE', #409, #7354 ) ;
#3789 = DIRECTION ( 'NONE',  ( 1.000000000000000000, 0.000000000000000000, 0.000000000000000000 ) ) ;
#3790 = EDGE_CURVE ( 'NONE', #2074, #3899, #4296, .T. ) ;
#3791 = PRESENTATION_STYLE_ASSIGNMENT (( #1086 ) ) ;
#3792 = SURFACE_STYLE_FILL_AREA ( #8929 ) ;
#3793 = CARTESIAN_POINT ( 'NONE',  ( -2.750000000000001332, -2.364926170763438140, -0.7551029321564953767 ) ) ;
#3794 = VECTOR ( 'NONE', #10747, 1000.000000000000000 ) ;
#3795 =( LENGTH_UNIT ( ) NAMED_UNIT ( * ) SI_UNIT ( .MILLI., .METRE. ) );
#3796 = DIRECTION ( 'NONE',  ( 0.000000000000000000, 0.000000000000000000, -1.000000000000000000 ) ) ;
#3797 = SURFACE_SIDE_STYLE ('',( #366 ) ) ;
#3798 = CARTESIAN_POINT ( 'NONE',  ( 1.479999999999999094, 2.050000000000000266, -0.1099999999999999867 ) ) ;
#3799 = EDGE_CURVE ( 'NONE', #6362, #5411, #3001, .T. ) ;
#3800 = MECHANICAL_DESIGN_GEOMETRIC_PRESENTATION_REPRESENTATION (  '', ( #1807 ), #7216 ) ;
#3801 = ORIENTED_EDGE ( 'NONE', *, *, #5435, .T. ) ;
#3802 = ORIENTED_EDGE ( 'NONE', *, *, #8508, .T. ) ;
#3803 = CARTESIAN_POINT ( 'NONE',  ( -4.325000000000000178, -1.815202986107629091, -0.6750000000000000444 ) ) ;
#3804 = CARTESIAN_POINT ( 'NONE',  ( 3.599999999999999645, 1.950000000000000178, 0.1100000000000000144 ) ) ;
#3805 =( NAMED_UNIT ( * ) PLANE_ANGLE_UNIT ( ) SI_UNIT ( $, .RADIAN. ) );
#3806 = CARTESIAN_POINT ( 'NONE',  ( 2.749999999999999112, 2.166782826543157903, -0.09000000000000002442 ) ) ;
#3807 = PRESENTATION_STYLE_ASSIGNMENT (( #5493 ) ) ;
#3808 = EDGE_CURVE ( 'NONE', #1517, #1904, #4461, .T. ) ;
#3809 = ADVANCED_FACE ( 'NONE', ( #958 ), #6027, .F. ) ;
#3810 = DIRECTION ( 'NONE',  ( 0.1039620511844979306, 0.1039620511844979306, 0.9891328443778538704 ) ) ;
#3811 = SURFACE_STYLE_USAGE ( .BOTH. , #383 ) ;
#3812 = VERTEX_POINT ( 'NONE', #10389 ) ;
#3813 = CARTESIAN_POINT ( 'NONE',  ( -4.324998880753507358, 1.875409738600887222, -0.1100106489190410958 ) ) ;
#3814 = ADVANCED_FACE ( 'NONE', ( #908 ), #7774, .T. ) ;
#3815 = UNCERTAINTY_MEASURE_WITH_UNIT (LENGTH_MEASURE( 1.000000000000000082E-05 ), #2031, 'distance_accuracy_value', 'NONE');
#3816 = VERTEX_POINT ( 'NONE', #6521 ) ;
#3817 = CARTESIAN_POINT ( 'NONE',  ( -1.060000000000000941, -2.350974876014612747, -0.9546157422084604605 ) ) ;
#3818 = CARTESIAN_POINT ( 'NONE',  ( 1.479999999999999094, -1.950000000000000178, 0.1100000000000000144 ) ) ;
#3819 = ADVANCED_FACE ( 'NONE', ( #9923 ), #7210, .T. ) ;
#3820 = DIRECTION ( 'NONE',  ( 1.000000000000000000, 0.000000000000000000, 0.000000000000000000 ) ) ;
#3821 =( NAMED_UNIT ( * ) PLANE_ANGLE_UNIT ( ) SI_UNIT ( $, .RADIAN. ) );
#3822 = CARTESIAN_POINT ( 'NONE',  ( 1.059999999999999387, 2.166782826543157903, -0.09000000000000002442 ) ) ;
#3823 = VERTEX_POINT ( 'NONE', #8056 ) ;
#3824 = COLOUR_RGB ( '',0.9607843137254902244, 0.9607843137254902244, 0.9607843137254902244 ) ;
#3825 =( NAMED_UNIT ( * ) SI_UNIT ( $, .STERADIAN. ) SOLID_ANGLE_UNIT ( ) );
#3826 = PLANE ( 'NONE',  #3007 ) ;
#3827 = CARTESIAN_POINT ( 'NONE',  ( -3.600000000000000977, -2.149963085381718209, -0.2072830971737681105 ) ) ;
#3828 = CARTESIAN_POINT ( 'NONE',  ( 3.599999999999999645, 2.050000000000000266, -0.1099999999999999867 ) ) ;
#3829 = AXIS2_PLACEMENT_3D ( 'NONE', #2790, #4517, #6239 ) ;
#3830 = PLANE ( 'NONE',  #10297 ) ;
#3831 = PRESENTATION_STYLE_ASSIGNMENT (( #400 ) ) ;
#3832 = AXIS2_PLACEMENT_3D ( 'NONE', #6818, #1624, #11012 ) ;
#3833 = ORIENTED_EDGE ( 'NONE', *, *, #4093, .F. ) ;
#3834 = VERTEX_POINT ( 'NONE', #1224 ) ;
#3835 = CARTESIAN_POINT ( 'NONE',  ( 3.599999999999999645, -2.474947744208253031, -0.7427475520708766155 ) ) ;
#3836 = SURFACE_STYLE_USAGE ( .BOTH. , #4682 ) ;
#3837 = ORIENTED_EDGE ( 'NONE', *, *, #1520, .T. ) ;
#3838 = SURFACE_SIDE_STYLE ('',( #6261 ) ) ;
#3839 = DIRECTION ( 'NONE',  ( 0.1039620511844979306, -0.1039620511844979306, 0.9891328443778538704 ) ) ;
#3840 = SURFACE_SIDE_STYLE ('',( #9823 ) ) ;
#3841 = MECHANICAL_DESIGN_GEOMETRIC_PRESENTATION_REPRESENTATION (  '', ( #2917 ), #6709 ) ;
#3842 = ORIENTED_EDGE ( 'NONE', *, *, #5675, .T. ) ;
#3843 = FILL_AREA_STYLE ('',( #10956 ) ) ;
#3844 = SURFACE_STYLE_USAGE ( .BOTH. , #3963 ) ;
#3845 = AXIS2_PLACEMENT_3D ( 'NONE', #1126, #10665, #9820 ) ;
#3846 = DIRECTION ( 'NONE',  ( 1.000000000000000000, 0.000000000000000000, 0.000000000000000000 ) ) ;
#3847 = PRESENTATION_STYLE_ASSIGNMENT (( #9830 ) ) ;
#3848 = UNCERTAINTY_MEASURE_WITH_UNIT (LENGTH_MEASURE( 1.000000000000000082E-05 ), #2531, 'distance_accuracy_value', 'NONE');
#3849 = DIRECTION ( 'NONE',  ( -0.1045284632676537068, 0.000000000000000000, -0.9945218953682734009 ) ) ;
#3850 = PRESENTATION_STYLE_ASSIGNMENT (( #10561 ) ) ;
#3851 = PRESENTATION_STYLE_ASSIGNMENT (( #474 ) ) ;
#3852 = EDGE_CURVE ( 'NONE', #1669, #9696, #5581, .T. ) ;
#3853 = CARTESIAN_POINT ( 'NONE',  ( 1.059999999999999387, 2.165000000000000036, -0.7605367378089592512 ) ) ;
#3854 = STYLED_ITEM ( 'NONE', ( #4942 ), #6634 ) ;
#3855 = VERTEX_POINT ( 'NONE', #344 ) ;
#3856 = ORIENTED_EDGE ( 'NONE', *, *, #8508, .F. ) ;
#3857 = DIRECTION ( 'NONE',  ( 0.000000000000000000, 0.06975647374412548285, 0.9975640502598243087 ) ) ;
#3858 = VECTOR ( 'NONE', #7698, 1000.000000000000000 ) ;
#3859 = PLANE ( 'NONE',  #1147 ) ;
#3860 = CYLINDRICAL_SURFACE ( 'NONE', #6233, 0.09999999999999982514 ) ;
#3862 =( NAMED_UNIT ( * ) SI_UNIT ( $, .STERADIAN. ) SOLID_ANGLE_UNIT ( ) );
#3861 =( GEOMETRIC_REPRESENTATION_CONTEXT ( 3 ) GLOBAL_UNCERTAINTY_ASSIGNED_CONTEXT ( ( #11042 ) ) GLOBAL_UNIT_ASSIGNED_CONTEXT ( ( #9677, #8831, #1194 ) ) REPRESENTATION_CONTEXT ( 'NONE', 'WORKASPACE' ) );
#3863 = CARTESIAN_POINT ( 'NONE',  ( 4.250409738600888332, 1.949998880753508024, -0.1100106489190370990 ) ) ;
#3864 = DIRECTION ( 'NONE',  ( 0.000000000000000000, -0.9975640502598241977, -0.06975647374412546897 ) ) ;
#3865 = MECHANICAL_DESIGN_GEOMETRIC_PRESENTATION_REPRESENTATION (  '', ( #1858 ), #9261 ) ;
#3866 = ORIENTED_EDGE ( 'NONE', *, *, #4432, .F. ) ;
#3867 = DIRECTION ( 'NONE',  ( 1.000000000000000000, 0.000000000000000000, 0.000000000000000000 ) ) ;
#3868 = ORIENTED_EDGE ( 'NONE', *, *, #8355, .F. ) ;
#3869 = DIRECTION ( 'NONE',  ( 1.000000000000000000, 0.000000000000000000, 0.000000000000000000 ) ) ;
#3870 = PLANE ( 'NONE',  #10019 ) ;
#3871 = AXIS2_PLACEMENT_3D ( 'NONE', #3994, #5633, #1332 ) ;
#3872 =( NAMED_UNIT ( * ) SI_UNIT ( $, .STERADIAN. ) SOLID_ANGLE_UNIT ( ) );
#3873 =( NAMED_UNIT ( * ) PLANE_ANGLE_UNIT ( ) SI_UNIT ( $, .RADIAN. ) );
#3874 = DIRECTION ( 'NONE',  ( 1.000000000000000000, 0.000000000000000000, 0.000000000000000000 ) ) ;
#3875 = ADVANCED_FACE ( 'NONE', ( #8005 ), #4728, .T. ) ;
#3876 = ORIENTED_EDGE ( 'NONE', *, *, #1977, .F. ) ;
#3877 = FACE_OUTER_BOUND ( 'NONE', #3318, .T. ) ;
#3878 = AXIS2_PLACEMENT_3D ( 'NONE', #1767, #5386, #8842 ) ;
#3879 = EDGE_CURVE ( 'NONE', #9379, #565, #10942, .T. ) ;
#3880 = ADVANCED_FACE ( 'NONE', ( #4108 ), #6639, .T. ) ;
#3881 = AXIS2_PLACEMENT_3D ( 'NONE', #1378, #6406, #10703 ) ;
#3882 = CARTESIAN_POINT ( 'NONE',  ( -1.480000000000000870, -2.050000000000000266, -0.1099999999999999867 ) ) ;
#3883 = CARTESIAN_POINT ( 'NONE',  ( 0.2099999999999992428, -2.165000000000000036, -0.7605367378089592512 ) ) ;
#3884 = UNCERTAINTY_MEASURE_WITH_UNIT (LENGTH_MEASURE( 1.000000000000000082E-05 ), #10868, 'distance_accuracy_value', 'NONE');
#3885 = SURFACE_STYLE_FILL_AREA ( #7480 ) ;
#3886 = SURFACE_SIDE_STYLE ('',( #511 ) ) ;
#3887 = DIRECTION ( 'NONE',  ( 0.000000000000000000, -0.02716902826232023976, 0.9996308538171885250 ) ) ;
#3888 = AXIS2_PLACEMENT_3D ( 'NONE', #3662, #2807, #8757 ) ;
#3889 = ORIENTED_EDGE ( 'NONE', *, *, #3097, .F. ) ;
#3890 = EDGE_LOOP ( 'NONE', ( #10418, #348, #3868, #10032 ) ) ;
#3891 = ORIENTED_EDGE ( 'NONE', *, *, #2471, .T. ) ;
#3892 = CARTESIAN_POINT ( 'NONE',  ( -3.800202986107628966, -1.425202986107629410, 0.7399999999999999911 ) ) ;
#3893 = ORIENTED_EDGE ( 'NONE', *, *, #617, .F. ) ;
#3894 = CARTESIAN_POINT ( 'NONE',  ( 3.599999999999999645, 2.166782826543157903, 0.1100000000000000144 ) ) ;
#3895 =( GEOMETRIC_REPRESENTATION_CONTEXT ( 3 ) GLOBAL_UNCERTAINTY_ASSIGNED_CONTEXT ( ( #5591 ) ) GLOBAL_UNIT_ASSIGNED_CONTEXT ( ( #1289, #6539, #10841 ) ) REPRESENTATION_CONTEXT ( 'NONE', 'WORKASPACE' ) );
#3896 = LINE ( 'NONE', #405, #11111 ) ;
#3897 = MECHANICAL_DESIGN_GEOMETRIC_PRESENTATION_REPRESENTATION (  '', ( #3335 ), #6238 ) ;
#3898 = UNCERTAINTY_MEASURE_WITH_UNIT (LENGTH_MEASURE( 1.000000000000000082E-05 ), #11096, 'distance_accuracy_value', 'NONE');
#3899 = VERTEX_POINT ( 'NONE', #10098 ) ;
#3900 =( NAMED_UNIT ( * ) SI_UNIT ( $, .STERADIAN. ) SOLID_ANGLE_UNIT ( ) );
#3901 = FILL_AREA_STYLE_COLOUR ( '', #1950 ) ;
#3902 = CARTESIAN_POINT ( 'NONE',  ( -1.480000000000000870, -2.165000000000000036, -0.7605367378089592512 ) ) ;
#3903 = LINE ( 'NONE', #9256, #2588 ) ;
#3904 =( NAMED_UNIT ( * ) PLANE_ANGLE_UNIT ( ) SI_UNIT ( $, .RADIAN. ) );
#3905 =( NAMED_UNIT ( * ) SI_UNIT ( $, .STERADIAN. ) SOLID_ANGLE_UNIT ( ) );
#3906 = DIRECTION ( 'NONE',  ( 1.000000000000000000, 0.000000000000000000, 0.000000000000000000 ) ) ;
#3907 = COLOUR_RGB ( '',0.8039215686274510109, 0.8039215686274510109, 0.8039215686274510109 ) ;
#3908 = SURFACE_STYLE_FILL_AREA ( #6490 ) ;
#3909 = CARTESIAN_POINT ( 'NONE',  ( 0.2099999999999992428, -2.474947744208253031, -0.7427475520708766155 ) ) ;
#3910 = DIRECTION ( 'NONE',  ( 1.000000000000000000, 0.000000000000000000, 0.000000000000000000 ) ) ;
#3911 = COLOUR_RGB ( '',0.2862745098039215508, 0.2862745098039215508, 0.2862745098039215508 ) ;
#3912 = EDGE_LOOP ( 'NONE', ( #4508, #5960, #4251, #9532 ) ) ;
#3913 = VECTOR ( 'NONE', #315, 1000.000000000000000 ) ;
#3914 = ORIENTED_EDGE ( 'NONE', *, *, #8213, .T. ) ;
#3915 = LINE ( 'NONE', #1360, #9842 ) ;
#3916 = FILL_AREA_STYLE_COLOUR ( '', #2839 ) ;
#3917 =( GEOMETRIC_REPRESENTATION_CONTEXT ( 3 ) GLOBAL_UNCERTAINTY_ASSIGNED_CONTEXT ( ( #8130 ) ) GLOBAL_UNIT_ASSIGNED_CONTEXT ( ( #1195, #6451, #6388 ) ) REPRESENTATION_CONTEXT ( 'NONE', 'WORKASPACE' ) );
#3918 =( NAMED_UNIT ( * ) SI_UNIT ( $, .STERADIAN. ) SOLID_ANGLE_UNIT ( ) );
#3919 = DIRECTION ( 'NONE',  ( 0.000000000000000000, 0.000000000000000000, -1.000000000000000000 ) ) ;
#3920 = DIRECTION ( 'NONE',  ( 1.000000000000000000, 0.000000000000000000, 0.000000000000000000 ) ) ;
#3921 =( GEOMETRIC_REPRESENTATION_CONTEXT ( 3 ) GLOBAL_UNCERTAINTY_ASSIGNED_CONTEXT ( ( #2975 ) ) GLOBAL_UNIT_ASSIGNED_CONTEXT ( ( #5597, #5646, #3905 ) ) REPRESENTATION_CONTEXT ( 'NONE', 'WORKASPACE' ) );
#3922 = ORIENTED_EDGE ( 'NONE', *, *, #975, .F. ) ;
#3923 = DIRECTION ( 'NONE',  ( 0.000000000000000000, 0.000000000000000000, -1.000000000000000000 ) ) ;
#3924 = STYLED_ITEM ( 'NONE', ( #533 ), #755 ) ;
#3925 = VECTOR ( 'NONE', #8235, 1000.000000000000000 ) ;
#3926 = MECHANICAL_DESIGN_GEOMETRIC_PRESENTATION_REPRESENTATION (  '', ( #1919 ), #10405 ) ;
#3927 = PRESENTATION_LAYER_ASSIGNMENT (  '', '', ( #4640 ) ) ;
#3928 = UNCERTAINTY_MEASURE_WITH_UNIT (LENGTH_MEASURE( 1.000000000000000082E-05 ), #760, 'distance_accuracy_value', 'NONE');
#3929 = ORIENTED_EDGE ( 'NONE', *, *, #7794, .T. ) ;
#3930 =( LENGTH_UNIT ( ) NAMED_UNIT ( * ) SI_UNIT ( .MILLI., .METRE. ) );
#3931 = EDGE_CURVE ( 'NONE', #6643, #10357, #10268, .T. ) ;
#3932 = DIRECTION ( 'NONE',  ( 1.000000000000000000, 0.000000000000000000, 0.000000000000000000 ) ) ;
#3933 = COLOUR_RGB ( '',0.2862745098039215508, 0.2862745098039215508, 0.2862745098039215508 ) ;
#3934 = ADVANCED_FACE ( 'NONE', ( #6575 ), #2387, .T. ) ;
#3935 = DIRECTION ( 'NONE',  ( -1.000000000000000000, -0.000000000000000000, -0.000000000000000000 ) ) ;
#3936 = DIRECTION ( 'NONE',  ( 1.000000000000000000, 0.000000000000000000, 0.000000000000000000 ) ) ;
#3937 = CARTESIAN_POINT ( 'NONE',  ( -1.060000000000000941, -2.474947744208253031, -0.7427475520708766155 ) ) ;
#3938 = CIRCLE ( 'NONE', #4287, 0.09999999999999956146 ) ;
#3939 = ORIENTED_EDGE ( 'NONE', *, *, #232, .T. ) ;
#3940 = SPHERICAL_SURFACE ( 'NONE', #10999, 0.07499999999999999722 ) ;
#3941 = VECTOR ( 'NONE', #8781, 1000.000000000000000 ) ;
#3942 = CARTESIAN_POINT ( 'NONE',  ( -0.2100000000000005473, 2.366708997306596007, -0.08456619434753621933 ) ) ;
#3943 = EDGE_CURVE ( 'NONE', #2862, #9460, #7543, .T. ) ;
#3944 = CARTESIAN_POINT ( 'NONE',  ( -3.600000000000000977, -2.166782826543157903, 0.1100000000000000144 ) ) ;
#3945 = CARTESIAN_POINT ( 'NONE',  ( 4.190202986107629535, -1.950000000000000178, -0.6750000000000000444 ) ) ;
#3946 = PRESENTATION_LAYER_ASSIGNMENT (  '', '', ( #2850 ) ) ;
#3947 = ADVANCED_FACE ( 'NONE', ( #10146 ), #4164, .F. ) ;
#3948 = DIRECTION ( 'NONE',  ( -1.000000000000000000, -0.000000000000000000, -0.000000000000000000 ) ) ;
#3949 = FACE_OUTER_BOUND ( 'NONE', #2447, .T. ) ;
#3950 = EDGE_CURVE ( 'NONE', #9337, #1766, #3788, .T. ) ;
#3951 = ORIENTED_EDGE ( 'NONE', *, *, #1773, .F. ) ;
#3952 = EDGE_LOOP ( 'NONE', ( #6534, #8585, #10663, #10751 ) ) ;
#3953 = ORIENTED_EDGE ( 'NONE', *, *, #850, .T. ) ;
#3954 = PRESENTATION_LAYER_ASSIGNMENT (  '', '', ( #4501 ) ) ;
#3955 = VERTEX_POINT ( 'NONE', #8180 ) ;
#3956 = SURFACE_STYLE_USAGE ( .BOTH. , #3838 ) ;
#3957 = DIRECTION ( 'NONE',  ( 1.000000000000000000, 0.000000000000000000, 0.000000000000000000 ) ) ;
#3958 = VERTEX_POINT ( 'NONE', #8927 ) ;
#3959 = CARTESIAN_POINT ( 'NONE',  ( -0.2100000000000005473, 1.950000000000000178, 0.1100000000000000144 ) ) ;
#3960 = UNCERTAINTY_MEASURE_WITH_UNIT (LENGTH_MEASURE( 1.000000000000000082E-05 ), #5660, 'distance_accuracy_value', 'NONE');
#3961 =( NAMED_UNIT ( * ) PLANE_ANGLE_UNIT ( ) SI_UNIT ( $, .RADIAN. ) );
#3962 = STYLED_ITEM ( 'NONE', ( #5408 ), #4295 ) ;
#3963 = SURFACE_SIDE_STYLE ('',( #9209 ) ) ;
#3964 = AXIS2_PLACEMENT_3D ( 'NONE', #6848, #5993, #2536 ) ;
#3965 = ADVANCED_FACE ( 'NONE', ( #9936 ), #9087, .T. ) ;
#3966 = FILL_AREA_STYLE_COLOUR ( '', #503 ) ;
#3967 = CYLINDRICAL_SURFACE ( 'NONE', #8900, 0.07499999999999980294 ) ;
#3968 = COLOUR_RGB ( '',0.8039215686274510109, 0.8039215686274510109, 0.8039215686274510109 ) ;
#3969 = CARTESIAN_POINT ( 'NONE',  ( 2.329999999999999627, 2.165000000000000036, -0.7605367378089592512 ) ) ;
#3970 = DIRECTION ( 'NONE',  ( 0.000000000000000000, 0.9996308538171886360, 0.02716902826231849810 ) ) ;
#3971 = ORIENTED_EDGE ( 'NONE', *, *, #2340, .T. ) ;
#3972 = ORIENTED_EDGE ( 'NONE', *, *, #8275, .F. ) ;
#3973 = DIRECTION ( 'NONE',  ( 1.000000000000000000, 0.000000000000000000, 0.000000000000000000 ) ) ;
#3974 = VECTOR ( 'NONE', #9952, 1000.000000000000000 ) ;
#3975 = DIRECTION ( 'NONE',  ( -1.000000000000000000, -0.000000000000000000, -0.000000000000000000 ) ) ;
#3976 = DIRECTION ( 'NONE',  ( 0.000000000000000000, -0.9975640502598243087, 0.06975647374412501101 ) ) ;
#3977 = LINE ( 'NONE', #643, #8540 ) ;
#3978 = EDGE_LOOP ( 'NONE', ( #1105, #4604, #7057, #10135 ) ) ;
#3979 = CARTESIAN_POINT ( 'NONE',  ( -4.020000000000001350, -2.165000000000000036, -0.7605367378089592512 ) ) ;
#3980 = ORIENTED_EDGE ( 'NONE', *, *, #16, .F. ) ;
#3981 = SURFACE_STYLE_USAGE ( .BOTH. , #8097 ) ;
#3982 = DIRECTION ( 'NONE',  ( 0.000000000000000000, 0.000000000000000000, 1.000000000000000000 ) ) ;
#3983 = CARTESIAN_POINT ( 'NONE',  ( -4.325000000000000178, -1.950000000000000178, -0.1100000000000000006 ) ) ;
#3984 = PLANE ( 'NONE',  #6986 ) ;
#3985 = SURFACE_STYLE_FILL_AREA ( #7363 ) ;
#3986 = ORIENTED_EDGE ( 'NONE', *, *, #5675, .F. ) ;
#3987 = EDGE_CURVE ( 'NONE', #6983, #9624, #465, .T. ) ;
#3988 =( NAMED_UNIT ( * ) SI_UNIT ( $, .STERADIAN. ) SOLID_ANGLE_UNIT ( ) );
#3989 = LINE ( 'NONE', #396, #6893 ) ;
#3990 = UNCERTAINTY_MEASURE_WITH_UNIT (LENGTH_MEASURE( 1.000000000000000082E-05 ), #7223, 'distance_accuracy_value', 'NONE');
#3991 = CARTESIAN_POINT ( 'NONE',  ( -3.600000000000000977, 2.050000000000000266, -0.1099999999999999867 ) ) ;
#3992 = FILL_AREA_STYLE_COLOUR ( '', #3477 ) ;
#3993 = DIRECTION ( 'NONE',  ( 1.000000000000000000, 0.000000000000000000, 0.000000000000000000 ) ) ;
#3994 = CARTESIAN_POINT ( 'NONE',  ( -3.800202986107628522, -1.425202986107629410, 0.1884567106744935716 ) ) ;
#3995 = ORIENTED_EDGE ( 'NONE', *, *, #6557, .T. ) ;
#3996 = EDGE_LOOP ( 'NONE', ( #7013, #669, #8578, #9020, #4181, #9927, #4987, #2268, #479, #10141, #9213, #7415 ) ) ;
#3997 = DIRECTION ( 'NONE',  ( 0.000000000000000000, -1.000000000000000000, 0.000000000000000000 ) ) ;
#3998 = EDGE_LOOP ( 'NONE', ( #10006, #9108, #8233, #5186 ) ) ;
#3999 = CIRCLE ( 'NONE', #583, 0.2000000000000003164 ) ;
#4000 = ADVANCED_FACE ( 'NONE', ( #4795 ), #5533, .T. ) ;
#4001 = DIRECTION ( 'NONE',  ( 0.000000000000000000, 0.000000000000000000, -1.000000000000000000 ) ) ;
#4002 = EDGE_LOOP ( 'NONE', ( #9112, #8426, #7080, #10872 ) ) ;
#4003 =( NAMED_UNIT ( * ) SI_UNIT ( $, .STERADIAN. ) SOLID_ANGLE_UNIT ( ) );
#4004 = CARTESIAN_POINT ( 'NONE',  ( 2.329999999999999627, -3.000000000000000000, -0.7794627824221421752 ) ) ;
#4005 = VECTOR ( 'NONE', #10110, 1000.000000000000000 ) ;
#4006 =( NAMED_UNIT ( * ) PLANE_ANGLE_UNIT ( ) SI_UNIT ( $, .RADIAN. ) );
#4007 = CARTESIAN_POINT ( 'NONE',  ( -4.325000000000000178, -1.875000000000000222, 0.1100000000000000006 ) ) ;
#4008 = DIRECTION ( 'NONE',  ( 0.000000000000000000, 0.9975640502598243087, 0.06975647374412501101 ) ) ;
#4009 = PRESENTATION_STYLE_ASSIGNMENT (( #2295 ) ) ;
#4010 = EDGE_CURVE ( 'NONE', #6033, #9460, #6431, .T. ) ;
#4011 =( NAMED_UNIT ( * ) PLANE_ANGLE_UNIT ( ) SI_UNIT ( $, .RADIAN. ) );
#4012 = CIRCLE ( 'NONE', #9609, 0.09999999999999982514 ) ;
#4013 = EDGE_CURVE ( 'NONE', #289, #4753, #10897, .T. ) ;
#4014 = EDGE_CURVE ( 'NONE', #7501, #6122, #1512, .T. ) ;
#4015 = MECHANICAL_DESIGN_GEOMETRIC_PRESENTATION_REPRESENTATION (  '', ( #1837 ), #4561 ) ;
#4016 = EDGE_LOOP ( 'NONE', ( #8148, #4632, #10595, #7505 ) ) ;
#4017 = ORIENTED_EDGE ( 'NONE', *, *, #666, .F. ) ;
#4018 = FILL_AREA_STYLE ('',( #9949 ) ) ;
#4019 = FACE_OUTER_BOUND ( 'NONE', #2865, .T. ) ;
#4020 = SURFACE_STYLE_FILL_AREA ( #10803 ) ;
#4021 = FACE_OUTER_BOUND ( 'NONE', #1103, .T. ) ;
#4023 = SURFACE_STYLE_FILL_AREA ( #4924 ) ;
#4022 = STYLED_ITEM ( 'NONE', ( #5218 ), #6759 ) ;
#4024 = DIRECTION ( 'NONE',  ( 0.000000000000000000, -1.000000000000000000, 0.000000000000000000 ) ) ;
#4025 = VECTOR ( 'NONE', #4107, 1000.000000000000000 ) ;
#4026 = ORIENTED_EDGE ( 'NONE', *, *, #10505, .F. ) ;
#4027 = SURFACE_STYLE_USAGE ( .BOTH. , #8497 ) ;
#4028 = STYLED_ITEM ( 'NONE', ( #1149 ), #7044 ) ;
#4029 = VERTEX_POINT ( 'NONE', #9989 ) ;
#4030 = SURFACE_SIDE_STYLE ('',( #649 ) ) ;
#4031 = STYLED_ITEM ( 'NONE', ( #6329 ), #6013 ) ;
#4032 = CARTESIAN_POINT ( 'NONE',  ( 4.190202986107629535, -1.815202986107629091, -0.6750000000000000444 ) ) ;
#4033 = LINE ( 'NONE', #5841, #6182 ) ;
#4034 = LINE ( 'NONE', #9180, #5725 ) ;
#4035 =( NAMED_UNIT ( * ) SI_UNIT ( $, .STERADIAN. ) SOLID_ANGLE_UNIT ( ) );
#4036 = CARTESIAN_POINT ( 'NONE',  ( -4.325806167510463318, 1.876217025357843404, -0.1023298284942926739 ) ) ;
#4037 = COLOUR_RGB ( '',0.2862745098039215508, 0.2862745098039215508, 0.2862745098039215508 ) ;
#4038 = ORIENTED_EDGE ( 'NONE', *, *, #756, .T. ) ;
#4039 = DIRECTION ( 'NONE',  ( 1.000000000000000000, 0.000000000000000000, 0.000000000000000000 ) ) ;
#4040 = PRESENTATION_STYLE_ASSIGNMENT (( #8563 ) ) ;
#4041 = VECTOR ( 'NONE', #5495, 1000.000000000000000 ) ;
#4042 = FILL_AREA_STYLE ('',( #8565 ) ) ;
#4043 = FILL_AREA_STYLE_COLOUR ( '', #7795 ) ;
#4044 = UNCERTAINTY_MEASURE_WITH_UNIT (LENGTH_MEASURE( 1.000000000000000082E-05 ), #3062, 'distance_accuracy_value', 'NONE');
#4045 = FILL_AREA_STYLE ('',( #3992 ) ) ;
#4046 = AXIS2_PLACEMENT_3D ( 'NONE', #6184, #1166, #9644 ) ;
#4047 =( LENGTH_UNIT ( ) NAMED_UNIT ( * ) SI_UNIT ( .MILLI., .METRE. ) );
#4048 = ORIENTED_EDGE ( 'NONE', *, *, #6077, .T. ) ;
#4049 = ORIENTED_EDGE ( 'NONE', *, *, #3649, .F. ) ;
#4050 = CARTESIAN_POINT ( 'NONE',  ( -1.480000000000000870, 2.166782826543157903, 0.1100000000000000144 ) ) ;
#4051 = ORIENTED_EDGE ( 'NONE', *, *, #8760, .T. ) ;
#4052 = DIRECTION ( 'NONE',  ( 1.000000000000000000, 0.000000000000000000, 0.000000000000000000 ) ) ;
#4053 = VECTOR ( 'NONE', #1748, 1000.000000000000000 ) ;
#4054 = CARTESIAN_POINT ( 'NONE',  ( 4.190202986107629535, 1.815202986107628647, -0.6750000000000000444 ) ) ;
#4055 = CARTESIAN_POINT ( 'NONE',  ( 0.2099999999999992428, -2.366708997306596007, -0.08456619434753621933 ) ) ;
#4056 = ORIENTED_EDGE ( 'NONE', *, *, #10902, .F. ) ;
#4057 = CARTESIAN_POINT ( 'NONE',  ( 4.019999999999999574, 2.166782826543157903, -0.09000000000000002442 ) ) ;
#4058 = DIRECTION ( 'NONE',  ( 0.000000000000000000, 0.9975640502598243087, 0.06975647374412501101 ) ) ;
#4059 = DIRECTION ( 'NONE',  ( 1.000000000000000000, -0.000000000000000000, 0.000000000000000000 ) ) ;
#4060 = COLOUR_RGB ( '',0.8039215686274510109, 0.8039215686274510109, 0.8039215686274510109 ) ;
#4061 = FILL_AREA_STYLE ('',( #7064 ) ) ;
#4062 = DIRECTION ( 'NONE',  ( 1.000000000000000000, 0.000000000000000000, 0.000000000000000000 ) ) ;
#4063 =( NAMED_UNIT ( * ) PLANE_ANGLE_UNIT ( ) SI_UNIT ( $, .RADIAN. ) );
#4064 = CARTESIAN_POINT ( 'NONE',  ( -1.480000000000000870, 2.166782826543157903, 0.1100000000000000144 ) ) ;
#4065 = EDGE_CURVE ( 'NONE', #3512, #4516, #4857, .T. ) ;
#4066 = SURFACE_SIDE_STYLE ('',( #4958 ) ) ;
#4067 = FILL_AREA_STYLE ('',( #10050 ) ) ;
#4068 = ORIENTED_EDGE ( 'NONE', *, *, #4073, .T. ) ;
#4069 = AXIS2_PLACEMENT_3D ( 'NONE', #4364, #6886, #1586 ) ;
#4070 = ORIENTED_EDGE ( 'NONE', *, *, #10481, .T. ) ;
#4071 = VERTEX_POINT ( 'NONE', #5765 ) ;
#4072 = LINE ( 'NONE', #4754, #106 ) ;
#4073 = EDGE_CURVE ( 'NONE', #8897, #8870, #179, .T. ) ;
#4074 = VECTOR ( 'NONE', #128, 1000.000000000000000 ) ;
#4075 = LINE ( 'NONE', #1793, #9008 ) ;
#4076 = STYLED_ITEM ( 'NONE', ( #458 ), #989 ) ;
#4077 = ADVANCED_FACE ( 'NONE', ( #6654 ), #5008, .T. ) ;
#4078 =( NAMED_UNIT ( * ) PLANE_ANGLE_UNIT ( ) SI_UNIT ( $, .RADIAN. ) );
#4079 = EDGE_CURVE ( 'NONE', #9432, #8348, #5925, .T. ) ;
#4080 = STYLED_ITEM ( 'NONE', ( #3455 ), #9187 ) ;
#4081 = FILL_AREA_STYLE_COLOUR ( '', #10521 ) ;
#4082 = PRESENTATION_STYLE_ASSIGNMENT (( #8381 ) ) ;
#4083 = DIRECTION ( 'NONE',  ( 0.000000000000000000, 0.000000000000000000, -1.000000000000000000 ) ) ;
#4084 = VECTOR ( 'NONE', #811, 1000.000000000000000 ) ;
#4085 = ORIENTED_EDGE ( 'NONE', *, *, #5313, .T. ) ;
#4086 = ORIENTED_EDGE ( 'NONE', *, *, #6692, .F. ) ;
#4087 = PRESENTATION_LAYER_ASSIGNMENT (  '', '', ( #3353 ) ) ;
#4088 = FACE_OUTER_BOUND ( 'NONE', #8613, .T. ) ;
#4089 = DIRECTION ( 'NONE',  ( 1.000000000000000000, 0.000000000000000000, 0.000000000000000000 ) ) ;
#4090 = FILL_AREA_STYLE_COLOUR ( '', #1219 ) ;
#4091 = VECTOR ( 'NONE', #1408, 1000.000000000000000 ) ;
#4092 = FILL_AREA_STYLE ('',( #11163 ) ) ;
#4093 = EDGE_CURVE ( 'NONE', #7491, #7238, #9355, .T. ) ;
#4094 = MECHANICAL_DESIGN_GEOMETRIC_PRESENTATION_REPRESENTATION (  '', ( #1387 ), #5160 ) ;
#4095 = EDGE_LOOP ( 'NONE', ( #222, #10923, #7869, #10455 ) ) ;
#4096 =( GEOMETRIC_REPRESENTATION_CONTEXT ( 3 ) GLOBAL_UNCERTAINTY_ASSIGNED_CONTEXT ( ( #9639 ) ) GLOBAL_UNIT_ASSIGNED_CONTEXT ( ( #10096, #892, #3348 ) ) REPRESENTATION_CONTEXT ( 'NONE', 'WORKASPACE' ) );
#4097 = PLANE ( 'NONE',  #8018 ) ;
#4098 = PRESENTATION_STYLE_ASSIGNMENT (( #10933 ) ) ;
#4099 = VECTOR ( 'NONE', #9483, 1000.000000000000000 ) ;
#4100 = ORIENTED_EDGE ( 'NONE', *, *, #7174, .T. ) ;
#4101 = LINE ( 'NONE', #3280, #2096 ) ;
#4102 = VECTOR ( 'NONE', #7564, 1000.000000000000000 ) ;
#4103 = VECTOR ( 'NONE', #1864, 1000.000000000000000 ) ;
#4104 = UNCERTAINTY_MEASURE_WITH_UNIT (LENGTH_MEASURE( 1.000000000000000082E-05 ), #7559, 'distance_accuracy_value', 'NONE');
#4105 = DIRECTION ( 'NONE',  ( 0.000000000000000000, 0.9975640502598241977, -0.06975647374412546897 ) ) ;
#4106 = CIRCLE ( 'NONE', #2278, 0.1949999999999998679 ) ;
#4107 = DIRECTION ( 'NONE',  ( 0.000000000000000000, -1.000000000000000000, 0.000000000000000000 ) ) ;
#4108 = FACE_OUTER_BOUND ( 'NONE', #2640, .T. ) ;
#4109 = FILL_AREA_STYLE_COLOUR ( '', #2331 ) ;
#4110 = AXIS2_PLACEMENT_3D ( 'NONE', #3557, #7167, #7060 ) ;
#4111 = ORIENTED_EDGE ( 'NONE', *, *, #8977, .T. ) ;
#4112 = ORIENTED_EDGE ( 'NONE', *, *, #9292, .F. ) ;
#4113 = ORIENTED_EDGE ( 'NONE', *, *, #678, .F. ) ;
#4114 = CARTESIAN_POINT ( 'NONE',  ( -1.060000000000000941, 2.050000000000000266, -0.1099999999999999867 ) ) ;
#4115 = STYLED_ITEM ( 'NONE', ( #8747 ), #8768 ) ;
#4116 = VECTOR ( 'NONE', #6689, 1000.000000000000000 ) ;
#4117 = ORIENTED_EDGE ( 'NONE', *, *, #11106, .F. ) ;
#4118 = VECTOR ( 'NONE', #1902, 1000.000000000000000 ) ;
#4119 = DIRECTION ( 'NONE',  ( 0.000000000000000000, 0.000000000000000000, -1.000000000000000000 ) ) ;
#4120 = CARTESIAN_POINT ( 'NONE',  ( -4.264792128260249449, 1.882733289429966650, 0.6828396347450739201 ) ) ;
#4121 = LINE ( 'NONE', #5872, #4091 ) ;
#4122 = MECHANICAL_DESIGN_GEOMETRIC_PRESENTATION_REPRESENTATION (  '', ( #1230 ), #5012 ) ;
#4123 = FILL_AREA_STYLE_COLOUR ( '', #4037 ) ;
#4124 = STYLED_ITEM ( 'NONE', ( #3628 ), #4146 ) ;
#4125 = LINE ( 'NONE', #4180, #3551 ) ;
#4126 = DIRECTION ( 'NONE',  ( 0.9945218953682732899, 0.000000000000000000, 0.1045284632676541231 ) ) ;
#4127 = VERTEX_POINT ( 'NONE', #1463 ) ;
#4128 = CYLINDRICAL_SURFACE ( 'NONE', #3774, 0.2000000000000002054 ) ;
#4129 = ADVANCED_FACE ( 'NONE', ( #4909 ), #2772, .T. ) ;
#4130 = COLOUR_RGB ( '',0.8039215686274510109, 0.8039215686274510109, 0.8039215686274510109 ) ;
#4131 = CIRCLE ( 'NONE', #5936, 0.2000000000000002054 ) ;
#4132 = ORIENTED_EDGE ( 'NONE', *, *, #2242, .F. ) ;
#4133 =( NAMED_UNIT ( * ) PLANE_ANGLE_UNIT ( ) SI_UNIT ( $, .RADIAN. ) );
#4134 = ORIENTED_EDGE ( 'NONE', *, *, #9611, .T. ) ;
#4135 =( NAMED_UNIT ( * ) SI_UNIT ( $, .STERADIAN. ) SOLID_ANGLE_UNIT ( ) );
#4136 =( NAMED_UNIT ( * ) PLANE_ANGLE_UNIT ( ) SI_UNIT ( $, .RADIAN. ) );
#4137 = DIRECTION ( 'NONE',  ( 0.000000000000000000, -0.02716902826231849810, -0.9996308538171886360 ) ) ;
#4138 = SURFACE_SIDE_STYLE ('',( #6605 ) ) ;
#4139 = MECHANICAL_DESIGN_GEOMETRIC_PRESENTATION_REPRESENTATION (  '', ( #5580 ), #2676 ) ;
#4140 = COLOUR_RGB ( '',0.8039215686274510109, 0.8039215686274510109, 0.8039215686274510109 ) ;
#4141 = DIRECTION ( 'NONE',  ( 0.000000000000000000, 0.9975640502598243087, 0.06975647374412501101 ) ) ;
#4142 = DIRECTION ( 'NONE',  ( 1.000000000000000000, 0.000000000000000000, 0.000000000000000000 ) ) ;
#4143 =( GEOMETRIC_REPRESENTATION_CONTEXT ( 3 ) GLOBAL_UNCERTAINTY_ASSIGNED_CONTEXT ( ( #6299 ) ) GLOBAL_UNIT_ASSIGNED_CONTEXT ( ( #8394, #2327, #1492 ) ) REPRESENTATION_CONTEXT ( 'NONE', 'WORKASPACE' ) );
#4144 = STYLED_ITEM ( 'NONE', ( #5381 ), #4747 ) ;
#4145 = ORIENTED_EDGE ( 'NONE', *, *, #27, .F. ) ;
#4146 = ADVANCED_FACE ( 'NONE', ( #2710 ), #3456, .T. ) ;
#4147 = EDGE_LOOP ( 'NONE', ( #6552, #2200, #1253, #1618 ) ) ;
#4148 = EDGE_CURVE ( 'NONE', #3389, #6370, #2490, .T. ) ;
#4149 = CARTESIAN_POINT ( 'NONE',  ( 3.599999999999999645, 2.050000000000000266, -0.1099999999999999867 ) ) ;
#4150 = CYLINDRICAL_SURFACE ( 'NONE', #7141, 0.09999999999999956146 ) ;
#4151 =( NAMED_UNIT ( * ) SI_UNIT ( $, .STERADIAN. ) SOLID_ANGLE_UNIT ( ) );
#4152 = DIRECTION ( 'NONE',  ( 0.000000000000000000, 0.02716902826232023976, 0.9996308538171885250 ) ) ;
#4153 = SURFACE_STYLE_FILL_AREA ( #821 ) ;
#4154 = PLANE ( 'NONE',  #4605 ) ;
#4155 = STYLED_ITEM ( 'NONE', ( #4943 ), #4441 ) ;
#4156 = VERTEX_POINT ( 'NONE', #4544 ) ;
#4157 = FILL_AREA_STYLE_COLOUR ( '', #7902 ) ;
#4158 = UNCERTAINTY_MEASURE_WITH_UNIT (LENGTH_MEASURE( 1.000000000000000082E-05 ), #10954, 'distance_accuracy_value', 'NONE');
#4159 = EDGE_CURVE ( 'NONE', #5845, #9433, #6958, .T. ) ;
#4160 = ORIENTED_EDGE ( 'NONE', *, *, #6544, .T. ) ;
#4161 = EDGE_CURVE ( 'NONE', #9954, #4336, #7979, .T. ) ;
#4162 = DIRECTION ( 'NONE',  ( 0.000000000000000000, 0.9975640502598243087, 0.06975647374412501101 ) ) ;
#4163 = PRESENTATION_LAYER_ASSIGNMENT (  '', '', ( #8498 ) ) ;
#4164 = CYLINDRICAL_SURFACE ( 'NONE', #9894, 0.09999999999999956146 ) ;
#4165 = SURFACE_STYLE_FILL_AREA ( #9290 ) ;
#4166 = ORIENTED_EDGE ( 'NONE', *, *, #81, .F. ) ;
#4167 = ORIENTED_EDGE ( 'NONE', *, *, #4710, .T. ) ;
#4168 = DIRECTION ( 'NONE',  ( 0.000000000000000000, -2.891205793294679017E-15, -1.000000000000000000 ) ) ;
#4169 = ORIENTED_EDGE ( 'NONE', *, *, #382, .T. ) ;
#4170 = CARTESIAN_POINT ( 'NONE',  ( 3.599999999999999645, 2.050000000000000266, -0.2100000000000000200 ) ) ;
#4171 =( LENGTH_UNIT ( ) NAMED_UNIT ( * ) SI_UNIT ( .MILLI., .METRE. ) );
#4172 = CYLINDRICAL_SURFACE ( 'NONE', #5005, 0.2000000000000003164 ) ;
#4173 = ORIENTED_EDGE ( 'NONE', *, *, #419, .F. ) ;
#4174 = SURFACE_SIDE_STYLE ('',( #9426 ) ) ;
#4175 = CARTESIAN_POINT ( 'NONE',  ( -1.480000000000000870, -2.050000000000000266, -0.1099999999999999867 ) ) ;
#4176 = CARTESIAN_POINT ( 'NONE',  ( 4.019999999999999574, -2.165000000000000036, -0.7605367378089592512 ) ) ;
#4177 = DIRECTION ( 'NONE',  ( 0.000000000000000000, -0.02716902826231849810, -0.9996308538171886360 ) ) ;
#4178 = PRESENTATION_STYLE_ASSIGNMENT (( #2575 ) ) ;
#4179 = VERTEX_POINT ( 'NONE', #9570 ) ;
#4180 = CARTESIAN_POINT ( 'NONE',  ( 2.329999999999999627, 2.165000000000000036, -0.7605367378089592512 ) ) ;
#4181 = ORIENTED_EDGE ( 'NONE', *, *, #10774, .T. ) ;
#4182 = PLANE ( 'NONE',  #7736 ) ;
#4183 = UNCERTAINTY_MEASURE_WITH_UNIT (LENGTH_MEASURE( 1.000000000000000082E-05 ), #8694, 'distance_accuracy_value', 'NONE');
#4184 = AXIS2_PLACEMENT_3D ( 'NONE', #3504, #1088, #8823 ) ;
#4185 = VERTEX_POINT ( 'NONE', #1761 ) ;
#4186 = EDGE_LOOP ( 'NONE', ( #7487, #1273, #8087, #2344 ) ) ;
#4187 = CARTESIAN_POINT ( 'NONE',  ( -4.020000000000001350, 3.000000000000000000, -1.000000000000000000 ) ) ;
#4188 = LINE ( 'NONE', #2487, #8844 ) ;
#4189 = DIRECTION ( 'NONE',  ( -1.000000000000000000, -0.000000000000000000, -0.000000000000000000 ) ) ;
#4190 =( GEOMETRIC_REPRESENTATION_CONTEXT ( 3 ) GLOBAL_UNCERTAINTY_ASSIGNED_CONTEXT ( ( #2553 ) ) GLOBAL_UNIT_ASSIGNED_CONTEXT ( ( #9720, #8017, #3618 ) ) REPRESENTATION_CONTEXT ( 'NONE', 'WORKASPACE' ) );
#4191 = PRESENTATION_STYLE_ASSIGNMENT (( #4027 ) ) ;
#4192 = CIRCLE ( 'NONE', #9431, 0.2000000000000002054 ) ;
#4193 = ORIENTED_EDGE ( 'NONE', *, *, #4975, .F. ) ;
#4194 = ORIENTED_EDGE ( 'NONE', *, *, #10228, .T. ) ;
#4195 = DIRECTION ( 'NONE',  ( 0.000000000000000000, 0.9945218953682732899, 0.1045284632676538178 ) ) ;
#4196 =( GEOMETRIC_REPRESENTATION_CONTEXT ( 3 ) GLOBAL_UNCERTAINTY_ASSIGNED_CONTEXT ( ( #5847 ) ) GLOBAL_UNIT_ASSIGNED_CONTEXT ( ( #6183, #3647, #952 ) ) REPRESENTATION_CONTEXT ( 'NONE', 'WORKASPACE' ) );
#4197 = CARTESIAN_POINT ( 'NONE',  ( 4.250409738600888332, -1.949998880753508468, 0.1100106489190367937 ) ) ;
#4198 =( NAMED_UNIT ( * ) SI_UNIT ( $, .STERADIAN. ) SOLID_ANGLE_UNIT ( ) );
#4199 = FACE_OUTER_BOUND ( 'NONE', #4935, .T. ) ;
#4200 = SURFACE_SIDE_STYLE ('',( #36 ) ) ;
#4201 = ADVANCED_FACE ( 'NONE', ( #5205 ), #90, .T. ) ;
#4202 = VERTEX_POINT ( 'NONE', #7752 ) ;
#4203 = SURFACE_STYLE_FILL_AREA ( #11100 ) ;
#4204 = SURFACE_SIDE_STYLE ('',( #40 ) ) ;
#4205 = VECTOR ( 'NONE', #2263, 1000.000000000000000 ) ;
#4206 = PRESENTATION_LAYER_ASSIGNMENT (  '', '', ( #9070 ) ) ;
#4207 =( GEOMETRIC_REPRESENTATION_CONTEXT ( 3 ) GLOBAL_UNCERTAINTY_ASSIGNED_CONTEXT ( ( #3068 ) ) GLOBAL_UNIT_ASSIGNED_CONTEXT ( ( #4617, #1956, #1790 ) ) REPRESENTATION_CONTEXT ( 'NONE', 'WORKASPACE' ) );
#4208 = EDGE_LOOP ( 'NONE', ( #8817, #7985, #2030, #7709 ) ) ;
#4209 = DIRECTION ( 'NONE',  ( 0.000000000000000000, 0.000000000000000000, -1.000000000000000000 ) ) ;
#4210 = CARTESIAN_POINT ( 'NONE',  ( -1.480000000000000870, 2.366708997306596007, -0.08456619434753621933 ) ) ;
#4211 =( GEOMETRIC_REPRESENTATION_CONTEXT ( 3 ) GLOBAL_UNCERTAINTY_ASSIGNED_CONTEXT ( ( #6037 ) ) GLOBAL_UNIT_ASSIGNED_CONTEXT ( ( #10691, #1203, #426 ) ) REPRESENTATION_CONTEXT ( 'NONE', 'WORKASPACE' ) );
#4212 = MECHANICAL_DESIGN_GEOMETRIC_PRESENTATION_REPRESENTATION (  '', ( #10893 ), #1684 ) ;
#4213 = SURFACE_STYLE_USAGE ( .BOTH. , #6687 ) ;
#4214 = ADVANCED_FACE ( 'NONE', ( #5494 ), #3749, .T. ) ;
#4215 = FACE_OUTER_BOUND ( 'NONE', #1612, .T. ) ;
#4216 = PLANE ( 'NONE',  #6932 ) ;
#4217 = ORIENTED_EDGE ( 'NONE', *, *, #2762, .T. ) ;
#4218 = ADVANCED_FACE ( 'NONE', ( #8887 ), #2888, .T. ) ;
#4219 = ORIENTED_EDGE ( 'NONE', *, *, #7310, .T. ) ;
#4220 = ADVANCED_FACE ( 'NONE', ( #6332 ), #6502, .T. ) ;
#4221 = ORIENTED_EDGE ( 'NONE', *, *, #4013, .T. ) ;
#4222 = FILL_AREA_STYLE_COLOUR ( '', #2425 ) ;
#4223 = LINE ( 'NONE', #10158, #9715 ) ;
#4224 = VECTOR ( 'NONE', #11064, 999.9999999999998863 ) ;
#4225 = ORIENTED_EDGE ( 'NONE', *, *, #2822, .F. ) ;
#4226 = CARTESIAN_POINT ( 'NONE',  ( 1.059999999999999387, -3.000000000000000000, -0.7794627824221421752 ) ) ;
#4227 = CARTESIAN_POINT ( 'NONE',  ( -4.190202986107629535, 1.949999999999999734, -0.6750000000000000444 ) ) ;
#4228 =( NAMED_UNIT ( * ) PLANE_ANGLE_UNIT ( ) SI_UNIT ( $, .RADIAN. ) );
#4229 = FACE_OUTER_BOUND ( 'NONE', #657, .T. ) ;
#4230 =( GEOMETRIC_REPRESENTATION_CONTEXT ( 3 ) GLOBAL_UNCERTAINTY_ASSIGNED_CONTEXT ( ( #10588 ) ) GLOBAL_UNIT_ASSIGNED_CONTEXT ( ( #11167, #10195, #885 ) ) REPRESENTATION_CONTEXT ( 'NONE', 'WORKASPACE' ) );
#4231 = SURFACE_STYLE_FILL_AREA ( #9306 ) ;
#4232 = COLOUR_RGB ( '',0.8039215686274510109, 0.8039215686274510109, 0.8039215686274510109 ) ;
#4233 = VERTEX_POINT ( 'NONE', #10181 ) ;
#4234 = FILL_AREA_STYLE_COLOUR ( '', #5702 ) ;
#4235 = VERTEX_POINT ( 'NONE', #117 ) ;
#4236 = ORIENTED_EDGE ( 'NONE', *, *, #4962, .T. ) ;
#4237 = LINE ( 'NONE', #3202, #10628 ) ;
#4238 = PRESENTATION_LAYER_ASSIGNMENT (  '', '', ( #7263 ) ) ;
#4239 =( NAMED_UNIT ( * ) SI_UNIT ( $, .STERADIAN. ) SOLID_ANGLE_UNIT ( ) );
#4240 = EDGE_LOOP ( 'NONE', ( #3399, #4409, #11114, #3953 ) ) ;
#4241 = CLOSED_SHELL ( 'NONE', ( #8003, #3163, #626, #5103, #6969, #8714, #4448, #5302, #3444, #10360, #1311, #8763, #3809, #3730 ) ) ;
#4242 = EDGE_LOOP ( 'NONE', ( #5111, #8933, #8136, #9687, #10946, #1733 ) ) ;
#4243 = DIRECTION ( 'NONE',  ( 0.000000000000000000, 0.000000000000000000, -1.000000000000000000 ) ) ;
#4244 = FACE_OUTER_BOUND ( 'NONE', #1084, .T. ) ;
#4245 = DIRECTION ( 'NONE',  ( 1.000000000000000000, 0.000000000000000000, 0.000000000000000000 ) ) ;
#4246 =( GEOMETRIC_REPRESENTATION_CONTEXT ( 3 ) GLOBAL_UNCERTAINTY_ASSIGNED_CONTEXT ( ( #5260 ) ) GLOBAL_UNIT_ASSIGNED_CONTEXT ( ( #5825, #3781, #4411 ) ) REPRESENTATION_CONTEXT ( 'NONE', 'WORKASPACE' ) );
#4247 = DIRECTION ( 'NONE',  ( 1.000000000000000000, 0.000000000000000000, 0.000000000000000000 ) ) ;
#4248 = CARTESIAN_POINT ( 'NONE',  ( 2.329999999999999627, 2.166782826543157903, -0.09000000000000002442 ) ) ;
#4249 = AXIS2_PLACEMENT_3D ( 'NONE', #5766, #5643, #7389 ) ;
#4250 = VERTEX_POINT ( 'NONE', #960 ) ;
#4251 = ORIENTED_EDGE ( 'NONE', *, *, #10505, .T. ) ;
#4252 = DIRECTION ( 'NONE',  ( 0.000000000000000000, 1.000000000000000000, 0.000000000000000000 ) ) ;
#4253 = CARTESIAN_POINT ( 'NONE',  ( 4.250136580382891438, 1.949999999999999956, 0.1099999999999998618 ) ) ;
#4254 = PRESENTATION_LAYER_ASSIGNMENT (  '', '', ( #8217 ) ) ;
#4255 = DIRECTION ( 'NONE',  ( 0.000000000000000000, 0.000000000000000000, 1.000000000000000000 ) ) ;
#4256 = VECTOR ( 'NONE', #6855, 999.9999999999998863 ) ;
#4257 = PRESENTATION_STYLE_ASSIGNMENT (( #10253 ) ) ;
#4258 = CARTESIAN_POINT ( 'NONE',  ( 4.325000000000000178, 1.949999999999999734, -0.1100000000000000006 ) ) ;
#4259 = SURFACE_STYLE_USAGE ( .BOTH. , #9281 ) ;
#4260 = FACE_OUTER_BOUND ( 'NONE', #8647, .T. ) ;
#4261 = MECHANICAL_DESIGN_GEOMETRIC_PRESENTATION_REPRESENTATION (  '', ( #2438 ), #5707 ) ;
#4262 = ORIENTED_EDGE ( 'NONE', *, *, #7926, .F. ) ;
#4263 = DIRECTION ( 'NONE',  ( 1.000000000000000000, 0.000000000000000000, 0.000000000000000000 ) ) ;
#4264 =( NAMED_UNIT ( * ) SI_UNIT ( $, .STERADIAN. ) SOLID_ANGLE_UNIT ( ) );
#4265 = UNCERTAINTY_MEASURE_WITH_UNIT (LENGTH_MEASURE( 1.000000000000000082E-05 ), #10523, 'distance_accuracy_value', 'NONE');
#4266 = STYLED_ITEM ( 'NONE', ( #11148 ), #3444 ) ;
#4267 = VECTOR ( 'NONE', #1009, 1000.000000000000000 ) ;
#4268 = EDGE_CURVE ( 'NONE', #7639, #4446, #6775, .T. ) ;
#4269 = ORIENTED_EDGE ( 'NONE', *, *, #2055, .F. ) ;
#4270 = DIRECTION ( 'NONE',  ( 0.000000000000000000, -0.9975640502598241977, -0.06975647374412546897 ) ) ;
#4271 = ADVANCED_FACE ( 'NONE', ( #1425 ), #2484, .F. ) ;
#4272 =( GEOMETRIC_REPRESENTATION_CONTEXT ( 3 ) GLOBAL_UNCERTAINTY_ASSIGNED_CONTEXT ( ( #1286 ) ) GLOBAL_UNIT_ASSIGNED_CONTEXT ( ( #6375, #4743, #9940 ) ) REPRESENTATION_CONTEXT ( 'NONE', 'WORKASPACE' ) );
#4273 =( NAMED_UNIT ( * ) PLANE_ANGLE_UNIT ( ) SI_UNIT ( $, .RADIAN. ) );
#4274 = VECTOR ( 'NONE', #1972, 1000.000000000000000 ) ;
#4275 = DIRECTION ( 'NONE',  ( 0.000000000000000000, 0.000000000000000000, -1.000000000000000000 ) ) ;
#4276 = VECTOR ( 'NONE', #3796, 1000.000000000000000 ) ;
#4277 = STYLED_ITEM ( 'NONE', ( #9137 ), #2335 ) ;
#4278 =( NAMED_UNIT ( * ) PLANE_ANGLE_UNIT ( ) SI_UNIT ( $, .RADIAN. ) );
#4279 = ORIENTED_EDGE ( 'NONE', *, *, #9750, .F. ) ;
#4280 = DIRECTION ( 'NONE',  ( 0.000000000000000000, -0.02716902826232023976, 0.9996308538171885250 ) ) ;
#4281 = DIRECTION ( 'NONE',  ( 0.000000000000000000, 0.9975640502598243087, 0.06975647374412501101 ) ) ;
#4282 = PRESENTATION_LAYER_ASSIGNMENT (  '', '', ( #8059 ) ) ;
#4283 = SURFACE_SIDE_STYLE ('',( #11118 ) ) ;
#4284 = EDGE_CURVE ( 'NONE', #309, #8465, #4075, .T. ) ;
#4285 = AXIS2_PLACEMENT_3D ( 'NONE', #2130, #7329, #1291 ) ;
#4286 = COLOUR_RGB ( '',0.8039215686274510109, 0.8039215686274510109, 0.8039215686274510109 ) ;
#4287 = AXIS2_PLACEMENT_3D ( 'NONE', #9853, #9016, #4716 ) ;
#4288 = FILL_AREA_STYLE_COLOUR ( '', #667 ) ;
#4289 = PLANE ( 'NONE',  #6640 ) ;
#4290 = ORIENTED_EDGE ( 'NONE', *, *, #1997, .T. ) ;
#4291 = PRESENTATION_STYLE_ASSIGNMENT (( #5868 ) ) ;
#4292 = FILL_AREA_STYLE_COLOUR ( '', #1057 ) ;
#4293 = ADVANCED_FACE ( 'NONE', ( #10915 ), #9268, .T. ) ;
#4294 = SURFACE_STYLE_USAGE ( .BOTH. , #3251 ) ;
#4295 = ADVANCED_FACE ( 'NONE', ( #5026 ), #8493, .T. ) ;
#4296 = LINE ( 'NONE', #1014, #6259 ) ;
#4297 = STYLED_ITEM ( 'NONE', ( #3114 ), #9925 ) ;
#4298 = DIRECTION ( 'NONE',  ( 0.000000000000000000, 1.000000000000000000, 0.000000000000000000 ) ) ;
#4299 = FACE_OUTER_BOUND ( 'NONE', #6384, .T. ) ;
#4300 = AXIS2_PLACEMENT_3D ( 'NONE', #3222, #10985, #5897 ) ;
#4301 = ORIENTED_EDGE ( 'NONE', *, *, #9449, .T. ) ;
#4302 = STYLED_ITEM ( 'NONE', ( #7820 ), #8763 ) ;
#4303 =( NAMED_UNIT ( * ) SI_UNIT ( $, .STERADIAN. ) SOLID_ANGLE_UNIT ( ) );
#4304 = ORIENTED_EDGE ( 'NONE', *, *, #7650, .T. ) ;
#4305 =( NAMED_UNIT ( * ) SI_UNIT ( $, .STERADIAN. ) SOLID_ANGLE_UNIT ( ) );
#4306 = VERTEX_POINT ( 'NONE', #10661 ) ;
#4307 = SURFACE_STYLE_USAGE ( .BOTH. , #2584 ) ;
#4308 = MECHANICAL_DESIGN_GEOMETRIC_PRESENTATION_REPRESENTATION (  '', ( #1564 ), #144 ) ;
#4309 = EDGE_CURVE ( 'NONE', #8072, #10832, #6386, .T. ) ;
#4310 = VECTOR ( 'NONE', #10217, 1000.000000000000000 ) ;
#4311 = FILL_AREA_STYLE ('',( #751 ) ) ;
#4312 = CARTESIAN_POINT ( 'NONE',  ( -2.750000000000001332, 2.165000000000000036, -0.7605367378089592512 ) ) ;
#4313 = MECHANICAL_DESIGN_GEOMETRIC_PRESENTATION_REPRESENTATION (  '', ( #11170 ), #1946 ) ;
#4314 =( NAMED_UNIT ( * ) SI_UNIT ( $, .STERADIAN. ) SOLID_ANGLE_UNIT ( ) );
#4315 =( NAMED_UNIT ( * ) PLANE_ANGLE_UNIT ( ) SI_UNIT ( $, .RADIAN. ) );
#4316 = DIRECTION ( 'NONE',  ( 1.000000000000000000, 0.000000000000000000, 0.000000000000000000 ) ) ;
#4317 = VECTOR ( 'NONE', #4496, 1000.000000000000000 ) ;
#4318 = VECTOR ( 'NONE', #6493, 1000.000000000000000 ) ;
#4319 = ORIENTED_EDGE ( 'NONE', *, *, #294, .F. ) ;
#4320 = ORIENTED_EDGE ( 'NONE', *, *, #6011, .F. ) ;
#4321 = SURFACE_STYLE_FILL_AREA ( #8666 ) ;
#4322 =( NAMED_UNIT ( * ) SI_UNIT ( $, .STERADIAN. ) SOLID_ANGLE_UNIT ( ) );
#4323 = CARTESIAN_POINT ( 'NONE',  ( -0.2100000000000005473, 2.381960306200947564, -0.6457080498711260663 ) ) ;
#4324 = SURFACE_STYLE_FILL_AREA ( #3685 ) ;
#4325 = DIRECTION ( 'NONE',  ( 0.000000000000000000, 0.02716902826231849810, -0.9996308538171886360 ) ) ;
#4326 = UNCERTAINTY_MEASURE_WITH_UNIT (LENGTH_MEASURE( 1.000000000000000082E-05 ), #5601, 'distance_accuracy_value', 'NONE');
#4327 =( NAMED_UNIT ( * ) SI_UNIT ( $, .STERADIAN. ) SOLID_ANGLE_UNIT ( ) );
#4328 = PLANE ( 'NONE',  #2641 ) ;
#4329 =( LENGTH_UNIT ( ) NAMED_UNIT ( * ) SI_UNIT ( .MILLI., .METRE. ) );
#4330 = CARTESIAN_POINT ( 'NONE',  ( -0.2100000000000005473, -2.364926170763438140, -0.7551029321564953767 ) ) ;
#4331 = EDGE_LOOP ( 'NONE', ( #7617, #9933, #10121, #8716, #10153, #6807, #10548, #973, #2652, #7748, #7026, #11076 ) ) ;
#4332 = VECTOR ( 'NONE', #8865, 1000.000000000000227 ) ;
#4333 = MECHANICAL_DESIGN_GEOMETRIC_PRESENTATION_REPRESENTATION (  '', ( #5212 ), #4686 ) ;
#4334 = PRESENTATION_LAYER_ASSIGNMENT (  '', '', ( #6844 ) ) ;
#4335 = AXIS2_PLACEMENT_3D ( 'NONE', #2821, #10463, #7845 ) ;
#4336 = VERTEX_POINT ( 'NONE', #8915 ) ;
#4337 = DIRECTION ( 'NONE',  ( 0.000000000000000000, 0.02716902826232023976, 0.9996308538171885250 ) ) ;
#4338 =( NAMED_UNIT ( * ) PLANE_ANGLE_UNIT ( ) SI_UNIT ( $, .RADIAN. ) );
#4339 = PRESENTATION_LAYER_ASSIGNMENT (  '', '', ( #9748 ) ) ;
#4340 = SURFACE_STYLE_FILL_AREA ( #2388 ) ;
#4341 =( LENGTH_UNIT ( ) NAMED_UNIT ( * ) SI_UNIT ( .MILLI., .METRE. ) );
#4342 = EDGE_CURVE ( 'NONE', #10269, #5786, #7953, .T. ) ;
#4343 = ORIENTED_EDGE ( 'NONE', *, *, #8352, .T. ) ;
#4344 = CARTESIAN_POINT ( 'NONE',  ( -3.600000000000000977, -1.950000000000000178, 0.1100000000000000144 ) ) ;
#4345 = SURFACE_SIDE_STYLE ('',( #9533 ) ) ;
#4346 = SURFACE_STYLE_FILL_AREA ( #5054 ) ;
#4347 = FILL_AREA_STYLE_COLOUR ( '', #8626 ) ;
#4348 = DIRECTION ( 'NONE',  ( 1.000000000000000000, 0.000000000000000000, 0.000000000000000000 ) ) ;
#4349 = CARTESIAN_POINT ( 'NONE',  ( 1.059999999999999387, -2.050000000000000266, -0.2100000000000000200 ) ) ;
#4350 = PLANE ( 'NONE',  #11058 ) ;
#4351 = UNCERTAINTY_MEASURE_WITH_UNIT (LENGTH_MEASURE( 1.000000000000000082E-05 ), #3422, 'distance_accuracy_value', 'NONE');
#4352 = FACE_OUTER_BOUND ( 'NONE', #98, .T. ) ;
#4353 = PRESENTATION_STYLE_ASSIGNMENT (( #11131 ) ) ;
#4354 = VERTEX_POINT ( 'NONE', #3714 ) ;
#4355 = PRESENTATION_STYLE_ASSIGNMENT (( #913 ) ) ;
#4356 = ORIENTED_EDGE ( 'NONE', *, *, #919, .F. ) ;
#4357 = EDGE_CURVE ( 'NONE', #1298, #8917, #10493, .T. ) ;
#4358 = CARTESIAN_POINT ( 'NONE',  ( -1.060000000000000941, -3.000000000000000000, -0.7794627824221421752 ) ) ;
#4359 = EDGE_CURVE ( 'NONE', #10038, #9523, #6250, .T. ) ;
#4360 = CARTESIAN_POINT ( 'NONE',  ( 1.479999999999999094, -2.149963085381718209, -0.2072830971737681105 ) ) ;
#4361 = UNCERTAINTY_MEASURE_WITH_UNIT (LENGTH_MEASURE( 1.000000000000000082E-05 ), #3755, 'distance_accuracy_value', 'NONE');
#4362 = EDGE_LOOP ( 'NONE', ( #2940, #2190, #3300, #2739, #6696, #2041, #4112, #8545, #7643, #1456, #7962, #9285 ) ) ;
#4363 = CARTESIAN_POINT ( 'NONE',  ( -4.325000000000000178, 1.949999999999999734, 0.1100000000000000006 ) ) ;
#4364 = CARTESIAN_POINT ( 'NONE',  ( 4.190202986107628647, -1.815202986107629091, 0.6750000000000000444 ) ) ;
#4365 = DIRECTION ( 'NONE',  ( 0.000000000000000000, -0.9975640502598243087, -0.06975647374412548285 ) ) ;
#4366 = MANIFOLD_SOLID_BREP ( 'LPattern1[10]', #4241 ) ;
#4367 = EDGE_CURVE ( 'NONE', #5235, #8270, #6186, .T. ) ;
#4368 = SURFACE_STYLE_FILL_AREA ( #5250 ) ;
#4369 = DIRECTION ( 'NONE',  ( 0.000000000000000000, 0.9975640502598243087, -0.06975647374412548285 ) ) ;
#4370 = EDGE_CURVE ( 'NONE', #7863, #2316, #9388, .T. ) ;
#4371 = FACE_OUTER_BOUND ( 'NONE', #5773, .T. ) ;
#4372 = EDGE_CURVE ( 'NONE', #10055, #3131, #6860, .T. ) ;
#4373 = VECTOR ( 'NONE', #413, 1000.000000000000000 ) ;
#4374 = EDGE_LOOP ( 'NONE', ( #5052, #10891, #8264, #5903 ) ) ;
#4375 = ORIENTED_EDGE ( 'NONE', *, *, #7422, .T. ) ;
#4376 = CARTESIAN_POINT ( 'NONE',  ( -1.060000000000000941, -3.000000000000000000, -0.7794627824221421752 ) ) ;
#4377 = UNCERTAINTY_MEASURE_WITH_UNIT (LENGTH_MEASURE( 1.000000000000000082E-05 ), #5040, 'distance_accuracy_value', 'NONE');
#4378 = STYLED_ITEM ( 'NONE', ( #2852 ), #1113 ) ;
#4379 = FILL_AREA_STYLE ('',( #3519 ) ) ;
#4380 = PRESENTATION_STYLE_ASSIGNMENT (( #7925 ) ) ;
#4381 = STYLED_ITEM ( 'NONE', ( #4291 ), #5503 ) ;
#4382 = FILL_AREA_STYLE_COLOUR ( '', #10644 ) ;
#4383 = SURFACE_STYLE_FILL_AREA ( #3630 ) ;
#4384 = LINE ( 'NONE', #1101, #5945 ) ;
#4385 = VERTEX_POINT ( 'NONE', #6310 ) ;
#4386 = DIRECTION ( 'NONE',  ( 1.000000000000000000, -0.000000000000000000, 0.000000000000000000 ) ) ;
#4387 = CIRCLE ( 'NONE', #7423, 0.2000000000000002054 ) ;
#4388 = ORIENTED_EDGE ( 'NONE', *, *, #2253, .T. ) ;
#4389 = LINE ( 'NONE', #7937, #2824 ) ;
#4390 = FILL_AREA_STYLE_COLOUR ( '', #5829 ) ;
#4391 = SURFACE_SIDE_STYLE ('',( #944 ) ) ;
#4392 = CARTESIAN_POINT ( 'NONE',  ( 4.324998880753507358, -1.875409738600887666, -0.1100106489190410958 ) ) ;
#4393 = ORIENTED_EDGE ( 'NONE', *, *, #3079, .T. ) ;
#4394 = SURFACE_STYLE_USAGE ( .BOTH. , #782 ) ;
#4395 = PRESENTATION_LAYER_ASSIGNMENT (  '', '', ( #1668 ) ) ;
#4396 = FILL_AREA_STYLE_COLOUR ( '', #9518 ) ;
#4397 =( GEOMETRIC_REPRESENTATION_CONTEXT ( 3 ) GLOBAL_UNCERTAINTY_ASSIGNED_CONTEXT ( ( #4777 ) ) GLOBAL_UNIT_ASSIGNED_CONTEXT ( ( #5206, #9571, #4327 ) ) REPRESENTATION_CONTEXT ( 'NONE', 'WORKASPACE' ) );
#4398 =( NAMED_UNIT ( * ) SI_UNIT ( $, .STERADIAN. ) SOLID_ANGLE_UNIT ( ) );
#4399 = FILL_AREA_STYLE ('',( #7153 ) ) ;
#4400 = PRESENTATION_LAYER_ASSIGNMENT (  '', '', ( #6724 ) ) ;
#4401 = CARTESIAN_POINT ( 'NONE',  ( 4.190202986107629535, -1.815202986107629091, 0.6749999999999999334 ) ) ;
#4402 = DIRECTION ( 'NONE',  ( 0.000000000000000000, 0.000000000000000000, -1.000000000000000000 ) ) ;
#4403 = CARTESIAN_POINT ( 'NONE',  ( -2.750000000000001332, 2.165000000000000036, -0.7605367378089592512 ) ) ;
#4404 = SURFACE_STYLE_USAGE ( .BOTH. , #3153 ) ;
#4405 = FILL_AREA_STYLE_COLOUR ( '', #2395 ) ;
#4406 = PRESENTATION_LAYER_ASSIGNMENT (  '', '', ( #7636 ) ) ;
#4407 = ORIENTED_EDGE ( 'NONE', *, *, #427, .F. ) ;
#4408 = DIRECTION ( 'NONE',  ( 1.000000000000000000, 0.000000000000000000, 0.000000000000000000 ) ) ;
#4409 = ORIENTED_EDGE ( 'NONE', *, *, #5038, .F. ) ;
#4410 = CARTESIAN_POINT ( 'NONE',  ( 1.479999999999999094, -1.950000000000000178, -0.1099999999999999867 ) ) ;
#4411 =( NAMED_UNIT ( * ) SI_UNIT ( $, .STERADIAN. ) SOLID_ANGLE_UNIT ( ) );
#4412 = DIRECTION ( 'NONE',  ( 1.000000000000000000, 0.000000000000000000, 0.000000000000000000 ) ) ;
#4413 = ORIENTED_EDGE ( 'NONE', *, *, #9598, .F. ) ;
#4414 = LINE ( 'NONE', #7839, #5510 ) ;
#4415 = AXIS2_PLACEMENT_3D ( 'NONE', #7814, #4513, #8741 ) ;
#4416 = ADVANCED_FACE ( 'NONE', ( #10028 ), #9131, .T. ) ;
#4417 =( NAMED_UNIT ( * ) SI_UNIT ( $, .STERADIAN. ) SOLID_ANGLE_UNIT ( ) );
#4418 = PRESENTATION_STYLE_ASSIGNMENT (( #5301 ) ) ;
#4419 = DIRECTION ( 'NONE',  ( 1.000000000000000000, 0.000000000000000000, 0.000000000000000000 ) ) ;
#4420 = CARTESIAN_POINT ( 'NONE',  ( 2.329999999999999627, -2.381960306200947564, -0.6457080498711260663 ) ) ;
#4421 =( LENGTH_UNIT ( ) NAMED_UNIT ( * ) SI_UNIT ( .MILLI., .METRE. ) );
#4422 = PRESENTATION_LAYER_ASSIGNMENT (  '', '', ( #7114 ) ) ;
#4423 = CARTESIAN_POINT ( 'NONE',  ( -1.480000000000000870, -2.165000000000000036, -0.7605367378089592512 ) ) ;
#4424 = ADVANCED_FACE ( 'NONE', ( #453 ), #3830, .T. ) ;
#4425 = VERTEX_POINT ( 'NONE', #1453 ) ;
#4426 = VERTEX_POINT ( 'NONE', #10884 ) ;
#4427 = CARTESIAN_POINT ( 'NONE',  ( 1.479999999999999094, 3.000000000000000000, -1.000000000000000000 ) ) ;
#4428 = DIRECTION ( 'NONE',  ( -1.000000000000000000, -0.000000000000000000, -0.000000000000000000 ) ) ;
#4429 = COLOUR_RGB ( '',0.8039215686274510109, 0.8039215686274510109, 0.8039215686274510109 ) ;
#4430 = SURFACE_STYLE_USAGE ( .BOTH. , #9568 ) ;
#4431 = EDGE_CURVE ( 'NONE', #8231, #2448, #5754, .T. ) ;
#4432 = EDGE_CURVE ( 'NONE', #6307, #3597, #1446, .T. ) ;
#4433 = MECHANICAL_DESIGN_GEOMETRIC_PRESENTATION_REPRESENTATION (  '', ( #1885 ), #7131 ) ;
#4434 = FILL_AREA_STYLE_COLOUR ( '', #1066 ) ;
#4435 = FILL_AREA_STYLE ('',( #6168 ) ) ;
#4436 = FACE_OUTER_BOUND ( 'NONE', #7806, .T. ) ;
#4437 = SURFACE_SIDE_STYLE ('',( #9572 ) ) ;
#4438 = UNCERTAINTY_MEASURE_WITH_UNIT (LENGTH_MEASURE( 1.000000000000000082E-05 ), #4950, 'distance_accuracy_value', 'NONE');
#4439 =( NAMED_UNIT ( * ) SI_UNIT ( $, .STERADIAN. ) SOLID_ANGLE_UNIT ( ) );
#4440 = ORIENTED_EDGE ( 'NONE', *, *, #10638, .T. ) ;
#4441 = MANIFOLD_SOLID_BREP ( 'LPattern1[8]', #5681 ) ;
#4442 = FILL_AREA_STYLE ('',( #9746 ) ) ;
#4443 = SURFACE_STYLE_USAGE ( .BOTH. , #4602 ) ;
#4444 = STYLED_ITEM ( 'NONE', ( #1132 ), #11055 ) ;
#4445 = PRESENTATION_LAYER_ASSIGNMENT (  '', '', ( #6409 ) ) ;
#4446 = VERTEX_POINT ( 'NONE', #7648 ) ;
#4447 = CARTESIAN_POINT ( 'NONE',  ( -2.750000000000001332, 1.950000000000000178, -0.1099999999999999867 ) ) ;
#4448 = ADVANCED_FACE ( 'NONE', ( #1778 ), #2169, .F. ) ;
#4449 =( NAMED_UNIT ( * ) PLANE_ANGLE_UNIT ( ) SI_UNIT ( $, .RADIAN. ) );
#4450 = PRESENTATION_STYLE_ASSIGNMENT (( #2675 ) ) ;
#4451 = ORIENTED_EDGE ( 'NONE', *, *, #1918, .F. ) ;
#4452 = CARTESIAN_POINT ( 'NONE',  ( -0.2100000000000005473, 1.950000000000000178, 0.1100000000000000144 ) ) ;
#4453 = AXIS2_PLACEMENT_3D ( 'NONE', #7185, #2087, #10637 ) ;
#4454 = UNCERTAINTY_MEASURE_WITH_UNIT (LENGTH_MEASURE( 1.000000000000000082E-05 ), #5087, 'distance_accuracy_value', 'NONE');
#4455 =( BOUNDED_CURVE ( )  B_SPLINE_CURVE ( 3, ( #6058, #3522, #8839, #5319 ),
 .UNSPECIFIED., .F., .T. ) 
 B_SPLINE_CURVE_WITH_KNOTS ( ( 4, 4 ),
 ( 3.141592653589793116, 3.147055862111343583 ),
 .UNSPECIFIED. ) 
 CURVE ( )  GEOMETRIC_REPRESENTATION_ITEM ( )  RATIONAL_B_SPLINE_CURVE ( ( 1.000000000000000000, 0.9999975127809339615, 0.9999975127809339615, 1.000000000000000000 ) ) 
 REPRESENTATION_ITEM ( '' )  );
#4456 = COLOUR_RGB ( '',0.8039215686274510109, 0.8039215686274510109, 0.8039215686274510109 ) ;
#4457 = FILL_AREA_STYLE ('',( #4347 ) ) ;
#4458 = CARTESIAN_POINT ( 'NONE',  ( 1.059999999999999387, -2.366708997306596007, -0.08456619434753616382 ) ) ;
#4459 =( NAMED_UNIT ( * ) SI_UNIT ( $, .STERADIAN. ) SOLID_ANGLE_UNIT ( ) );
#4460 = CIRCLE ( 'NONE', #7687, 0.1949999999999998679 ) ;
#4461 = LINE ( 'NONE', #7098, #675 ) ;
#4462 = CARTESIAN_POINT ( 'NONE',  ( 4.019999999999999574, 2.149963085381718209, -0.2072830971737681105 ) ) ;
#4463 =( NAMED_UNIT ( * ) SI_UNIT ( $, .STERADIAN. ) SOLID_ANGLE_UNIT ( ) );
#4464 = FACE_OUTER_BOUND ( 'NONE', #8464, .T. ) ;
#4465 = ORIENTED_EDGE ( 'NONE', *, *, #9292, .T. ) ;
#4466 = DIRECTION ( 'NONE',  ( 0.000000000000000000, -0.9975640502598243087, 0.06975647374412501101 ) ) ;
#4467 = ORIENTED_EDGE ( 'NONE', *, *, #4975, .T. ) ;
#4468 =( GEOMETRIC_REPRESENTATION_CONTEXT ( 3 ) GLOBAL_UNCERTAINTY_ASSIGNED_CONTEXT ( ( #10525 ) ) GLOBAL_UNIT_ASSIGNED_CONTEXT ( ( #4578, #3721, #1339 ) ) REPRESENTATION_CONTEXT ( 'NONE', 'WORKASPACE' ) );
#4469 = AXIS2_PLACEMENT_3D ( 'NONE', #10319, #7761, #2559 ) ;
#4470 = CARTESIAN_POINT ( 'NONE',  ( 4.190202986107628647, 1.815202986107628647, 0.6750000000000000444 ) ) ;
#4471 = CARTESIAN_POINT ( 'NONE',  ( -4.251217025357843404, -1.950806167510463984, 0.1023298284942926600 ) ) ;
#4472 = UNCERTAINTY_MEASURE_WITH_UNIT (LENGTH_MEASURE( 1.000000000000000082E-05 ), #5965, 'distance_accuracy_value', 'NONE');
#4473 = CARTESIAN_POINT ( 'NONE',  ( 2.329999999999999627, 2.149963085381718209, -0.2072830971737681105 ) ) ;
#4474 = COLOUR_RGB ( '',0.8039215686274510109, 0.8039215686274510109, 0.8039215686274510109 ) ;
#4475 = ORIENTED_EDGE ( 'NONE', *, *, #1991, .F. ) ;
#4476 = FILL_AREA_STYLE_COLOUR ( '', #7842 ) ;
#4477 = LINE ( 'NONE', #10457, #11082 ) ;
#4478 = VECTOR ( 'NONE', #8832, 1000.000000000000000 ) ;
#4479 = SURFACE_STYLE_USAGE ( .BOTH. , #6154 ) ;
#4480 = LINE ( 'NONE', #1087, #1560 ) ;
#4481 = VECTOR ( 'NONE', #6458, 1000.000000000000000 ) ;
#4482 = CARTESIAN_POINT ( 'NONE',  ( -0.2100000000000005473, -1.950000000000000178, -0.1099999999999999867 ) ) ;
#4483 = CARTESIAN_POINT ( 'NONE',  ( -2.750000000000001332, 2.364926170763438140, -0.7551029321564953767 ) ) ;
#4484 = EDGE_CURVE ( 'NONE', #6425, #10071, #8674, .T. ) ;
#4485 = MECHANICAL_DESIGN_GEOMETRIC_PRESENTATION_REPRESENTATION (  '', ( #9881 ), #4659 ) ;
#4486 = CARTESIAN_POINT ( 'NONE',  ( -4.020000000000001350, 2.050000000000000266, -0.1099999999999999867 ) ) ;
#4487 = MECHANICAL_DESIGN_GEOMETRIC_PRESENTATION_REPRESENTATION (  '', ( #875 ), #3757 ) ;
#4488 = ORIENTED_EDGE ( 'NONE', *, *, #8013, .F. ) ;
#4489 = VERTEX_POINT ( 'NONE', #8625 ) ;
#4490 = FACE_OUTER_BOUND ( 'NONE', #119, .T. ) ;
#4491 = FILL_AREA_STYLE_COLOUR ( '', #3102 ) ;
#4492 = DIRECTION ( 'NONE',  ( 0.000000000000000000, 0.9996308538171885250, -0.02716902826232023976 ) ) ;
#4493 =( LENGTH_UNIT ( ) NAMED_UNIT ( * ) SI_UNIT ( .MILLI., .METRE. ) );
#4494 = UNCERTAINTY_MEASURE_WITH_UNIT (LENGTH_MEASURE( 1.000000000000000082E-05 ), #10991, 'distance_accuracy_value', 'NONE');
#4495 = MECHANICAL_DESIGN_GEOMETRIC_PRESENTATION_REPRESENTATION (  '', ( #175 ), #3396 ) ;
#4496 = DIRECTION ( 'NONE',  ( 0.000000000000000000, -1.000000000000000000, 0.000000000000000000 ) ) ;
#4497 = DIRECTION ( 'NONE',  ( 0.000000000000000000, 1.000000000000000000, 0.000000000000000000 ) ) ;
#4498 = CYLINDRICAL_SURFACE ( 'NONE', #9522, 0.2000000000000002054 ) ;
#4499 = SURFACE_SIDE_STYLE ('',( #4383 ) ) ;
#4500 = COLOUR_RGB ( '',0.8039215686274510109, 0.8039215686274510109, 0.8039215686274510109 ) ;
#4501 = STYLED_ITEM ( 'NONE', ( #7558 ), #4129 ) ;
#4502 = LINE ( 'NONE', #10477, #2939 ) ;
#4503 = VERTEX_POINT ( 'NONE', #8516 ) ;
#4504 = FACE_OUTER_BOUND ( 'NONE', #2521, .T. ) ;
#4505 =( NAMED_UNIT ( * ) PLANE_ANGLE_UNIT ( ) SI_UNIT ( $, .RADIAN. ) );
#4506 = EDGE_CURVE ( 'NONE', #2084, #9947, #9757, .T. ) ;
#4507 = ADVANCED_FACE ( 'NONE', ( #3419 ), #10204, .T. ) ;
#4508 = ORIENTED_EDGE ( 'NONE', *, *, #11053, .F. ) ;
#4509 =( GEOMETRIC_REPRESENTATION_CONTEXT ( 3 ) GLOBAL_UNCERTAINTY_ASSIGNED_CONTEXT ( ( #2231 ) ) GLOBAL_UNIT_ASSIGNED_CONTEXT ( ( #6390, #10858, #4656 ) ) REPRESENTATION_CONTEXT ( 'NONE', 'WORKASPACE' ) );
#4510 = CIRCLE ( 'NONE', #5760, 0.2000000000000003164 ) ;
#4511 = LINE ( 'NONE', #5217, #8249 ) ;
#4512 = DIRECTION ( 'NONE',  ( 0.000000000000000000, -1.000000000000000000, 0.000000000000000000 ) ) ;
#4513 = DIRECTION ( 'NONE',  ( -0.000000000000000000, 0.000000000000000000, -1.000000000000000000 ) ) ;
#4514 = ADVANCED_FACE ( 'NONE', ( #4215 ), #8740, .T. ) ;
#4515 = VECTOR ( 'NONE', #10254, 1000.000000000000000 ) ;
#4516 = VERTEX_POINT ( 'NONE', #1004 ) ;
#4517 = DIRECTION ( 'NONE',  ( 1.000000000000000000, 0.000000000000000000, 0.000000000000000000 ) ) ;
#4518 = DIRECTION ( 'NONE',  ( 0.000000000000000000, -0.02716902826231849810, -0.9996308538171886360 ) ) ;
#4519 = ADVANCED_FACE ( 'NONE', ( #9758 ), #2785, .T. ) ;
#4520 = PRESENTATION_STYLE_ASSIGNMENT (( #6991 ) ) ;
#4521 = DIRECTION ( 'NONE',  ( 0.000000000000000000, 0.000000000000000000, -1.000000000000000000 ) ) ;
#4522 = SURFACE_STYLE_USAGE ( .BOTH. , #4566 ) ;
#4523 =( NAMED_UNIT ( * ) SI_UNIT ( $, .STERADIAN. ) SOLID_ANGLE_UNIT ( ) );
#4524 = DIRECTION ( 'NONE',  ( 0.000000000000000000, -0.02716902826232023976, 0.9996308538171885250 ) ) ;
#4525 = ORIENTED_EDGE ( 'NONE', *, *, #640, .T. ) ;
#4526 = FACE_OUTER_BOUND ( 'NONE', #5269, .T. ) ;
#4527 = CARTESIAN_POINT ( 'NONE',  ( -3.600000000000000977, 2.481923391582665950, -0.6429911470448941291 ) ) ;
#4528 = VERTEX_POINT ( 'NONE', #6303 ) ;
#4529 = AXIS2_PLACEMENT_3D ( 'NONE', #5857, #3473, #9360 ) ;
#4530 =( NAMED_UNIT ( * ) PLANE_ANGLE_UNIT ( ) SI_UNIT ( $, .RADIAN. ) );
#4531 = FILL_AREA_STYLE ('',( #9769 ) ) ;
#4532 = ORIENTED_EDGE ( 'NONE', *, *, #1056, .T. ) ;
#4533 = DIRECTION ( 'NONE',  ( -1.000000000000000000, -0.000000000000000000, -0.000000000000000000 ) ) ;
#4534 = DIRECTION ( 'NONE',  ( -1.000000000000000000, -0.000000000000000000, -0.000000000000000000 ) ) ;
#4535 =( NAMED_UNIT ( * ) PLANE_ANGLE_UNIT ( ) SI_UNIT ( $, .RADIAN. ) );
#4536 = CARTESIAN_POINT ( 'NONE',  ( -4.249999999999999112, -1.950000000000000178, 0.1100000000000000006 ) ) ;
#4537 = DIRECTION ( 'NONE',  ( 0.000000000000000000, 0.06975647374412501101, -0.9975640502598243087 ) ) ;
#4538 = PLANE ( 'NONE',  #1604 ) ;
#4539 = ORIENTED_EDGE ( 'NONE', *, *, #3229, .T. ) ;
#4540 = ORIENTED_EDGE ( 'NONE', *, *, #9747, .F. ) ;
#4541 = LINE ( 'NONE', #255, #7130 ) ;
#4542 = SURFACE_STYLE_FILL_AREA ( #9675 ) ;
#4543 = PRODUCT_RELATED_PRODUCT_CATEGORY ( 'part', '', ( #5418 ) ) ;
#4544 = CARTESIAN_POINT ( 'NONE',  ( -2.330000000000001403, -3.000000000000000000, -1.000000000000000000 ) ) ;
#4545 = CARTESIAN_POINT ( 'NONE',  ( -0.2100000000000005473, 2.165000000000000036, -0.7605367378089592512 ) ) ;
#4546 = FILL_AREA_STYLE ('',( #7927 ) ) ;
#4547 = FILL_AREA_STYLE_COLOUR ( '', #5033 ) ;
#4548 = PRESENTATION_STYLE_ASSIGNMENT (( #994 ) ) ;
#4549 = VECTOR ( 'NONE', #3906, 1000.000000000000000 ) ;
#4550 = ORIENTED_EDGE ( 'NONE', *, *, #297, .T. ) ;
#4551 = DIRECTION ( 'NONE',  ( 0.000000000000000000, 0.9975640502598243087, 0.06975647374412501101 ) ) ;
#4552 = VERTEX_POINT ( 'NONE', #1881 ) ;
#4553 = AXIS2_PLACEMENT_3D ( 'NONE', #3193, #11124, #5 ) ;
#4554 = FACE_OUTER_BOUND ( 'NONE', #9563, .T. ) ;
#4555 = UNCERTAINTY_MEASURE_WITH_UNIT (LENGTH_MEASURE( 1.000000000000000082E-05 ), #9210, 'distance_accuracy_value', 'NONE');
#4556 = EDGE_CURVE ( 'NONE', #2851, #805, #5605, .T. ) ;
#4557 = SURFACE_STYLE_USAGE ( .BOTH. , #8791 ) ;
#4558 = ORIENTED_EDGE ( 'NONE', *, *, #9449, .F. ) ;
#4559 = LINE ( 'NONE', #6350, #5261 ) ;
#4560 = AXIS2_PLACEMENT_3D ( 'NONE', #8860, #1788, #4348 ) ;
#4561 =( GEOMETRIC_REPRESENTATION_CONTEXT ( 3 ) GLOBAL_UNCERTAINTY_ASSIGNED_CONTEXT ( ( #7024 ) ) GLOBAL_UNIT_ASSIGNED_CONTEXT ( ( #2912, #351, #9185 ) ) REPRESENTATION_CONTEXT ( 'NONE', 'WORKASPACE' ) );
#4562 = CARTESIAN_POINT ( 'NONE',  ( 1.059999999999999387, -3.000000000000000000, -1.000000000000000000 ) ) ;
#4563 = FILL_AREA_STYLE ('',( #7096 ) ) ;
#4564 = EDGE_CURVE ( 'NONE', #10317, #3389, #6305, .T. ) ;
#4565 = CARTESIAN_POINT ( 'NONE',  ( 2.749999999999999112, -2.165000000000000036, -0.7605367378089592512 ) ) ;
#4566 = SURFACE_SIDE_STYLE ('',( #1071 ) ) ;
#4567 = MECHANICAL_DESIGN_GEOMETRIC_PRESENTATION_REPRESENTATION (  '', ( #9968 ), #9434 ) ;
#4568 = CARTESIAN_POINT ( 'NONE',  ( 1.059999999999999387, -3.000000000000000000, -0.7794627824221421752 ) ) ;
#4569 = MECHANICAL_DESIGN_GEOMETRIC_PRESENTATION_REPRESENTATION (  '', ( #9435 ), #1665 ) ;
#4570 = EDGE_CURVE ( 'NONE', #1992, #47, #9694, .T. ) ;
#4571 = DIRECTION ( 'NONE',  ( 1.000000000000000000, 0.000000000000000000, 0.000000000000000000 ) ) ;
#4572 = ADVANCED_FACE ( 'NONE', ( #7994 ), #6346, .T. ) ;
#4573 = VECTOR ( 'NONE', #7371, 1000.000000000000000 ) ;
#4574 = EDGE_LOOP ( 'NONE', ( #2988, #384, #5244, #8524 ) ) ;
#4575 = ORIENTED_EDGE ( 'NONE', *, *, #7187, .F. ) ;
#4576 = FILL_AREA_STYLE ('',( #2911 ) ) ;
#4577 = ORIENTED_EDGE ( 'NONE', *, *, #4268, .F. ) ;
#4578 =( LENGTH_UNIT ( ) NAMED_UNIT ( * ) SI_UNIT ( .MILLI., .METRE. ) );
#4579 = STYLED_ITEM ( 'NONE', ( #10650 ), #6896 ) ;
#4580 = SURFACE_STYLE_USAGE ( .BOTH. , #4629 ) ;
#4581 = VECTOR ( 'NONE', #7350, 1000.000000000000000 ) ;
#4582 = AXIS2_PLACEMENT_3D ( 'NONE', #5778, #587, #5658 ) ;
#4583 = CARTESIAN_POINT ( 'NONE',  ( -2.330000000000001403, -3.000000000000000000, -1.000000000000000000 ) ) ;
#4584 = ORIENTED_EDGE ( 'NONE', *, *, #4903, .T. ) ;
#4585 = PRESENTATION_STYLE_ASSIGNMENT (( #10617 ) ) ;
#4586 = CARTESIAN_POINT ( 'NONE',  ( 1.059999999999999387, -2.050000000000000266, -0.1099999999999999867 ) ) ;
#4587 = LINE ( 'NONE', #1745, #9686 ) ;
#4588 = MANIFOLD_SOLID_BREP ( 'LPattern1[5]', #910 ) ;
#4589 = CIRCLE ( 'NONE', #5657, 0.07500000000000003886 ) ;
#4590 = SURFACE_STYLE_USAGE ( .BOTH. , #532 ) ;
#4591 =( NAMED_UNIT ( * ) PLANE_ANGLE_UNIT ( ) SI_UNIT ( $, .RADIAN. ) );
#4592 = PRESENTATION_STYLE_ASSIGNMENT (( #9944 ) ) ;
#4593 = VERTEX_POINT ( 'NONE', #3115 ) ;
#4594 = ORIENTED_EDGE ( 'NONE', *, *, #7511, .F. ) ;
#4595 = SURFACE_STYLE_FILL_AREA ( #5555 ) ;
#4596 = FILL_AREA_STYLE ('',( #1148 ) ) ;
#4597 = PRESENTATION_STYLE_ASSIGNMENT (( #2292 ) ) ;
#4598 = CARTESIAN_POINT ( 'NONE',  ( 1.059999999999999387, 1.950000000000000178, 0.1100000000000000144 ) ) ;
#4599 = MECHANICAL_DESIGN_GEOMETRIC_PRESENTATION_REPRESENTATION (  '', ( #6924 ), #10186 ) ;
#4600 = ORIENTED_EDGE ( 'NONE', *, *, #2951, .T. ) ;
#4601 = DIRECTION ( 'NONE',  ( 0.000000000000000000, 0.000000000000000000, -1.000000000000000000 ) ) ;
#4602 = SURFACE_SIDE_STYLE ('',( #2715 ) ) ;
#4603 =( GEOMETRIC_REPRESENTATION_CONTEXT ( 3 ) GLOBAL_UNCERTAINTY_ASSIGNED_CONTEXT ( ( #10290 ) ) GLOBAL_UNIT_ASSIGNED_CONTEXT ( ( #5029, #4315, #9667 ) ) REPRESENTATION_CONTEXT ( 'NONE', 'WORKASPACE' ) );
#4604 = ORIENTED_EDGE ( 'NONE', *, *, #5459, .F. ) ;
#4605 = AXIS2_PLACEMENT_3D ( 'NONE', #1046, #6962, #6909 ) ;
#4606 = LINE ( 'NONE', #10327, #1659 ) ;
#4607 =( LENGTH_UNIT ( ) NAMED_UNIT ( * ) SI_UNIT ( .MILLI., .METRE. ) );
#4608 = MECHANICAL_DESIGN_GEOMETRIC_PRESENTATION_REPRESENTATION (  '', ( #9284 ), #2069 ) ;
#4609 = EDGE_LOOP ( 'NONE', ( #10853, #2943, #6294, #10761 ) ) ;
#4610 = STYLED_ITEM ( 'NONE', ( #2972 ), #7831 ) ;
#4611 = ADVANCED_FACE ( 'NONE', ( #2158 ), #2209, .T. ) ;
#4612 = ADVANCED_FACE ( 'NONE', ( #6570 ), #2265, .T. ) ;
#4613 = MANIFOLD_SOLID_BREP ( 'Mirror2', #8296 ) ;
#4614 = SURFACE_STYLE_USAGE ( .BOTH. , #6354 ) ;
#4615 = CIRCLE ( 'NONE', #6413, 0.1949999999999998679 ) ;
#4616 = CARTESIAN_POINT ( 'NONE',  ( -1.480000000000000870, -1.950000000000000178, 0.1100000000000000144 ) ) ;
#4617 =( LENGTH_UNIT ( ) NAMED_UNIT ( * ) SI_UNIT ( .MILLI., .METRE. ) );
#4618 = DIRECTION ( 'NONE',  ( 0.000000000000000000, -1.000000000000000000, 0.000000000000000000 ) ) ;
#4619 =( LENGTH_UNIT ( ) NAMED_UNIT ( * ) SI_UNIT ( .MILLI., .METRE. ) );
#4620 = ORIENTED_EDGE ( 'NONE', *, *, #25, .F. ) ;
#4621 = ORIENTED_EDGE ( 'NONE', *, *, #5435, .F. ) ;
#4622 = LINE ( 'NONE', #1077, #373 ) ;
#4623 = ORIENTED_EDGE ( 'NONE', *, *, #2898, .F. ) ;
#4624 = EDGE_CURVE ( 'NONE', #3185, #4650, #9369, .T. ) ;
#4625 = AXIS2_PLACEMENT_3D ( 'NONE', #10745, #5612, #9951 ) ;
#4626 = CYLINDRICAL_SURFACE ( 'NONE', #2267, 0.09999999999999956146 ) ;
#4627 =( GEOMETRIC_REPRESENTATION_CONTEXT ( 3 ) GLOBAL_UNCERTAINTY_ASSIGNED_CONTEXT ( ( #471 ) ) GLOBAL_UNIT_ASSIGNED_CONTEXT ( ( #9662, #74, #245 ) ) REPRESENTATION_CONTEXT ( 'NONE', 'WORKASPACE' ) );
#4628 = EDGE_CURVE ( 'NONE', #1458, #4489, #6908, .T. ) ;
#4629 = SURFACE_SIDE_STYLE ('',( #3615 ) ) ;
#4630 = CARTESIAN_POINT ( 'NONE',  ( 4.249999999999999112, 1.874999999999999778, 0.1100000000000000006 ) ) ;
#4631 = EDGE_CURVE ( 'NONE', #5566, #10317, #10310, .T. ) ;
#4632 = ORIENTED_EDGE ( 'NONE', *, *, #3382, .T. ) ;
#4633 = CARTESIAN_POINT ( 'NONE',  ( -4.249999999999999112, 1.949999999999999734, 0.1100000000000000006 ) ) ;
#4634 =( NAMED_UNIT ( * ) SI_UNIT ( $, .STERADIAN. ) SOLID_ANGLE_UNIT ( ) );
#4635 = LINE ( 'NONE', #3039, #10768 ) ;
#4636 = VECTOR ( 'NONE', #8183, 1000.000000000000000 ) ;
#4637 = DIRECTION ( 'NONE',  ( 0.000000000000000000, 0.000000000000000000, -1.000000000000000000 ) ) ;
#4638 = COLOUR_RGB ( '',0.8039215686274510109, 0.8039215686274510109, 0.8039215686274510109 ) ;
#4639 = MECHANICAL_DESIGN_GEOMETRIC_PRESENTATION_REPRESENTATION (  '', ( #9503 ), #2274 ) ;
#4640 = STYLED_ITEM ( 'NONE', ( #8511 ), #8191 ) ;
#4641 =( NAMED_UNIT ( * ) SI_UNIT ( $, .STERADIAN. ) SOLID_ANGLE_UNIT ( ) );
#4642 = FILL_AREA_STYLE_COLOUR ( '', #8833 ) ;
#4643 = EDGE_CURVE ( 'NONE', #9766, #4825, #904, .T. ) ;
#4644 = PLANE ( 'NONE',  #1775 ) ;
#4645 = AXIS2_PLACEMENT_3D ( 'NONE', #1069, #6244, #1832 ) ;
#4646 = PRESENTATION_LAYER_ASSIGNMENT (  '', '', ( #9515 ) ) ;
#4647 = ADVANCED_FACE ( 'NONE', ( #1605 ), #2498, .T. ) ;
#4648 = AXIS2_PLACEMENT_3D ( 'NONE', #6133, #5166, #7884 ) ;
#4649 =( GEOMETRIC_REPRESENTATION_CONTEXT ( 3 ) GLOBAL_UNCERTAINTY_ASSIGNED_CONTEXT ( ( #4744 ) ) GLOBAL_UNIT_ASSIGNED_CONTEXT ( ( #7072, #10520, #9679 ) ) REPRESENTATION_CONTEXT ( 'NONE', 'WORKASPACE' ) );
#4650 = VERTEX_POINT ( 'NONE', #2600 ) ;
#4651 = ORIENTED_EDGE ( 'NONE', *, *, #9311, .F. ) ;
#4652 = PRESENTATION_STYLE_ASSIGNMENT (( #2989 ) ) ;
#4653 = FILL_AREA_STYLE ('',( #2990 ) ) ;
#4654 = PLANE ( 'NONE',  #9978 ) ;
#4655 =( LENGTH_UNIT ( ) NAMED_UNIT ( * ) SI_UNIT ( .MILLI., .METRE. ) );
#4656 =( NAMED_UNIT ( * ) SI_UNIT ( $, .STERADIAN. ) SOLID_ANGLE_UNIT ( ) );
#4657 = CARTESIAN_POINT ( 'NONE',  ( 3.599999999999999645, -3.000000000000000000, -0.7794627824221421752 ) ) ;
#4658 = VECTOR ( 'NONE', #9728, 1000.000000000000000 ) ;
#4659 =( GEOMETRIC_REPRESENTATION_CONTEXT ( 3 ) GLOBAL_UNCERTAINTY_ASSIGNED_CONTEXT ( ( #9084 ) ) GLOBAL_UNIT_ASSIGNED_CONTEXT ( ( #6098, #8534, #1583 ) ) REPRESENTATION_CONTEXT ( 'NONE', 'WORKASPACE' ) );
#4660 = CARTESIAN_POINT ( 'NONE',  ( -1.060000000000000941, 1.950000000000000178, 0.1100000000000000144 ) ) ;
#4661 = ORIENTED_EDGE ( 'NONE', *, *, #7529, .T. ) ;
#4662 = SURFACE_STYLE_USAGE ( .BOTH. , #4820 ) ;
#4663 = MECHANICAL_DESIGN_GEOMETRIC_PRESENTATION_REPRESENTATION (  '', ( #4302 ), #1752 ) ;
#4664 = STYLED_ITEM ( 'NONE', ( #7311 ), #3875 ) ;
#4665 = AXIS2_PLACEMENT_3D ( 'NONE', #1342, #7325, #570 ) ;
#4666 = ORIENTED_EDGE ( 'NONE', *, *, #9535, .F. ) ;
#4667 = CARTESIAN_POINT ( 'NONE',  ( 1.059999999999999387, 2.474947744208253031, -0.7427475520708763934 ) ) ;
#4668 = SURFACE_STYLE_FILL_AREA ( #5392 ) ;
#4669 = CARTESIAN_POINT ( 'NONE',  ( -0.2100000000000005473, -2.481923391582665950, -0.6429911470448941291 ) ) ;
#4670 = SURFACE_STYLE_FILL_AREA ( #10817 ) ;
#4671 = ORIENTED_EDGE ( 'NONE', *, *, #8754, .F. ) ;
#4672 =( GEOMETRIC_REPRESENTATION_CONTEXT ( 3 ) GLOBAL_UNCERTAINTY_ASSIGNED_CONTEXT ( ( #67 ) ) GLOBAL_UNIT_ASSIGNED_CONTEXT ( ( #1856, #5423, #10513 ) ) REPRESENTATION_CONTEXT ( 'NONE', 'WORKASPACE' ) );
#4673 = DIRECTION ( 'NONE',  ( 0.000000000000000000, 0.9996308538171886360, 0.02716902826231849810 ) ) ;
#4674 = CARTESIAN_POINT ( 'NONE',  ( -0.2100000000000005473, -2.166782826543157903, -0.09000000000000002442 ) ) ;
#4675 =( NAMED_UNIT ( * ) PLANE_ANGLE_UNIT ( ) SI_UNIT ( $, .RADIAN. ) );
#4676 = DIRECTION ( 'NONE',  ( -0.000000000000000000, 0.000000000000000000, -1.000000000000000000 ) ) ;
#4677 = LINE ( 'NONE', #3655, #6190 ) ;
#4678 =( GEOMETRIC_REPRESENTATION_CONTEXT ( 3 ) GLOBAL_UNCERTAINTY_ASSIGNED_CONTEXT ( ( #7833 ) ) GLOBAL_UNIT_ASSIGNED_CONTEXT ( ( #7566, #4011, #3314 ) ) REPRESENTATION_CONTEXT ( 'NONE', 'WORKASPACE' ) );
#4679 = ORIENTED_EDGE ( 'NONE', *, *, #6352, .T. ) ;
#4680 = ORIENTED_EDGE ( 'NONE', *, *, #6740, .T. ) ;
#4681 = LINE ( 'NONE', #349, #9194 ) ;
#4682 = SURFACE_SIDE_STYLE ('',( #7475 ) ) ;
#4683 = ORIENTED_EDGE ( 'NONE', *, *, #6404, .T. ) ;
#4684 = VECTOR ( 'NONE', #2066, 1000.000000000000000 ) ;
#4685 = CARTESIAN_POINT ( 'NONE',  ( -4.020000000000001350, 2.166782826543157903, -0.09000000000000002442 ) ) ;
#4686 =( GEOMETRIC_REPRESENTATION_CONTEXT ( 3 ) GLOBAL_UNCERTAINTY_ASSIGNED_CONTEXT ( ( #954 ) ) GLOBAL_UNIT_ASSIGNED_CONTEXT ( ( #8280, #9967, #1274 ) ) REPRESENTATION_CONTEXT ( 'NONE', 'WORKASPACE' ) );
#4687 = VECTOR ( 'NONE', #9052, 999.9999999999998863 ) ;
#4688 =( LENGTH_UNIT ( ) NAMED_UNIT ( * ) SI_UNIT ( .MILLI., .METRE. ) );
#4689 = DIRECTION ( 'NONE',  ( 1.000000000000000000, 0.000000000000000000, 0.000000000000000000 ) ) ;
#4690 = UNCERTAINTY_MEASURE_WITH_UNIT (LENGTH_MEASURE( 1.000000000000000082E-05 ), #6671, 'distance_accuracy_value', 'NONE');
#4691 = ORIENTED_EDGE ( 'NONE', *, *, #10159, .F. ) ;
#4692 = SURFACE_STYLE_USAGE ( .BOTH. , #2230 ) ;
#4693 =( NAMED_UNIT ( * ) PLANE_ANGLE_UNIT ( ) SI_UNIT ( $, .RADIAN. ) );
#4694 = CARTESIAN_POINT ( 'NONE',  ( 3.599999999999999645, 2.474947744208253031, -0.7427475520708763934 ) ) ;
#4695 = CARTESIAN_POINT ( 'NONE',  ( 3.599999999999999645, -2.149963085381718209, -0.2072830971737681105 ) ) ;
#4696 = DIRECTION ( 'NONE',  ( 1.000000000000000000, 0.000000000000000000, 0.000000000000000000 ) ) ;
#4697 = LINE ( 'NONE', #7336, #11138 ) ;
#4698 = CARTESIAN_POINT ( 'NONE',  ( -2.750000000000001332, 3.000000000000000000, -1.000000000000000000 ) ) ;
#4699 = CARTESIAN_POINT ( 'NONE',  ( -3.600000000000000977, 2.050000000000000266, -0.1099999999999999867 ) ) ;
#4700 = COLOUR_RGB ( '',0.8039215686274510109, 0.8039215686274510109, 0.8039215686274510109 ) ;
#4701 = ORIENTED_EDGE ( 'NONE', *, *, #1591, .F. ) ;
#4702 = VERTEX_POINT ( 'NONE', #1987 ) ;
#4703 =( LENGTH_UNIT ( ) NAMED_UNIT ( * ) SI_UNIT ( .MILLI., .METRE. ) );
#4704 = FACE_OUTER_BOUND ( 'NONE', #4869, .T. ) ;
#4705 = ADVANCED_FACE ( 'NONE', ( #7859 ), #2661, .F. ) ;
#4706 = PLANE ( 'NONE',  #8225 ) ;
#4707 = PRESENTATION_STYLE_ASSIGNMENT (( #485 ) ) ;
#4708 = EDGE_CURVE ( 'NONE', #738, #1473, #1099, .T. ) ;
#4709 = CARTESIAN_POINT ( 'NONE',  ( 2.749999999999999112, 2.481923391582665950, -0.6429911470448941291 ) ) ;
#4710 = EDGE_CURVE ( 'NONE', #3587, #6051, #5208, .T. ) ;
#4711 = PLANE ( 'NONE',  #984 ) ;
#4712 = ORIENTED_EDGE ( 'NONE', *, *, #4624, .T. ) ;
#4713 = CARTESIAN_POINT ( 'NONE',  ( 4.019999999999999574, -2.050000000000000266, -0.1099999999999999867 ) ) ;
#4714 = UNCERTAINTY_MEASURE_WITH_UNIT (LENGTH_MEASURE( 1.000000000000000082E-05 ), #1361, 'distance_accuracy_value', 'NONE');
#4715 = ORIENTED_EDGE ( 'NONE', *, *, #1461, .T. ) ;
#4716 = DIRECTION ( 'NONE',  ( 0.000000000000000000, 0.000000000000000000, -1.000000000000000000 ) ) ;
#4717 = CARTESIAN_POINT ( 'NONE',  ( -0.2100000000000005473, -2.165000000000000036, -0.7605367378089592512 ) ) ;
#4718 = CARTESIAN_POINT ( 'NONE',  ( -3.600000000000000977, 1.950000000000000178, 0.1100000000000000144 ) ) ;
#4719 =( NAMED_UNIT ( * ) SI_UNIT ( $, .STERADIAN. ) SOLID_ANGLE_UNIT ( ) );
#4720 = ORIENTED_EDGE ( 'NONE', *, *, #769, .T. ) ;
#4721 = CARTESIAN_POINT ( 'NONE',  ( -4.190202986107629535, 1.815202986107628647, 0.6749999999999999334 ) ) ;
#4722 = COLOUR_RGB ( '',0.8039215686274510109, 0.8039215686274510109, 0.8039215686274510109 ) ;
#4723 =( LENGTH_UNIT ( ) NAMED_UNIT ( * ) SI_UNIT ( .MILLI., .METRE. ) );
#4724 = SURFACE_SIDE_STYLE ('',( #2905 ) ) ;
#4725 = DIRECTION ( 'NONE',  ( 1.000000000000000000, 0.000000000000000000, 0.000000000000000000 ) ) ;
#4726 = DIRECTION ( 'NONE',  ( 1.000000000000000000, 0.000000000000000000, -0.000000000000000000 ) ) ;
#4727 = SURFACE_STYLE_FILL_AREA ( #4045 ) ;
#4728 = PLANE ( 'NONE',  #9345 ) ;
#4729 =( NAMED_UNIT ( * ) PLANE_ANGLE_UNIT ( ) SI_UNIT ( $, .RADIAN. ) );
#4730 =( GEOMETRIC_REPRESENTATION_CONTEXT ( 3 ) GLOBAL_UNCERTAINTY_ASSIGNED_CONTEXT ( ( #7380 ) ) GLOBAL_UNIT_ASSIGNED_CONTEXT ( ( #2977, #2125, #3900 ) ) REPRESENTATION_CONTEXT ( 'NONE', 'WORKASPACE' ) );
#4731 = ORIENTED_EDGE ( 'NONE', *, *, #2829, .T. ) ;
#4732 = VERTEX_POINT ( 'NONE', #263 ) ;
#4733 = ORIENTED_EDGE ( 'NONE', *, *, #2382, .F. ) ;
#4734 = DIRECTION ( 'NONE',  ( 1.000000000000000000, 0.000000000000000000, 0.000000000000000000 ) ) ;
#4735 = DIRECTION ( 'NONE',  ( 0.000000000000000000, 0.000000000000000000, -1.000000000000000000 ) ) ;
#4736 =( LENGTH_UNIT ( ) NAMED_UNIT ( * ) SI_UNIT ( .MILLI., .METRE. ) );
#4737 = VECTOR ( 'NONE', #7253, 1000.000000000000000 ) ;
#4738 = ORIENTED_EDGE ( 'NONE', *, *, #6735, .T. ) ;
#4739 = DIRECTION ( 'NONE',  ( 0.000000000000000000, -0.000000000000000000, -1.000000000000000000 ) ) ;
#4740 = DIRECTION ( 'NONE',  ( 0.000000000000000000, 1.000000000000000000, 0.000000000000000000 ) ) ;
#4741 =( GEOMETRIC_REPRESENTATION_CONTEXT ( 3 ) GLOBAL_UNCERTAINTY_ASSIGNED_CONTEXT ( ( #2924 ) ) GLOBAL_UNIT_ASSIGNED_CONTEXT ( ( #6025, #3484, #388 ) ) REPRESENTATION_CONTEXT ( 'NONE', 'WORKASPACE' ) );
#4742 = LINE ( 'NONE', #7391, #8599 ) ;
#4743 =( NAMED_UNIT ( * ) PLANE_ANGLE_UNIT ( ) SI_UNIT ( $, .RADIAN. ) );
#4744 = UNCERTAINTY_MEASURE_WITH_UNIT (LENGTH_MEASURE( 1.000000000000000082E-05 ), #7072, 'distance_accuracy_value', 'NONE');
#4745 =( NAMED_UNIT ( * ) SI_UNIT ( $, .STERADIAN. ) SOLID_ANGLE_UNIT ( ) );
#4746 = CARTESIAN_POINT ( 'NONE',  ( -0.2100000000000005473, 2.350974876014612747, -0.9546157422084604605 ) ) ;
#4747 = ADVANCED_FACE ( 'NONE', ( #1763 ), #7077, .T. ) ;
#4748 = DIRECTION ( 'NONE',  ( 0.000000000000000000, 0.000000000000000000, 1.000000000000000000 ) ) ;
#4749 = EDGE_CURVE ( 'NONE', #4759, #636, #1150, .T. ) ;
#4750 = EDGE_CURVE ( 'NONE', #2457, #2084, #2197, .T. ) ;
#4751 = AXIS2_PLACEMENT_3D ( 'NONE', #9056, #10304, #9448 ) ;
#4752 = ORIENTED_EDGE ( 'NONE', *, *, #1097, .T. ) ;
#4753 = VERTEX_POINT ( 'NONE', #4660 ) ;
#4754 = CARTESIAN_POINT ( 'NONE',  ( -2.330000000000001403, -2.366708997306596007, -0.08456619434753621933 ) ) ;
#4755 = DIRECTION ( 'NONE',  ( 0.000000000000000000, 1.000000000000000000, 0.000000000000000000 ) ) ;
#4756 = DIRECTION ( 'NONE',  ( 0.000000000000000000, -0.02716902826232023976, 0.9996308538171885250 ) ) ;
#4757 = CARTESIAN_POINT ( 'NONE',  ( -1.480000000000000870, -2.481923391582665950, -0.6429911470448941291 ) ) ;
#4758 = CARTESIAN_POINT ( 'NONE',  ( 4.324998880753508246, 1.875409738600887222, 0.1100106489190410680 ) ) ;
#4759 = VERTEX_POINT ( 'NONE', #8090 ) ;
#4760 = EDGE_CURVE ( 'NONE', #9836, #1884, #10818, .T. ) ;
#4761 = EDGE_CURVE ( 'NONE', #9998, #7555, #1340, .T. ) ;
#4762 = ORIENTED_EDGE ( 'NONE', *, *, #3164, .T. ) ;
#4763 = SURFACE_SIDE_STYLE ('',( #5620 ) ) ;
#4764 = PRESENTATION_STYLE_ASSIGNMENT (( #3162 ) ) ;
#4765 = VECTOR ( 'NONE', #8314, 1000.000000000000000 ) ;
#4766 = CARTESIAN_POINT ( 'NONE',  ( 1.059999999999999387, -2.474947744208253031, -0.7427475520708766155 ) ) ;
#4767 = DIRECTION ( 'NONE',  ( -0.9945218953682734009, 0.000000000000000000, -0.1045284632676537068 ) ) ;
#4768 = SURFACE_SIDE_STYLE ('',( #4670 ) ) ;
#4769 = VERTEX_POINT ( 'NONE', #10004 ) ;
#4770 = DIRECTION ( 'NONE',  ( 1.000000000000000000, 0.000000000000000000, 0.000000000000000000 ) ) ;
#4771 = PRESENTATION_LAYER_ASSIGNMENT (  '', '', ( #1319 ) ) ;
#4772 = COLOUR_RGB ( '',0.2862745098039215508, 0.2862745098039215508, 0.2862745098039215508 ) ;
#4773 = EDGE_CURVE ( 'NONE', #6174, #585, #6334, .T. ) ;
#4774 = SURFACE_STYLE_FILL_AREA ( #9064 ) ;
#4775 = CARTESIAN_POINT ( 'NONE',  ( 1.059999999999999387, -1.950000000000000178, -0.1099999999999999867 ) ) ;
#4776 = LINE ( 'NONE', #2906, #10151 ) ;
#4777 = UNCERTAINTY_MEASURE_WITH_UNIT (LENGTH_MEASURE( 1.000000000000000082E-05 ), #5206, 'distance_accuracy_value', 'NONE');
#4778 = DIRECTION ( 'NONE',  ( 1.000000000000000000, 0.000000000000000000, 0.000000000000000000 ) ) ;
#4779 = CARTESIAN_POINT ( 'NONE',  ( 4.325000000000000178, -1.950000000000000178, -0.1100000000000000006 ) ) ;
#4780 = PRESENTATION_LAYER_ASSIGNMENT (  '', '', ( #9284 ) ) ;
#4781 = PRESENTATION_STYLE_ASSIGNMENT (( #2963 ) ) ;
#4782 = FILL_AREA_STYLE_COLOUR ( '', #7817 ) ;
#4783 = AXIS2_PLACEMENT_3D ( 'NONE', #1932, #7023, #7803 ) ;
#4784 = ORIENTED_EDGE ( 'NONE', *, *, #5516, .T. ) ;
#4785 = ORIENTED_EDGE ( 'NONE', *, *, #3386, .T. ) ;
#4786 = EDGE_LOOP ( 'NONE', ( #6447, #4113, #10810, #5153, #11044, #4948, #630, #10963 ) ) ;
#4787 =( NAMED_UNIT ( * ) PLANE_ANGLE_UNIT ( ) SI_UNIT ( $, .RADIAN. ) );
#4788 = VERTEX_POINT ( 'NONE', #7288 ) ;
#4789 = UNCERTAINTY_MEASURE_WITH_UNIT (LENGTH_MEASURE( 1.000000000000000082E-05 ), #33, 'distance_accuracy_value', 'NONE');
#4790 = VECTOR ( 'NONE', #6373, 1000.000000000000000 ) ;
#4791 =( NAMED_UNIT ( * ) PLANE_ANGLE_UNIT ( ) SI_UNIT ( $, .RADIAN. ) );
#4792 = CARTESIAN_POINT ( 'NONE',  ( -1.060000000000000941, -2.481923391582665950, -0.6429911470448941291 ) ) ;
#4793 = UNCERTAINTY_MEASURE_WITH_UNIT (LENGTH_MEASURE( 1.000000000000000082E-05 ), #715, 'distance_accuracy_value', 'NONE');
#4794 = VERTEX_POINT ( 'NONE', #7404 ) ;
#4795 = FACE_OUTER_BOUND ( 'NONE', #3005, .T. ) ;
#4796 = PRESENTATION_LAYER_ASSIGNMENT (  '', '', ( #1893 ) ) ;
#4797 = PRESENTATION_STYLE_ASSIGNMENT (( #3844 ) ) ;
#4798 = DIRECTION ( 'NONE',  ( 0.000000000000000000, 0.000000000000000000, -1.000000000000000000 ) ) ;
#4799 = CYLINDRICAL_SURFACE ( 'NONE', #1201, 0.09999999999999956146 ) ;
#4800 =( LENGTH_UNIT ( ) NAMED_UNIT ( * ) SI_UNIT ( .MILLI., .METRE. ) );
#4801 = CARTESIAN_POINT ( 'NONE',  ( -4.020000000000001350, 2.481923391582665950, -0.6429911470448941291 ) ) ;
#4802 = VECTOR ( 'NONE', #6842, 1000.000000000000000 ) ;
#4803 = PLANE ( 'NONE',  #7823 ) ;
#4804 = PRESENTATION_LAYER_ASSIGNMENT (  '', '', ( #10227 ) ) ;
#4805 = ORIENTED_EDGE ( 'NONE', *, *, #4357, .T. ) ;
#4806 = VECTOR ( 'NONE', #10459, 1000.000000000000000 ) ;
#4807 = ORIENTED_EDGE ( 'NONE', *, *, #1179, .F. ) ;
#4808 = SURFACE_STYLE_FILL_AREA ( #4018 ) ;
#4809 = SURFACE_STYLE_USAGE ( .BOTH. , #9784 ) ;
#4810 =( BOUNDED_CURVE ( )  B_SPLINE_CURVE ( 3, ( #8947, #1368, #6455, #3813 ),
 .UNSPECIFIED., .F., .F. ) 
 B_SPLINE_CURVE_WITH_KNOTS ( ( 4, 4 ),
 ( 3.141592653589793116, 3.147055862111328928 ),
 .UNSPECIFIED. ) 
 CURVE ( )  GEOMETRIC_REPRESENTATION_ITEM ( )  RATIONAL_B_SPLINE_CURVE ( ( 1.000000000000000000, 0.9999975127809339615, 0.9999975127809339615, 1.000000000000000000 ) ) 
 REPRESENTATION_ITEM ( '' )  );
#4811 = COLOUR_RGB ( '',0.8039215686274510109, 0.8039215686274510109, 0.8039215686274510109 ) ;
#4812 = PRESENTATION_LAYER_ASSIGNMENT (  '', '', ( #5158 ) ) ;
#4813 = LINE ( 'NONE', #2144, #9308 ) ;
#4814 = DIRECTION ( 'NONE',  ( 0.000000000000000000, 0.000000000000000000, -1.000000000000000000 ) ) ;
#4815 = SURFACE_STYLE_FILL_AREA ( #4596 ) ;
#4816 = CARTESIAN_POINT ( 'NONE',  ( 1.059999999999999387, 2.166782826543157903, 0.1100000000000000144 ) ) ;
#4817 = LINE ( 'NONE', #1200, #3295 ) ;
#4818 = COLOUR_RGB ( '',0.8039215686274510109, 0.8039215686274510109, 0.8039215686274510109 ) ;
#4819 = VERTEX_POINT ( 'NONE', #10859 ) ;
#4820 = SURFACE_SIDE_STYLE ('',( #2941 ) ) ;
#4821 = AXIS2_PLACEMENT_3D ( 'NONE', #9549, #10723, #3779 ) ;
#4822 = PRESENTATION_LAYER_ASSIGNMENT (  '', '', ( #1919 ) ) ;
#4823 = AXIS2_PLACEMENT_3D ( 'NONE', #2612, #2783, #5393 ) ;
#4824 = STYLED_ITEM ( 'NONE', ( #165 ), #8278 ) ;
#4825 = VERTEX_POINT ( 'NONE', #381 ) ;
#4826 = LINE ( 'NONE', #9018, #6990 ) ;
#4827 =( GEOMETRIC_REPRESENTATION_CONTEXT ( 3 ) GLOBAL_UNCERTAINTY_ASSIGNED_CONTEXT ( ( #3783 ) ) GLOBAL_UNIT_ASSIGNED_CONTEXT ( ( #2208, #10757, #9118 ) ) REPRESENTATION_CONTEXT ( 'NONE', 'WORKASPACE' ) );
#4828 = SURFACE_SIDE_STYLE ('',( #5673 ) ) ;
#4829 = SURFACE_SIDE_STYLE ('',( #2207 ) ) ;
#4830 = CARTESIAN_POINT ( 'NONE',  ( 4.325000000000000178, -1.950000000000000178, 0.1100000000000000006 ) ) ;
#4831 = MECHANICAL_DESIGN_GEOMETRIC_PRESENTATION_REPRESENTATION (  '', ( #10047 ), #9701 ) ;
#4832 = CARTESIAN_POINT ( 'NONE',  ( 3.599999999999999645, -2.166782826543157903, -0.09000000000000002442 ) ) ;
#4833 = SURFACE_STYLE_USAGE ( .BOTH. , #4768 ) ;
#4834 = AXIS2_PLACEMENT_3D ( 'NONE', #9452, #8603, #5257 ) ;
#4835 = ORIENTED_EDGE ( 'NONE', *, *, #6544, .F. ) ;
#4836 = EDGE_CURVE ( 'NONE', #5744, #8230, #1306, .T. ) ;
#4837 = VECTOR ( 'NONE', #690, 1000.000000000000000 ) ;
#4838 = MECHANICAL_DESIGN_GEOMETRIC_PRESENTATION_REPRESENTATION (  '', ( #5564 ), #874 ) ;
#4839 = PRESENTATION_STYLE_ASSIGNMENT (( #502 ) ) ;
#4840 = DIRECTION ( 'NONE',  ( 1.000000000000000000, 0.000000000000000000, 0.000000000000000000 ) ) ;
#4841 = SURFACE_STYLE_FILL_AREA ( #9127 ) ;
#4842 = EDGE_CURVE ( 'NONE', #2018, #3659, #2037, .T. ) ;
#4843 =( NAMED_UNIT ( * ) SI_UNIT ( $, .STERADIAN. ) SOLID_ANGLE_UNIT ( ) );
#4844 = AXIS2_PLACEMENT_3D ( 'NONE', #7268, #1238, #4689 ) ;
#4845 =( NAMED_UNIT ( * ) SI_UNIT ( $, .STERADIAN. ) SOLID_ANGLE_UNIT ( ) );
#4846 = PRESENTATION_LAYER_ASSIGNMENT (  '', '', ( #175 ) ) ;
#4847 = EDGE_LOOP ( 'NONE', ( #2492, #5530, #1989, #5795 ) ) ;
#4848 = ORIENTED_EDGE ( 'NONE', *, *, #7866, .T. ) ;
#4849 = EDGE_CURVE ( 'NONE', #11062, #8880, #2089, .T. ) ;
#4850 = VERTEX_POINT ( 'NONE', #9792 ) ;
#4851 = COLOUR_RGB ( '',0.8039215686274510109, 0.8039215686274510109, 0.8039215686274510109 ) ;
#4852 =( NAMED_UNIT ( * ) SI_UNIT ( $, .STERADIAN. ) SOLID_ANGLE_UNIT ( ) );
#4853 =( NAMED_UNIT ( * ) SI_UNIT ( $, .STERADIAN. ) SOLID_ANGLE_UNIT ( ) );
#4854 = ORIENTED_EDGE ( 'NONE', *, *, #2242, .T. ) ;
#4855 = CARTESIAN_POINT ( 'NONE',  ( 1.059999999999999387, 1.950000000000000178, -0.1099999999999999867 ) ) ;
#4856 = UNCERTAINTY_MEASURE_WITH_UNIT (LENGTH_MEASURE( 1.000000000000000082E-05 ), #10162, 'distance_accuracy_value', 'NONE');
#4857 = LINE ( 'NONE', #4175, #2664 ) ;
#4858 = COLOUR_RGB ( '',0.8039215686274510109, 0.8039215686274510109, 0.8039215686274510109 ) ;
#4859 = DIRECTION ( 'NONE',  ( 1.000000000000000000, 0.000000000000000000, 0.000000000000000000 ) ) ;
#4860 = COLOUR_RGB ( '',0.8039215686274510109, 0.8039215686274510109, 0.8039215686274510109 ) ;
#4861 = LINE ( 'NONE', #5596, #866 ) ;
#4862 = CARTESIAN_POINT ( 'NONE',  ( -2.330000000000001403, 3.000000000000000000, -1.000000000000000000 ) ) ;
#4863 = PRESENTATION_LAYER_ASSIGNMENT (  '', '', ( #2866 ) ) ;
#4864 = CARTESIAN_POINT ( 'NONE',  ( 4.019999999999999574, -2.350974876014612747, -0.9546157422084604605 ) ) ;
#4865 = LINE ( 'NONE', #8313, #7988 ) ;
#4866 = PRESENTATION_LAYER_ASSIGNMENT (  '', '', ( #8290 ) ) ;
#4867 = CARTESIAN_POINT ( 'NONE',  ( 4.190202986107629535, 1.815202986107628647, 0.6749999999999999334 ) ) ;
#4868 = PRESENTATION_STYLE_ASSIGNMENT (( #582 ) ) ;
#4869 = EDGE_LOOP ( 'NONE', ( #963, #3464, #4451, #10616 ) ) ;
#4870 = EDGE_LOOP ( 'NONE', ( #1036, #731, #584, #5328 ) ) ;
#4871 = SURFACE_SIDE_STYLE ('',( #3207 ) ) ;
#4872 = AXIS2_PLACEMENT_3D ( 'NONE', #3327, #3264, #3156 ) ;
#4873 = FILL_AREA_STYLE_COLOUR ( '', #664 ) ;
#4874 = LINE ( 'NONE', #8379, #4084 ) ;
#4875 = DIRECTION ( 'NONE',  ( 1.000000000000000000, 0.000000000000000000, 0.000000000000000000 ) ) ;
#4876 = LINE ( 'NONE', #7188, #3794 ) ;
#4877 = CARTESIAN_POINT ( 'NONE',  ( 0.2099999999999992428, 1.950000000000000178, 0.1100000000000000144 ) ) ;
#4878 = EDGE_LOOP ( 'NONE', ( #5917, #143, #1998, #9420 ) ) ;
#4879 =( NAMED_UNIT ( * ) SI_UNIT ( $, .STERADIAN. ) SOLID_ANGLE_UNIT ( ) );
#4880 = AXIS2_PLACEMENT_3D ( 'NONE', #611, #8169, #1331 ) ;
#4881 = ORIENTED_EDGE ( 'NONE', *, *, #10159, .T. ) ;
#4882 =( NAMED_UNIT ( * ) PLANE_ANGLE_UNIT ( ) SI_UNIT ( $, .RADIAN. ) );
#4883 = SURFACE_SIDE_STYLE ('',( #1437 ) ) ;
#4884 = SURFACE_SIDE_STYLE ('',( #5738 ) ) ;
#4885 = LINE ( 'NONE', #440, #6393 ) ;
#4886 = VERTEX_POINT ( 'NONE', #9845 ) ;
#4887 =( LENGTH_UNIT ( ) NAMED_UNIT ( * ) SI_UNIT ( .MILLI., .METRE. ) );
#4888 = DIRECTION ( 'NONE',  ( 0.000000000000000000, -0.06975647374412548285, 0.9975640502598243087 ) ) ;
#4889 = EDGE_CURVE ( 'NONE', #3292, #4593, #7540, .T. ) ;
#4890 = CYLINDRICAL_SURFACE ( 'NONE', #10512, 0.07500000000000041356 ) ;
#4891 = UNCERTAINTY_MEASURE_WITH_UNIT (LENGTH_MEASURE( 1.000000000000000082E-05 ), #5157, 'distance_accuracy_value', 'NONE');
#4892 = CARTESIAN_POINT ( 'NONE',  ( 0.000000000000000000, 0.000000000000000000, 0.7500000000000000000 ) ) ;
#4893 = SURFACE_STYLE_FILL_AREA ( #10772 ) ;
#4894 =( NAMED_UNIT ( * ) SI_UNIT ( $, .STERADIAN. ) SOLID_ANGLE_UNIT ( ) );
#4895 = FILL_AREA_STYLE ('',( #5802 ) ) ;
#4896 = CARTESIAN_POINT ( 'NONE',  ( 1.059999999999999387, -2.481923391582665950, -0.6429911470448941291 ) ) ;
#4897 = ORIENTED_EDGE ( 'NONE', *, *, #834, .F. ) ;
#4898 = ORIENTED_EDGE ( 'NONE', *, *, #380, .F. ) ;
#4899 = CYLINDRICAL_SURFACE ( 'NONE', #1021, 0.2000000000000003164 ) ;
#4900 = ORIENTED_EDGE ( 'NONE', *, *, #1172, .T. ) ;
#4901 = PRESENTATION_LAYER_ASSIGNMENT (  '', '', ( #10675 ) ) ;
#4902 = DIRECTION ( 'NONE',  ( 1.000000000000000000, 0.000000000000000000, 0.000000000000000000 ) ) ;
#4903 = EDGE_CURVE ( 'NONE', #8326, #64, #3054, .T. ) ;
#4904 = LINE ( 'NONE', #4055, #3579 ) ;
#4905 = ORIENTED_EDGE ( 'NONE', *, *, #10301, .F. ) ;
#4906 = DIRECTION ( 'NONE',  ( 0.000000000000000000, 1.000000000000000000, 0.000000000000000000 ) ) ;
#4907 = VECTOR ( 'NONE', #7038, 1000.000000000000114 ) ;
#4908 = EDGE_CURVE ( 'NONE', #8481, #6897, #1262, .T. ) ;
#4909 = FACE_OUTER_BOUND ( 'NONE', #11143, .T. ) ;
#4910 = DIRECTION ( 'NONE',  ( 0.000000000000000000, 1.000000000000000000, 0.000000000000000000 ) ) ;
#4911 = EDGE_CURVE ( 'NONE', #4917, #9980, #4876, .T. ) ;
#4912 = DIRECTION ( 'NONE',  ( 0.000000000000000000, -1.000000000000000000, 0.000000000000000000 ) ) ;
#4913 = CARTESIAN_POINT ( 'NONE',  ( -1.480000000000000870, -3.000000000000000000, -1.000000000000000000 ) ) ;
#4914 = CARTESIAN_POINT ( 'NONE',  ( 1.479999999999999094, 2.050000000000000266, -0.1099999999999999867 ) ) ;
#4915 = FILL_AREA_STYLE_COLOUR ( '', #3155 ) ;
#4916 = DIRECTION ( 'NONE',  ( 0.000000000000000000, -0.06975647374412501101, -0.9975640502598243087 ) ) ;
#4917 = VERTEX_POINT ( 'NONE', #5662 ) ;
#4918 = MECHANICAL_DESIGN_GEOMETRIC_PRESENTATION_REPRESENTATION (  '', ( #7984 ), #4741 ) ;
#4919 = EDGE_LOOP ( 'NONE', ( #6091, #2764, #10334, #3117 ) ) ;
#4920 = ORIENTED_EDGE ( 'NONE', *, *, #5100, .F. ) ;
#4921 = SURFACE_STYLE_USAGE ( .BOTH. , #1475 ) ;
#4922 = DIRECTION ( 'NONE',  ( 0.000000000000000000, 0.000000000000000000, -1.000000000000000000 ) ) ;
#4924 = FILL_AREA_STYLE ('',( #9327 ) ) ;
#4923 = MECHANICAL_DESIGN_GEOMETRIC_PRESENTATION_REPRESENTATION (  '', ( #7089 ), #9615 ) ;
#4926 =( LENGTH_UNIT ( ) NAMED_UNIT ( * ) SI_UNIT ( .MILLI., .METRE. ) );
#4925 =( GEOMETRIC_REPRESENTATION_CONTEXT ( 3 ) GLOBAL_UNCERTAINTY_ASSIGNED_CONTEXT ( ( #2164 ) ) GLOBAL_UNIT_ASSIGNED_CONTEXT ( ( #1891, #8861, #4523 ) ) REPRESENTATION_CONTEXT ( 'NONE', 'WORKASPACE' ) );
#4927 = FACE_OUTER_BOUND ( 'NONE', #1559, .T. ) ;
#4928 = COLOUR_RGB ( '',0.8039215686274510109, 0.8039215686274510109, 0.8039215686274510109 ) ;
#4929 = VERTEX_POINT ( 'NONE', #4816 ) ;
#4930 = STYLED_ITEM ( 'NONE', ( #8705 ), #6126 ) ;
#4931 = DIRECTION ( 'NONE',  ( 0.000000000000000000, -0.9975640502598243087, 0.06975647374412501101 ) ) ;
#4932 = PRESENTATION_STYLE_ASSIGNMENT (( #5956 ) ) ;
#4933 = SURFACE_STYLE_USAGE ( .BOTH. , #9405 ) ;
#4934 =( GEOMETRIC_REPRESENTATION_CONTEXT ( 3 ) GLOBAL_UNCERTAINTY_ASSIGNED_CONTEXT ( ( #507 ) ) GLOBAL_UNIT_ASSIGNED_CONTEXT ( ( #11132, #2464, #60 ) ) REPRESENTATION_CONTEXT ( 'NONE', 'WORKASPACE' ) );
#4935 = EDGE_LOOP ( 'NONE', ( #491, #8318, #4671, #7399 ) ) ;
#4936 = SURFACE_STYLE_FILL_AREA ( #3118 ) ;
#4937 = COLOUR_RGB ( '',0.8039215686274510109, 0.8039215686274510109, 0.8039215686274510109 ) ;
#4938 = ORIENTED_EDGE ( 'NONE', *, *, #11103, .T. ) ;
#4939 = DIRECTION ( 'NONE',  ( -1.000000000000000000, 0.000000000000000000, -0.000000000000000000 ) ) ;
#4940 = COLOUR_RGB ( '',0.8039215686274510109, 0.8039215686274510109, 0.8039215686274510109 ) ;
#4941 = UNCERTAINTY_MEASURE_WITH_UNIT (LENGTH_MEASURE( 1.000000000000000082E-05 ), #9764, 'distance_accuracy_value', 'NONE');
#4942 = PRESENTATION_STYLE_ASSIGNMENT (( #4213 ) ) ;
#4943 = PRESENTATION_STYLE_ASSIGNMENT (( #1499 ) ) ;
#4944 = EDGE_CURVE ( 'NONE', #9383, #7090, #9380, .T. ) ;
#4945 = VERTEX_POINT ( 'NONE', #8143 ) ;
#4946 = ORIENTED_EDGE ( 'NONE', *, *, #3361, .F. ) ;
#4947 = FACE_OUTER_BOUND ( 'NONE', #550, .T. ) ;
#4948 = ORIENTED_EDGE ( 'NONE', *, *, #9447, .F. ) ;
#4949 = EDGE_CURVE ( 'NONE', #671, #4425, #2937, .T. ) ;
#4950 =( LENGTH_UNIT ( ) NAMED_UNIT ( * ) SI_UNIT ( .MILLI., .METRE. ) );
#4951 = CARTESIAN_POINT ( 'NONE',  ( 4.019999999999999574, -2.166782826543157903, 0.1100000000000000144 ) ) ;
#4952 = LINE ( 'NONE', #11122, #879 ) ;
#4953 = ORIENTED_EDGE ( 'NONE', *, *, #7451, .F. ) ;
#4954 =( NAMED_UNIT ( * ) PLANE_ANGLE_UNIT ( ) SI_UNIT ( $, .RADIAN. ) );
#4955 = DIRECTION ( 'NONE',  ( 1.000000000000000000, 0.000000000000000000, 0.000000000000000000 ) ) ;
#4956 =( NAMED_UNIT ( * ) SI_UNIT ( $, .STERADIAN. ) SOLID_ANGLE_UNIT ( ) );
#4957 = EDGE_CURVE ( 'NONE', #8303, #4753, #2996, .T. ) ;
#4958 = SURFACE_STYLE_FILL_AREA ( #10117 ) ;
#4959 = FACE_OUTER_BOUND ( 'NONE', #2706, .T. ) ;
#4960 = ORIENTED_EDGE ( 'NONE', *, *, #2121, .T. ) ;
#4961 = MECHANICAL_DESIGN_GEOMETRIC_PRESENTATION_REPRESENTATION (  '', ( #10737 ), #6044 ) ;
#4962 = EDGE_CURVE ( 'NONE', #7653, #10722, #6125, .T. ) ;
#4963 = CARTESIAN_POINT ( 'NONE',  ( -1.480000000000000870, -2.366708997306596007, -0.08456619434753621933 ) ) ;
#4964 = COLOUR_RGB ( '',0.8039215686274510109, 0.8039215686274510109, 0.8039215686274510109 ) ;
#4965 = ADVANCED_FACE ( 'NONE', ( #7349 ), #10806, .T. ) ;
#4966 = PLANE ( 'NONE',  #9169 ) ;
#4967 = VERTEX_POINT ( 'NONE', #6672 ) ;
#4968 = CARTESIAN_POINT ( 'NONE',  ( -1.480000000000000870, -1.950000000000000178, 0.1100000000000000144 ) ) ;
#4969 = ORIENTED_EDGE ( 'NONE', *, *, #9253, .T. ) ;
#4970 = FILL_AREA_STYLE ('',( #5134 ) ) ;
#4971 = FILL_AREA_STYLE_COLOUR ( '', #1550 ) ;
#4972 = EDGE_CURVE ( 'NONE', #8124, #11070, #11008, .T. ) ;
#4973 = PRESENTATION_LAYER_ASSIGNMENT (  '', '', ( #4076 ) ) ;
#4974 = CARTESIAN_POINT ( 'NONE',  ( 4.249999999999999112, -1.950000000000000178, 0.1100000000000000006 ) ) ;
#4975 = EDGE_CURVE ( 'NONE', #401, #8063, #7513, .T. ) ;
#4976 = STYLED_ITEM ( 'NONE', ( #9048 ), #3290 ) ;
#4977 = ORIENTED_EDGE ( 'NONE', *, *, #850, .F. ) ;
#4978 = ORIENTED_EDGE ( 'NONE', *, *, #8352, .F. ) ;
#4979 = STYLED_ITEM ( 'NONE', ( #9918 ), #8083 ) ;
#4980 = FILL_AREA_STYLE ('',( #8450 ) ) ;
#4981 = DIRECTION ( 'NONE',  ( 0.000000000000000000, 0.9996308538171885250, -0.02716902826232023976 ) ) ;
#4982 = PRESENTATION_LAYER_ASSIGNMENT (  '', '', ( #2264 ) ) ;
#4983 = DIRECTION ( 'NONE',  ( 0.000000000000000000, 0.9975640502598241977, -0.06975647374412546897 ) ) ;
#4984 = ORIENTED_EDGE ( 'NONE', *, *, #5527, .T. ) ;
#4985 = PRESENTATION_LAYER_ASSIGNMENT (  '', '', ( #2638 ) ) ;
#4986 = PRESENTATION_LAYER_ASSIGNMENT (  '', '', ( #9331 ) ) ;
#4987 = ORIENTED_EDGE ( 'NONE', *, *, #8986, .T. ) ;
#4988 = SURFACE_STYLE_FILL_AREA ( #9410 ) ;
#4989 = FILL_AREA_STYLE ('',( #3281 ) ) ;
#4990 = MECHANICAL_DESIGN_GEOMETRIC_PRESENTATION_REPRESENTATION (  '', ( #5167 ), #1213 ) ;
#4991 = VECTOR ( 'NONE', #10754, 1000.000000000000000 ) ;
#4992 = PRESENTATION_STYLE_ASSIGNMENT (( #725 ) ) ;
#4993 = SURFACE_STYLE_USAGE ( .BOTH. , #2333 ) ;
#4994 = COLOUR_RGB ( '',0.8039215686274510109, 0.8039215686274510109, 0.8039215686274510109 ) ;
#4995 = CARTESIAN_POINT ( 'NONE',  ( 4.190202986107629535, -1.815202986107629091, 0.7500000000000000000 ) ) ;
#4996 = ORIENTED_EDGE ( 'NONE', *, *, #2079, .T. ) ;
#4997 = ORIENTED_EDGE ( 'NONE', *, *, #6740, .F. ) ;
#4998 = DIRECTION ( 'NONE',  ( 0.000000000000000000, 0.000000000000000000, -1.000000000000000000 ) ) ;
#4999 = ORIENTED_EDGE ( 'NONE', *, *, #10984, .T. ) ;
#5000 = FACE_OUTER_BOUND ( 'NONE', #10406, .T. ) ;
#5001 = COLOUR_RGB ( '',0.8039215686274510109, 0.8039215686274510109, 0.8039215686274510109 ) ;
#5002 = COLOUR_RGB ( '',0.8039215686274510109, 0.8039215686274510109, 0.8039215686274510109 ) ;
#5003 =( NAMED_UNIT ( * ) SI_UNIT ( $, .STERADIAN. ) SOLID_ANGLE_UNIT ( ) );
#5004 = ORIENTED_EDGE ( 'NONE', *, *, #234, .T. ) ;
#5005 = AXIS2_PLACEMENT_3D ( 'NONE', #6755, #7604, #9477 ) ;
#5006 = LINE ( 'NONE', #8474, #949 ) ;
#5007 = CARTESIAN_POINT ( 'NONE',  ( -4.020000000000001350, -2.149963085381718209, -0.2072830971737681105 ) ) ;
#5008 = CYLINDRICAL_SURFACE ( 'NONE', #10068, 0.07499999999999998335 ) ;
#5009 = AXIS2_PLACEMENT_3D ( 'NONE', #3411, #10316, #5098 ) ;
#5010 = SURFACE_STYLE_USAGE ( .BOTH. , #9305 ) ;
#5011 = LINE ( 'NONE', #9376, #6790 ) ;
#5012 =( GEOMETRIC_REPRESENTATION_CONTEXT ( 3 ) GLOBAL_UNCERTAINTY_ASSIGNED_CONTEXT ( ( #10694 ) ) GLOBAL_UNIT_ASSIGNED_CONTEXT ( ( #942, #8850, #3593 ) ) REPRESENTATION_CONTEXT ( 'NONE', 'WORKASPACE' ) );
#5013 = FILL_AREA_STYLE ('',( #1731 ) ) ;
#5014 = STYLED_ITEM ( 'NONE', ( #3086 ), #3965 ) ;
#5015 = ORIENTED_EDGE ( 'NONE', *, *, #10303, .F. ) ;
#5016 = SURFACE_STYLE_FILL_AREA ( #4067 ) ;
#5017 = ORIENTED_EDGE ( 'NONE', *, *, #7719, .T. ) ;
#5018 = CARTESIAN_POINT ( 'NONE',  ( -4.324998880753508246, -1.875409738600887666, 0.1100106489190410680 ) ) ;
#5019 = ORIENTED_EDGE ( 'NONE', *, *, #770, .F. ) ;
#5020 = SURFACE_STYLE_USAGE ( .BOTH. , #923 ) ;
#5021 = VERTEX_POINT ( 'NONE', #10917 ) ;
#5022 = CARTESIAN_POINT ( 'NONE',  ( 2.749999999999999112, -2.166782826543157903, -0.09000000000000002442 ) ) ;
#5023 =( LENGTH_UNIT ( ) NAMED_UNIT ( * ) SI_UNIT ( .MILLI., .METRE. ) );
#5024 = DIRECTION ( 'NONE',  ( 1.000000000000000000, 0.000000000000000000, 0.000000000000000000 ) ) ;
#5025 = DIRECTION ( 'NONE',  ( 1.000000000000000000, 0.000000000000000000, 0.000000000000000000 ) ) ;
#5026 = FACE_OUTER_BOUND ( 'NONE', #8544, .T. ) ;
#5027 = MECHANICAL_DESIGN_GEOMETRIC_PRESENTATION_REPRESENTATION (  '', ( #5944 ), #2867 ) ;
#5028 = FILL_AREA_STYLE ('',( #6503 ) ) ;
#5029 =( LENGTH_UNIT ( ) NAMED_UNIT ( * ) SI_UNIT ( .MILLI., .METRE. ) );
#5030 =( NAMED_UNIT ( * ) PLANE_ANGLE_UNIT ( ) SI_UNIT ( $, .RADIAN. ) );
#5031 = CARTESIAN_POINT ( 'NONE',  ( 3.599999999999999645, 2.166782826543157903, 0.1100000000000000144 ) ) ;
#5032 = EDGE_CURVE ( 'NONE', #6429, #2555, #4188, .T. ) ;
#5033 = COLOUR_RGB ( '',0.8039215686274510109, 0.8039215686274510109, 0.8039215686274510109 ) ;
#5034 = ORIENTED_EDGE ( 'NONE', *, *, #8500, .F. ) ;
#5035 = ORIENTED_EDGE ( 'NONE', *, *, #8760, .F. ) ;
#5036 = LINE ( 'NONE', #2542, #9852 ) ;
#5037 = ADVANCED_FACE ( 'NONE', ( #2362 ), #9220, .T. ) ;
#5038 = EDGE_CURVE ( 'NONE', #11099, #8501, #6717, .T. ) ;
#5039 =( NAMED_UNIT ( * ) SI_UNIT ( $, .STERADIAN. ) SOLID_ANGLE_UNIT ( ) );
#5040 =( LENGTH_UNIT ( ) NAMED_UNIT ( * ) SI_UNIT ( .MILLI., .METRE. ) );
#5041 = MECHANICAL_DESIGN_GEOMETRIC_PRESENTATION_REPRESENTATION (  '', ( #7034 ), #2150 ) ;
#5042 = ORIENTED_EDGE ( 'NONE', *, *, #2253, .F. ) ;
#5043 = FILL_AREA_STYLE_COLOUR ( '', #8561 ) ;
#5044 = UNCERTAINTY_MEASURE_WITH_UNIT (LENGTH_MEASURE( 1.000000000000000082E-05 ), #7507, 'distance_accuracy_value', 'NONE');
#5045 = ORIENTED_EDGE ( 'NONE', *, *, #4944, .F. ) ;
#5046 = PLANE ( 'NONE',  #8799 ) ;
#5047 = SURFACE_SIDE_STYLE ('',( #3351 ) ) ;
#5048 =( NAMED_UNIT ( * ) SI_UNIT ( $, .STERADIAN. ) SOLID_ANGLE_UNIT ( ) );
#5049 = VERTEX_POINT ( 'NONE', #11083 ) ;
#5050 = UNCERTAINTY_MEASURE_WITH_UNIT (LENGTH_MEASURE( 1.000000000000000082E-05 ), #4926, 'distance_accuracy_value', 'NONE');
#5051 = ORIENTED_EDGE ( 'NONE', *, *, #8135, .F. ) ;
#5052 = ORIENTED_EDGE ( 'NONE', *, *, #10147, .T. ) ;
#5053 = DIRECTION ( 'NONE',  ( -1.000000000000000000, -0.000000000000000000, -0.000000000000000000 ) ) ;
#5054 = FILL_AREA_STYLE ('',( #4288 ) ) ;
#5055 = CARTESIAN_POINT ( 'NONE',  ( 2.329999999999999627, -3.000000000000000000, -1.000000000000000000 ) ) ;
#5056 = ORIENTED_EDGE ( 'NONE', *, *, #10445, .F. ) ;
#5057 = DIRECTION ( 'NONE',  ( 0.000000000000000000, 1.000000000000000000, 0.000000000000000000 ) ) ;
#5058 = SURFACE_SIDE_STYLE ('',( #8475 ) ) ;
#5059 =( LENGTH_UNIT ( ) NAMED_UNIT ( * ) SI_UNIT ( .MILLI., .METRE. ) );
#5060 = LINE ( 'NONE', #6928, #9995 ) ;
#5061 = CARTESIAN_POINT ( 'NONE',  ( -0.2100000000000005473, -2.366708997306596007, -0.08456619434753621933 ) ) ;
#5062 = LINE ( 'NONE', #2404, #8961 ) ;
#5063 = PLANE ( 'NONE',  #8554 ) ;
#5064 =( GEOMETRIC_REPRESENTATION_CONTEXT ( 3 ) GLOBAL_UNCERTAINTY_ASSIGNED_CONTEXT ( ( #1546 ) ) GLOBAL_UNIT_ASSIGNED_CONTEXT ( ( #4800, #5600, #1293 ) ) REPRESENTATION_CONTEXT ( 'NONE', 'WORKASPACE' ) );
#5065 = EDGE_LOOP ( 'NONE', ( #425, #4440, #11011 ) ) ;
#5066 = CARTESIAN_POINT ( 'NONE',  ( 3.599999999999999645, -2.366708997306596007, -0.08456619434753621933 ) ) ;
#5067 = CARTESIAN_POINT ( 'NONE',  ( -4.157726890409721321, 1.782726890409720433, -0.9839894105201074659 ) ) ;
#5068 = ORIENTED_EDGE ( 'NONE', *, *, #7866, .F. ) ;
#5069 = EDGE_LOOP ( 'NONE', ( #8424, #1844, #5606, #10495 ) ) ;
#5070 =( NAMED_UNIT ( * ) SI_UNIT ( $, .STERADIAN. ) SOLID_ANGLE_UNIT ( ) );
#5071 = UNCERTAINTY_MEASURE_WITH_UNIT (LENGTH_MEASURE( 1.000000000000000082E-05 ), #5421, 'distance_accuracy_value', 'NONE');
#5072 = FACE_OUTER_BOUND ( 'NONE', #1981, .T. ) ;
#5073 = VECTOR ( 'NONE', #5057, 1000.000000000000000 ) ;
#5074 = EDGE_LOOP ( 'NONE', ( #4577, #3842, #10355, #10104 ) ) ;
#5075 = ORIENTED_EDGE ( 'NONE', *, *, #5950, .F. ) ;
#5076 = SURFACE_STYLE_USAGE ( .BOTH. , #11144 ) ;
#5077 =( NAMED_UNIT ( * ) SI_UNIT ( $, .STERADIAN. ) SOLID_ANGLE_UNIT ( ) );
#5078 = SURFACE_SIDE_STYLE ('',( #9392 ) ) ;
#5079 = FILL_AREA_STYLE ('',( #9445 ) ) ;
#5080 = EDGE_CURVE ( 'NONE', #10269, #5256, #2533, .T. ) ;
#5081 = VECTOR ( 'NONE', #9300, 1000.000000000000000 ) ;
#5082 = FACE_OUTER_BOUND ( 'NONE', #10909, .T. ) ;
#5083 = EDGE_CURVE ( 'NONE', #3899, #1462, #5991, .T. ) ;
#5084 = VECTOR ( 'NONE', #7104, 1000.000000000000000 ) ;
#5085 = ORIENTED_EDGE ( 'NONE', *, *, #3808, .T. ) ;
#5086 = ORIENTED_EDGE ( 'NONE', *, *, #5465, .T. ) ;
#5087 =( LENGTH_UNIT ( ) NAMED_UNIT ( * ) SI_UNIT ( .MILLI., .METRE. ) );
#5088 = AXIS2_PLACEMENT_3D ( 'NONE', #6926, #6085, #10491 ) ;
#5089 = CARTESIAN_POINT ( 'NONE',  ( 4.250273160256224259, 1.949999626916908202, 0.1100035496485076009 ) ) ;
#5090 = CARTESIAN_POINT ( 'NONE',  ( 4.190202986107629535, 0.000000000000000000, 0.6750000000000000444 ) ) ;
#5091 = MECHANICAL_DESIGN_GEOMETRIC_PRESENTATION_REPRESENTATION (  '', ( #2049 ), #2378 ) ;
#5092 = CARTESIAN_POINT ( 'NONE',  ( -0.2100000000000005473, -2.050000000000000266, -0.2100000000000000200 ) ) ;
#5093 = CIRCLE ( 'NONE', #3107, 0.2000000000000002054 ) ;
#5094 = CYLINDRICAL_SURFACE ( 'NONE', #2599, 0.2000000000000003164 ) ;
#5095 = ADVANCED_FACE ( 'NONE', ( #1975 ), #1809, .T. ) ;
#5096 = ORIENTED_EDGE ( 'NONE', *, *, #2689, .T. ) ;
#5097 = CARTESIAN_POINT ( 'NONE',  ( -1.060000000000000941, 3.000000000000000000, -1.000000000000000000 ) ) ;
#5098 = DIRECTION ( 'NONE',  ( 0.000000000000000000, 0.9975640502598243087, -0.06975647374412548285 ) ) ;
#5099 = COLOUR_RGB ( '',0.8039215686274510109, 0.8039215686274510109, 0.8039215686274510109 ) ;
#5100 = EDGE_CURVE ( 'NONE', #4446, #7848, #9856, .T. ) ;
#5101 = VECTOR ( 'NONE', #3106, 1000.000000000000000 ) ;
#5102 = PRESENTATION_LAYER_ASSIGNMENT (  '', '', ( #3289 ) ) ;
#5103 = ADVANCED_FACE ( 'NONE', ( #5363 ), #9560, .T. ) ;
#5104 = ORIENTED_EDGE ( 'NONE', *, *, #10912, .T. ) ;
#5105 = CARTESIAN_POINT ( 'NONE',  ( -1.480000000000000870, -2.350974876014612747, -0.9546157422084604605 ) ) ;
#5106 = CYLINDRICAL_SURFACE ( 'NONE', #6798, 0.07499999999999998335 ) ;
#5107 = PLANE ( 'NONE',  #4469 ) ;
#5108 = PRESENTATION_STYLE_ASSIGNMENT (( #1554 ) ) ;
#5109 =( LENGTH_UNIT ( ) NAMED_UNIT ( * ) SI_UNIT ( .MILLI., .METRE. ) );
#5110 = STYLED_ITEM ( 'NONE', ( #3791 ), #6152 ) ;
#5111 = ORIENTED_EDGE ( 'NONE', *, *, #7777, .T. ) ;
#5112 = ORIENTED_EDGE ( 'NONE', *, *, #1434, .F. ) ;
#5113 = CARTESIAN_POINT ( 'NONE',  ( 1.059999999999999387, -2.050000000000000266, -0.1099999999999999867 ) ) ;
#5114 = ORIENTED_EDGE ( 'NONE', *, *, #10377, .T. ) ;
#5115 = FILL_AREA_STYLE_COLOUR ( '', #865 ) ;
#5116 = EDGE_CURVE ( 'NONE', #4967, #8457, #3567, .T. ) ;
#5117 =( GEOMETRIC_REPRESENTATION_CONTEXT ( 3 ) GLOBAL_UNCERTAINTY_ASSIGNED_CONTEXT ( ( #5684 ) ) GLOBAL_UNIT_ASSIGNED_CONTEXT ( ( #961, #6996, #7052 ) ) REPRESENTATION_CONTEXT ( 'NONE', 'WORKASPACE' ) );
#5118 = DIRECTION ( 'NONE',  ( 0.000000000000000000, 0.9975640502598243087, 0.06975647374412501101 ) ) ;
#5119 = VECTOR ( 'NONE', #5228, 1000.000000000000000 ) ;
#5120 = EDGE_LOOP ( 'NONE', ( #10706, #6341, #4661, #10778 ) ) ;
#5121 = PRESENTATION_STYLE_ASSIGNMENT (( #10161 ) ) ;
#5122 = SURFACE_SIDE_STYLE ('',( #4668 ) ) ;
#5123 = DIRECTION ( 'NONE',  ( 1.000000000000000000, -0.000000000000000000, 0.000000000000000000 ) ) ;
#5124 = LINE ( 'NONE', #8583, #7160 ) ;
#5125 = PRESENTATION_LAYER_ASSIGNMENT (  '', '', ( #9826 ) ) ;
#5126 = CARTESIAN_POINT ( 'NONE',  ( 0.2099999999999992428, 1.950000000000000178, -0.1099999999999999867 ) ) ;
#5127 = VERTEX_POINT ( 'NONE', #980 ) ;
#5128 = CARTESIAN_POINT ( 'NONE',  ( -2.750000000000001332, 2.165000000000000036, -0.7605367378089592512 ) ) ;
#5129 = VERTEX_POINT ( 'NONE', #10349 ) ;
#5130 = DIRECTION ( 'NONE',  ( -1.000000000000000000, -0.000000000000000000, -0.000000000000000000 ) ) ;
#5131 = VERTEX_POINT ( 'NONE', #7911 ) ;
#5132 = LINE ( 'NONE', #10344, #3704 ) ;
#5133 = SURFACE_STYLE_FILL_AREA ( #4311 ) ;
#5134 = FILL_AREA_STYLE_COLOUR ( '', #4456 ) ;
#5135 = PLANE ( 'NONE',  #9861 ) ;
#5136 = AXIS2_PLACEMENT_3D ( 'NONE', #5489, #7281, #2932 ) ;
#5137 = MECHANICAL_DESIGN_GEOMETRIC_PRESENTATION_REPRESENTATION (  '', ( #108 ), #1708 ) ;
#5138 = DIRECTION ( 'NONE',  ( 1.000000000000000000, 0.000000000000000000, 0.000000000000000000 ) ) ;
#5139 = LINE ( 'NONE', #9671, #891 ) ;
#5140 = COLOUR_RGB ( '',0.8039215686274510109, 0.8039215686274510109, 0.8039215686274510109 ) ;
#5141 = ORIENTED_EDGE ( 'NONE', *, *, #5517, .F. ) ;
#5142 = VERTEX_POINT ( 'NONE', #77 ) ;
#5143 = SURFACE_SIDE_STYLE ('',( #6052 ) ) ;
#5144 = EDGE_CURVE ( 'NONE', #8106, #10515, #6106, .T. ) ;
#5145 = FILL_AREA_STYLE ('',( #5898 ) ) ;
#5146 = SURFACE_STYLE_USAGE ( .BOTH. , #10473 ) ;
#5147 = PRESENTATION_STYLE_ASSIGNMENT (( #820 ) ) ;
#5148 = DIRECTION ( 'NONE',  ( 1.000000000000000000, -0.000000000000000000, 0.000000000000000000 ) ) ;
#5149 = ORIENTED_EDGE ( 'NONE', *, *, #9531, .F. ) ;
#5150 = SURFACE_STYLE_USAGE ( .BOTH. , #6007 ) ;
#5151 = UNCERTAINTY_MEASURE_WITH_UNIT (LENGTH_MEASURE( 1.000000000000000082E-05 ), #10825, 'distance_accuracy_value', 'NONE');
#5152 = AXIS2_PLACEMENT_3D ( 'NONE', #3806, #3975, #10913 ) ;
#5153 = ORIENTED_EDGE ( 'NONE', *, *, #5254, .F. ) ;
#5154 = SURFACE_STYLE_FILL_AREA ( #7760 ) ;
#5155 = FILL_AREA_STYLE_COLOUR ( '', #10597 ) ;
#5156 =( GEOMETRIC_REPRESENTATION_CONTEXT ( 3 ) GLOBAL_UNCERTAINTY_ASSIGNED_CONTEXT ( ( #7269 ) ) GLOBAL_UNIT_ASSIGNED_CONTEXT ( ( #6943, #2532, #927 ) ) REPRESENTATION_CONTEXT ( 'NONE', 'WORKASPACE' ) );
#5157 =( LENGTH_UNIT ( ) NAMED_UNIT ( * ) SI_UNIT ( .MILLI., .METRE. ) );
#5158 = STYLED_ITEM ( 'NONE', ( #8876 ), #646 ) ;
#5159 = VECTOR ( 'NONE', #1840, 1000.000000000000000 ) ;
#5160 =( GEOMETRIC_REPRESENTATION_CONTEXT ( 3 ) GLOBAL_UNCERTAINTY_ASSIGNED_CONTEXT ( ( #4555 ) ) GLOBAL_UNIT_ASSIGNED_CONTEXT ( ( #9210, #4228, #4956 ) ) REPRESENTATION_CONTEXT ( 'NONE', 'WORKASPACE' ) );
#5161 = EDGE_CURVE ( 'NONE', #2493, #3015, #3999, .T. ) ;
#5162 = FILL_AREA_STYLE_COLOUR ( '', #6739 ) ;
#5163 = EDGE_CURVE ( 'NONE', #10515, #7037, #2235, .T. ) ;
#5164 = ORIENTED_EDGE ( 'NONE', *, *, #1907, .F. ) ;
#5165 = VECTOR ( 'NONE', #10540, 1000.000000000000000 ) ;
#5166 = DIRECTION ( 'NONE',  ( -1.000000000000000000, -0.000000000000000000, -0.000000000000000000 ) ) ;
#5167 = STYLED_ITEM ( 'NONE', ( #11183 ), #2538 ) ;
#5168 = VECTOR ( 'NONE', #7633, 1000.000000000000000 ) ;
#5169 = VECTOR ( 'NONE', #8771, 1000.000000000000000 ) ;
#5170 = PRESENTATION_STYLE_ASSIGNMENT (( #10108 ) ) ;
#5171 = EDGE_CURVE ( 'NONE', #6224, #8813, #6440, .T. ) ;
#5172 = LINE ( 'NONE', #1511, #5073 ) ;
#5173 = CARTESIAN_POINT ( 'NONE',  ( -3.600000000000000977, 1.950000000000000178, -0.1099999999999999867 ) ) ;
#5174 = FILL_AREA_STYLE ('',( #273 ) ) ;
#5175 = LINE ( 'NONE', #3486, #10535 ) ;
#5176 = MECHANICAL_DESIGN_GEOMETRIC_PRESENTATION_REPRESENTATION (  '', ( #8619 ), #8071 ) ;
#5177 = CARTESIAN_POINT ( 'NONE',  ( -1.480000000000000870, 2.050000000000000266, -0.2100000000000000200 ) ) ;
#5178 = CARTESIAN_POINT ( 'NONE',  ( -2.750000000000001332, -1.950000000000000178, -0.1099999999999999867 ) ) ;
#5179 = EDGE_CURVE ( 'NONE', #2392, #8303, #5647, .T. ) ;
#5180 = CARTESIAN_POINT ( 'NONE',  ( 2.329999999999999627, -1.950000000000000178, 0.1100000000000000144 ) ) ;
#5181 = EDGE_CURVE ( 'NONE', #7300, #1826, #3732, .T. ) ;
#5182 = ORIENTED_EDGE ( 'NONE', *, *, #1468, .T. ) ;
#5183 =( GEOMETRIC_REPRESENTATION_CONTEXT ( 3 ) GLOBAL_UNCERTAINTY_ASSIGNED_CONTEXT ( ( #1067 ) ) GLOBAL_UNIT_ASSIGNED_CONTEXT ( ( #1570, #3483, #7557 ) ) REPRESENTATION_CONTEXT ( 'NONE', 'WORKASPACE' ) );
#5185 = CARTESIAN_POINT ( 'NONE',  ( -0.2100000000000005473, -2.149963085381718209, -0.2072830971737681105 ) ) ;
#5184 = STYLED_ITEM ( 'NONE', ( #10604 ), #3814 ) ;
#5186 = ORIENTED_EDGE ( 'NONE', *, *, #2000, .T. ) ;
#5187 = CARTESIAN_POINT ( 'NONE',  ( 4.324998880753507358, -1.875409738600887666, -0.1100106489190410958 ) ) ;
#5188 =( LENGTH_UNIT ( ) NAMED_UNIT ( * ) SI_UNIT ( .MILLI., .METRE. ) );
#5189 = ORIENTED_EDGE ( 'NONE', *, *, #7462, .F. ) ;
#5190 = DIRECTION ( 'NONE',  ( 0.000000000000000000, 0.000000000000000000, -1.000000000000000000 ) ) ;
#5191 = PRESENTATION_LAYER_ASSIGNMENT (  '', '', ( #1564 ) ) ;
#5192 = VECTOR ( 'NONE', #3303, 1000.000000000000000 ) ;
#5193 = FILL_AREA_STYLE_COLOUR ( '', #5838 ) ;
#5194 = CARTESIAN_POINT ( 'NONE',  ( 3.599999999999999645, 2.350974876014612747, -0.9546157422084604605 ) ) ;
#5195 = LINE ( 'NONE', #1909, #1376 ) ;
#5196 = STYLED_ITEM ( 'NONE', ( #10657 ), #10649 ) ;
#5197 = LINE ( 'NONE', #5252, #6903 ) ;
#5198 =( GEOMETRIC_REPRESENTATION_CONTEXT ( 3 ) GLOBAL_UNCERTAINTY_ASSIGNED_CONTEXT ( ( #969 ) ) GLOBAL_UNIT_ASSIGNED_CONTEXT ( ( #7746, #2593, #8713 ) ) REPRESENTATION_CONTEXT ( 'NONE', 'WORKASPACE' ) );
#5199 = VERTEX_POINT ( 'NONE', #7226 ) ;
#5200 = VERTEX_POINT ( 'NONE', #9993 ) ;
#5201 = AXIS2_PLACEMENT_3D ( 'NONE', #3892, #10780, #1558 ) ;
#5202 = CARTESIAN_POINT ( 'NONE',  ( 0.2099999999999992428, 2.366708997306596007, -0.08456619434753616382 ) ) ;
#5203 = FACE_OUTER_BOUND ( 'NONE', #9396, .T. ) ;
#5204 = MECHANICAL_DESIGN_GEOMETRIC_PRESENTATION_REPRESENTATION (  '', ( #8652 ), #3773 ) ;
#5205 = FACE_OUTER_BOUND ( 'NONE', #10188, .T. ) ;
#5206 =( LENGTH_UNIT ( ) NAMED_UNIT ( * ) SI_UNIT ( .MILLI., .METRE. ) );
#5207 = SURFACE_SIDE_STYLE ('',( #935 ) ) ;
#5208 = LINE ( 'NONE', #212, #2323 ) ;
#5209 = CARTESIAN_POINT ( 'NONE',  ( 4.190202986107628647, -1.889792128260249671, 0.6828396347450740311 ) ) ;
#5210 = ORIENTED_EDGE ( 'NONE', *, *, #2375, .F. ) ;
#5211 = DIRECTION ( 'NONE',  ( 1.000000000000000000, 0.000000000000000000, 0.000000000000000000 ) ) ;
#5212 = STYLED_ITEM ( 'NONE', ( #9186 ), #1234 ) ;
#5213 = SURFACE_STYLE_USAGE ( .BOTH. , #5962 ) ;
#5214 = VERTEX_POINT ( 'NONE', #7334 ) ;
#5215 = CARTESIAN_POINT ( 'NONE',  ( -2.330000000000001403, -2.366708997306596007, -0.08456619434753616382 ) ) ;
#5216 = FILL_AREA_STYLE ('',( #5155 ) ) ;
#5217 = CARTESIAN_POINT ( 'NONE',  ( -0.2100000000000005473, 1.950000000000000178, -0.1099999999999999867 ) ) ;
#5218 = PRESENTATION_STYLE_ASSIGNMENT (( #4557 ) ) ;
#5219 = VECTOR ( 'NONE', #8036, 1000.000000000000000 ) ;
#5220 = CARTESIAN_POINT ( 'NONE',  ( -4.020000000000001350, 2.364926170763438140, -0.7551029321564953767 ) ) ;
#5221 = CARTESIAN_POINT ( 'NONE',  ( -2.750000000000001332, -3.000000000000000000, -1.000000000000000000 ) ) ;
#5222 = ORIENTED_EDGE ( 'NONE', *, *, #9941, .F. ) ;
#5223 = EDGE_CURVE ( 'NONE', #8481, #912, #2356, .T. ) ;
#5224 =( NAMED_UNIT ( * ) PLANE_ANGLE_UNIT ( ) SI_UNIT ( $, .RADIAN. ) );
#5225 = DIRECTION ( 'NONE',  ( -1.000000000000000000, -0.000000000000000000, -0.000000000000000000 ) ) ;
#5226 = LINE ( 'NONE', #7097, #2847 ) ;
#5227 = UNCERTAINTY_MEASURE_WITH_UNIT (LENGTH_MEASURE( 1.000000000000000082E-05 ), #10537, 'distance_accuracy_value', 'NONE');
#5228 = DIRECTION ( 'NONE',  ( 0.000000000000000000, 1.000000000000000000, 0.000000000000000000 ) ) ;
#5229 = LINE ( 'NONE', #5407, #11147 ) ;
#5230 = CARTESIAN_POINT ( 'NONE',  ( 1.059999999999999387, -2.481923391582665950, -0.6429911470448941291 ) ) ;
#5231 = FILL_AREA_STYLE ('',( #11081 ) ) ;
#5232 = ORIENTED_EDGE ( 'NONE', *, *, #3225, .T. ) ;
#5233 =( NAMED_UNIT ( * ) SI_UNIT ( $, .STERADIAN. ) SOLID_ANGLE_UNIT ( ) );
#5234 = DIRECTION ( 'NONE',  ( 0.000000000000000000, -0.02716902826231849810, -0.9996308538171886360 ) ) ;
#5235 = VERTEX_POINT ( 'NONE', #7175 ) ;
#5236 = ADVANCED_FACE ( 'NONE', ( #1353 ), #8995, .T. ) ;
#5237 = DIRECTION ( 'NONE',  ( 0.000000000000000000, -0.9975640502598243087, -0.06975647374412548285 ) ) ;
#5238 = EDGE_CURVE ( 'NONE', #6714, #4850, #10734, .T. ) ;
#5239 = ADVANCED_FACE ( 'NONE', ( #2023 ), #8250, .F. ) ;
#5240 = DIRECTION ( 'NONE',  ( -0.000000000000000000, 0.000000000000000000, 1.000000000000000000 ) ) ;
#5241 = UNCERTAINTY_MEASURE_WITH_UNIT (LENGTH_MEASURE( 1.000000000000000082E-05 ), #3109, 'distance_accuracy_value', 'NONE');
#5242 = UNCERTAINTY_MEASURE_WITH_UNIT (LENGTH_MEASURE( 1.000000000000000082E-05 ), #9164, 'distance_accuracy_value', 'NONE');
#5243 = CARTESIAN_POINT ( 'NONE',  ( 2.329999999999999627, 1.950000000000000178, -0.1099999999999999867 ) ) ;
#5244 = ORIENTED_EDGE ( 'NONE', *, *, #7240, .T. ) ;
#5245 = FILL_AREA_STYLE_COLOUR ( '', #4722 ) ;
#5246 = DIRECTION ( 'NONE',  ( 0.000000000000000000, 0.02716902826231849810, -0.9996308538171886360 ) ) ;
#5247 = CARTESIAN_POINT ( 'NONE',  ( 1.059999999999999387, 2.165000000000000036, -0.7605367378089592512 ) ) ;
#5248 = FILL_AREA_STYLE_COLOUR ( '', #6594 ) ;
#5249 = CARTESIAN_POINT ( 'NONE',  ( -1.060000000000000941, -3.000000000000000000, -1.000000000000000000 ) ) ;
#5250 = FILL_AREA_STYLE ('',( #6156 ) ) ;
#5251 = CARTESIAN_POINT ( 'NONE',  ( -1.480000000000000870, 2.364926170763438140, -0.7551029321564953767 ) ) ;
#5252 = CARTESIAN_POINT ( 'NONE',  ( -4.020000000000001350, 1.950000000000000178, 0.1100000000000000144 ) ) ;
#5253 = SURFACE_SIDE_STYLE ('',( #7122 ) ) ;
#5254 = EDGE_CURVE ( 'NONE', #2013, #2018, #11018, .T. ) ;
#5255 = VERTEX_POINT ( 'NONE', #5708 ) ;
#5256 = VERTEX_POINT ( 'NONE', #9153 ) ;
#5257 = DIRECTION ( 'NONE',  ( 0.000000000000000000, 0.9975640502598243087, 0.06975647374412501101 ) ) ;
#5258 = FILL_AREA_STYLE_COLOUR ( '', #3907 ) ;
#5259 =( NAMED_UNIT ( * ) PLANE_ANGLE_UNIT ( ) SI_UNIT ( $, .RADIAN. ) );
#5260 = UNCERTAINTY_MEASURE_WITH_UNIT (LENGTH_MEASURE( 1.000000000000000082E-05 ), #5825, 'distance_accuracy_value', 'NONE');
#5261 = VECTOR ( 'NONE', #3600, 1000.000000000000000 ) ;
#5262 = CARTESIAN_POINT ( 'NONE',  ( -1.480000000000000870, 3.000000000000000000, -0.7794627824221421752 ) ) ;
#5263 =( LENGTH_UNIT ( ) NAMED_UNIT ( * ) SI_UNIT ( .MILLI., .METRE. ) );
#5264 = MECHANICAL_DESIGN_GEOMETRIC_PRESENTATION_REPRESENTATION (  '', ( #9780 ), #9421 ) ;
#5265 = CARTESIAN_POINT ( 'NONE',  ( -4.325000000000000178, -1.950000000000000178, 0.1100000000000000006 ) ) ;
#5266 = CARTESIAN_POINT ( 'NONE',  ( -4.324760935694444974, 1.918963392251839206, -0.1122745449310452309 ) ) ;
#5267 = ORIENTED_EDGE ( 'NONE', *, *, #10984, .F. ) ;
#5268 = DIRECTION ( 'NONE',  ( 0.000000000000000000, -0.06975647374412501101, -0.9975640502598243087 ) ) ;
#5269 = EDGE_LOOP ( 'NONE', ( #8621, #797, #9417, #107 ) ) ;
#5270 = FILL_AREA_STYLE_COLOUR ( '', #4286 ) ;
#5271 = DIRECTION ( 'NONE',  ( 0.000000000000000000, 0.000000000000000000, -1.000000000000000000 ) ) ;
#5272 = DIRECTION ( 'NONE',  ( -1.156482317317871607E-14, -1.000000000000000000, 0.000000000000000000 ) ) ;
#5273 = CARTESIAN_POINT ( 'NONE',  ( -3.800202986107628522, -1.425202986107629410, 0.7500000000000000000 ) ) ;
#5274 = CIRCLE ( 'NONE', #10518, 0.09999999999999956146 ) ;
#5275 = EDGE_LOOP ( 'NONE', ( #8600, #9574, #4731, #5805 ) ) ;
#5276 = CARTESIAN_POINT ( 'NONE',  ( 1.059999999999999387, 2.366708997306596007, -0.08456619434753616382 ) ) ;
#5277 = MECHANICAL_DESIGN_GEOMETRIC_PRESENTATION_REPRESENTATION (  '', ( #3854 ), #10692 ) ;
#5278 = VECTOR ( 'NONE', #9797, 1000.000000000000000 ) ;
#5279 = COLOUR_RGB ( '',0.8039215686274510109, 0.8039215686274510109, 0.8039215686274510109 ) ;
#5280 = DIRECTION ( 'NONE',  ( 0.000000000000000000, 0.000000000000000000, -1.000000000000000000 ) ) ;
#5281 = LINE ( 'NONE', #1889, #10329 ) ;
#5282 = SURFACE_STYLE_USAGE ( .BOTH. , #285 ) ;
#5283 = MECHANICAL_DESIGN_GEOMETRIC_PRESENTATION_REPRESENTATION (  '', ( #3289 ), #6914 ) ;
#5284 = SURFACE_STYLE_USAGE ( .BOTH. , #9705 ) ;
#5285 = EDGE_CURVE ( 'NONE', #3659, #6370, #1411, .T. ) ;
#5286 = CARTESIAN_POINT ( 'NONE',  ( -4.250409738600888332, -1.949998880753508468, -0.1100106489190370990 ) ) ;
#5287 = VECTOR ( 'NONE', #2713, 1000.000000000000000 ) ;
#5288 = ORIENTED_EDGE ( 'NONE', *, *, #3735, .F. ) ;
#5290 =( NAMED_UNIT ( * ) SI_UNIT ( $, .STERADIAN. ) SOLID_ANGLE_UNIT ( ) );
#5289 = STYLED_ITEM ( 'NONE', ( #1794 ), #7156 ) ;
#5291 = SURFACE_SIDE_STYLE ('',( #7056 ) ) ;
#5292 = ORIENTED_EDGE ( 'NONE', *, *, #4631, .F. ) ;
#5293 = CARTESIAN_POINT ( 'NONE',  ( 4.250409738600890108, -1.949998880753508468, -0.1100106489190371128 ) ) ;
#5294 = AXIS2_PLACEMENT_3D ( 'NONE', #8361, #10731, #2180 ) ;
#5295 = CARTESIAN_POINT ( 'NONE',  ( 1.479999999999999094, 3.000000000000000000, -1.000000000000000000 ) ) ;
#5296 = ORIENTED_EDGE ( 'NONE', *, *, #4556, .F. ) ;
#5297 = FILL_AREA_STYLE_COLOUR ( '', #224 ) ;
#5298 = DIRECTION ( 'NONE',  ( 0.000000000000000000, 0.000000000000000000, 1.000000000000000000 ) ) ;
#5299 = MECHANICAL_DESIGN_GEOMETRIC_PRESENTATION_REPRESENTATION (  '', ( #10539 ), #7115 ) ;
#5300 =( NAMED_UNIT ( * ) PLANE_ANGLE_UNIT ( ) SI_UNIT ( $, .RADIAN. ) );
#5301 = SURFACE_STYLE_USAGE ( .BOTH. , #6105 ) ;
#5302 = ADVANCED_FACE ( 'NONE', ( #8762 ), #9661, .T. ) ;
#5303 = DIRECTION ( 'NONE',  ( 0.000000000000000000, -0.06975647374412501101, -0.9975640502598243087 ) ) ;
#5304 = LINE ( 'NONE', #8541, #5502 ) ;
#5305 =( NAMED_UNIT ( * ) SI_UNIT ( $, .STERADIAN. ) SOLID_ANGLE_UNIT ( ) );
#5306 = EDGE_CURVE ( 'NONE', #47, #11137, #10554, .T. ) ;
#5307 = MECHANICAL_DESIGN_GEOMETRIC_PRESENTATION_REPRESENTATION (  '', ( #7114 ), #4230 ) ;
#5308 = AXIS2_PLACEMENT_3D ( 'NONE', #3822, #600, #10871 ) ;
#5309 = VERTEX_POINT ( 'NONE', #3786 ) ;
#5310 = ORIENTED_EDGE ( 'NONE', *, *, #4367, .F. ) ;
#5311 = CARTESIAN_POINT ( 'NONE',  ( -1.060000000000000941, -1.950000000000000178, 0.1100000000000000144 ) ) ;
#5312 = FILL_AREA_STYLE ('',( #4491 ) ) ;
#5313 = EDGE_CURVE ( 'NONE', #1007, #10030, #1471, .T. ) ;
#5314 = DIRECTION ( 'NONE',  ( 0.000000000000000000, 0.000000000000000000, -1.000000000000000000 ) ) ;
#5315 = AXIS2_PLACEMENT_3D ( 'NONE', #8375, #6553, #8430 ) ;
#5316 = VECTOR ( 'NONE', #7901, 1000.000000000000114 ) ;
#5317 = CARTESIAN_POINT ( 'NONE',  ( 3.599999999999999645, -2.166782826543157903, -0.09000000000000002442 ) ) ;
#5318 = DIRECTION ( 'NONE',  ( 0.000000000000000000, 0.000000000000000000, -1.000000000000000000 ) ) ;
#5319 = CARTESIAN_POINT ( 'NONE',  ( -4.250409738600888332, -1.949998880753508468, -0.1100106489190370990 ) ) ;
#5320 = EDGE_CURVE ( 'NONE', #6215, #4071, #7838, .T. ) ;
#5321 = UNCERTAINTY_MEASURE_WITH_UNIT (LENGTH_MEASURE( 1.000000000000000082E-05 ), #4887, 'distance_accuracy_value', 'NONE');
#5322 = CARTESIAN_POINT ( 'NONE',  ( -4.324998880753507358, 1.875409738600887222, -0.1100106489190410958 ) ) ;
#5323 = ORIENTED_EDGE ( 'NONE', *, *, #11047, .F. ) ;
#5324 = SURFACE_STYLE_USAGE ( .BOTH. , #7027 ) ;
#5325 = FILL_AREA_STYLE ('',( #1875 ) ) ;
#5326 = AXIS2_PLACEMENT_3D ( 'NONE', #3304, #11128, #6820 ) ;
#5327 = MECHANICAL_DESIGN_GEOMETRIC_PRESENTATION_REPRESENTATION (  '', ( #6409 ), #2973 ) ;
#5328 = ORIENTED_EDGE ( 'NONE', *, *, #10007, .T. ) ;
#5329 = DIRECTION ( 'NONE',  ( 0.000000000000000000, -0.02716902826232023976, 0.9996308538171885250 ) ) ;
#5330 =( NAMED_UNIT ( * ) SI_UNIT ( $, .STERADIAN. ) SOLID_ANGLE_UNIT ( ) );
#5331 =( NAMED_UNIT ( * ) SI_UNIT ( $, .STERADIAN. ) SOLID_ANGLE_UNIT ( ) );
#5332 = CARTESIAN_POINT ( 'NONE',  ( 3.599999999999999645, 2.166782826543157903, -0.09000000000000002442 ) ) ;
#5333 = PRESENTATION_LAYER_ASSIGNMENT (  '', '', ( #10212 ) ) ;
#5334 = ORIENTED_EDGE ( 'NONE', *, *, #8858, .F. ) ;
#5335 = DIRECTION ( 'NONE',  ( 0.000000000000000000, -0.9975640502598241977, -0.06975647374412546897 ) ) ;
#5336 = FACE_OUTER_BOUND ( 'NONE', #6006, .T. ) ;
#5337 =( GEOMETRIC_REPRESENTATION_CONTEXT ( 3 ) GLOBAL_UNCERTAINTY_ASSIGNED_CONTEXT ( ( #10786 ) ) GLOBAL_UNIT_ASSIGNED_CONTEXT ( ( #6604, #2306, #9219 ) ) REPRESENTATION_CONTEXT ( 'NONE', 'WORKASPACE' ) );
#5338 = UNCERTAINTY_MEASURE_WITH_UNIT (LENGTH_MEASURE( 1.000000000000000082E-05 ), #3930, 'distance_accuracy_value', 'NONE');
#5339 = CARTESIAN_POINT ( 'NONE',  ( 2.329999999999999627, -2.149963085381718209, -0.2072830971737681105 ) ) ;
#5340 = AXIS2_PLACEMENT_3D ( 'NONE', #6104, #10346, #2755 ) ;
#5341 = SURFACE_STYLE_FILL_AREA ( #4457 ) ;
#5342 = DIRECTION ( 'NONE',  ( 1.000000000000000000, 0.000000000000000000, 0.000000000000000000 ) ) ;
#5343 =( GEOMETRIC_REPRESENTATION_CONTEXT ( 3 ) GLOBAL_UNCERTAINTY_ASSIGNED_CONTEXT ( ( #7854 ) ) GLOBAL_UNIT_ASSIGNED_CONTEXT ( ( #1831, #3708, #1115 ) ) REPRESENTATION_CONTEXT ( 'NONE', 'WORKASPACE' ) );
#5344 = DIRECTION ( 'NONE',  ( 1.000000000000000000, 0.000000000000000000, 0.000000000000000000 ) ) ;
#5345 =( LENGTH_UNIT ( ) NAMED_UNIT ( * ) SI_UNIT ( .MILLI., .METRE. ) );
#5346 = ORIENTED_EDGE ( 'NONE', *, *, #756, .F. ) ;
#5347 =( NAMED_UNIT ( * ) PLANE_ANGLE_UNIT ( ) SI_UNIT ( $, .RADIAN. ) );
#5348 = ORIENTED_EDGE ( 'NONE', *, *, #8997, .T. ) ;
#5349 = VECTOR ( 'NONE', #10105, 1000.000000000000000 ) ;
#5350 = AXIS2_PLACEMENT_3D ( 'NONE', #5061, #6822, #4177 ) ;
#5351 = SURFACE_STYLE_FILL_AREA ( #6936 ) ;
#5352 = PRESENTATION_LAYER_ASSIGNMENT (  '', '', ( #9326 ) ) ;
#5353 = ADVANCED_FACE ( 'NONE', ( #1905 ), #6200, .T. ) ;
#5354 = DIRECTION ( 'NONE',  ( 1.000000000000000000, 0.000000000000000000, 0.000000000000000000 ) ) ;
#5355 = MECHANICAL_DESIGN_GEOMETRIC_PRESENTATION_REPRESENTATION (  '', ( #2281 ), #8577 ) ;
#5356 = ORIENTED_EDGE ( 'NONE', *, *, #10996, .T. ) ;
#5357 = AXIS2_PLACEMENT_3D ( 'NONE', #5178, #2900, #5977 ) ;
#5358 = DIRECTION ( 'NONE',  ( 1.000000000000000000, 0.000000000000000000, 0.000000000000000000 ) ) ;
#5359 = SURFACE_SIDE_STYLE ('',( #10622 ) ) ;
#5360 = PRESENTATION_LAYER_ASSIGNMENT (  '', '', ( #10047 ) ) ;
#5361 = LINE ( 'NONE', #4312, #5716 ) ;
#5362 = STYLED_ITEM ( 'NONE', ( #10983 ), #8406 ) ;
#5363 = FACE_OUTER_BOUND ( 'NONE', #5693, .T. ) ;
#5364 = DIRECTION ( 'NONE',  ( 0.000000000000000000, 0.9975640502598243087, 0.06975647374412501101 ) ) ;
#5365 = DIRECTION ( 'NONE',  ( 0.000000000000000000, 0.000000000000000000, -1.000000000000000000 ) ) ;
#5366 =( GEOMETRIC_REPRESENTATION_CONTEXT ( 3 ) GLOBAL_UNCERTAINTY_ASSIGNED_CONTEXT ( ( #10669 ) ) GLOBAL_UNIT_ASSIGNED_CONTEXT ( ( #5188, #6835, #4239 ) ) REPRESENTATION_CONTEXT ( 'NONE', 'WORKASPACE' ) );
#5367 = SURFACE_STYLE_USAGE ( .BOTH. , #5253 ) ;
#5368 = PRESENTATION_LAYER_ASSIGNMENT (  '', '', ( #6456 ) ) ;
#5369 = EDGE_CURVE ( 'NONE', #6224, #7797, #7113, .T. ) ;
#5370 = EDGE_LOOP ( 'NONE', ( #8190, #10800, #10314, #5004 ) ) ;
#5371 = EDGE_LOOP ( 'NONE', ( #5425, #8702, #5500, #5068 ) ) ;
#5372 = FACE_OUTER_BOUND ( 'NONE', #4870, .T. ) ;
#5373 = DIRECTION ( 'NONE',  ( -1.000000000000000000, -0.000000000000000000, -0.000000000000000000 ) ) ;
#5374 = VECTOR ( 'NONE', #7110, 1000.000000000000000 ) ;
#5375 = PRESENTATION_STYLE_ASSIGNMENT (( #2709 ) ) ;
#5376 = UNCERTAINTY_MEASURE_WITH_UNIT (LENGTH_MEASURE( 1.000000000000000082E-05 ), #4341, 'distance_accuracy_value', 'NONE');
#5377 =( GEOMETRIC_REPRESENTATION_CONTEXT ( 3 ) GLOBAL_UNCERTAINTY_ASSIGNED_CONTEXT ( ( #8637 ) ) GLOBAL_UNIT_ASSIGNED_CONTEXT ( ( #9122, #9462, #4264 ) ) REPRESENTATION_CONTEXT ( 'NONE', 'WORKASPACE' ) );
#5378 = CARTESIAN_POINT ( 'NONE',  ( 3.599999999999999645, -3.000000000000000000, -0.7794627824221421752 ) ) ;
#5379 = CARTESIAN_POINT ( 'NONE',  ( 3.599999999999999645, -2.364926170763438140, -0.7551029321564953767 ) ) ;
#5380 = CARTESIAN_POINT ( 'NONE',  ( 2.329999999999999627, 2.165000000000000036, -0.7605367378089592512 ) ) ;
#5381 = PRESENTATION_STYLE_ASSIGNMENT (( #1817 ) ) ;
#5382 = DIRECTION ( 'NONE',  ( 0.000000000000000000, 1.000000000000000000, 0.000000000000000000 ) ) ;
#5383 = VECTOR ( 'NONE', #7924, 1000.000000000000000 ) ;
#5384 = CARTESIAN_POINT ( 'NONE',  ( -1.480000000000000870, 1.950000000000000178, 0.1100000000000000144 ) ) ;
#5385 = ORIENTED_EDGE ( 'NONE', *, *, #900, .T. ) ;
#5386 = DIRECTION ( 'NONE',  ( 0.000000000000000000, 0.000000000000000000, 1.000000000000000000 ) ) ;
#5387 = EDGE_CURVE ( 'NONE', #266, #4446, #1178, .T. ) ;
#5388 = ADVANCED_FACE ( 'NONE', ( #358 ), #7434, .T. ) ;
#5389 = ORIENTED_EDGE ( 'NONE', *, *, #1172, .F. ) ;
#5390 = EDGE_CURVE ( 'NONE', #9134, #5726, #9601, .T. ) ;
#5391 = SURFACE_SIDE_STYLE ('',( #5154 ) ) ;
#5392 = FILL_AREA_STYLE ('',( #7723 ) ) ;
#5393 = DIRECTION ( 'NONE',  ( 0.000000000000000000, 0.000000000000000000, -1.000000000000000000 ) ) ;
#5394 = SURFACE_STYLE_USAGE ( .BOTH. , #6976 ) ;
#5395 = FILL_AREA_STYLE ('',( #7088 ) ) ;
#5396 = SURFACE_STYLE_USAGE ( .BOTH. , #7878 ) ;
#5397 = VECTOR ( 'NONE', #6678, 1000.000000000000000 ) ;
#5398 = COLOUR_RGB ( '',0.8039215686274510109, 0.8039215686274510109, 0.8039215686274510109 ) ;
#5399 = ORIENTED_EDGE ( 'NONE', *, *, #6348, .F. ) ;
#5400 = CARTESIAN_POINT ( 'NONE',  ( -4.020000000000001350, -1.950000000000000178, 0.1100000000000000144 ) ) ;
#5401 = COLOUR_RGB ( '',0.8039215686274510109, 0.8039215686274510109, 0.8039215686274510109 ) ;
#5402 = LINE ( 'NONE', #1064, #686 ) ;
#5403 =( LENGTH_UNIT ( ) NAMED_UNIT ( * ) SI_UNIT ( .MILLI., .METRE. ) );
#5404 = SURFACE_SIDE_STYLE ('',( #5341 ) ) ;
#5405 = PRESENTATION_LAYER_ASSIGNMENT (  '', '', ( #8484 ) ) ;
#5406 = FILL_AREA_STYLE ('',( #7949 ) ) ;
#5407 = CARTESIAN_POINT ( 'NONE',  ( 2.749999999999999112, 2.165000000000000036, -0.7605367378089592512 ) ) ;
#5408 = PRESENTATION_STYLE_ASSIGNMENT (( #2736 ) ) ;
#5409 = CARTESIAN_POINT ( 'NONE',  ( -2.750000000000001332, -2.474947744208253031, -0.7427475520708766155 ) ) ;
#5410 = ORIENTED_EDGE ( 'NONE', *, *, #6849, .F. ) ;
#5411 = VERTEX_POINT ( 'NONE', #6484 ) ;
#5412 = LINE ( 'NONE', #7956, #7201 ) ;
#5413 = CARTESIAN_POINT ( 'NONE',  ( 2.749999999999999112, -2.165000000000000036, -0.7605367378089592512 ) ) ;
#5414 = ORIENTED_EDGE ( 'NONE', *, *, #6412, .F. ) ;
#5415 = DIRECTION ( 'NONE',  ( 0.000000000000000000, 0.9975640502598243087, 0.06975647374412501101 ) ) ;
#5416 = ORIENTED_EDGE ( 'NONE', *, *, #5285, .F. ) ;
#5417 = DIRECTION ( 'NONE',  ( -0.1039620511844979306, 0.1039620511844979306, 0.9891328443778538704 ) ) ;
#5418 = PRODUCT ( 'ISL3150EIBZ', 'ISL3150EIBZ', '', ( #6878 ) ) ;
#5419 = LINE ( 'NONE', #129, #8913 ) ;
#5420 = SURFACE_STYLE_FILL_AREA ( #8129 ) ;
#5421 =( LENGTH_UNIT ( ) NAMED_UNIT ( * ) SI_UNIT ( .MILLI., .METRE. ) );
#5422 = CARTESIAN_POINT ( 'NONE',  ( -1.480000000000000870, 1.950000000000000178, -0.1099999999999999867 ) ) ;
#5423 =( NAMED_UNIT ( * ) PLANE_ANGLE_UNIT ( ) SI_UNIT ( $, .RADIAN. ) );
#5424 = VERTEX_POINT ( 'NONE', #5701 ) ;
#5425 = ORIENTED_EDGE ( 'NONE', *, *, #227, .T. ) ;
#5426 = SURFACE_SIDE_STYLE ('',( #2883 ) ) ;
#5427 = LINE ( 'NONE', #7282, #8266 ) ;
#5428 = FACE_OUTER_BOUND ( 'NONE', #6579, .T. ) ;
#5429 = DIRECTION ( 'NONE',  ( 0.000000000000000000, 0.000000000000000000, -1.000000000000000000 ) ) ;
#5430 = DIRECTION ( 'NONE',  ( 0.000000000000000000, -0.02716902826231849810, -0.9996308538171886360 ) ) ;
#5431 = SURFACE_STYLE_FILL_AREA ( #3750 ) ;
#5432 = ADVANCED_FACE ( 'NONE', ( #3136 ), #6535, .T. ) ;
#5433 = DIRECTION ( 'NONE',  ( -0.9945218953682732899, 0.000000000000000000, -0.1045284632676539427 ) ) ;
#5434 = FACE_OUTER_BOUND ( 'NONE', #7579, .T. ) ;
#5435 = EDGE_CURVE ( 'NONE', #5200, #7061, #1344, .T. ) ;
#5436 = ORIENTED_EDGE ( 'NONE', *, *, #6597, .T. ) ;
#5437 = DIRECTION ( 'NONE',  ( 1.000000000000000000, 0.000000000000000000, 0.000000000000000000 ) ) ;
#5438 = VERTEX_POINT ( 'NONE', #3085 ) ;
#5439 =( NAMED_UNIT ( * ) SI_UNIT ( $, .STERADIAN. ) SOLID_ANGLE_UNIT ( ) );
#5440 = CIRCLE ( 'NONE', #1296, 0.2000000000000003164 ) ;
#5441 = CARTESIAN_POINT ( 'NONE',  ( 1.059999999999999387, 2.050000000000000266, -0.1099999999999999867 ) ) ;
#5442 = SURFACE_STYLE_FILL_AREA ( #166 ) ;
#5443 = FILL_AREA_STYLE ('',( #1944 ) ) ;
#5444 = EDGE_CURVE ( 'NONE', #3258, #6012, #9825, .T. ) ;
#5445 = DIRECTION ( 'NONE',  ( 0.000000000000000000, -1.000000000000000000, 0.000000000000000000 ) ) ;
#5446 =( NAMED_UNIT ( * ) PLANE_ANGLE_UNIT ( ) SI_UNIT ( $, .RADIAN. ) );
#5447 = VERTEX_POINT ( 'NONE', #2075 ) ;
#5448 = EDGE_CURVE ( 'NONE', #2788, #3267, #10896, .T. ) ;
#5449 = PLANE ( 'NONE',  #7563 ) ;
#5450 = EDGE_CURVE ( 'NONE', #4552, #7260, #5531, .T. ) ;
#5451 = VECTOR ( 'NONE', #5225, 1000.000000000000000 ) ;
#5452 = VECTOR ( 'NONE', #2117, 1000.000000000000000 ) ;
#5453 = SURFACE_STYLE_USAGE ( .BOTH. , #7768 ) ;
#5454 = LINE ( 'NONE', #2681, #5165 ) ;
#5455 = PLANE ( 'NONE',  #4560 ) ;
#5456 = FACE_OUTER_BOUND ( 'NONE', #2897, .T. ) ;
#5457 = MECHANICAL_DESIGN_GEOMETRIC_PRESENTATION_REPRESENTATION (  '', ( #3660 ), #7996 ) ;
#5458 = DIRECTION ( 'NONE',  ( 0.000000000000000000, 0.000000000000000000, -1.000000000000000000 ) ) ;
#5459 = EDGE_CURVE ( 'NONE', #7101, #10008, #6701, .T. ) ;
#5460 = AXIS2_PLACEMENT_3D ( 'NONE', #3734, #4537, #1032 ) ;
#5461 = CARTESIAN_POINT ( 'NONE',  ( -1.480000000000000870, 3.000000000000000000, -0.7794627824221421752 ) ) ;
#5462 = PRESENTATION_LAYER_ASSIGNMENT (  '', '', ( #631 ) ) ;
#5463 = PRESENTATION_LAYER_ASSIGNMENT (  '', '', ( #2199 ) ) ;
#5464 = ORIENTED_EDGE ( 'NONE', *, *, #3598, .T. ) ;
#5465 = EDGE_CURVE ( 'NONE', #6370, #7730, #11063, .T. ) ;
#5466 = SURFACE_STYLE_FILL_AREA ( #4576 ) ;
#5467 = LINE ( 'NONE', #237, #5084 ) ;
#5468 = ORIENTED_EDGE ( 'NONE', *, *, #9266, .T. ) ;
#5469 = STYLED_ITEM ( 'NONE', ( #7133 ), #6982 ) ;
#5470 = DIRECTION ( 'NONE',  ( 0.000000000000000000, 0.9975640502598241977, -0.06975647374412546897 ) ) ;
#5471 = UNCERTAINTY_MEASURE_WITH_UNIT (LENGTH_MEASURE( 1.000000000000000082E-05 ), #10040, 'distance_accuracy_value', 'NONE');
#5472 = MECHANICAL_DESIGN_GEOMETRIC_PRESENTATION_REPRESENTATION (  '', ( #4031 ), #5653 ) ;
#5473 = UNCERTAINTY_MEASURE_WITH_UNIT (LENGTH_MEASURE( 1.000000000000000082E-05 ), #2935, 'distance_accuracy_value', 'NONE');
#5474 = ORIENTED_EDGE ( 'NONE', *, *, #1385, .T. ) ;
#5475 = CARTESIAN_POINT ( 'NONE',  ( 1.059999999999999387, -2.050000000000000266, -0.1099999999999999867 ) ) ;
#5476 = DIRECTION ( 'NONE',  ( 0.000000000000000000, 0.000000000000000000, -1.000000000000000000 ) ) ;
#5477 = DIRECTION ( 'NONE',  ( 0.000000000000000000, 0.02716902826232023976, 0.9996308538171885250 ) ) ;
#5478 = CARTESIAN_POINT ( 'NONE',  ( 1.059999999999999387, -2.364926170763438140, -0.7551029321564953767 ) ) ;
#5479 = FACE_OUTER_BOUND ( 'NONE', #7546, .T. ) ;
#5480 = MECHANICAL_DESIGN_GEOMETRIC_PRESENTATION_REPRESENTATION (  '', ( #8010 ), #11078 ) ;
#5481 = SURFACE_STYLE_FILL_AREA ( #2184 ) ;
#5482 = CARTESIAN_POINT ( 'NONE',  ( -4.250136580382891438, -1.950000000000000400, 0.1099999999999998618 ) ) ;
#5483 = FACE_OUTER_BOUND ( 'NONE', #145, .T. ) ;
#5484 =( GEOMETRIC_REPRESENTATION_CONTEXT ( 3 ) GLOBAL_UNCERTAINTY_ASSIGNED_CONTEXT ( ( #10879 ) ) GLOBAL_UNIT_ASSIGNED_CONTEXT ( ( #2873, #3562, #7840 ) ) REPRESENTATION_CONTEXT ( 'NONE', 'WORKASPACE' ) );
#5485 = FACE_OUTER_BOUND ( 'NONE', #8454, .T. ) ;
#5486 = PRESENTATION_LAYER_ASSIGNMENT (  '', '', ( #6729 ) ) ;
#5487 = ORIENTED_EDGE ( 'NONE', *, *, #7732, .T. ) ;
#5488 = ORIENTED_EDGE ( 'NONE', *, *, #10918, .F. ) ;
#5489 = CARTESIAN_POINT ( 'NONE',  ( -0.2100000000000005473, -1.950000000000000178, -0.1099999999999999867 ) ) ;
#5490 = DIRECTION ( 'NONE',  ( 1.000000000000000000, 0.000000000000000000, 0.000000000000000000 ) ) ;
#5491 =( GEOMETRIC_REPRESENTATION_CONTEXT ( 3 ) GLOBAL_UNCERTAINTY_ASSIGNED_CONTEXT ( ( #10094 ) ) GLOBAL_UNIT_ASSIGNED_CONTEXT ( ( #450, #9922, #8288 ) ) REPRESENTATION_CONTEXT ( 'NONE', 'WORKASPACE' ) );
#5492 = CARTESIAN_POINT ( 'NONE',  ( 4.324998880753508246, 1.875409738600887222, 0.1100106489190410680 ) ) ;
#5493 = SURFACE_STYLE_USAGE ( .BOTH. , #6556 ) ;
#5494 = FACE_OUTER_BOUND ( 'NONE', #3311, .T. ) ;
#5495 = DIRECTION ( 'NONE',  ( 1.000000000000000000, 0.000000000000000000, 0.000000000000000000 ) ) ;
#5496 = CIRCLE ( 'NONE', #8926, 0.07500000000000005274 ) ;
#5497 = CARTESIAN_POINT ( 'NONE',  ( 4.019999999999999574, 3.000000000000000000, -1.000000000000000000 ) ) ;
#5498 = COLOUR_RGB ( '',0.8039215686274510109, 0.8039215686274510109, 0.8039215686274510109 ) ;
#5499 = DIRECTION ( 'NONE',  ( 0.000000000000000000, -1.000000000000000000, 0.000000000000000000 ) ) ;
#5500 = ORIENTED_EDGE ( 'NONE', *, *, #2136, .F. ) ;
#5501 = CARTESIAN_POINT ( 'NONE',  ( 3.599999999999999645, -3.000000000000000000, -1.000000000000000000 ) ) ;
#5502 = VECTOR ( 'NONE', #3397, 1000.000000000000000 ) ;
#5503 = ADVANCED_FACE ( 'NONE', ( #789 ), #8579, .T. ) ;
#5504 = ORIENTED_EDGE ( 'NONE', *, *, #10225, .F. ) ;
#5505 =( NAMED_UNIT ( * ) SI_UNIT ( $, .STERADIAN. ) SOLID_ANGLE_UNIT ( ) );
#5506 = AXIS2_PLACEMENT_3D ( 'NONE', #5273, #7036, #1882 ) ;
#5507 = CARTESIAN_POINT ( 'NONE',  ( -4.020000000000001350, 2.149963085381718209, -0.2072830971737681105 ) ) ;
#5508 =( NAMED_UNIT ( * ) PLANE_ANGLE_UNIT ( ) SI_UNIT ( $, .RADIAN. ) );
#5509 = FILL_AREA_STYLE_COLOUR ( '', #642 ) ;
#5510 = VECTOR ( 'NONE', #9386, 1000.000000000000000 ) ;
#5511 = ORIENTED_EDGE ( 'NONE', *, *, #983, .T. ) ;
#5512 = PRESENTATION_STYLE_ASSIGNMENT (( #7205 ) ) ;
#5513 = COLOUR_RGB ( '',0.8039215686274510109, 0.8039215686274510109, 0.8039215686274510109 ) ;
#5514 = LINE ( 'NONE', #7368, #596 ) ;
#5515 =( NAMED_UNIT ( * ) SI_UNIT ( $, .STERADIAN. ) SOLID_ANGLE_UNIT ( ) );
#5516 = EDGE_CURVE ( 'NONE', #7680, #2339, #7606, .T. ) ;
#5517 = EDGE_CURVE ( 'NONE', #3015, #7379, #7556, .T. ) ;
#5518 = COLOUR_RGB ( '',0.2862745098039215508, 0.2862745098039215508, 0.2862745098039215508 ) ;
#5519 =( LENGTH_UNIT ( ) NAMED_UNIT ( * ) SI_UNIT ( .MILLI., .METRE. ) );
#5520 = STYLED_ITEM ( 'NONE', ( #6165 ), #9196 ) ;
#5521 = ORIENTED_EDGE ( 'NONE', *, *, #6688, .T. ) ;
#5522 = FILL_AREA_STYLE ('',( #9651 ) ) ;
#5523 = DIRECTION ( 'NONE',  ( 0.000000000000000000, 0.000000000000000000, -1.000000000000000000 ) ) ;
#5524 = ORIENTED_EDGE ( 'NONE', *, *, #7789, .F. ) ;
#5525 = AXIS2_PLACEMENT_3D ( 'NONE', #1424, #5889, #3325 ) ;
#5526 = FILL_AREA_STYLE ('',( #293 ) ) ;
#5527 = EDGE_CURVE ( 'NONE', #1715, #7014, #5440, .T. ) ;
#5528 = COLOUR_RGB ( '',0.8039215686274510109, 0.8039215686274510109, 0.8039215686274510109 ) ;
#5529 = DIRECTION ( 'NONE',  ( 0.000000000000000000, 1.000000000000000000, 0.000000000000000000 ) ) ;
#5530 = ORIENTED_EDGE ( 'NONE', *, *, #10007, .F. ) ;
#5531 = LINE ( 'NONE', #4855, #1480 ) ;
#5532 = EDGE_CURVE ( 'NONE', #5049, #8215, #680, .T. ) ;
#5533 = CYLINDRICAL_SURFACE ( 'NONE', #6291, 0.07499999999999980294 ) ;
#5534 = DIRECTION ( 'NONE',  ( 0.000000000000000000, 0.000000000000000000, 1.000000000000000000 ) ) ;
#5535 = EDGE_CURVE ( 'NONE', #6564, #3958, #5006, .T. ) ;
#5536 = CARTESIAN_POINT ( 'NONE',  ( -0.2100000000000005473, 2.481923391582665950, -0.6429911470448941291 ) ) ;
#5537 = CARTESIAN_POINT ( 'NONE',  ( -2.330000000000001403, -2.050000000000000266, -0.2100000000000000200 ) ) ;
#5538 = COLOUR_RGB ( '',0.8039215686274510109, 0.8039215686274510109, 0.8039215686274510109 ) ;
#5539 = UNCERTAINTY_MEASURE_WITH_UNIT (LENGTH_MEASURE( 1.000000000000000082E-05 ), #10732, 'distance_accuracy_value', 'NONE');
#5540 = AXIS2_PLACEMENT_3D ( 'NONE', #9540, #7952, #4402 ) ;
#5541 = AXIS2_PLACEMENT_3D ( 'NONE', #1390, #1278, #8968 ) ;
#5542 =( NAMED_UNIT ( * ) SI_UNIT ( $, .STERADIAN. ) SOLID_ANGLE_UNIT ( ) );
#5543 = AXIS2_PLACEMENT_3D ( 'NONE', #272, #10483, #3698 ) ;
#5544 = CARTESIAN_POINT ( 'NONE',  ( -2.750000000000001332, 3.000000000000000000, -0.7794627824221421752 ) ) ;
#5545 = PRESENTATION_STYLE_ASSIGNMENT (( #1188 ) ) ;
#5546 = DIRECTION ( 'NONE',  ( 0.000000000000000000, 0.02716902826231849810, -0.9996308538171886360 ) ) ;
#5547 = STYLED_ITEM ( 'NONE', ( #8222 ), #10639 ) ;
#5548 = AXIS2_PLACEMENT_3D ( 'NONE', #7725, #8690, #10331 ) ;
#5549 = MECHANICAL_DESIGN_GEOMETRIC_PRESENTATION_REPRESENTATION (  '', ( #6613 ), #2273 ) ;
#5550 = COLOUR_RGB ( '',0.8039215686274510109, 0.8039215686274510109, 0.8039215686274510109 ) ;
#5551 = EDGE_LOOP ( 'NONE', ( #6933, #3980, #2140, #6039 ) ) ;
#5552 = ORIENTED_EDGE ( 'NONE', *, *, #5946, .F. ) ;
#5553 = MECHANICAL_DESIGN_GEOMETRIC_PRESENTATION_REPRESENTATION (  '', ( #9520 ), #7353 ) ;
#5554 = LINE ( 'NONE', #9839, #7531 ) ;
#5555 = FILL_AREA_STYLE ('',( #9840 ) ) ;
#5556 = DIRECTION ( 'NONE',  ( -0.000000000000000000, -0.000000000000000000, 1.000000000000000000 ) ) ;
#5557 = SURFACE_STYLE_USAGE ( .BOTH. , #8885 ) ;
#5558 =( GEOMETRIC_REPRESENTATION_CONTEXT ( 3 ) GLOBAL_UNCERTAINTY_ASSIGNED_CONTEXT ( ( #6116 ) ) GLOBAL_UNIT_ASSIGNED_CONTEXT ( ( #9394, #3213, #9446 ) ) REPRESENTATION_CONTEXT ( 'NONE', 'WORKASPACE' ) );
#5559 = CIRCLE ( 'NONE', #7348, 0.09999999999999982514 ) ;
#5560 = CARTESIAN_POINT ( 'NONE',  ( -0.2100000000000005473, -2.366708997306596007, -0.08456619434753616382 ) ) ;
#5561 = SURFACE_STYLE_FILL_AREA ( #2090 ) ;
#5562 = ORIENTED_EDGE ( 'NONE', *, *, #89, .F. ) ;
#5563 = FILL_AREA_STYLE ('',( #2093 ) ) ;
#5564 = STYLED_ITEM ( 'NONE', ( #5121 ), #8712 ) ;
#5565 = COLOUR_RGB ( '',0.8039215686274510109, 0.8039215686274510109, 0.8039215686274510109 ) ;
#5566 = VERTEX_POINT ( 'NONE', #7663 ) ;
#5567 = CARTESIAN_POINT ( 'NONE',  ( -1.480000000000000870, 2.050000000000000266, -0.1099999999999999867 ) ) ;
#5568 = CARTESIAN_POINT ( 'NONE',  ( 3.599999999999999645, -1.950000000000000178, 0.1100000000000000144 ) ) ;
#5569 = MECHANICAL_DESIGN_GEOMETRIC_PRESENTATION_REPRESENTATION (  '', ( #6461 ), #4096 ) ;
#5570 = MECHANICAL_DESIGN_GEOMETRIC_PRESENTATION_REPRESENTATION (  '', ( #4124 ), #5930 ) ;
#5571 = DIRECTION ( 'NONE',  ( 0.000000000000000000, -0.06975647374412548285, 0.9975640502598243087 ) ) ;
#5572 = CARTESIAN_POINT ( 'NONE',  ( 3.599999999999999645, 2.165000000000000036, -0.7605367378089592512 ) ) ;
#5573 = COLOUR_RGB ( '',0.8039215686274510109, 0.8039215686274510109, 0.8039215686274510109 ) ;
#5574 = VERTEX_POINT ( 'NONE', #2399 ) ;
#5575 = CARTESIAN_POINT ( 'NONE',  ( 0.2099999999999992428, 2.050000000000000266, -0.2100000000000000200 ) ) ;
#5576 =( GEOMETRIC_REPRESENTATION_CONTEXT ( 3 ) GLOBAL_UNCERTAINTY_ASSIGNED_CONTEXT ( ( #3960 ) ) GLOBAL_UNIT_ASSIGNED_CONTEXT ( ( #5660, #316, #3862 ) ) REPRESENTATION_CONTEXT ( 'NONE', 'WORKASPACE' ) );
#5577 = PLANE ( 'NONE',  #9681 ) ;
#5578 =( LENGTH_UNIT ( ) NAMED_UNIT ( * ) SI_UNIT ( .MILLI., .METRE. ) );
#5579 = CARTESIAN_POINT ( 'NONE',  ( 1.059999999999999387, 2.481923391582665950, -0.6429911470448941291 ) ) ;
#5580 = STYLED_ITEM ( 'NONE', ( #11056 ), #1020 ) ;
#5581 = LINE ( 'NONE', #4779, #2841 ) ;
#5582 = FILL_AREA_STYLE ('',( #6419 ) ) ;
#5583 =( NAMED_UNIT ( * ) SI_UNIT ( $, .STERADIAN. ) SOLID_ANGLE_UNIT ( ) );
#5584 = EDGE_CURVE ( 'NONE', #10718, #5129, #5813, .T. ) ;
#5585 = ORIENTED_EDGE ( 'NONE', *, *, #4370, .F. ) ;
#5586 = ORIENTED_EDGE ( 'NONE', *, *, #8618, .T. ) ;
#5587 = EDGE_CURVE ( 'NONE', #3955, #6564, #8701, .T. ) ;
#5588 = CYLINDRICAL_SURFACE ( 'NONE', #10034, 0.2000000000000002054 ) ;
#5589 = PRESENTATION_LAYER_ASSIGNMENT (  '', '', ( #4144 ) ) ;
#5590 = DIRECTION ( 'NONE',  ( 0.000000000000000000, -1.000000000000000000, 0.000000000000000000 ) ) ;
#5591 = UNCERTAINTY_MEASURE_WITH_UNIT (LENGTH_MEASURE( 1.000000000000000082E-05 ), #1289, 'distance_accuracy_value', 'NONE');
#5592 = UNCERTAINTY_MEASURE_WITH_UNIT (LENGTH_MEASURE( 1.000000000000000082E-05 ), #8033, 'distance_accuracy_value', 'NONE');
#5593 = EDGE_LOOP ( 'NONE', ( #5356, #3048, #9818 ) ) ;
#5594 = FILL_AREA_STYLE_COLOUR ( '', #10681 ) ;
#5595 =( NAMED_UNIT ( * ) PLANE_ANGLE_UNIT ( ) SI_UNIT ( $, .RADIAN. ) );
#5596 = CARTESIAN_POINT ( 'NONE',  ( -2.750000000000001332, -3.000000000000000000, -1.000000000000000000 ) ) ;
#5597 =( LENGTH_UNIT ( ) NAMED_UNIT ( * ) SI_UNIT ( .MILLI., .METRE. ) );
#5598 = EDGE_CURVE ( 'NONE', #11099, #1367, #9252, .T. ) ;
#5599 = AXIS2_PLACEMENT_3D ( 'NONE', #894, #2441, #11178 ) ;
#5600 =( NAMED_UNIT ( * ) PLANE_ANGLE_UNIT ( ) SI_UNIT ( $, .RADIAN. ) );
#5601 =( LENGTH_UNIT ( ) NAMED_UNIT ( * ) SI_UNIT ( .MILLI., .METRE. ) );
#5602 = EDGE_CURVE ( 'NONE', #289, #1007, #5172, .T. ) ;
#5603 = DIRECTION ( 'NONE',  ( -0.000000000000000000, -0.000000000000000000, 1.000000000000000000 ) ) ;
#5604 = EDGE_CURVE ( 'NONE', #11104, #309, #10278, .T. ) ;
#5605 = CIRCLE ( 'NONE', #3412, 0.09999999999999956146 ) ;
#5606 = ORIENTED_EDGE ( 'NONE', *, *, #6949, .T. ) ;
#5607 = ORIENTED_EDGE ( 'NONE', *, *, #7111, .T. ) ;
#5608 = CARTESIAN_POINT ( 'NONE',  ( 3.599999999999999645, 2.474947744208253031, -0.7427475520708766155 ) ) ;
#5609 =( BOUNDED_CURVE ( )  B_SPLINE_CURVE ( 3, ( #5955, #10074, #6622, #7697 ),
 .UNSPECIFIED., .F., .F. ) 
 B_SPLINE_CURVE_WITH_KNOTS ( ( 4, 4 ),
 ( 5.503250352303677317, 7.063120262055495147 ),
 .UNSPECIFIED. ) 
 CURVE ( )  GEOMETRIC_REPRESENTATION_ITEM ( )  RATIONAL_B_SPLINE_CURVE ( ( 1.000000000000000000, 0.8073061876036311535, 0.8073061876036311535, 1.000000000000000000 ) ) 
 REPRESENTATION_ITEM ( '' )  );
#5610 = SURFACE_STYLE_USAGE ( .BOTH. , #4871 ) ;
#5611 = LINE ( 'NONE', #10001, #2085 ) ;
#5612 = DIRECTION ( 'NONE',  ( -1.000000000000000000, -0.000000000000000000, -0.000000000000000000 ) ) ;
#5613 = FILL_AREA_STYLE_COLOUR ( '', #361 ) ;
#5614 = DIRECTION ( 'NONE',  ( 1.000000000000000000, -0.000000000000000000, 0.000000000000000000 ) ) ;
#5615 = EDGE_LOOP ( 'NONE', ( #1110, #1770 ) ) ;
#5616 = LINE ( 'NONE', #3979, #3315 ) ;
#5617 = EDGE_CURVE ( 'NONE', #4426, #10174, #235, .T. ) ;
#5618 = UNCERTAINTY_MEASURE_WITH_UNIT (LENGTH_MEASURE( 1.000000000000000082E-05 ), #9588, 'distance_accuracy_value', 'NONE');
#5619 = ORIENTED_EDGE ( 'NONE', *, *, #2880, .T. ) ;
#5620 = SURFACE_STYLE_FILL_AREA ( #2152 ) ;
#5621 = FILL_AREA_STYLE ('',( #9176 ) ) ;
#5622 = SURFACE_STYLE_USAGE ( .BOTH. , #7199 ) ;
#5623 = SURFACE_SIDE_STYLE ('',( #6344 ) ) ;
#5624 = CARTESIAN_POINT ( 'NONE',  ( 2.749999999999999112, 1.950000000000000178, -0.1099999999999999867 ) ) ;
#5625 = ORIENTED_EDGE ( 'NONE', *, *, #3154, .T. ) ;
#5626 = PRESENTATION_STYLE_ASSIGNMENT (( #2161 ) ) ;
#5627 = COLOUR_RGB ( '',0.8039215686274510109, 0.8039215686274510109, 0.8039215686274510109 ) ;
#5628 = CARTESIAN_POINT ( 'NONE',  ( -4.020000000000001350, -1.950000000000000178, -0.1099999999999999867 ) ) ;
#5629 = PLANE ( 'NONE',  #5906 ) ;
#5630 = LINE ( 'NONE', #1328, #5823 ) ;
#5631 = DIRECTION ( 'NONE',  ( -0.000000000000000000, 0.000000000000000000, 1.000000000000000000 ) ) ;
#5632 = FILL_AREA_STYLE_COLOUR ( '', #3234 ) ;
#5633 = DIRECTION ( 'NONE',  ( 0.000000000000000000, 0.000000000000000000, 1.000000000000000000 ) ) ;
#5634 = ORIENTED_EDGE ( 'NONE', *, *, #6491, .F. ) ;
#5635 = ORIENTED_EDGE ( 'NONE', *, *, #9849, .T. ) ;
#5636 = EDGE_LOOP ( 'NONE', ( #10103, #7630, #2617, #3438 ) ) ;
#5637 = ORIENTED_EDGE ( 'NONE', *, *, #445, .T. ) ;
#5638 = PRESENTATION_LAYER_ASSIGNMENT (  '', '', ( #1308 ) ) ;
#5639 = LINE ( 'NONE', #1341, #10746 ) ;
#5640 = COLOUR_RGB ( '',0.8039215686274510109, 0.8039215686274510109, 0.8039215686274510109 ) ;
#5641 = ORIENTED_EDGE ( 'NONE', *, *, #2396, .T. ) ;
#5642 = UNCERTAINTY_MEASURE_WITH_UNIT (LENGTH_MEASURE( 1.000000000000000082E-05 ), #2658, 'distance_accuracy_value', 'NONE');
#5643 = DIRECTION ( 'NONE',  ( 0.000000000000000000, -1.000000000000000000, 0.000000000000000000 ) ) ;
#5644 =( LENGTH_UNIT ( ) NAMED_UNIT ( * ) SI_UNIT ( .MILLI., .METRE. ) );
#5645 =( GEOMETRIC_REPRESENTATION_CONTEXT ( 3 ) GLOBAL_UNCERTAINTY_ASSIGNED_CONTEXT ( ( #156 ) ) GLOBAL_UNIT_ASSIGNED_CONTEXT ( ( #2691, #6145, #2578 ) ) REPRESENTATION_CONTEXT ( 'NONE', 'WORKASPACE' ) );
#5646 =( NAMED_UNIT ( * ) PLANE_ANGLE_UNIT ( ) SI_UNIT ( $, .RADIAN. ) );
#5647 = LINE ( 'NONE', #10794, #8332 ) ;
#5648 = AXIS2_PLACEMENT_3D ( 'NONE', #11176, #893, #10485 ) ;
#5649 = CARTESIAN_POINT ( 'NONE',  ( 4.190202986107629535, -1.815202986107629091, -0.6749999999999999334 ) ) ;
#5650 = CARTESIAN_POINT ( 'NONE',  ( 1.479999999999999094, 2.050000000000000266, -0.2100000000000000200 ) ) ;
#5651 =( NAMED_UNIT ( * ) PLANE_ANGLE_UNIT ( ) SI_UNIT ( $, .RADIAN. ) );
#5652 = STYLED_ITEM ( 'NONE', ( #7405 ), #568 ) ;
#5653 =( GEOMETRIC_REPRESENTATION_CONTEXT ( 3 ) GLOBAL_UNCERTAINTY_ASSIGNED_CONTEXT ( ( #5963 ) ) GLOBAL_UNIT_ASSIGNED_CONTEXT ( ( #1145, #3805, #9005 ) ) REPRESENTATION_CONTEXT ( 'NONE', 'WORKASPACE' ) );
#5654 = STYLED_ITEM ( 'NONE', ( #4191 ), #1704 ) ;
#5655 = VERTEX_POINT ( 'NONE', #4458 ) ;
#5656 = EDGE_LOOP ( 'NONE', ( #3929, #8116, #5015, #1947 ) ) ;
#5657 = AXIS2_PLACEMENT_3D ( 'NONE', #597, #8504, #3338 ) ;
#5658 = DIRECTION ( 'NONE',  ( 0.000000000000000000, 0.000000000000000000, -1.000000000000000000 ) ) ;
#5659 = EDGE_CURVE ( 'NONE', #7238, #4850, #7770, .T. ) ;
#5660 =( LENGTH_UNIT ( ) NAMED_UNIT ( * ) SI_UNIT ( .MILLI., .METRE. ) );
#5661 = EDGE_CURVE ( 'NONE', #10071, #2851, #1954, .T. ) ;
#5662 = CARTESIAN_POINT ( 'NONE',  ( -3.995202986107628362, -1.425202986107629410, 0.7399999999999999911 ) ) ;
#5663 = CARTESIAN_POINT ( 'NONE',  ( 4.324998880753508246, 1.875409738600887222, 0.1100106489190410680 ) ) ;
#5664 = VERTEX_POINT ( 'NONE', #6246 ) ;
#5665 = PRESENTATION_STYLE_ASSIGNMENT (( #9955 ) ) ;
#5666 = VECTOR ( 'NONE', #10827, 1000.000000000000000 ) ;
#5667 =( BOUNDED_CURVE ( )  B_SPLINE_CURVE ( 3, ( #1428, #753, #7574, #10183 ),
 .UNSPECIFIED., .F., .F. ) 
 B_SPLINE_CURVE_WITH_KNOTS ( ( 4, 4 ),
 ( 5.503250352303687976, 7.063120262055498699 ),
 .UNSPECIFIED. ) 
 CURVE ( )  GEOMETRIC_REPRESENTATION_ITEM ( )  RATIONAL_B_SPLINE_CURVE ( ( 1.000000000000000000, 0.8073061876036329299, 0.8073061876036329299, 1.000000000000000000 ) ) 
 REPRESENTATION_ITEM ( '' )  );
#5668 = EDGE_CURVE ( 'NONE', #8297, #1649, #8528, .T. ) ;
#5669 = STYLED_ITEM ( 'NONE', ( #8306 ), #6279 ) ;
#5670 = VERTEX_POINT ( 'NONE', #8912 ) ;
#5671 =( NAMED_UNIT ( * ) PLANE_ANGLE_UNIT ( ) SI_UNIT ( $, .RADIAN. ) );
#5672 = DIRECTION ( 'NONE',  ( 0.000000000000000000, 0.000000000000000000, 1.000000000000000000 ) ) ;
#5673 = SURFACE_STYLE_FILL_AREA ( #10699 ) ;
#5674 = STYLED_ITEM ( 'NONE', ( #2840 ), #1384 ) ;
#5675 = EDGE_CURVE ( 'NONE', #7639, #9998, #7045, .T. ) ;
#5676 = PRESENTATION_LAYER_ASSIGNMENT (  '', '', ( #10539 ) ) ;
#5677 = PRESENTATION_STYLE_ASSIGNMENT (( #10701 ) ) ;
#5678 = CARTESIAN_POINT ( 'NONE',  ( 3.599999999999999645, -2.366708997306596007, -0.08456619434753616382 ) ) ;
#5679 = ORIENTED_EDGE ( 'NONE', *, *, #7462, .T. ) ;
#5680 = AXIS2_PLACEMENT_3D ( 'NONE', #7702, #5793, #2499 ) ;
#5681 = CLOSED_SHELL ( 'NONE', ( #282, #4218, #7182, #7602, #4572, #1251, #5928, #4201, #7457, #9678, #4965, #6137, #10850, #7831 ) ) ;
#5682 = FILL_AREA_STYLE ('',( #9971 ) ) ;
#5683 = SURFACE_SIDE_STYLE ('',( #506 ) ) ;
#5684 = UNCERTAINTY_MEASURE_WITH_UNIT (LENGTH_MEASURE( 1.000000000000000082E-05 ), #961, 'distance_accuracy_value', 'NONE');
#5685 = FACE_OUTER_BOUND ( 'NONE', #6475, .T. ) ;
#5686 = FILL_AREA_STYLE_COLOUR ( '', #10697 ) ;
#5687 = SURFACE_STYLE_USAGE ( .BOTH. , #9197 ) ;
#5688 = VECTOR ( 'NONE', #11026, 1000.000000000000000 ) ;
#5689 = PRESENTATION_STYLE_ASSIGNMENT (( #6641 ) ) ;
#5690 = SURFACE_STYLE_USAGE ( .BOTH. , #8227 ) ;
#5691 = VECTOR ( 'NONE', #213, 1000.000000000000000 ) ;
#5692 = ORIENTED_EDGE ( 'NONE', *, *, #8618, .F. ) ;
#5693 = EDGE_LOOP ( 'NONE', ( #8683, #8665, #1577, #4070 ) ) ;
#5694 = DIRECTION ( 'NONE',  ( 1.000000000000000000, 0.000000000000000000, 0.000000000000000000 ) ) ;
#5695 = ORIENTED_EDGE ( 'NONE', *, *, #1789, .F. ) ;
#5696 = CARTESIAN_POINT ( 'NONE',  ( 1.479999999999999094, -2.050000000000000266, -0.2100000000000000200 ) ) ;
#5697 = CARTESIAN_POINT ( 'NONE',  ( 4.264792128260249449, -1.815202986107629091, 0.6828396347450739201 ) ) ;
#5698 = CARTESIAN_POINT ( 'NONE',  ( 4.019999999999999574, 2.366708997306596007, -0.08456619434753621933 ) ) ;
#5699 = UNCERTAINTY_MEASURE_WITH_UNIT (LENGTH_MEASURE( 1.000000000000000082E-05 ), #8590, 'distance_accuracy_value', 'NONE');
#5700 = VERTEX_POINT ( 'NONE', #2854 ) ;
#5701 = CARTESIAN_POINT ( 'NONE',  ( -2.330000000000001403, -2.474947744208253031, -0.7427475520708763934 ) ) ;
#5702 = COLOUR_RGB ( '',0.2862745098039215508, 0.2862745098039215508, 0.2862745098039215508 ) ;
#5703 = DIRECTION ( 'NONE',  ( 0.000000000000000000, -2.891205793294679017E-15, 1.000000000000000000 ) ) ;
#5704 = SURFACE_STYLE_USAGE ( .BOTH. , #466 ) ;
#5705 = SURFACE_SIDE_STYLE ('',( #3792 ) ) ;
#5706 = LINE ( 'NONE', #8529, #1916 ) ;
#5707 =( GEOMETRIC_REPRESENTATION_CONTEXT ( 3 ) GLOBAL_UNCERTAINTY_ASSIGNED_CONTEXT ( ( #5592 ) ) GLOBAL_UNIT_ASSIGNED_CONTEXT ( ( #8033, #9049, #6331 ) ) REPRESENTATION_CONTEXT ( 'NONE', 'WORKASPACE' ) );
#5708 = CARTESIAN_POINT ( 'NONE',  ( 1.479999999999999094, -1.950000000000000178, 0.1100000000000000144 ) ) ;
#5709 = LINE ( 'NONE', #1412, #1917 ) ;
#5710 = CARTESIAN_POINT ( 'NONE',  ( 0.2099999999999992428, -2.165000000000000036, -0.7605367378089592512 ) ) ;
#5711 = DIRECTION ( 'NONE',  ( 0.000000000000000000, 0.9975640502598241977, -0.06975647374412546897 ) ) ;
#5712 = DIRECTION ( 'NONE',  ( -0.1039620511844979445, -0.1039620511844979445, 0.9891328443778539814 ) ) ;
#5713 = PRESENTATION_STYLE_ASSIGNMENT (( #9159 ) ) ;
#5714 = VECTOR ( 'NONE', #1068, 1000.000000000000000 ) ;
#5715 = ORIENTED_EDGE ( 'NONE', *, *, #7930, .T. ) ;
#5716 = VECTOR ( 'NONE', #3443, 1000.000000000000000 ) ;
#5717 = ORIENTED_EDGE ( 'NONE', *, *, #5661, .F. ) ;
#5718 =( NAMED_UNIT ( * ) PLANE_ANGLE_UNIT ( ) SI_UNIT ( $, .RADIAN. ) );
#5719 = MECHANICAL_DESIGN_GEOMETRIC_PRESENTATION_REPRESENTATION (  '', ( #9139 ), #7874 ) ;
#5720 = CIRCLE ( 'NONE', #6603, 0.09999999999999956146 ) ;
#5721 = PRESENTATION_LAYER_ASSIGNMENT (  '', '', ( #4824 ) ) ;
#5722 = FILL_AREA_STYLE ('',( #3544 ) ) ;
#5723 = CARTESIAN_POINT ( 'NONE',  ( 4.250409738600887444, 1.949998880753508024, 0.1100106489190369741 ) ) ;
#5724 = CARTESIAN_POINT ( 'NONE',  ( -4.020000000000001350, -1.950000000000000178, 0.1100000000000000144 ) ) ;
#5725 = VECTOR ( 'NONE', #8331, 1000.000000000000000 ) ;
#5726 = VERTEX_POINT ( 'NONE', #2625 ) ;
#5727 =( NAMED_UNIT ( * ) PLANE_ANGLE_UNIT ( ) SI_UNIT ( $, .RADIAN. ) );
#5728 = EDGE_CURVE ( 'NONE', #8270, #1490, #10438, .T. ) ;
#5729 = VECTOR ( 'NONE', #10383, 1000.000000000000000 ) ;
#5730 = COLOUR_RGB ( '',0.8039215686274510109, 0.8039215686274510109, 0.8039215686274510109 ) ;
#5731 = VECTOR ( 'NONE', #7581, 1000.000000000000000 ) ;
#5732 = EDGE_LOOP ( 'NONE', ( #6765, #10717, #7136, #4304 ) ) ;
#5733 = CARTESIAN_POINT ( 'NONE',  ( 2.329999999999999627, -2.366708997306596007, -0.08456619434753616382 ) ) ;
#5734 =( GEOMETRIC_REPRESENTATION_CONTEXT ( 3 ) GLOBAL_UNCERTAINTY_ASSIGNED_CONTEXT ( ( #4472 ) ) GLOBAL_UNIT_ASSIGNED_CONTEXT ( ( #5965, #10265, #9411 ) ) REPRESENTATION_CONTEXT ( 'NONE', 'WORKASPACE' ) );
#5735 = PRESENTATION_LAYER_ASSIGNMENT (  '', '', ( #8985 ) ) ;
#5736 = COLOUR_RGB ( '',0.8039215686274510109, 0.8039215686274510109, 0.8039215686274510109 ) ;
#5737 = FILL_AREA_STYLE_COLOUR ( '', #9489 ) ;
#5738 = SURFACE_STYLE_FILL_AREA ( #10077 ) ;
#5739 = AXIS2_PLACEMENT_3D ( 'NONE', #9960, #3982, #1373 ) ;
#5740 = DIRECTION ( 'NONE',  ( 1.000000000000000000, 0.000000000000000000, 0.000000000000000000 ) ) ;
#5741 = LINE ( 'NONE', #4036, #3699 ) ;
#5742 = CIRCLE ( 'NONE', #9888, 0.2000000000000003164 ) ;
#5743 = EDGE_CURVE ( 'NONE', #5127, #9365, #2554, .T. ) ;
#5744 = VERTEX_POINT ( 'NONE', #3604 ) ;
#5745 = CARTESIAN_POINT ( 'NONE',  ( 2.329999999999999627, 2.165000000000000036, -0.7605367378089592512 ) ) ;
#5746 = EDGE_CURVE ( 'NONE', #7797, #7656, #5281, .T. ) ;
#5747 = AXIS2_PLACEMENT_3D ( 'NONE', #10366, #5792, #2371 ) ;
#5748 = EDGE_CURVE ( 'NONE', #4235, #5574, #240, .T. ) ;
#5749 = ADVANCED_FACE ( 'NONE', ( #1011 ), #5455, .T. ) ;
#5750 = VECTOR ( 'NONE', #44, 999.9999999999998863 ) ;
#5751 = STYLED_ITEM ( 'NONE', ( #3370 ), #4077 ) ;
#5752 =( NAMED_UNIT ( * ) SI_UNIT ( $, .STERADIAN. ) SOLID_ANGLE_UNIT ( ) );
#5753 = UNCERTAINTY_MEASURE_WITH_UNIT (LENGTH_MEASURE( 1.000000000000000082E-05 ), #1158, 'distance_accuracy_value', 'NONE');
#5754 = LINE ( 'NONE', #3127, #8853 ) ;
#5755 = DIRECTION ( 'NONE',  ( -0.000000000000000000, 0.000000000000000000, 1.000000000000000000 ) ) ;
#5756 = ORIENTED_EDGE ( 'NONE', *, *, #7390, .F. ) ;
#5757 = ORIENTED_EDGE ( 'NONE', *, *, #8639, .T. ) ;
#5758 =( NAMED_UNIT ( * ) SI_UNIT ( $, .STERADIAN. ) SOLID_ANGLE_UNIT ( ) );
#5759 = DIRECTION ( 'NONE',  ( 1.000000000000000000, 0.000000000000000000, 0.000000000000000000 ) ) ;
#5760 = AXIS2_PLACEMENT_3D ( 'NONE', #1482, #4142, #4083 ) ;
#5761 = DIRECTION ( 'NONE',  ( 0.000000000000000000, 0.000000000000000000, -1.000000000000000000 ) ) ;
#5762 = DIRECTION ( 'NONE',  ( 0.000000000000000000, 0.9975640502598241977, -0.06975647374412546897 ) ) ;
#5763 = EDGE_LOOP ( 'NONE', ( #1323, #11023, #404, #10248 ) ) ;
#5764 = SURFACE_STYLE_FILL_AREA ( #8179 ) ;
#5765 = CARTESIAN_POINT ( 'NONE',  ( 0.2099999999999992428, -2.350974876014612747, -0.9546157422084604605 ) ) ;
#5766 = CARTESIAN_POINT ( 'NONE',  ( 2.329999999999999627, 1.950000000000000178, -0.1099999999999999867 ) ) ;
#5767 = DIRECTION ( 'NONE',  ( 1.000000000000000000, 0.000000000000000000, 0.000000000000000000 ) ) ;
#5768 = VECTOR ( 'NONE', #3439, 1000.000000000000000 ) ;
#5769 = DIRECTION ( 'NONE',  ( 1.000000000000000000, 0.000000000000000000, 0.000000000000000000 ) ) ;
#5770 = COLOUR_RGB ( '',0.2862745098039215508, 0.2862745098039215508, 0.2862745098039215508 ) ;
#5771 = AXIS2_PLACEMENT_3D ( 'NONE', #5575, #9021, #442 ) ;
#5772 =( LENGTH_UNIT ( ) NAMED_UNIT ( * ) SI_UNIT ( .MILLI., .METRE. ) );
#5773 = EDGE_LOOP ( 'NONE', ( #1019, #10646, #1585, #4701, #7989, #10187, #10321, #7204, #5996, #5562, #7000, #3047 ) ) ;
#5774 = AXIS2_PLACEMENT_3D ( 'NONE', #8211, #6464, #8156 ) ;
#5775 = PRESENTATION_LAYER_ASSIGNMENT (  '', '', ( #553 ) ) ;
#5776 = ORIENTED_EDGE ( 'NONE', *, *, #88, .T. ) ;
#5777 = VERTEX_POINT ( 'NONE', #52 ) ;
#5778 = CARTESIAN_POINT ( 'NONE',  ( 2.329999999999999627, 2.166782826543157903, -0.09000000000000002442 ) ) ;
#5779 = VECTOR ( 'NONE', #7235, 1000.000000000000000 ) ;
#5780 = DIRECTION ( 'NONE',  ( -0.1039620511844979306, -0.1039620511844979306, 0.9891328443778538704 ) ) ;
#5781 = CARTESIAN_POINT ( 'NONE',  ( 4.019999999999999574, 2.474947744208253031, -0.7427475520708763934 ) ) ;
#5782 = DIRECTION ( 'NONE',  ( -0.000000000000000000, 0.000000000000000000, 1.000000000000000000 ) ) ;
#5783 = ORIENTED_EDGE ( 'NONE', *, *, #7804, .F. ) ;
#5784 = CARTESIAN_POINT ( 'NONE',  ( -2.330000000000001403, -2.474947744208253031, -0.7427475520708766155 ) ) ;
#5785 = MECHANICAL_DESIGN_GEOMETRIC_PRESENTATION_REPRESENTATION (  '', ( #4155 ), #1265 ) ;
#5786 = VERTEX_POINT ( 'NONE', #4565 ) ;
#5787 = FILL_AREA_STYLE ('',( #9275 ) ) ;
#5788 = EDGE_CURVE ( 'NONE', #1580, #7084, #8002, .T. ) ;
#5789 = SURFACE_STYLE_FILL_AREA ( #4980 ) ;
#5790 = ADVANCED_FACE ( 'NONE', ( #284 ), #8687, .T. ) ;
#5791 = SURFACE_SIDE_STYLE ('',( #1645 ) ) ;
#5792 = DIRECTION ( 'NONE',  ( -1.000000000000000000, -0.000000000000000000, -0.000000000000000000 ) ) ;
#5793 = DIRECTION ( 'NONE',  ( 1.000000000000000000, 0.000000000000000000, 0.000000000000000000 ) ) ;
#5794 = ORIENTED_EDGE ( 'NONE', *, *, #8825, .T. ) ;
#5795 = ORIENTED_EDGE ( 'NONE', *, *, #770, .T. ) ;
#5796 = EDGE_CURVE ( 'NONE', #4127, #10152, #4012, .T. ) ;
#5797 = DIRECTION ( 'NONE',  ( -1.000000000000000000, 0.000000000000000000, 0.000000000000000000 ) ) ;
#5798 = UNCERTAINTY_MEASURE_WITH_UNIT (LENGTH_MEASURE( 1.000000000000000082E-05 ), #2613, 'distance_accuracy_value', 'NONE');
#5799 = DIRECTION ( 'NONE',  ( 1.000000000000000000, 0.000000000000000000, 0.000000000000000000 ) ) ;
#5800 = LINE ( 'NONE', #3417, #7438 ) ;
#5801 = EDGE_CURVE ( 'NONE', #2493, #4071, #5630, .T. ) ;
#5802 = FILL_AREA_STYLE_COLOUR ( '', #4700 ) ;
#5803 = FILL_AREA_STYLE ('',( #4782 ) ) ;
#5804 = EDGE_CURVE ( 'NONE', #7837, #6675, #11050, .T. ) ;
#5805 = ORIENTED_EDGE ( 'NONE', *, *, #1643, .T. ) ;
#5806 = ORIENTED_EDGE ( 'NONE', *, *, #4570, .T. ) ;
#5807 = SURFACE_STYLE_FILL_AREA ( #566 ) ;
#5808 = LINE ( 'NONE', #3294, #3787 ) ;
#5809 =( NAMED_UNIT ( * ) PLANE_ANGLE_UNIT ( ) SI_UNIT ( $, .RADIAN. ) );
#5810 = CARTESIAN_POINT ( 'NONE',  ( -3.800202986107628522, -1.425202986107629410, 0.7500000000000000000 ) ) ;
#5811 = EDGE_CURVE ( 'NONE', #7300, #11062, #4387, .T. ) ;
#5812 = ORIENTED_EDGE ( 'NONE', *, *, #9920, .F. ) ;
#5813 = LINE ( 'NONE', #4226, #9953 ) ;
#5814 = CARTESIAN_POINT ( 'NONE',  ( -2.750000000000001332, 3.000000000000000000, -1.000000000000000000 ) ) ;
#5815 = LINE ( 'NONE', #4695, #86 ) ;
#5816 = AXIS2_PLACEMENT_3D ( 'NONE', #2919, #572, #4739 ) ;
#5817 = CYLINDRICAL_SURFACE ( 'NONE', #7508, 0.2000000000000002054 ) ;
#5818 = FACE_OUTER_BOUND ( 'NONE', #6496, .T. ) ;
#5819 = EDGE_CURVE ( 'NONE', #7365, #2705, #5514, .T. ) ;
#5820 = FILL_AREA_STYLE_COLOUR ( '', #2451 ) ;
#5821 =( NAMED_UNIT ( * ) SI_UNIT ( $, .STERADIAN. ) SOLID_ANGLE_UNIT ( ) );
#5822 = ORIENTED_EDGE ( 'NONE', *, *, #3152, .T. ) ;
#5823 = VECTOR ( 'NONE', #6355, 1000.000000000000000 ) ;
#5824 = ORIENTED_EDGE ( 'NONE', *, *, #786, .F. ) ;
#5825 =( LENGTH_UNIT ( ) NAMED_UNIT ( * ) SI_UNIT ( .MILLI., .METRE. ) );
#5826 = ORIENTED_EDGE ( 'NONE', *, *, #6300, .T. ) ;
#5827 = DIRECTION ( 'NONE',  ( 1.000000000000000000, 0.000000000000000000, 0.000000000000000000 ) ) ;
#5828 = DIRECTION ( 'NONE',  ( 0.000000000000000000, 0.000000000000000000, -1.000000000000000000 ) ) ;
#5829 = COLOUR_RGB ( '',0.8039215686274510109, 0.8039215686274510109, 0.8039215686274510109 ) ;
#5830 = PRESENTATION_STYLE_ASSIGNMENT (( #10975 ) ) ;
#5831 = VECTOR ( 'NONE', #11000, 1000.000000000000000 ) ;
#5832 = FILL_AREA_STYLE_COLOUR ( '', #5401 ) ;
#5833 =( LENGTH_UNIT ( ) NAMED_UNIT ( * ) SI_UNIT ( .MILLI., .METRE. ) );
#5834 = PRESENTATION_LAYER_ASSIGNMENT (  '', '', ( #10893 ) ) ;
#5835 = EDGE_LOOP ( 'NONE', ( #2910, #4594, #6731, #1803 ) ) ;
#5836 = ORIENTED_EDGE ( 'NONE', *, *, #9097, .T. ) ;
#5837 = PRESENTATION_STYLE_ASSIGNMENT (( #11090 ) ) ;
#5838 = COLOUR_RGB ( '',0.8039215686274510109, 0.8039215686274510109, 0.8039215686274510109 ) ;
#5839 = CYLINDRICAL_SURFACE ( 'NONE', #2465, 0.2000000000000002054 ) ;
#5840 = DIRECTION ( 'NONE',  ( 0.000000000000000000, 0.000000000000000000, -1.000000000000000000 ) ) ;
#5841 = CARTESIAN_POINT ( 'NONE',  ( -1.480000000000000870, 2.165000000000000036, -0.7605367378089592512 ) ) ;
#5842 = FILL_AREA_STYLE ('',( #4090 ) ) ;
#5843 = AXIS2_PLACEMENT_3D ( 'NONE', #997, #10526, #10369 ) ;
#5844 = DIRECTION ( 'NONE',  ( 0.000000000000000000, 0.000000000000000000, -1.000000000000000000 ) ) ;
#5845 = VERTEX_POINT ( 'NONE', #1222 ) ;
#5846 = DIRECTION ( 'NONE',  ( 0.000000000000000000, 0.000000000000000000, -1.000000000000000000 ) ) ;
#5847 = UNCERTAINTY_MEASURE_WITH_UNIT (LENGTH_MEASURE( 1.000000000000000082E-05 ), #6183, 'distance_accuracy_value', 'NONE');
#5848 = COLOUR_RGB ( '',0.8039215686274510109, 0.8039215686274510109, 0.8039215686274510109 ) ;
#5849 = VERTEX_POINT ( 'NONE', #3067 ) ;
#5850 =( NAMED_UNIT ( * ) PLANE_ANGLE_UNIT ( ) SI_UNIT ( $, .RADIAN. ) );
#5851 = STYLED_ITEM ( 'NONE', ( #11110 ), #7301 ) ;
#5852 = SURFACE_SIDE_STYLE ('',( #5908 ) ) ;
#5853 = FILL_AREA_STYLE_COLOUR ( '', #3652 ) ;
#5854 = FILL_AREA_STYLE_COLOUR ( '', #9173 ) ;
#5855 = CARTESIAN_POINT ( 'NONE',  ( -2.750000000000001332, -1.950000000000000178, -0.1099999999999999867 ) ) ;
#5856 =( LENGTH_UNIT ( ) NAMED_UNIT ( * ) SI_UNIT ( .MILLI., .METRE. ) );
#5857 = CARTESIAN_POINT ( 'NONE',  ( -1.480000000000000870, 2.481923391582665950, -0.6429911470448941291 ) ) ;
#5858 =( NAMED_UNIT ( * ) PLANE_ANGLE_UNIT ( ) SI_UNIT ( $, .RADIAN. ) );
#5859 = VERTEX_POINT ( 'NONE', #3883 ) ;
#5860 = CIRCLE ( 'NONE', #6568, 0.09999999999999956146 ) ;
#5861 = ORIENTED_EDGE ( 'NONE', *, *, #10621, .F. ) ;
#5862 = CARTESIAN_POINT ( 'NONE',  ( -4.020000000000001350, -1.950000000000000178, 0.1100000000000000144 ) ) ;
#5863 = ORIENTED_EDGE ( 'NONE', *, *, #1317, .T. ) ;
#5864 = CARTESIAN_POINT ( 'NONE',  ( -2.330000000000001403, 2.474947744208253031, -0.7427475520708763934 ) ) ;
#5865 = PRESENTATION_STYLE_ASSIGNMENT (( #8522 ) ) ;
#5866 = CARTESIAN_POINT ( 'NONE',  ( 0.2099999999999992428, 2.364926170763438140, -0.7551029321564953767 ) ) ;
#5867 = ORIENTED_EDGE ( 'NONE', *, *, #8219, .T. ) ;
#5868 = SURFACE_STYLE_USAGE ( .BOTH. , #4174 ) ;
#5869 = COLOUR_RGB ( '',0.8039215686274510109, 0.8039215686274510109, 0.8039215686274510109 ) ;
#5870 = SPHERICAL_SURFACE ( 'NONE', #6196, 0.07499999999999999722 ) ;
#5871 = SURFACE_STYLE_FILL_AREA ( #11065 ) ;
#5872 = CARTESIAN_POINT ( 'NONE',  ( -2.750000000000001332, 2.149963085381718209, -0.2072830971737681105 ) ) ;
#5873 = FACE_OUTER_BOUND ( 'NONE', #7715, .T. ) ;
#5874 =( NAMED_UNIT ( * ) PLANE_ANGLE_UNIT ( ) SI_UNIT ( $, .RADIAN. ) );
#5875 = FILL_AREA_STYLE ('',( #2469 ) ) ;
#5876 = ORIENTED_EDGE ( 'NONE', *, *, #7792, .F. ) ;
#5877 = EDGE_CURVE ( 'NONE', #7280, #6643, #4776, .T. ) ;
#5878 = AXIS2_PLACEMENT_3D ( 'NONE', #242, #2077, #2921 ) ;
#5879 = SURFACE_STYLE_FILL_AREA ( #8370 ) ;
#5880 = AXIS2_PLACEMENT_3D ( 'NONE', #4054, #7489, #10951 ) ;
#5881 = EDGE_CURVE ( 'NONE', #9836, #9243, #563, .T. ) ;
#5882 = EDGE_CURVE ( 'NONE', #9199, #750, #3989, .T. ) ;
#5883 = EDGE_LOOP ( 'NONE', ( #6189, #2431, #10546, #3893 ) ) ;
#5884 = DIRECTION ( 'NONE',  ( 1.000000000000000000, 0.000000000000000000, 0.000000000000000000 ) ) ;
#5885 = ORIENTED_EDGE ( 'NONE', *, *, #10967, .T. ) ;
#5886 =( NAMED_UNIT ( * ) SI_UNIT ( $, .STERADIAN. ) SOLID_ANGLE_UNIT ( ) );
#5887 = FILL_AREA_STYLE_COLOUR ( '', #3675 ) ;
#5888 = CARTESIAN_POINT ( 'NONE',  ( 3.599999999999999645, -2.474947744208253031, -0.7427475520708763934 ) ) ;
#5889 = DIRECTION ( 'NONE',  ( 1.000000000000000000, 0.000000000000000000, 0.000000000000000000 ) ) ;
#5890 = CARTESIAN_POINT ( 'NONE',  ( -0.2100000000000005473, 1.950000000000000178, -0.1099999999999999867 ) ) ;
#5891 = COLOUR_RGB ( '',0.8039215686274510109, 0.8039215686274510109, 0.8039215686274510109 ) ;
#5892 =( NAMED_UNIT ( * ) SI_UNIT ( $, .STERADIAN. ) SOLID_ANGLE_UNIT ( ) );
#5893 = DIRECTION ( 'NONE',  ( 0.000000000000000000, -0.9975640502598241977, -0.06975647374412546897 ) ) ;
#5894 = AXIS2_PLACEMENT_3D ( 'NONE', #9787, #9006, #8260 ) ;
#5895 = ORIENTED_EDGE ( 'NONE', *, *, #8708, .F. ) ;
#5896 = ORIENTED_EDGE ( 'NONE', *, *, #5788, .F. ) ;
#5897 = DIRECTION ( 'NONE',  ( 0.000000000000000000, 0.000000000000000000, -1.000000000000000000 ) ) ;
#5898 = FILL_AREA_STYLE_COLOUR ( '', #10568 ) ;
#5899 = PRESENTATION_STYLE_ASSIGNMENT (( #1486 ) ) ;
#5900 = DIRECTION ( 'NONE',  ( 0.000000000000000000, 0.000000000000000000, 1.000000000000000000 ) ) ;
#5901 = PRESENTATION_LAYER_ASSIGNMENT (  '', '', ( #9863 ) ) ;
#5902 = VECTOR ( 'NONE', #10033, 1000.000000000000000 ) ;
#5903 = ORIENTED_EDGE ( 'NONE', *, *, #7053, .T. ) ;
#5904 = STYLED_ITEM ( 'NONE', ( #8789 ), #9047 ) ;
#5905 = CARTESIAN_POINT ( 'NONE',  ( 4.019999999999999574, -2.381960306200947564, -0.6457080498711260663 ) ) ;
#5906 = AXIS2_PLACEMENT_3D ( 'NONE', #395, #9191, #8051 ) ;
#5907 = VERTEX_POINT ( 'NONE', #3827 ) ;
#5908 = SURFACE_STYLE_FILL_AREA ( #4989 ) ;
#5909 = MECHANICAL_DESIGN_GEOMETRIC_PRESENTATION_REPRESENTATION (  '', ( #10782 ), #4649 ) ;
#5910 = FACE_OUTER_BOUND ( 'NONE', #1343, .T. ) ;
#5911 = PRESENTATION_LAYER_ASSIGNMENT (  '', '', ( #3745 ) ) ;
#5912 = DIRECTION ( 'NONE',  ( 0.000000000000000000, 0.000000000000000000, -1.000000000000000000 ) ) ;
#5913 = DIRECTION ( 'NONE',  ( 0.000000000000000000, -0.06975647374412501101, -0.9975640502598243087 ) ) ;
#5914 = STYLED_ITEM ( 'NONE', ( #10988 ), #10002 ) ;
#5915 = EDGE_LOOP ( 'NONE', ( #8403, #3146, #2227, #837 ) ) ;
#5916 = ORIENTED_EDGE ( 'NONE', *, *, #10296, .F. ) ;
#5917 = ORIENTED_EDGE ( 'NONE', *, *, #2591, .F. ) ;
#5918 = CARTESIAN_POINT ( 'NONE',  ( -2.330000000000001403, 2.165000000000000036, -0.7605367378089592512 ) ) ;
#5919 = FILL_AREA_STYLE ('',( #4222 ) ) ;
#5920 = LINE ( 'NONE', #5055, #7355 ) ;
#5921 = EDGE_CURVE ( 'NONE', #8696, #5907, #1277, .T. ) ;
#5922 = EDGE_LOOP ( 'NONE', ( #5436, #1202, #1655, #1130 ) ) ;
#5923 = CIRCLE ( 'NONE', #8814, 0.09999999999999956146 ) ;
#5924 = FACE_OUTER_BOUND ( 'NONE', #3775, .T. ) ;
#5925 = LINE ( 'NONE', #7436, #10610 ) ;
#5926 = PRESENTATION_LAYER_ASSIGNMENT (  '', '', ( #11171 ) ) ;
#5927 = DIRECTION ( 'NONE',  ( 0.000000000000000000, 1.000000000000000000, 0.000000000000000000 ) ) ;
#5928 = ADVANCED_FACE ( 'NONE', ( #9972 ), #2217, .F. ) ;
#5929 = CARTESIAN_POINT ( 'NONE',  ( -2.750000000000001332, 2.366708997306596007, -0.08456619434753616382 ) ) ;
#5930 =( GEOMETRIC_REPRESENTATION_CONTEXT ( 3 ) GLOBAL_UNCERTAINTY_ASSIGNED_CONTEXT ( ( #6537 ) ) GLOBAL_UNIT_ASSIGNED_CONTEXT ( ( #8835, #1867, #9740 ) ) REPRESENTATION_CONTEXT ( 'NONE', 'WORKASPACE' ) );
#5931 = ADVANCED_FACE ( 'NONE', ( #85 ), #4890, .T. ) ;
#5932 = VERTEX_POINT ( 'NONE', #4427 ) ;
#5933 = ORIENTED_EDGE ( 'NONE', *, *, #1054, .F. ) ;
#5934 = SURFACE_SIDE_STYLE ('',( #3256 ) ) ;
#5935 = STYLED_ITEM ( 'NONE', ( #2250 ), #4293 ) ;
#5936 = AXIS2_PLACEMENT_3D ( 'NONE', #9041, #2026, #10738 ) ;
#5937 = EDGE_LOOP ( 'NONE', ( #4160, #6652, #5474, #2296, #441, #2969, #9837, #9244, #11181, #9425, #9363, #8374 ) ) ;
#5938 = ORIENTED_EDGE ( 'NONE', *, *, #9530, .T. ) ;
#5939 = CARTESIAN_POINT ( 'NONE',  ( -2.750000000000001332, -2.381960306200947564, -0.6457080498711260663 ) ) ;
#5940 = SURFACE_STYLE_FILL_AREA ( #8657 ) ;
#5941 = EDGE_CURVE ( 'NONE', #5777, #9696, #2120, .T. ) ;
#5942 = DIRECTION ( 'NONE',  ( 0.000000000000000000, 0.000000000000000000, -1.000000000000000000 ) ) ;
#5943 = PRESENTATION_STYLE_ASSIGNMENT (( #698 ) ) ;
#5944 = STYLED_ITEM ( 'NONE', ( #10016 ), #4611 ) ;
#5945 = VECTOR ( 'NONE', #37, 1000.000000000000000 ) ;
#5946 = EDGE_CURVE ( 'NONE', #2539, #8298, #778, .T. ) ;
#5947 = SURFACE_SIDE_STYLE ('',( #10063 ) ) ;
#5948 = FACE_OUTER_BOUND ( 'NONE', #654, .T. ) ;
#5949 = SURFACE_SIDE_STYLE ('',( #2420 ) ) ;
#5950 = EDGE_CURVE ( 'NONE', #2788, #5655, #7083, .T. ) ;
#5951 = CARTESIAN_POINT ( 'NONE',  ( 0.2099999999999992428, -2.481923391582665950, -0.6429911470448941291 ) ) ;
#5952 = VERTEX_POINT ( 'NONE', #3576 ) ;
#5953 = ORIENTED_EDGE ( 'NONE', *, *, #4148, .F. ) ;
#5954 = CARTESIAN_POINT ( 'NONE',  ( -3.600000000000000977, -2.481923391582665950, -0.6429911470448941291 ) ) ;
#5955 = CARTESIAN_POINT ( 'NONE',  ( -4.324998880753508246, -1.875409738600887666, 0.1100106489190410680 ) ) ;
#5956 = SURFACE_STYLE_USAGE ( .BOTH. , #2322 ) ;
#5957 =( NAMED_UNIT ( * ) PLANE_ANGLE_UNIT ( ) SI_UNIT ( $, .RADIAN. ) );
#5958 = ADVANCED_FACE ( 'NONE', ( #7017 ), #9616, .T. ) ;
#5959 = COLOUR_RGB ( '',0.8039215686274510109, 0.8039215686274510109, 0.8039215686274510109 ) ;
#5960 = ORIENTED_EDGE ( 'NONE', *, *, #10773, .F. ) ;
#5961 = DIRECTION ( 'NONE',  ( 0.000000000000000000, 0.000000000000000000, 1.000000000000000000 ) ) ;
#5962 = SURFACE_SIDE_STYLE ('',( #7808 ) ) ;
#5963 = UNCERTAINTY_MEASURE_WITH_UNIT (LENGTH_MEASURE( 1.000000000000000082E-05 ), #1145, 'distance_accuracy_value', 'NONE');
#5964 = ORIENTED_EDGE ( 'NONE', *, *, #2256, .F. ) ;
#5965 =( LENGTH_UNIT ( ) NAMED_UNIT ( * ) SI_UNIT ( .MILLI., .METRE. ) );
#5966 = CARTESIAN_POINT ( 'NONE',  ( 0.2099999999999992428, -2.366708997306596007, -0.08456619434753616382 ) ) ;
#5967 = ORIENTED_EDGE ( 'NONE', *, *, #2689, .F. ) ;
#5968 = ORIENTED_EDGE ( 'NONE', *, *, #5387, .F. ) ;
#5969 = CARTESIAN_POINT ( 'NONE',  ( -3.600000000000000977, -3.000000000000000000, -1.000000000000000000 ) ) ;
#5970 = DIRECTION ( 'NONE',  ( -1.000000000000000000, 0.000000000000000000, 0.000000000000000000 ) ) ;
#5971 = FACE_OUTER_BOUND ( 'NONE', #10829, .T. ) ;
#5972 = VERTEX_POINT ( 'NONE', #10143 ) ;
#5973 = DIRECTION ( 'NONE',  ( 0.000000000000000000, 0.000000000000000000, -1.000000000000000000 ) ) ;
#5974 = CARTESIAN_POINT ( 'NONE',  ( 4.325000000000000178, -1.875000000000000222, 0.1100000000000000006 ) ) ;
#5975 = SURFACE_SIDE_STYLE ('',( #2402 ) ) ;
#5976 = SURFACE_STYLE_FILL_AREA ( #2290 ) ;
#5977 = DIRECTION ( 'NONE',  ( 0.000000000000000000, -0.000000000000000000, 1.000000000000000000 ) ) ;
#5978 = LINE ( 'NONE', #5126, #3490 ) ;
#5979 = VECTOR ( 'NONE', #9603, 1000.000000000000000 ) ;
#5980 = ORIENTED_EDGE ( 'NONE', *, *, #2328, .F. ) ;
#5981 = LINE ( 'NONE', #2523, #6176 ) ;
#5982 = ORIENTED_EDGE ( 'NONE', *, *, #7930, .F. ) ;
#5983 = UNCERTAINTY_MEASURE_WITH_UNIT (LENGTH_MEASURE( 1.000000000000000082E-05 ), #8661, 'distance_accuracy_value', 'NONE');
#5984 = VECTOR ( 'NONE', #8925, 1000.000000000000000 ) ;
#5985 = ORIENTED_EDGE ( 'NONE', *, *, #3526, .F. ) ;
#5986 = ORIENTED_EDGE ( 'NONE', *, *, #8656, .F. ) ;
#5987 = PRESENTATION_STYLE_ASSIGNMENT (( #5076 ) ) ;
#5988 = SURFACE_STYLE_USAGE ( .BOTH. , #11079 ) ;
#5989 =( NAMED_UNIT ( * ) PLANE_ANGLE_UNIT ( ) SI_UNIT ( $, .RADIAN. ) );
#5990 = DIRECTION ( 'NONE',  ( 1.000000000000000000, 0.000000000000000000, 0.000000000000000000 ) ) ;
#5991 = LINE ( 'NONE', #9443, #2876 ) ;
#5992 = FACE_OUTER_BOUND ( 'NONE', #4002, .T. ) ;
#5993 = DIRECTION ( 'NONE',  ( 1.000000000000000000, 0.000000000000000000, 0.000000000000000000 ) ) ;
#5994 = ORIENTED_EDGE ( 'NONE', *, *, #7286, .T. ) ;
#5995 = ADVANCED_FACE ( 'NONE', ( #10575 ), #4654, .T. ) ;
#5996 = ORIENTED_EDGE ( 'NONE', *, *, #2139, .F. ) ;
#5997 = PLANE ( 'NONE',  #4834 ) ;
#5998 = PRESENTATION_LAYER_ASSIGNMENT (  '', '', ( #10873 ) ) ;
#5999 = CARTESIAN_POINT ( 'NONE',  ( 4.250409738600887444, 1.949998880753508024, 0.1100106489190369741 ) ) ;
#6000 = VECTOR ( 'NONE', #9040, 1000.000000000000000 ) ;
#6001 = DIRECTION ( 'NONE',  ( 0.000000000000000000, -0.02716902826232023976, 0.9996308538171885250 ) ) ;
#6002 = COLOUR_RGB ( '',0.8039215686274510109, 0.8039215686274510109, 0.8039215686274510109 ) ;
#6003 = FILL_AREA_STYLE ('',( #9404 ) ) ;
#6004 = SURFACE_STYLE_USAGE ( .BOTH. , #599 ) ;
#6005 = DIRECTION ( 'NONE',  ( 1.000000000000000000, 0.000000000000000000, 0.000000000000000000 ) ) ;
#6006 = EDGE_LOOP ( 'NONE', ( #8254, #8192, #9409, #7473 ) ) ;
#6007 = SURFACE_SIDE_STYLE ('',( #10315 ) ) ;
#6008 = MECHANICAL_DESIGN_GEOMETRIC_PRESENTATION_REPRESENTATION (  '', ( #4579 ), #1850 ) ;
#6009 = EDGE_CURVE ( 'NONE', #3292, #11006, #10519, .T. ) ;
#6010 = PRESENTATION_LAYER_ASSIGNMENT (  '', '', ( #4930 ) ) ;
#6011 = EDGE_CURVE ( 'NONE', #1229, #2651, #8733, .T. ) ;
#6012 = VERTEX_POINT ( 'NONE', #9736 ) ;
#6013 = ADVANCED_FACE ( 'NONE', ( #6216 ), #7976, .T. ) ;
#6014 = SURFACE_SIDE_STYLE ('',( #2556 ) ) ;
#6015 = LINE ( 'NONE', #1712, #5750 ) ;
#6016 =( GEOMETRIC_REPRESENTATION_CONTEXT ( 3 ) GLOBAL_UNCERTAINTY_ASSIGNED_CONTEXT ( ( #10769 ) ) GLOBAL_UNIT_ASSIGNED_CONTEXT ( ( #2659, #8724, #3520 ) ) REPRESENTATION_CONTEXT ( 'NONE', 'WORKASPACE' ) );
#6017 = CARTESIAN_POINT ( 'NONE',  ( -4.020000000000001350, 2.381960306200947564, -0.6457080498711260663 ) ) ;
#6018 =( NAMED_UNIT ( * ) PLANE_ANGLE_UNIT ( ) SI_UNIT ( $, .RADIAN. ) );
#6019 = LINE ( 'NONE', #1663, #3692 ) ;
#6020 = VERTEX_POINT ( 'NONE', #1258 ) ;
#6021 = CARTESIAN_POINT ( 'NONE',  ( -4.324998880753508246, -1.875409738600887222, -0.1100106489190410125 ) ) ;
#6022 =( BOUNDED_CURVE ( )  B_SPLINE_CURVE ( 3, ( #4974, #9329, #6048, #7515 ),
 .UNSPECIFIED., .F., .F. ) 
 B_SPLINE_CURVE_WITH_KNOTS ( ( 4, 4 ),
 ( 0.000000000000000000, 0.005463208521550593291 ),
 .UNSPECIFIED. ) 
 CURVE ( )  GEOMETRIC_REPRESENTATION_ITEM ( )  RATIONAL_B_SPLINE_CURVE ( ( 1.000000000000000000, 0.9999975127809339615, 0.9999975127809339615, 1.000000000000000000 ) ) 
 REPRESENTATION_ITEM ( '' )  );
#6023 = DIRECTION ( 'NONE',  ( 0.000000000000000000, -1.000000000000000000, 0.000000000000000000 ) ) ;
#6024 = AXIS2_PLACEMENT_3D ( 'NONE', #5536, #1846, #10674 ) ;
#6025 =( LENGTH_UNIT ( ) NAMED_UNIT ( * ) SI_UNIT ( .MILLI., .METRE. ) );
#6026 = DIRECTION ( 'NONE',  ( 0.000000000000000000, -0.06975647374412501101, -0.9975640502598243087 ) ) ;
#6027 = PLANE ( 'NONE',  #6999 ) ;
#6028 = DIRECTION ( 'NONE',  ( 1.000000000000000000, 0.000000000000000000, 0.000000000000000000 ) ) ;
#6029 = PRESENTATION_LAYER_ASSIGNMENT (  '', '', ( #8189 ) ) ;
#6030 = ORIENTED_EDGE ( 'NONE', *, *, #8371, .T. ) ;
#6031 = FILL_AREA_STYLE_COLOUR ( '', #9670 ) ;
#6032 = DIRECTION ( 'NONE',  ( 1.000000000000000000, 0.000000000000000000, 0.000000000000000000 ) ) ;
#6033 = VERTEX_POINT ( 'NONE', #7233 ) ;
#6034 = MECHANICAL_DESIGN_GEOMETRIC_PRESENTATION_REPRESENTATION (  '', ( #1164 ), #4603 ) ;
#6035 = DIRECTION ( 'NONE',  ( -1.000000000000000000, -0.000000000000000000, -0.000000000000000000 ) ) ;
#6036 = LINE ( 'NONE', #1632, #4837 ) ;
#6037 = UNCERTAINTY_MEASURE_WITH_UNIT (LENGTH_MEASURE( 1.000000000000000082E-05 ), #10691, 'distance_accuracy_value', 'NONE');
#6038 = VECTOR ( 'NONE', #391, 1000.000000000000000 ) ;
#6039 = ORIENTED_EDGE ( 'NONE', *, *, #3434, .T. ) ;
#6040 = PLANE ( 'NONE',  #295 ) ;
#6041 = SURFACE_STYLE_USAGE ( .BOTH. , #6771 ) ;
#6042 = DIRECTION ( 'NONE',  ( 0.000000000000000000, 0.000000000000000000, -1.000000000000000000 ) ) ;
#6043 = LINE ( 'NONE', #10557, #4274 ) ;
#6044 =( GEOMETRIC_REPRESENTATION_CONTEXT ( 3 ) GLOBAL_UNCERTAINTY_ASSIGNED_CONTEXT ( ( #970 ) ) GLOBAL_UNIT_ASSIGNED_CONTEXT ( ( #9493, #6715, #10235 ) ) REPRESENTATION_CONTEXT ( 'NONE', 'WORKASPACE' ) );
#6045 = SURFACE_STYLE_USAGE ( .BOTH. , #2589 ) ;
#6046 = VECTOR ( 'NONE', #10451, 1000.000000000000000 ) ;
#6047 = DIRECTION ( 'NONE',  ( 0.000000000000000000, 0.06975647374412548285, 0.9975640502598243087 ) ) ;
#6048 = CARTESIAN_POINT ( 'NONE',  ( 4.250273160256225147, -1.949999626916908646, 0.1100035496485075592 ) ) ;
#6049 = PRESENTATION_LAYER_ASSIGNMENT (  '', '', ( #4444 ) ) ;
#6050 = ORIENTED_EDGE ( 'NONE', *, *, #5748, .T. ) ;
#6051 = VERTEX_POINT ( 'NONE', #7283 ) ;
#6052 = SURFACE_STYLE_FILL_AREA ( #6853 ) ;
#6053 = CARTESIAN_POINT ( 'NONE',  ( 1.059999999999999387, 2.481923391582665950, -0.6429911470448941291 ) ) ;
#6054 = CARTESIAN_POINT ( 'NONE',  ( 4.325000000000000178, 1.815202986107628647, -0.6750000000000000444 ) ) ;
#6055 = MECHANICAL_DESIGN_GEOMETRIC_PRESENTATION_REPRESENTATION (  '', ( #4080 ), #8950 ) ;
#6056 = DIRECTION ( 'NONE',  ( 1.000000000000000000, 0.000000000000000000, 0.000000000000000000 ) ) ;
#6057 = LINE ( 'NONE', #3521, #526 ) ;
#6058 = CARTESIAN_POINT ( 'NONE',  ( -4.249999999999999112, -1.950000000000000178, -0.1100000000000000006 ) ) ;
#6059 =( NAMED_UNIT ( * ) PLANE_ANGLE_UNIT ( ) SI_UNIT ( $, .RADIAN. ) );
#6060 = ADVANCED_FACE ( 'NONE', ( #4704 ), #3859, .T. ) ;
#6061 = CIRCLE ( 'NONE', #4625, 0.09999999999999982514 ) ;
#6062 = ORIENTED_EDGE ( 'NONE', *, *, #2894, .T. ) ;
#6063 = PLANE ( 'NONE',  #7468 ) ;
#6064 = DIRECTION ( 'NONE',  ( 0.000000000000000000, 0.000000000000000000, -1.000000000000000000 ) ) ;
#6065 =( GEOMETRIC_REPRESENTATION_CONTEXT ( 3 ) GLOBAL_UNCERTAINTY_ASSIGNED_CONTEXT ( ( #3848 ) ) GLOBAL_UNIT_ASSIGNED_CONTEXT ( ( #2531, #7683, #6889 ) ) REPRESENTATION_CONTEXT ( 'NONE', 'WORKASPACE' ) );
#6066 = ORIENTED_EDGE ( 'NONE', *, *, #294, .T. ) ;
#6067 = LINE ( 'NONE', #217, #9695 ) ;
#6068 = CARTESIAN_POINT ( 'NONE',  ( -1.480000000000000870, -2.166782826543157903, -0.09000000000000002442 ) ) ;
#6069 = MECHANICAL_DESIGN_GEOMETRIC_PRESENTATION_REPRESENTATION (  '', ( #2264 ), #4272 ) ;
#6070 = CARTESIAN_POINT ( 'NONE',  ( -0.2100000000000005473, -3.000000000000000000, -0.7794627824221421752 ) ) ;
#6071 = SURFACE_STYLE_FILL_AREA ( #5443 ) ;
#6072 = EDGE_CURVE ( 'NONE', #3626, #8761, #1301, .T. ) ;
#6073 = PRESENTATION_LAYER_ASSIGNMENT (  '', '', ( #1737 ) ) ;
#6074 =( LENGTH_UNIT ( ) NAMED_UNIT ( * ) SI_UNIT ( .MILLI., .METRE. ) );
#6075 = VECTOR ( 'NONE', #4337, 1000.000000000000000 ) ;
#6076 = ORIENTED_EDGE ( 'NONE', *, *, #11126, .T. ) ;
#6077 = EDGE_CURVE ( 'NONE', #10396, #3258, #8195, .T. ) ;
#6078 = ADVANCED_FACE ( 'NONE', ( #9899 ), #6554, .T. ) ;
#6079 =( NAMED_UNIT ( * ) SI_UNIT ( $, .STERADIAN. ) SOLID_ANGLE_UNIT ( ) );
#6080 = CIRCLE ( 'NONE', #3174, 0.07499999999999998335 ) ;
#6081 = AXIS2_PLACEMENT_3D ( 'NONE', #1783, #5970, #9637 ) ;
#6082 = PRESENTATION_LAYER_ASSIGNMENT (  '', '', ( #10782 ) ) ;
#6083 = DIRECTION ( 'NONE',  ( 0.000000000000000000, 0.000000000000000000, -1.000000000000000000 ) ) ;
#6084 =( NAMED_UNIT ( * ) SI_UNIT ( $, .STERADIAN. ) SOLID_ANGLE_UNIT ( ) );
#6085 = DIRECTION ( 'NONE',  ( 1.000000000000000000, -0.000000000000000000, 0.000000000000000000 ) ) ;
#6086 = PLANE ( 'NONE',  #2111 ) ;
#6087 =( NAMED_UNIT ( * ) PLANE_ANGLE_UNIT ( ) SI_UNIT ( $, .RADIAN. ) );
#6088 =( LENGTH_UNIT ( ) NAMED_UNIT ( * ) SI_UNIT ( .MILLI., .METRE. ) );
#6089 = MECHANICAL_DESIGN_GEOMETRIC_PRESENTATION_REPRESENTATION (  '', ( #3384 ), #2474 ) ;
#6090 = LINE ( 'NONE', #10390, #8973 ) ;
#6091 = ORIENTED_EDGE ( 'NONE', *, *, #7588, .F. ) ;
#6092 = ADVANCED_FACE ( 'NONE', ( #4019 ), #10911, .T. ) ;
#6093 = PRESENTATION_STYLE_ASSIGNMENT (( #1018 ) ) ;
#6094 = CARTESIAN_POINT ( 'NONE',  ( -4.020000000000001350, 3.000000000000000000, -1.000000000000000000 ) ) ;
#6095 = ORIENTED_EDGE ( 'NONE', *, *, #5587, .T. ) ;
#6096 = FACE_OUTER_BOUND ( 'NONE', #4786, .T. ) ;
#6097 =( GEOMETRIC_REPRESENTATION_CONTEXT ( 3 ) GLOBAL_UNCERTAINTY_ASSIGNED_CONTEXT ( ( #3083 ) ) GLOBAL_UNIT_ASSIGNED_CONTEXT ( ( #3782, #1083, #9554 ) ) REPRESENTATION_CONTEXT ( 'NONE', 'WORKASPACE' ) );
#6098 =( LENGTH_UNIT ( ) NAMED_UNIT ( * ) SI_UNIT ( .MILLI., .METRE. ) );
#6099 = DIRECTION ( 'NONE',  ( 0.000000000000000000, 0.000000000000000000, -1.000000000000000000 ) ) ;
#6100 = ORIENTED_EDGE ( 'NONE', *, *, #3035, .T. ) ;
#6101 = SURFACE_STYLE_FILL_AREA ( #8703 ) ;
#6102 = COLOUR_RGB ( '',0.8039215686274510109, 0.8039215686274510109, 0.8039215686274510109 ) ;
#6103 = COLOUR_RGB ( '',0.8039215686274510109, 0.8039215686274510109, 0.8039215686274510109 ) ;
#6104 = CARTESIAN_POINT ( 'NONE',  ( 4.190202986107629535, 1.815202986107628647, -0.6749999999999999334 ) ) ;
#6105 = SURFACE_SIDE_STYLE ('',( #9441 ) ) ;
#6106 = LINE ( 'NONE', #10560, #10318 ) ;
#6107 = PRESENTATION_STYLE_ASSIGNMENT (( #6947 ) ) ;
#6108 = PLANE ( 'NONE',  #5460 ) ;
#6109 = AXIS2_PLACEMENT_3D ( 'NONE', #10566, #10402, #7796 ) ;
#6110 = EDGE_LOOP ( 'NONE', ( #3666, #5876, #9709, #10553, #7003, #5783, #4691, #10249, #5585, #896, #10270, #7781 ) ) ;
#6111 = ORIENTED_EDGE ( 'NONE', *, *, #1109, .F. ) ;
#6112 = LINE ( 'NONE', #10409, #9154 ) ;
#6113 = DIRECTION ( 'NONE',  ( 0.000000000000000000, -0.9996308538171885250, -0.02716902826232023976 ) ) ;
#6114 = SURFACE_SIDE_STYLE ('',( #6218 ) ) ;
#6115 = PRESENTATION_STYLE_ASSIGNMENT (( #210 ) ) ;
#6116 = UNCERTAINTY_MEASURE_WITH_UNIT (LENGTH_MEASURE( 1.000000000000000082E-05 ), #9394, 'distance_accuracy_value', 'NONE');
#6117 = DIRECTION ( 'NONE',  ( 0.000000000000000000, 0.000000000000000000, -1.000000000000000000 ) ) ;
#6118 = CARTESIAN_POINT ( 'NONE',  ( -1.480000000000000870, 2.366708997306596007, -0.08456619434753616382 ) ) ;
#6119 = STYLED_ITEM ( 'NONE', ( #4868 ), #2060 ) ;
#6120 = SURFACE_STYLE_USAGE ( .BOTH. , #10475 ) ;
#6121 =( NAMED_UNIT ( * ) PLANE_ANGLE_UNIT ( ) SI_UNIT ( $, .RADIAN. ) );
#6122 = VERTEX_POINT ( 'NONE', #6773 ) ;
#6123 = DIRECTION ( 'NONE',  ( 0.000000000000000000, -0.9975640502598243087, 0.06975647374412501101 ) ) ;
#6124 = STYLED_ITEM ( 'NONE', ( #4098 ), #1250 ) ;
#6125 = CIRCLE ( 'NONE', #729, 0.09999999999999956146 ) ;
#6126 = ADVANCED_FACE ( 'NONE', ( #6841 ), #7619, .T. ) ;
#6127 = ORIENTED_EDGE ( 'NONE', *, *, #10416, .T. ) ;
#6128 = DIRECTION ( 'NONE',  ( 0.000000000000000000, -0.02716902826231849810, -0.9996308538171886360 ) ) ;
#6129 = CARTESIAN_POINT ( 'NONE',  ( -1.060000000000000941, -2.050000000000000266, -0.1099999999999999867 ) ) ;
#6130 =( NAMED_UNIT ( * ) SI_UNIT ( $, .STERADIAN. ) SOLID_ANGLE_UNIT ( ) );
#6131 = ORIENTED_EDGE ( 'NONE', *, *, #3079, .F. ) ;
#6132 = LINE ( 'NONE', #7655, #6651 ) ;
#6133 = CARTESIAN_POINT ( 'NONE',  ( -3.600000000000000977, -2.050000000000000266, -0.2100000000000000200 ) ) ;
#6134 = PRESENTATION_STYLE_ASSIGNMENT (( #1953 ) ) ;
#6135 = DIRECTION ( 'NONE',  ( 1.000000000000000000, -0.000000000000000000, 0.000000000000000000 ) ) ;
#6136 = PLANE ( 'NONE',  #2095 ) ;
#6137 = ADVANCED_FACE ( 'NONE', ( #4244 ), #864, .T. ) ;
#6138 = SURFACE_STYLE_FILL_AREA ( #8808 ) ;
#6139 = EDGE_CURVE ( 'NONE', #1884, #3367, #809, .T. ) ;
#6140 = SURFACE_STYLE_USAGE ( .BOTH. , #6929 ) ;
#6141 = CARTESIAN_POINT ( 'NONE',  ( 3.599999999999999645, 2.474947744208253031, -0.7427475520708766155 ) ) ;
#6142 = FILL_AREA_STYLE_COLOUR ( '', #9457 ) ;
#6143 = ORIENTED_EDGE ( 'NONE', *, *, #5032, .T. ) ;
#6144 =( LENGTH_UNIT ( ) NAMED_UNIT ( * ) SI_UNIT ( .MILLI., .METRE. ) );
#6145 =( NAMED_UNIT ( * ) PLANE_ANGLE_UNIT ( ) SI_UNIT ( $, .RADIAN. ) );
#6146 = ORIENTED_EDGE ( 'NONE', *, *, #2621, .F. ) ;
#6147 = CARTESIAN_POINT ( 'NONE',  ( -4.020000000000001350, -2.366708997306596007, -0.08456619434753616382 ) ) ;
#6148 = EDGE_CURVE ( 'NONE', #164, #289, #2414, .T. ) ;
#6149 = CARTESIAN_POINT ( 'NONE',  ( 2.329999999999999627, 2.381960306200947564, -0.6457080498711260663 ) ) ;
#6150 = ORIENTED_EDGE ( 'NONE', *, *, #1102, .T. ) ;
#6151 = CARTESIAN_POINT ( 'NONE',  ( 4.190202986107629535, 1.815202986107628647, 0.6750000000000000444 ) ) ;
#6152 = ADVANCED_FACE ( 'NONE', ( #10178 ), #3323, .F. ) ;
#6153 = LINE ( 'NONE', #8022, #6563 ) ;
#6154 = SURFACE_SIDE_STYLE ('',( #9557 ) ) ;
#6155 = DIRECTION ( 'NONE',  ( 0.000000000000000000, 0.000000000000000000, 1.000000000000000000 ) ) ;
#6156 = FILL_AREA_STYLE_COLOUR ( '', #3824 ) ;
#6157 = PRESENTATION_STYLE_ASSIGNMENT (( #10401 ) ) ;
#6158 = LINE ( 'NONE', #4486, #7012 ) ;
#6159 = MECHANICAL_DESIGN_GEOMETRIC_PRESENTATION_REPRESENTATION (  '', ( #10133 ), #9946 ) ;
#6160 = ORIENTED_EDGE ( 'NONE', *, *, #5659, .F. ) ;
#6161 = ORIENTED_EDGE ( 'NONE', *, *, #3299, .T. ) ;
#6162 = CARTESIAN_POINT ( 'NONE',  ( -2.750000000000001332, -2.165000000000000036, -0.7605367378089592512 ) ) ;
#6163 = SURFACE_STYLE_FILL_AREA ( #5312 ) ;
#6164 = CARTESIAN_POINT ( 'NONE',  ( -2.330000000000001403, -2.364926170763438140, -0.7551029321564953767 ) ) ;
#6165 = PRESENTATION_STYLE_ASSIGNMENT (( #933 ) ) ;
#6166 = UNCERTAINTY_MEASURE_WITH_UNIT (LENGTH_MEASURE( 1.000000000000000082E-05 ), #6347, 'distance_accuracy_value', 'NONE');
#6167 = DIRECTION ( 'NONE',  ( 0.000000000000000000, -0.9945218953682732899, -0.1045284632676538178 ) ) ;
#6168 = FILL_AREA_STYLE_COLOUR ( '', #5279 ) ;
#6169 = CARTESIAN_POINT ( 'NONE',  ( 0.2099999999999992428, -1.950000000000000178, 0.1100000000000000144 ) ) ;
#6170 = MECHANICAL_DESIGN_GEOMETRIC_PRESENTATION_REPRESENTATION (  '', ( #3088 ), #4190 ) ;
#6171 =( NAMED_UNIT ( * ) PLANE_ANGLE_UNIT ( ) SI_UNIT ( $, .RADIAN. ) );
#6172 = ORIENTED_EDGE ( 'NONE', *, *, #9849, .F. ) ;
#6173 = COLOUR_RGB ( '',0.8039215686274510109, 0.8039215686274510109, 0.8039215686274510109 ) ;
#6174 = VERTEX_POINT ( 'NONE', #2699 ) ;
#6175 =( LENGTH_UNIT ( ) NAMED_UNIT ( * ) SI_UNIT ( .MILLI., .METRE. ) );
#6176 = VECTOR ( 'NONE', #2741, 999.9999999999998863 ) ;
#6177 = AXIS2_PLACEMENT_3D ( 'NONE', #4766, #5571, #10815 ) ;
#6178 = ORIENTED_EDGE ( 'NONE', *, *, #613, .T. ) ;
#6179 = MECHANICAL_DESIGN_GEOMETRIC_PRESENTATION_REPRESENTATION (  '', ( #1668 ), #5491 ) ;
#6180 = FACE_OUTER_BOUND ( 'NONE', #691, .T. ) ;
#6181 = DIRECTION ( 'NONE',  ( 1.000000000000000000, 0.000000000000000000, 0.000000000000000000 ) ) ;
#6182 = VECTOR ( 'NONE', #2428, 1000.000000000000000 ) ;
#6183 =( LENGTH_UNIT ( ) NAMED_UNIT ( * ) SI_UNIT ( .MILLI., .METRE. ) );
#6184 = CARTESIAN_POINT ( 'NONE',  ( 1.059999999999999387, 2.050000000000000266, -0.2100000000000000200 ) ) ;
#6185 = CARTESIAN_POINT ( 'NONE',  ( -1.060000000000000941, 2.050000000000000266, -0.2100000000000000200 ) ) ;
#6186 = LINE ( 'NONE', #5461, #10088 ) ;
#6187 =( NAMED_UNIT ( * ) PLANE_ANGLE_UNIT ( ) SI_UNIT ( $, .RADIAN. ) );
#6188 = AXIS2_PLACEMENT_3D ( 'NONE', #9009, #3920, #8945 ) ;
#6189 = ORIENTED_EDGE ( 'NONE', *, *, #4073, .F. ) ;
#6191 = LINE ( 'NONE', #3657, #4684 ) ;
#6190 = VECTOR ( 'NONE', #4571, 1000.000000000000000 ) ;
#6192 = PLANE ( 'NONE',  #6711 ) ;
#6193 = ORIENTED_EDGE ( 'NONE', *, *, #1461, .F. ) ;
#6194 = EDGE_CURVE ( 'NONE', #2705, #8897, #3670, .T. ) ;
#6195 = LINE ( 'NONE', #6147, #5159 ) ;
#6196 = AXIS2_PLACEMENT_3D ( 'NONE', #11014, #5927, #9482 ) ;
#6197 = LINE ( 'NONE', #9656, #1357 ) ;
#6198 = DIRECTION ( 'NONE',  ( 1.000000000000000000, 0.000000000000000000, 0.000000000000000000 ) ) ;
#6199 = ORIENTED_EDGE ( 'NONE', *, *, #9885, .T. ) ;
#6200 = PLANE ( 'NONE',  #7246 ) ;
#6201 = PRESENTATION_LAYER_ASSIGNMENT (  '', '', ( #5674 ) ) ;
#6202 = SURFACE_STYLE_USAGE ( .BOTH. , #199 ) ;
#6203 = FILL_AREA_STYLE ('',( #10509 ) ) ;
#6204 = EDGE_CURVE ( 'NONE', #805, #8811, #5419, .T. ) ;
#6205 = SURFACE_STYLE_USAGE ( .BOTH. , #2758 ) ;
#6206 = SURFACE_STYLE_FILL_AREA ( #5079 ) ;
#6207 =( LENGTH_UNIT ( ) NAMED_UNIT ( * ) SI_UNIT ( .MILLI., .METRE. ) );
#6208 = MECHANICAL_DESIGN_GEOMETRIC_PRESENTATION_REPRESENTATION (  '', ( #8199 ), #3282 ) ;
#6209 = ADVANCED_FACE ( 'NONE', ( #6269 ), #9723, .F. ) ;
#6210 = CARTESIAN_POINT ( 'NONE',  ( -4.020000000000001350, -2.350974876014612747, -0.9546157422084604605 ) ) ;
#6211 = EDGE_CURVE ( 'NONE', #11054, #10082, #4477, .T. ) ;
#6212 = VECTOR ( 'NONE', #5382, 1000.000000000000000 ) ;
#6213 = ADVANCED_BREP_SHAPE_REPRESENTATION ( 'ISL3150EIBZ', ( #745, #8333, #8317, #646, #4613, #8278, #727, #8469, #4588, #796, #8191, #4441, #831, #4366, #8406, #8155, #5326 ), #3895 ) ;
#6214 = ORIENTED_EDGE ( 'NONE', *, *, #2967, .T. ) ;
#6215 = VERTEX_POINT ( 'NONE', #1133 ) ;
#6216 = FACE_OUTER_BOUND ( 'NONE', #930, .T. ) ;
#6217 = AXIS2_PLACEMENT_3D ( 'NONE', #5022, #6840, #7681 ) ;
#6218 = SURFACE_STYLE_FILL_AREA ( #7073 ) ;
#6219 = PRESENTATION_LAYER_ASSIGNMENT (  '', '', ( #108 ) ) ;
#6220 = PRESENTATION_STYLE_ASSIGNMENT (( #7075 ) ) ;
#6221 =( NAMED_UNIT ( * ) PLANE_ANGLE_UNIT ( ) SI_UNIT ( $, .RADIAN. ) );
#6222 = CARTESIAN_POINT ( 'NONE',  ( -2.750000000000001332, 2.149963085381718209, -0.2072830971737681105 ) ) ;
#6223 = UNCERTAINTY_MEASURE_WITH_UNIT (LENGTH_MEASURE( 1.000000000000000082E-05 ), #10118, 'distance_accuracy_value', 'NONE');
#6224 = VERTEX_POINT ( 'NONE', #4586 ) ;
#6225 = AXIS2_PLACEMENT_3D ( 'NONE', #2698, #5534, #360 ) ;
#6226 =( GEOMETRIC_REPRESENTATION_CONTEXT ( 3 ) GLOBAL_UNCERTAINTY_ASSIGNED_CONTEXT ( ( #2475 ) ) GLOBAL_UNIT_ASSIGNED_CONTEXT ( ( #964, #6998, #5233 ) ) REPRESENTATION_CONTEXT ( 'NONE', 'WORKASPACE' ) );
#6227 = ORIENTED_EDGE ( 'NONE', *, *, #6694, .T. ) ;
#6228 =( GEOMETRIC_REPRESENTATION_CONTEXT ( 3 ) GLOBAL_UNCERTAINTY_ASSIGNED_CONTEXT ( ( #2097 ) ) GLOBAL_UNIT_ASSIGNED_CONTEXT ( ( #6403, #2944, #8273 ) ) REPRESENTATION_CONTEXT ( 'NONE', 'WORKASPACE' ) );
#6229 = CARTESIAN_POINT ( 'NONE',  ( 4.019999999999999574, -2.481923391582665950, -0.6429911470448941291 ) ) ;
#6230 = FILL_AREA_STYLE_COLOUR ( '', #6102 ) ;
#6231 = UNCERTAINTY_MEASURE_WITH_UNIT (LENGTH_MEASURE( 1.000000000000000082E-05 ), #9763, 'distance_accuracy_value', 'NONE');
#6232 = CARTESIAN_POINT ( 'NONE',  ( -4.020000000000001350, -2.166782826543157903, -0.09000000000000002442 ) ) ;
#6233 = AXIS2_PLACEMENT_3D ( 'NONE', #4757, #9104, #4814 ) ;
#6234 = DIRECTION ( 'NONE',  ( 0.000000000000000000, 0.000000000000000000, -1.000000000000000000 ) ) ;
#6235 = PLANE ( 'NONE',  #5506 ) ;
#6236 = VECTOR ( 'NONE', #697, 1000.000000000000000 ) ;
#6237 = ORIENTED_EDGE ( 'NONE', *, *, #10848, .F. ) ;
#6238 =( GEOMETRIC_REPRESENTATION_CONTEXT ( 3 ) GLOBAL_UNCERTAINTY_ASSIGNED_CONTEXT ( ( #2657 ) ) GLOBAL_UNIT_ASSIGNED_CONTEXT ( ( #4171, #10211, #5003 ) ) REPRESENTATION_CONTEXT ( 'NONE', 'WORKASPACE' ) );
#6239 = DIRECTION ( 'NONE',  ( 0.000000000000000000, 0.000000000000000000, -1.000000000000000000 ) ) ;
#6240 = DIRECTION ( 'NONE',  ( 0.000000000000000000, -0.9996308538171886360, 0.02716902826231849810 ) ) ;
#6241 = COLOUR_RGB ( '',0.8039215686274510109, 0.8039215686274510109, 0.8039215686274510109 ) ;
#6242 = LINE ( 'NONE', #9703, #4267 ) ;
#6243 = STYLED_ITEM ( 'NONE', ( #201 ), #3572 ) ;
#6244 = DIRECTION ( 'NONE',  ( -0.000000000000000000, -0.000000000000000000, 1.000000000000000000 ) ) ;
#6245 = VECTOR ( 'NONE', #473, 1000.000000000000000 ) ;
#6246 = CARTESIAN_POINT ( 'NONE',  ( 2.329999999999999627, 3.000000000000000000, -0.7794627824221421752 ) ) ;
#6247 = FACE_OUTER_BOUND ( 'NONE', #8770, .T. ) ;
#6248 =( GEOMETRIC_REPRESENTATION_CONTEXT ( 3 ) GLOBAL_UNCERTAINTY_ASSIGNED_CONTEXT ( ( #5338 ) ) GLOBAL_UNIT_ASSIGNED_CONTEXT ( ( #3930, #5671, #5439 ) ) REPRESENTATION_CONTEXT ( 'NONE', 'WORKASPACE' ) );
#6249 =( LENGTH_UNIT ( ) NAMED_UNIT ( * ) SI_UNIT ( .MILLI., .METRE. ) );
#6250 = LINE ( 'NONE', #6358, #7197 ) ;
#6251 = SURFACE_STYLE_USAGE ( .BOTH. , #1957 ) ;
#6252 = STYLED_ITEM ( 'NONE', ( #9775 ), #9597 ) ;
#6253 = ORIENTED_EDGE ( 'NONE', *, *, #8486, .T. ) ;
#6254 = ORIENTED_EDGE ( 'NONE', *, *, #4849, .F. ) ;
#6255 = SURFACE_STYLE_FILL_AREA ( #5522 ) ;
#6256 = CARTESIAN_POINT ( 'NONE',  ( -4.020000000000001350, -2.364926170763438140, -0.7551029321564953767 ) ) ;
#6257 = ORIENTED_EDGE ( 'NONE', *, *, #2543, .T. ) ;
#6258 = AXIS2_PLACEMENT_3D ( 'NONE', #618, #4052, #7488 ) ;
#6259 = VECTOR ( 'NONE', #9706, 1000.000000000000000 ) ;
#6260 = PRESENTATION_LAYER_ASSIGNMENT (  '', '', ( #5904 ) ) ;
#6261 = SURFACE_STYLE_FILL_AREA ( #1283 ) ;
#6262 = CIRCLE ( 'NONE', #2106, 0.2000000000000003164 ) ;
#6263 = FILL_AREA_STYLE_COLOUR ( '', #4964 ) ;
#6264 = SURFACE_SIDE_STYLE ('',( #8816 ) ) ;
#6265 = EDGE_CURVE ( 'NONE', #10071, #3131, #6153, .T. ) ;
#6266 = ORIENTED_EDGE ( 'NONE', *, *, #1179, .T. ) ;
#6267 = CARTESIAN_POINT ( 'NONE',  ( -4.020000000000001350, -1.950000000000000178, 0.1100000000000000144 ) ) ;
#6268 = EDGE_CURVE ( 'NONE', #4917, #3823, #451, .T. ) ;
#6269 = FACE_OUTER_BOUND ( 'NONE', #9143, .T. ) ;
#6270 = AXIS2_PLACEMENT_3D ( 'NONE', #6164, #10469, #5314 ) ;
#6271 = FILL_AREA_STYLE ('',( #10791 ) ) ;
#6272 = CIRCLE ( 'NONE', #1216, 0.09999999999999982514 ) ;
#6273 =( NAMED_UNIT ( * ) PLANE_ANGLE_UNIT ( ) SI_UNIT ( $, .RADIAN. ) );
#6274 =( NAMED_UNIT ( * ) SI_UNIT ( $, .STERADIAN. ) SOLID_ANGLE_UNIT ( ) );
#6275 = DIRECTION ( 'NONE',  ( 1.000000000000000000, 0.000000000000000000, 0.000000000000000000 ) ) ;
#6276 = MECHANICAL_DESIGN_GEOMETRIC_PRESENTATION_REPRESENTATION (  '', ( #5914 ), #2842 ) ;
#6277 = DIRECTION ( 'NONE',  ( 0.000000000000000000, -1.000000000000000000, 0.000000000000000000 ) ) ;
#6278 =( GEOMETRIC_REPRESENTATION_CONTEXT ( 3 ) GLOBAL_UNCERTAINTY_ASSIGNED_CONTEXT ( ( #1941 ) ) GLOBAL_UNIT_ASSIGNED_CONTEXT ( ( #2857, #2962, #8226 ) ) REPRESENTATION_CONTEXT ( 'NONE', 'WORKASPACE' ) );
#6279 = ADVANCED_FACE ( 'NONE', ( #200 ), #3620, .F. ) ;
#6280 = ORIENTED_EDGE ( 'NONE', *, *, #1305, .T. ) ;
#6281 = ORIENTED_EDGE ( 'NONE', *, *, #8437, .T. ) ;
#6282 =( NAMED_UNIT ( * ) PLANE_ANGLE_UNIT ( ) SI_UNIT ( $, .RADIAN. ) );
#6283 = CARTESIAN_POINT ( 'NONE',  ( 3.599999999999999645, 2.050000000000000266, -0.2100000000000000200 ) ) ;
#6284 = MECHANICAL_DESIGN_GEOMETRIC_PRESENTATION_REPRESENTATION (  '', ( #1225 ), #699 ) ;
#6285 = DIRECTION ( 'NONE',  ( 0.000000000000000000, 0.000000000000000000, -1.000000000000000000 ) ) ;
#6286 = UNCERTAINTY_MEASURE_WITH_UNIT (LENGTH_MEASURE( 1.000000000000000082E-05 ), #5109, 'distance_accuracy_value', 'NONE');
#6287 = EDGE_CURVE ( 'NONE', #1629, #3899, #2980, .T. ) ;
#6288 = CARTESIAN_POINT ( 'NONE',  ( 2.749999999999999112, 2.050000000000000266, -0.2100000000000000200 ) ) ;
#6289 = EDGE_CURVE ( 'NONE', #1819, #9199, #2397, .T. ) ;
#6290 = CARTESIAN_POINT ( 'NONE',  ( 4.251217025357843404, -1.876217025357843626, 0.09449019374921865944 ) ) ;
#6291 = AXIS2_PLACEMENT_3D ( 'NONE', #6538, #10728, #2978 ) ;
#6292 = CARTESIAN_POINT ( 'NONE',  ( 4.019999999999999574, -3.000000000000000000, -0.7794627824221421752 ) ) ;
#6293 = STYLED_ITEM ( 'NONE', ( #6894 ), #1825 ) ;
#6294 = ORIENTED_EDGE ( 'NONE', *, *, #3159, .F. ) ;
#6295 = ORIENTED_EDGE ( 'NONE', *, *, #7016, .F. ) ;
#6296 = CARTESIAN_POINT ( 'NONE',  ( 0.2099999999999992428, -1.950000000000000178, 0.1100000000000000144 ) ) ;
#6297 = CARTESIAN_POINT ( 'NONE',  ( 4.324998880753507358, -1.875409738600887444, 0.1100106489190410680 ) ) ;
#6298 = FILL_AREA_STYLE ('',( #5270 ) ) ;
#6299 = UNCERTAINTY_MEASURE_WITH_UNIT (LENGTH_MEASURE( 1.000000000000000082E-05 ), #8394, 'distance_accuracy_value', 'NONE');
#6300 = EDGE_CURVE ( 'NONE', #6783, #1280, #2351, .T. ) ;
#6301 = FACE_OUTER_BOUND ( 'NONE', #9999, .T. ) ;
#6302 = AXIS2_PLACEMENT_3D ( 'NONE', #120, #12, #3436 ) ;
#6303 = CARTESIAN_POINT ( 'NONE',  ( -3.600000000000000977, -1.950000000000000178, 0.1100000000000000144 ) ) ;
#6304 = SURFACE_STYLE_FILL_AREA ( #10428 ) ;
#6305 = CIRCLE ( 'NONE', #549, 0.07499999999999998335 ) ;
#6306 = AXIS2_PLACEMENT_3D ( 'NONE', #1873, #3463, #157 ) ;
#6307 = VERTEX_POINT ( 'NONE', #468 ) ;
#6308 = LINE ( 'NONE', #1948, #10139 ) ;
#6309 = VECTOR ( 'NONE', #8726, 1000.000000000000000 ) ;
#6310 = CARTESIAN_POINT ( 'NONE',  ( -1.480000000000000870, 3.000000000000000000, -1.000000000000000000 ) ) ;
#6311 = ORIENTED_EDGE ( 'NONE', *, *, #764, .T. ) ;
#6312 = DIRECTION ( 'NONE',  ( 1.000000000000000000, 0.000000000000000000, 0.000000000000000000 ) ) ;
#6313 = ORIENTED_EDGE ( 'NONE', *, *, #2603, .F. ) ;
#6314 = PRESENTATION_LAYER_ASSIGNMENT (  '', '', ( #7034 ) ) ;
#6315 = LINE ( 'NONE', #9768, #3145 ) ;
#6316 = FACE_OUTER_BOUND ( 'NONE', #10943, .T. ) ;
#6317 = ORIENTED_EDGE ( 'NONE', *, *, #8268, .T. ) ;
#6318 = SURFACE_SIDE_STYLE ('',( #2870 ) ) ;
#6319 = FACE_OUTER_BOUND ( 'NONE', #2423, .T. ) ;
#6320 =( BOUNDED_CURVE ( )  B_SPLINE_CURVE ( 3, ( #2345, #6530, #9247, #10892 ),
 .UNSPECIFIED., .F., .F. ) 
 B_SPLINE_CURVE_WITH_KNOTS ( ( 4, 4 ),
 ( 3.136129445068219557, 3.141592653589793116 ),
 .UNSPECIFIED. ) 
 CURVE ( )  GEOMETRIC_REPRESENTATION_ITEM ( )  RATIONAL_B_SPLINE_CURVE ( ( 1.000000000000000000, 0.9999975127809339615, 0.9999975127809339615, 1.000000000000000000 ) ) 
 REPRESENTATION_ITEM ( '' )  );
#6321 = DIRECTION ( 'NONE',  ( 0.9945218953682734009, 0.000000000000000000, -0.1045284632676537068 ) ) ;
#6322 = FACE_OUTER_BOUND ( 'NONE', #9602, .T. ) ;
#6323 = EDGE_CURVE ( 'NONE', #1280, #309, #3903, .T. ) ;
#6324 = CARTESIAN_POINT ( 'NONE',  ( -4.020000000000001350, -2.166782826543157903, 0.1100000000000000144 ) ) ;
#6325 = ORIENTED_EDGE ( 'NONE', *, *, #1800, .F. ) ;
#6326 = ORIENTED_EDGE ( 'NONE', *, *, #975, .T. ) ;
#6327 = SURFACE_STYLE_USAGE ( .BOTH. , #5426 ) ;
#6328 = DIRECTION ( 'NONE',  ( 0.000000000000000000, 0.000000000000000000, -1.000000000000000000 ) ) ;
#6329 = PRESENTATION_STYLE_ASSIGNMENT (( #2885 ) ) ;
#6330 = PRESENTATION_STYLE_ASSIGNMENT (( #2886 ) ) ;
#6331 =( NAMED_UNIT ( * ) SI_UNIT ( $, .STERADIAN. ) SOLID_ANGLE_UNIT ( ) );
#6332 = FACE_OUTER_BOUND ( 'NONE', #459, .T. ) ;
#6333 = CARTESIAN_POINT ( 'NONE',  ( -4.020000000000001350, -2.481923391582665950, -0.6429911470448941291 ) ) ;
#6334 = LINE ( 'NONE', #6392, #4687 ) ;
#6335 =( NAMED_UNIT ( * ) SI_UNIT ( $, .STERADIAN. ) SOLID_ANGLE_UNIT ( ) );
#6336 = AXIS2_PLACEMENT_3D ( 'NONE', #10456, #4533, #1085 ) ;
#6337 = ORIENTED_EDGE ( 'NONE', *, *, #1518, .F. ) ;
#6338 = PLANE ( 'NONE',  #4751 ) ;
#6339 = ADVANCED_FACE ( 'NONE', ( #10899 ), #6540, .F. ) ;
#6340 =( GEOMETRIC_REPRESENTATION_CONTEXT ( 3 ) GLOBAL_UNCERTAINTY_ASSIGNED_CONTEXT ( ( #55 ) ) GLOBAL_UNIT_ASSIGNED_CONTEXT ( ( #2051, #393, #2952 ) ) REPRESENTATION_CONTEXT ( 'NONE', 'WORKASPACE' ) );
#6341 = ORIENTED_EDGE ( 'NONE', *, *, #3790, .F. ) ;
#6342 = SURFACE_STYLE_FILL_AREA ( #10696 ) ;
#6343 = CARTESIAN_POINT ( 'NONE',  ( 2.329999999999999627, 3.000000000000000000, -0.7794627824221421752 ) ) ;
#6344 = SURFACE_STYLE_FILL_AREA ( #10014 ) ;
#6345 = LINE ( 'NONE', #4403, #2462 ) ;
#6346 = PLANE ( 'NONE',  #5774 ) ;
#6347 =( LENGTH_UNIT ( ) NAMED_UNIT ( * ) SI_UNIT ( .MILLI., .METRE. ) );
#6348 = EDGE_CURVE ( 'NONE', #7610, #6564, #7495, .T. ) ;
#6349 = VERTEX_POINT ( 'NONE', #10041 ) ;
#6350 = CARTESIAN_POINT ( 'NONE',  ( 0.2099999999999992428, 2.165000000000000036, -0.7605367378089592512 ) ) ;
#6351 = AXIS2_PLACEMENT_3D ( 'NONE', #9065, #8966, #8110 ) ;
#6352 = EDGE_CURVE ( 'NONE', #1309, #4233, #5815, .T. ) ;
#6353 = ADVANCED_FACE ( 'NONE', ( #6433 ), #5870, .T. ) ;
#6354 = SURFACE_SIDE_STYLE ('',( #8162 ) ) ;
#6355 = DIRECTION ( 'NONE',  ( 1.000000000000000000, 0.000000000000000000, 0.000000000000000000 ) ) ;
#6356 = STYLED_ITEM ( 'NONE', ( #9803 ), #6832 ) ;
#6357 =( NAMED_UNIT ( * ) PLANE_ANGLE_UNIT ( ) SI_UNIT ( $, .RADIAN. ) );
#6358 = CARTESIAN_POINT ( 'NONE',  ( -0.2100000000000005473, 3.000000000000000000, -0.7794627824221421752 ) ) ;
#6359 =( NAMED_UNIT ( * ) PLANE_ANGLE_UNIT ( ) SI_UNIT ( $, .RADIAN. ) );
#6360 = PRESENTATION_LAYER_ASSIGNMENT (  '', '', ( #2049 ) ) ;
#6361 = COLOUR_RGB ( '',0.2862745098039215508, 0.2862745098039215508, 0.2862745098039215508 ) ;
#6362 = VERTEX_POINT ( 'NONE', #1680 ) ;
#6363 = PLANE ( 'NONE',  #2313 ) ;
#6364 = ORIENTED_EDGE ( 'NONE', *, *, #764, .F. ) ;
#6365 = DIRECTION ( 'NONE',  ( 1.000000000000000000, 0.000000000000000000, 0.000000000000000000 ) ) ;
#6366 = FILL_AREA_STYLE_COLOUR ( '', #9481 ) ;
#6367 =( GEOMETRIC_REPRESENTATION_CONTEXT ( 3 ) GLOBAL_UNCERTAINTY_ASSIGNED_CONTEXT ( ( #768 ) ) GLOBAL_UNIT_ASSIGNED_CONTEXT ( ( #5023, #6941, #1694 ) ) REPRESENTATION_CONTEXT ( 'NONE', 'WORKASPACE' ) );
#6368 = FILL_AREA_STYLE_COLOUR ( '', #1758 ) ;
#6369 = UNCERTAINTY_MEASURE_WITH_UNIT (LENGTH_MEASURE( 1.000000000000000082E-05 ), #4736, 'distance_accuracy_value', 'NONE');
#6370 = VERTEX_POINT ( 'NONE', #3305 ) ;
#6371 =( NAMED_UNIT ( * ) SI_UNIT ( $, .STERADIAN. ) SOLID_ANGLE_UNIT ( ) );
#6372 = SURFACE_STYLE_USAGE ( .BOTH. , #9035 ) ;
#6373 = DIRECTION ( 'NONE',  ( 0.000000000000000000, 0.9975640502598243087, 0.06975647374412501101 ) ) ;
#6374 =( LENGTH_UNIT ( ) NAMED_UNIT ( * ) SI_UNIT ( .MILLI., .METRE. ) );
#6375 =( LENGTH_UNIT ( ) NAMED_UNIT ( * ) SI_UNIT ( .MILLI., .METRE. ) );
#6376 = PRESENTATION_LAYER_ASSIGNMENT (  '', '', ( #625 ) ) ;
#6377 = PRESENTATION_STYLE_ASSIGNMENT (( #4590 ) ) ;
#6378 = DIRECTION ( 'NONE',  ( -0.000000000000000000, 0.000000000000000000, -1.000000000000000000 ) ) ;
#6379 = SURFACE_STYLE_USAGE ( .BOTH. , #3797 ) ;
#6380 = PRESENTATION_LAYER_ASSIGNMENT (  '', '', ( #10361 ) ) ;
#6381 = CARTESIAN_POINT ( 'NONE',  ( 0.2099999999999992428, 1.950000000000000178, 0.1100000000000000144 ) ) ;
#6382 = PRESENTATION_LAYER_ASSIGNMENT (  '', '', ( #9272 ) ) ;
#6383 = VERTEX_POINT ( 'NONE', #4176 ) ;
#6384 = EDGE_LOOP ( 'NONE', ( #7673, #1441, #9043, #5867 ) ) ;
#6385 = PLANE ( 'NONE',  #9711 ) ;
#6386 =( BOUNDED_CURVE ( )  B_SPLINE_CURVE ( 3, ( #8057, #8810, #8006, #8113 ),
 .UNSPECIFIED., .F., .F. ) 
 B_SPLINE_CURVE_WITH_KNOTS ( ( 4, 4 ),
 ( 3.136129445068219557, 3.141592653589793116 ),
 .UNSPECIFIED. ) 
 CURVE ( )  GEOMETRIC_REPRESENTATION_ITEM ( )  RATIONAL_B_SPLINE_CURVE ( ( 1.000000000000000000, 0.9999975127809339615, 0.9999975127809339615, 1.000000000000000000 ) ) 
 REPRESENTATION_ITEM ( '' )  );
#6387 = PRESENTATION_STYLE_ASSIGNMENT (( #7920 ) ) ;
#6388 =( NAMED_UNIT ( * ) SI_UNIT ( $, .STERADIAN. ) SOLID_ANGLE_UNIT ( ) );
#6389 = LINE ( 'NONE', #1261, #8420 ) ;
#6390 =( LENGTH_UNIT ( ) NAMED_UNIT ( * ) SI_UNIT ( .MILLI., .METRE. ) );
#6391 = MECHANICAL_DESIGN_GEOMETRIC_PRESENTATION_REPRESENTATION (  '', ( #9826 ), #10907 ) ;
#6392 = CARTESIAN_POINT ( 'NONE',  ( 2.329999999999999627, -2.366708997306596007, -0.08456619434753621933 ) ) ;
#6393 = VECTOR ( 'NONE', #3874, 1000.000000000000000 ) ;
#6394 = FILL_AREA_STYLE_COLOUR ( '', #11074 ) ;
#6395 = ORIENTED_EDGE ( 'NONE', *, *, #2444, .T. ) ;
#6396 = MECHANICAL_DESIGN_GEOMETRIC_PRESENTATION_REPRESENTATION (  '', ( #103 ), #639 ) ;
#6397 =( GEOMETRIC_REPRESENTATION_CONTEXT ( 3 ) GLOBAL_UNCERTAINTY_ASSIGNED_CONTEXT ( ( #5242 ) ) GLOBAL_UNIT_ASSIGNED_CONTEXT ( ( #9164, #3100, #4135 ) ) REPRESENTATION_CONTEXT ( 'NONE', 'WORKASPACE' ) );
#6398 = UNCERTAINTY_MEASURE_WITH_UNIT (LENGTH_MEASURE( 1.000000000000000082E-05 ), #1314, 'distance_accuracy_value', 'NONE');
#6399 = ORIENTED_EDGE ( 'NONE', *, *, #9253, .F. ) ;
#6400 = DIRECTION ( 'NONE',  ( 0.000000000000000000, 0.02716902826231849810, -0.9996308538171886360 ) ) ;
#6401 = PRESENTATION_LAYER_ASSIGNMENT (  '', '', ( #2789 ) ) ;
#6402 = DIRECTION ( 'NONE',  ( 0.000000000000000000, 0.000000000000000000, 1.000000000000000000 ) ) ;
#6403 =( LENGTH_UNIT ( ) NAMED_UNIT ( * ) SI_UNIT ( .MILLI., .METRE. ) );
#6404 = EDGE_CURVE ( 'NONE', #2316, #1525, #3429, .T. ) ;
#6405 = CARTESIAN_POINT ( 'NONE',  ( -1.060000000000000941, 2.366708997306596007, -0.08456619434753621933 ) ) ;
#6406 = DIRECTION ( 'NONE',  ( -1.000000000000000000, -0.000000000000000000, -0.000000000000000000 ) ) ;
#6407 =( GEOMETRIC_REPRESENTATION_CONTEXT ( 3 ) GLOBAL_UNCERTAINTY_ASSIGNED_CONTEXT ( ( #2072 ) ) GLOBAL_UNIT_ASSIGNED_CONTEXT ( ( #1180, #1970, #10619 ) ) REPRESENTATION_CONTEXT ( 'NONE', 'WORKASPACE' ) );
#6408 = ORIENTED_EDGE ( 'NONE', *, *, #6323, .F. ) ;
#6409 = STYLED_ITEM ( 'NONE', ( #1399 ), #7868 ) ;
#6410 = LINE ( 'NONE', #10876, #1913 ) ;
#6411 =( NAMED_UNIT ( * ) PLANE_ANGLE_UNIT ( ) SI_UNIT ( $, .RADIAN. ) );
#6412 = EDGE_CURVE ( 'NONE', #9504, #2392, #1863, .T. ) ;
#6413 = AXIS2_PLACEMENT_3D ( 'NONE', #6589, #6432, #9884 ) ;
#6414 = SURFACE_STYLE_USAGE ( .BOTH. , #5683 ) ;
#6415 = PRESENTATION_STYLE_ASSIGNMENT (( #2219 ) ) ;
#6416 = FILL_AREA_STYLE ('',( #1118 ) ) ;
#6417 =( GEOMETRIC_REPRESENTATION_CONTEXT ( 3 ) GLOBAL_UNCERTAINTY_ASSIGNED_CONTEXT ( ( #803 ) ) GLOBAL_UNIT_ASSIGNED_CONTEXT ( ( #403, #8918, #2116 ) ) REPRESENTATION_CONTEXT ( 'NONE', 'WORKASPACE' ) );
#6418 = ADVANCED_FACE ( 'NONE', ( #4352 ), #8477, .T. ) ;
#6419 = FILL_AREA_STYLE_COLOUR ( '', #8120 ) ;
#6420 = CARTESIAN_POINT ( 'NONE',  ( 1.059999999999999387, -2.165000000000000036, -0.7605367378089592512 ) ) ;
#6421 = EDGE_CURVE ( 'NONE', #11117, #401, #5175, .T. ) ;
#6422 = AXIS2_PLACEMENT_3D ( 'NONE', #6054, #7853, #8721 ) ;
#6423 = ORIENTED_EDGE ( 'NONE', *, *, #10012, .F. ) ;
#6424 = FILL_AREA_STYLE_COLOUR ( '', #598 ) ;
#6425 = VERTEX_POINT ( 'NONE', #8638 ) ;
#6426 = DIRECTION ( 'NONE',  ( 1.000000000000000000, 0.000000000000000000, 0.000000000000000000 ) ) ;
#6427 = PRESENTATION_LAYER_ASSIGNMENT (  '', '', ( #4266 ) ) ;
#6428 = PLANE ( 'NONE',  #4665 ) ;
#6429 = VERTEX_POINT ( 'NONE', #741 ) ;
#6430 = SURFACE_STYLE_FILL_AREA ( #9034 ) ;
#6431 = LINE ( 'NONE', #9883, #4310 ) ;
#6432 = DIRECTION ( 'NONE',  ( 0.000000000000000000, 0.000000000000000000, 1.000000000000000000 ) ) ;
#6433 = FACE_OUTER_BOUND ( 'NONE', #8857, .T. ) ;
#6434 = DIRECTION ( 'NONE',  ( -0.000000000000000000, -0.000000000000000000, 1.000000000000000000 ) ) ;
#6435 = AXIS2_PLACEMENT_3D ( 'NONE', #1351, #3729, #4637 ) ;
#6436 = EDGE_CURVE ( 'NONE', #4385, #815, #5060, .T. ) ;
#6437 = UNCERTAINTY_MEASURE_WITH_UNIT (LENGTH_MEASURE( 1.000000000000000082E-05 ), #4655, 'distance_accuracy_value', 'NONE');
#6438 = CIRCLE ( 'NONE', #7876, 0.2000000000000002054 ) ;
#6439 = AXIS2_PLACEMENT_3D ( 'NONE', #5478, #469, #4798 ) ;
#6440 = LINE ( 'NONE', #304, #411 ) ;
#6441 = VECTOR ( 'NONE', #3638, 1000.000000000000000 ) ;
#6442 = CARTESIAN_POINT ( 'NONE',  ( -3.600000000000000977, -2.050000000000000266, -0.2100000000000000200 ) ) ;
#6443 = AXIS2_PLACEMENT_3D ( 'NONE', #5230, #959, #10441 ) ;
#6444 = VECTOR ( 'NONE', #2568, 1000.000000000000000 ) ;
#6445 = AXIS2_PLACEMENT_3D ( 'NONE', #1040, #5373, #259 ) ;
#6446 = ORIENTED_EDGE ( 'NONE', *, *, #5032, .F. ) ;
#6447 = ORIENTED_EDGE ( 'NONE', *, *, #9645, .F. ) ;
#6449 = MECHANICAL_DESIGN_GEOMETRIC_PRESENTATION_REPRESENTATION (  '', ( #5362 ), #523 ) ;
#6448 = LINE ( 'NONE', #1421, #1006 ) ;
#6450 =( LENGTH_UNIT ( ) NAMED_UNIT ( * ) SI_UNIT ( .MILLI., .METRE. ) );
#6451 =( NAMED_UNIT ( * ) PLANE_ANGLE_UNIT ( ) SI_UNIT ( $, .RADIAN. ) );
#6452 = VECTOR ( 'NONE', #125, 999.9999999999998863 ) ;
#6453 = DIRECTION ( 'NONE',  ( 1.000000000000000000, 0.000000000000000000, 0.000000000000000000 ) ) ;
#6454 = ORIENTED_EDGE ( 'NONE', *, *, #6906, .T. ) ;
#6455 = CARTESIAN_POINT ( 'NONE',  ( -4.324999626916907758, 1.875273160256224481, -0.1100035496485116115 ) ) ;
#6456 = STYLED_ITEM ( 'NONE', ( #3746 ), #8650 ) ;
#6457 = ORIENTED_EDGE ( 'NONE', *, *, #1521, .F. ) ;
#6458 = DIRECTION ( 'NONE',  ( 0.000000000000000000, 0.02716902826232023976, 0.9996308538171885250 ) ) ;
#6459 = MECHANICAL_DESIGN_GEOMETRIC_PRESENTATION_REPRESENTATION (  '', ( #11171 ), #1594 ) ;
#6460 = DIRECTION ( 'NONE',  ( 1.000000000000000000, 0.000000000000000000, 0.000000000000000000 ) ) ;
#6461 = STYLED_ITEM ( 'NONE', ( #7539 ), #8903 ) ;
#6462 = PLANE ( 'NONE',  #6177 ) ;
#6463 = SURFACE_SIDE_STYLE ('',( #2321 ) ) ;
#6464 = DIRECTION ( 'NONE',  ( 0.000000000000000000, 1.000000000000000000, 0.000000000000000000 ) ) ;
#6465 = FACE_OUTER_BOUND ( 'NONE', #5732, .T. ) ;
#6466 = ORIENTED_EDGE ( 'NONE', *, *, #561, .F. ) ;
#6467 = FILL_AREA_STYLE ('',( #7303 ) ) ;
#6468 =( GEOMETRIC_REPRESENTATION_CONTEXT ( 3 ) GLOBAL_UNCERTAINTY_ASSIGNED_CONTEXT ( ( #1345 ) ) GLOBAL_UNIT_ASSIGNED_CONTEXT ( ( #7186, #8198, #3918 ) ) REPRESENTATION_CONTEXT ( 'NONE', 'WORKASPACE' ) );
#6469 = SURFACE_STYLE_FILL_AREA ( #9022 ) ;
#6470 =( NAMED_UNIT ( * ) PLANE_ANGLE_UNIT ( ) SI_UNIT ( $, .RADIAN. ) );
#6471 = DIRECTION ( 'NONE',  ( 0.000000000000000000, -0.9975640502598243087, -0.06975647374412548285 ) ) ;
#6472 = UNCERTAINTY_MEASURE_WITH_UNIT (LENGTH_MEASURE( 1.000000000000000082E-05 ), #2036, 'distance_accuracy_value', 'NONE');
#6473 = EDGE_LOOP ( 'NONE', ( #7424, #517, #985, #5641 ) ) ;
#6474 = ORIENTED_EDGE ( 'NONE', *, *, #1445, .T. ) ;
#6475 = EDGE_LOOP ( 'NONE', ( #3275, #9858, #7786, #9215 ) ) ;
#6476 =( NAMED_UNIT ( * ) PLANE_ANGLE_UNIT ( ) SI_UNIT ( $, .RADIAN. ) );
#6477 = EDGE_LOOP ( 'NONE', ( #10895, #3608, #9003, #9473 ) ) ;
#6478 = MECHANICAL_DESIGN_GEOMETRIC_PRESENTATION_REPRESENTATION (  '', ( #9748 ), #8663 ) ;
#6479 = EDGE_CURVE ( 'NONE', #636, #7863, #2629, .T. ) ;
#6480 = DIRECTION ( 'NONE',  ( 1.000000000000000000, 0.000000000000000000, 0.000000000000000000 ) ) ;
#6481 = UNCERTAINTY_MEASURE_WITH_UNIT (LENGTH_MEASURE( 1.000000000000000082E-05 ), #10282, 'distance_accuracy_value', 'NONE');
#6482 = EDGE_CURVE ( 'NONE', #3367, #8008, #3605, .T. ) ;
#6483 = ORIENTED_EDGE ( 'NONE', *, *, #4911, .T. ) ;
#6484 = CARTESIAN_POINT ( 'NONE',  ( 1.479999999999999094, -2.474947744208253031, -0.7427475520708763934 ) ) ;
#6485 =( NAMED_UNIT ( * ) SI_UNIT ( $, .STERADIAN. ) SOLID_ANGLE_UNIT ( ) );
#6486 = FACE_OUTER_BOUND ( 'NONE', #1457, .T. ) ;
#6487 =( NAMED_UNIT ( * ) PLANE_ANGLE_UNIT ( ) SI_UNIT ( $, .RADIAN. ) );
#6488 =( NAMED_UNIT ( * ) SI_UNIT ( $, .STERADIAN. ) SOLID_ANGLE_UNIT ( ) );
#6489 = DIRECTION ( 'NONE',  ( 0.000000000000000000, -0.9975640502598241977, -0.06975647374412546897 ) ) ;
#6490 = FILL_AREA_STYLE ('',( #8082 ) ) ;
#6491 = EDGE_CURVE ( 'NONE', #7379, #5200, #10374, .T. ) ;
#6492 = DIRECTION ( 'NONE',  ( 0.000000000000000000, 0.06975647374412548285, 0.9975640502598243087 ) ) ;
#6493 = DIRECTION ( 'NONE',  ( 0.000000000000000000, -1.000000000000000000, 0.000000000000000000 ) ) ;
#6494 = ADVANCED_FACE ( 'NONE', ( #3650 ), #955, .T. ) ;
#6495 = ORIENTED_EDGE ( 'NONE', *, *, #6834, .F. ) ;
#6496 = EDGE_LOOP ( 'NONE', ( #668, #7231, #3333, #7971 ) ) ;
#6497 =( LENGTH_UNIT ( ) NAMED_UNIT ( * ) SI_UNIT ( .MILLI., .METRE. ) );
#6498 = SURFACE_STYLE_USAGE ( .BOTH. , #312 ) ;
#6499 = SURFACE_STYLE_USAGE ( .BOTH. , #9046 ) ;
#6500 = LINE ( 'NONE', #8321, #3344 ) ;
#6501 = FILL_AREA_STYLE_COLOUR ( '', #131 ) ;
#6502 = PLANE ( 'NONE',  #1241 ) ;
#6503 = FILL_AREA_STYLE_COLOUR ( '', #2143 ) ;
#6504 = CARTESIAN_POINT ( 'NONE',  ( 2.329999999999999627, -3.000000000000000000, -0.7794627824221421752 ) ) ;
#6505 = ORIENTED_EDGE ( 'NONE', *, *, #382, .F. ) ;
#6506 = FILL_AREA_STYLE ('',( #548 ) ) ;
#6507 = UNCERTAINTY_MEASURE_WITH_UNIT (LENGTH_MEASURE( 1.000000000000000082E-05 ), #1878, 'distance_accuracy_value', 'NONE');
#6508 = ORIENTED_EDGE ( 'NONE', *, *, #9466, .T. ) ;
#6509 = CARTESIAN_POINT ( 'NONE',  ( -3.600000000000000977, 3.000000000000000000, -0.7794627824221421752 ) ) ;
#6510 = LINE ( 'NONE', #5568, #9161 ) ;
#6511 = DIRECTION ( 'NONE',  ( -1.000000000000000000, -0.000000000000000000, -0.000000000000000000 ) ) ;
#6512 = PLANE ( 'NONE',  #6721 ) ;
#6513 = STYLED_ITEM ( 'NONE', ( #133 ), #5103 ) ;
#6514 = CARTESIAN_POINT ( 'NONE',  ( 0.2099999999999992428, 3.000000000000000000, -0.7794627824221421752 ) ) ;
#6515 = VERTEX_POINT ( 'NONE', #2734 ) ;
#6516 = SURFACE_SIDE_STYLE ('',( #9917 ) ) ;
#6517 =( LENGTH_UNIT ( ) NAMED_UNIT ( * ) SI_UNIT ( .MILLI., .METRE. ) );
#6518 = CARTESIAN_POINT ( 'NONE',  ( 1.059999999999999387, 2.350974876014612747, -0.9546157422084604605 ) ) ;
#6519 = FILL_AREA_STYLE_COLOUR ( '', #3761 ) ;
#6520 = DIRECTION ( 'NONE',  ( 1.000000000000000000, 0.000000000000000000, 0.000000000000000000 ) ) ;
#6521 = CARTESIAN_POINT ( 'NONE',  ( 2.749999999999999112, 2.165000000000000036, -0.7605367378089592512 ) ) ;
#6522 =( NAMED_UNIT ( * ) PLANE_ANGLE_UNIT ( ) SI_UNIT ( $, .RADIAN. ) );
#6523 = FILL_AREA_STYLE ('',( #2964 ) ) ;
#6524 = MECHANICAL_DESIGN_GEOMETRIC_PRESENTATION_REPRESENTATION (  '', ( #10865 ), #4196 ) ;
#6525 = ORIENTED_EDGE ( 'NONE', *, *, #3950, .T. ) ;
#6526 = ORIENTED_EDGE ( 'NONE', *, *, #219, .F. ) ;
#6527 = DIRECTION ( 'NONE',  ( -0.9945218953682732899, 0.000000000000000000, 0.1045284632676539427 ) ) ;
#6528 = ORIENTED_EDGE ( 'NONE', *, *, #1097, .F. ) ;
#6529 = MECHANICAL_DESIGN_GEOMETRIC_PRESENTATION_REPRESENTATION (  '', ( #10507 ), #7079 ) ;
#6530 = CARTESIAN_POINT ( 'NONE',  ( -4.250273160256226035, 1.949999626916908202, -0.1100035496485076147 ) ) ;
#6531 = DIRECTION ( 'NONE',  ( 0.000000000000000000, 0.000000000000000000, -1.000000000000000000 ) ) ;
#6532 = DIRECTION ( 'NONE',  ( -1.000000000000000000, -0.000000000000000000, -0.000000000000000000 ) ) ;
#6533 = COLOUR_RGB ( '',0.8039215686274510109, 0.8039215686274510109, 0.8039215686274510109 ) ;
#6534 = ORIENTED_EDGE ( 'NONE', *, *, #8916, .F. ) ;
#6535 = SPHERICAL_SURFACE ( 'NONE', #592, 0.07499999999999999722 ) ;
#6536 = COLOUR_RGB ( '',0.8039215686274510109, 0.8039215686274510109, 0.8039215686274510109 ) ;
#6537 = UNCERTAINTY_MEASURE_WITH_UNIT (LENGTH_MEASURE( 1.000000000000000082E-05 ), #8835, 'distance_accuracy_value', 'NONE');
#6538 = CARTESIAN_POINT ( 'NONE',  ( -4.251217025357843404, -1.876217025357843626, 0.09449019374921865944 ) ) ;
#6539 =( NAMED_UNIT ( * ) PLANE_ANGLE_UNIT ( ) SI_UNIT ( $, .RADIAN. ) );
#6540 = PLANE ( 'NONE',  #3496 ) ;
#6541 = CARTESIAN_POINT ( 'NONE',  ( 2.749999999999999112, -2.474947744208253031, -0.7427475520708763934 ) ) ;
#6542 = SURFACE_STYLE_FILL_AREA ( #10044 ) ;
#6543 = FACE_OUTER_BOUND ( 'NONE', #10812, .T. ) ;
#6544 = EDGE_CURVE ( 'NONE', #3367, #3313, #7624, .T. ) ;
#6546 = DIRECTION ( 'NONE',  ( 0.000000000000000000, 0.02716902826231849810, -0.9996308538171886360 ) ) ;
#6545 = VECTOR ( 'NONE', #7993, 1000.000000000000227 ) ;
#6547 = DIRECTION ( 'NONE',  ( 0.000000000000000000, -0.9975640502598243087, 0.06975647374412501101 ) ) ;
#6548 = CARTESIAN_POINT ( 'NONE',  ( -2.750000000000001332, -1.950000000000000178, 0.1100000000000000144 ) ) ;
#6549 = LINE ( 'NONE', #3798, #4318 ) ;
#6550 = COLOUR_RGB ( '',0.8039215686274510109, 0.8039215686274510109, 0.8039215686274510109 ) ;
#6551 = ORIENTED_EDGE ( 'NONE', *, *, #6630, .T. ) ;
#6552 = ORIENTED_EDGE ( 'NONE', *, *, #1773, .T. ) ;
#6553 = DIRECTION ( 'NONE',  ( 1.000000000000000000, 0.000000000000000000, -0.000000000000000000 ) ) ;
#6554 = CYLINDRICAL_SURFACE ( 'NONE', #4582, 0.2000000000000002054 ) ;
#6555 = ADVANCED_FACE ( 'NONE', ( #6993 ), #185, .T. ) ;
#6556 = SURFACE_SIDE_STYLE ('',( #7347 ) ) ;
#6557 = EDGE_CURVE ( 'NONE', #11062, #1535, #3711, .T. ) ;
#6558 = ADVANCED_FACE ( 'NONE', ( #10603 ), #2856, .T. ) ;
#6559 = CARTESIAN_POINT ( 'NONE',  ( -2.750000000000001332, -3.000000000000000000, -0.7794627824221421752 ) ) ;
#6560 = ADVANCED_FACE ( 'NONE', ( #2059 ), #10026, .T. ) ;
#6561 = ORIENTED_EDGE ( 'NONE', *, *, #5179, .F. ) ;
#6562 = VECTOR ( 'NONE', #287, 1000.000000000000227 ) ;
#6563 = VECTOR ( 'NONE', #9605, 1000.000000000000000 ) ;
#6564 = VERTEX_POINT ( 'NONE', #1450 ) ;
#6565 = DIRECTION ( 'NONE',  ( 1.000000000000000000, 0.000000000000000000, 0.000000000000000000 ) ) ;
#6566 = LINE ( 'NONE', #8208, #4991 ) ;
#6567 = PLANE ( 'NONE',  #1718 ) ;
#6568 = AXIS2_PLACEMENT_3D ( 'NONE', #5650, #268, #1000 ) ;
#6569 = AXIS2_PLACEMENT_3D ( 'NONE', #9416, #777, #8463 ) ;
#6570 = FACE_OUTER_BOUND ( 'NONE', #5275, .T. ) ;
#6571 = CARTESIAN_POINT ( 'NONE',  ( -3.600000000000000977, -2.050000000000000266, -0.1099999999999999867 ) ) ;
#6572 = VERTEX_POINT ( 'NONE', #3944 ) ;
#6573 = UNCERTAINTY_MEASURE_WITH_UNIT (LENGTH_MEASURE( 1.000000000000000082E-05 ), #8970, 'distance_accuracy_value', 'NONE');
#6574 = SURFACE_SIDE_STYLE ('',( #4841 ) ) ;
#6575 = FACE_OUTER_BOUND ( 'NONE', #3467, .T. ) ;
#6576 = CARTESIAN_POINT ( 'NONE',  ( 2.749999999999999112, -2.481923391582665950, -0.6429911470448941291 ) ) ;
#6577 = FACE_OUTER_BOUND ( 'NONE', #10498, .T. ) ;
#6578 = EDGE_LOOP ( 'NONE', ( #9674, #10392, #5085, #7315 ) ) ;
#6579 = EDGE_LOOP ( 'NONE', ( #4475, #2141, #6757, #4679 ) ) ;
#6580 = CARTESIAN_POINT ( 'NONE',  ( 3.599999999999999645, 2.364926170763438140, -0.7551029321564953767 ) ) ;
#6581 = EDGE_LOOP ( 'NONE', ( #1633, #4621, #10828, #966 ) ) ;
#6582 = CARTESIAN_POINT ( 'NONE',  ( -1.480000000000000870, -2.381960306200947564, -0.6457080498711260663 ) ) ;
#6583 = SURFACE_SIDE_STYLE ('',( #8982 ) ) ;
#6584 = FACE_OUTER_BOUND ( 'NONE', #1754, .T. ) ;
#6585 = ORIENTED_EDGE ( 'NONE', *, *, #5604, .T. ) ;
#6586 = DIRECTION ( 'NONE',  ( 1.000000000000000000, 0.000000000000000000, 0.000000000000000000 ) ) ;
#6587 = STYLED_ITEM ( 'NONE', ( #6093 ), #796 ) ;
#6588 = FILL_AREA_STYLE_COLOUR ( '', #9722 ) ;
#6589 = CARTESIAN_POINT ( 'NONE',  ( -3.800202986107628966, -1.425202986107629410, 0.7399999999999999911 ) ) ;
#6590 =( LENGTH_UNIT ( ) NAMED_UNIT ( * ) SI_UNIT ( .MILLI., .METRE. ) );
#6591 = DIRECTION ( 'NONE',  ( 1.000000000000000000, 0.000000000000000000, 0.000000000000000000 ) ) ;
#6592 = CARTESIAN_POINT ( 'NONE',  ( -4.324999626916907758, -1.875273160256224703, 0.1100035496485116115 ) ) ;
#6593 = CYLINDRICAL_SURFACE ( 'NONE', #8246, 0.09999999999999982514 ) ;
#6595 = CARTESIAN_POINT ( 'NONE',  ( 0.2099999999999992428, -2.364926170763438140, -0.7551029321564953767 ) ) ;
#6594 = COLOUR_RGB ( '',0.2862745098039215508, 0.2862745098039215508, 0.2862745098039215508 ) ;
#6596 = DIRECTION ( 'NONE',  ( 0.000000000000000000, -0.06975647374412501101, -0.9975640502598243087 ) ) ;
#6597 = EDGE_CURVE ( 'NONE', #7260, #636, #10882, .T. ) ;
#6598 = EDGE_CURVE ( 'NONE', #8158, #11099, #971, .T. ) ;
#6599 = ORIENTED_EDGE ( 'NONE', *, *, #1897, .F. ) ;
#6600 = AXIS2_PLACEMENT_3D ( 'NONE', #75, #4534, #3502 ) ;
#6601 = ORIENTED_EDGE ( 'NONE', *, *, #11106, .T. ) ;
#6602 =( NAMED_UNIT ( * ) PLANE_ANGLE_UNIT ( ) SI_UNIT ( $, .RADIAN. ) );
#6603 = AXIS2_PLACEMENT_3D ( 'NONE', #5696, #5053, #5761 ) ;
#6604 =( LENGTH_UNIT ( ) NAMED_UNIT ( * ) SI_UNIT ( .MILLI., .METRE. ) );
#6605 = SURFACE_STYLE_FILL_AREA ( #5722 ) ;
#6606 = DIRECTION ( 'NONE',  ( 0.000000000000000000, 0.000000000000000000, 1.000000000000000000 ) ) ;
#6607 = DIRECTION ( 'NONE',  ( 1.000000000000000000, 0.000000000000000000, 0.000000000000000000 ) ) ;
#6608 = COLOUR_RGB ( '',0.8039215686274510109, 0.8039215686274510109, 0.8039215686274510109 ) ;
#6609 = AXIS2_PLACEMENT_3D ( 'NONE', #6879, #2156, #10015 ) ;
#6610 = ORIENTED_EDGE ( 'NONE', *, *, #7094, .T. ) ;
#6611 = DIRECTION ( 'NONE',  ( 0.000000000000000000, 1.000000000000000000, 0.000000000000000000 ) ) ;
#6612 = ADVANCED_FACE ( 'NONE', ( #397 ), #9975, .F. ) ;
#6613 = STYLED_ITEM ( 'NONE', ( #1829 ), #2473 ) ;
#6614 = COLOUR_RGB ( '',0.8039215686274510109, 0.8039215686274510109, 0.8039215686274510109 ) ;
#6615 = EDGE_CURVE ( 'NONE', #10030, #4650, #665, .T. ) ;
#6616 = ORIENTED_EDGE ( 'NONE', *, *, #4842, .T. ) ;
#6617 = CARTESIAN_POINT ( 'NONE',  ( -4.020000000000001350, 1.950000000000000178, -0.1099999999999999867 ) ) ;
#6618 = VECTOR ( 'NONE', #7626, 1000.000000000000000 ) ;
#6619 = EDGE_CURVE ( 'NONE', #2448, #7651, #5800, .T. ) ;
#6620 =( LENGTH_UNIT ( ) NAMED_UNIT ( * ) SI_UNIT ( .MILLI., .METRE. ) );
#6621 = STYLED_ITEM ( 'NONE', ( #7734 ), #10086 ) ;
#6622 = CARTESIAN_POINT ( 'NONE',  ( -4.293963392251839650, -1.949760935694446307, 0.1122745449310376537 ) ) ;
#6623 = LINE ( 'NONE', #6856, #1322 ) ;
#6624 = FACE_OUTER_BOUND ( 'NONE', #2604, .T. ) ;
#6625 = SURFACE_STYLE_FILL_AREA ( #3168 ) ;
#6626 = STYLED_ITEM ( 'NONE', ( #256 ), #8677 ) ;
#6627 = MECHANICAL_DESIGN_GEOMETRIC_PRESENTATION_REPRESENTATION (  '', ( #10057 ), #1058 ) ;
#6628 = ORIENTED_EDGE ( 'NONE', *, *, #8977, .F. ) ;
#6629 = PRESENTATION_STYLE_ASSIGNMENT (( #9874 ) ) ;
#6630 = EDGE_CURVE ( 'NONE', #9564, #7522, #1552, .T. ) ;
#6631 = VECTOR ( 'NONE', #5762, 1000.000000000000227 ) ;
#6632 = AXIS2_PLACEMENT_3D ( 'NONE', #4892, #1448, #4726 ) ;
#6633 = EDGE_LOOP ( 'NONE', ( #9987, #7728, #7599, #9336 ) ) ;
#6634 = ADVANCED_FACE ( 'NONE', ( #10145 ), #6868, .T. ) ;
#6635 = STYLED_ITEM ( 'NONE', ( #9772 ), #4000 ) ;
#6636 =( NAMED_UNIT ( * ) PLANE_ANGLE_UNIT ( ) SI_UNIT ( $, .RADIAN. ) );
#6637 = UNCERTAINTY_MEASURE_WITH_UNIT (LENGTH_MEASURE( 1.000000000000000082E-05 ), #9914, 'distance_accuracy_value', 'NONE');
#6638 = LINE ( 'NONE', #3180, #604 ) ;
#6639 = CYLINDRICAL_SURFACE ( 'NONE', #695, 0.2000000000000003164 ) ;
#6640 = AXIS2_PLACEMENT_3D ( 'NONE', #7948, #7769, #226 ) ;
#6641 = SURFACE_STYLE_USAGE ( .BOTH. , #3182 ) ;
#6642 =( LENGTH_UNIT ( ) NAMED_UNIT ( * ) SI_UNIT ( .MILLI., .METRE. ) );
#6643 = VERTEX_POINT ( 'NONE', #11108 ) ;
#6644 = EDGE_LOOP ( 'NONE', ( #6076, #10852, #783, #10210 ) ) ;
#6645 = PLANE ( 'NONE',  #10449 ) ;
#6646 = ORIENTED_EDGE ( 'NONE', *, *, #6268, .T. ) ;
#6647 =( GEOMETRIC_REPRESENTATION_CONTEXT ( 3 ) GLOBAL_UNCERTAINTY_ASSIGNED_CONTEXT ( ( #6938 ) ) GLOBAL_UNIT_ASSIGNED_CONTEXT ( ( #7337, #5651, #417 ) ) REPRESENTATION_CONTEXT ( 'NONE', 'WORKASPACE' ) );
#6648 = SURFACE_STYLE_FILL_AREA ( #8351 ) ;
#6649 = SURFACE_SIDE_STYLE ('',( #2569 ) ) ;
#6650 = CARTESIAN_POINT ( 'NONE',  ( 4.257733289429966206, 1.889792128260249227, 0.6828396347450740311 ) ) ;
#6651 = VECTOR ( 'NONE', #8573, 1000.000000000000000 ) ;
#6652 = ORIENTED_EDGE ( 'NONE', *, *, #3669, .T. ) ;
#6653 = DIRECTION ( 'NONE',  ( -1.000000000000000000, -0.000000000000000000, -0.000000000000000000 ) ) ;
#6654 = FACE_OUTER_BOUND ( 'NONE', #6882, .T. ) ;
#6655 = DIRECTION ( 'NONE',  ( 0.000000000000000000, 0.02716902826232023976, 0.9996308538171885250 ) ) ;
#6656 = COLOUR_RGB ( '',0.8039215686274510109, 0.8039215686274510109, 0.8039215686274510109 ) ;
#6657 = PLANE ( 'NONE',  #8965 ) ;
#6658 =( LENGTH_UNIT ( ) NAMED_UNIT ( * ) SI_UNIT ( .MILLI., .METRE. ) );
#6659 = SURFACE_SIDE_STYLE ('',( #1467 ) ) ;
#6660 = MECHANICAL_DESIGN_GEOMETRIC_PRESENTATION_REPRESENTATION (  '', ( #2866 ), #3217 ) ;
#6661 = MECHANICAL_DESIGN_GEOMETRIC_PRESENTATION_REPRESENTATION (  '', ( #6124 ), #4143 ) ;
#6662 = SURFACE_STYLE_USAGE ( .BOTH. , #11068 ) ;
#6663 =( LENGTH_UNIT ( ) NAMED_UNIT ( * ) SI_UNIT ( .MILLI., .METRE. ) );
#6664 = ORIENTED_EDGE ( 'NONE', *, *, #6730, .F. ) ;
#6665 = FILL_AREA_STYLE_COLOUR ( '', #3214 ) ;
#6666 = ORIENTED_EDGE ( 'NONE', *, *, #8013, .T. ) ;
#6667 = ORIENTED_EDGE ( 'NONE', *, *, #10296, .T. ) ;
#6668 = DIRECTION ( 'NONE',  ( 1.000000000000000000, 0.000000000000000000, 0.000000000000000000 ) ) ;
#6669 = AXIS2_PLACEMENT_3D ( 'NONE', #4709, #10641, #9903 ) ;
#6670 = LINE ( 'NONE', #4187, #1193 ) ;
#6671 =( LENGTH_UNIT ( ) NAMED_UNIT ( * ) SI_UNIT ( .MILLI., .METRE. ) );
#6672 = CARTESIAN_POINT ( 'NONE',  ( -0.2100000000000005473, -1.950000000000000178, -0.1099999999999999867 ) ) ;
#6673 = SURFACE_STYLE_FILL_AREA ( #1638 ) ;
#6674 =( GEOMETRIC_REPRESENTATION_CONTEXT ( 3 ) GLOBAL_UNCERTAINTY_ASSIGNED_CONTEXT ( ( #3237 ) ) GLOBAL_UNIT_ASSIGNED_CONTEXT ( ( #6805, #4278, #7545 ) ) REPRESENTATION_CONTEXT ( 'NONE', 'WORKASPACE' ) );
#6675 = VERTEX_POINT ( 'NONE', #4995 ) ;
#6676 = VERTEX_POINT ( 'NONE', #2386 ) ;
#6677 = DIRECTION ( 'NONE',  ( 0.000000000000000000, 0.000000000000000000, -1.000000000000000000 ) ) ;
#6678 = DIRECTION ( 'NONE',  ( 0.000000000000000000, 0.000000000000000000, 1.000000000000000000 ) ) ;
#6679 = ORIENTED_EDGE ( 'NONE', *, *, #1593, .F. ) ;
#6680 = LINE ( 'NONE', #766, #6736 ) ;
#6681 = SURFACE_STYLE_USAGE ( .BOTH. , #1324 ) ;
#6682 = VERTEX_POINT ( 'NONE', #2505 ) ;
#6683 = DIRECTION ( 'NONE',  ( 0.000000000000000000, 0.000000000000000000, 1.000000000000000000 ) ) ;
#6684 = PRESENTATION_STYLE_ASSIGNMENT (( #8459 ) ) ;
#6685 = DIRECTION ( 'NONE',  ( 1.000000000000000000, 0.000000000000000000, 0.000000000000000000 ) ) ;
#6686 = DIRECTION ( 'NONE',  ( 0.000000000000000000, 1.000000000000000000, 0.000000000000000000 ) ) ;
#6687 = SURFACE_SIDE_STYLE ('',( #10320 ) ) ;
#6688 = EDGE_CURVE ( 'NONE', #1904, #1403, #2560, .T. ) ;
#6689 = DIRECTION ( 'NONE',  ( 1.000000000000000000, 0.000000000000000000, 0.000000000000000000 ) ) ;
#6690 = CARTESIAN_POINT ( 'NONE',  ( -4.020000000000001350, -3.000000000000000000, -0.7794627824221421752 ) ) ;
#6691 = ORIENTED_EDGE ( 'NONE', *, *, #2121, .F. ) ;
#6692 = EDGE_CURVE ( 'NONE', #4819, #6224, #1841, .T. ) ;
#6693 = VERTEX_POINT ( 'NONE', #1614 ) ;
#6694 = EDGE_CURVE ( 'NONE', #4250, #8124, #6638, .T. ) ;
#6695 = FILL_AREA_STYLE ('',( #10831 ) ) ;
#6696 = ORIENTED_EDGE ( 'NONE', *, *, #6300, .F. ) ;
#6697 = PRESENTATION_LAYER_ASSIGNMENT (  '', '', ( #10133 ) ) ;
#6698 = DIRECTION ( 'NONE',  ( 1.000000000000000000, 0.000000000000000000, 0.000000000000000000 ) ) ;
#6699 = CARTESIAN_POINT ( 'NONE',  ( 2.749999999999999112, 3.000000000000000000, -1.000000000000000000 ) ) ;
#6700 = ORIENTED_EDGE ( 'NONE', *, *, #10773, .T. ) ;
#6701 = LINE ( 'NONE', #6875, #4005 ) ;
#6702 =( NAMED_UNIT ( * ) PLANE_ANGLE_UNIT ( ) SI_UNIT ( $, .RADIAN. ) );
#6703 = AXIS2_PLACEMENT_3D ( 'NONE', #9642, #6135, #3709 ) ;
#6704 = DIRECTION ( 'NONE',  ( 0.000000000000000000, 0.000000000000000000, -1.000000000000000000 ) ) ;
#6705 = LINE ( 'NONE', #5929, #10403 ) ;
#6706 = CARTESIAN_POINT ( 'NONE',  ( -3.600000000000000977, -2.474947744208253031, -0.7427475520708763934 ) ) ;
#6707 =( NAMED_UNIT ( * ) PLANE_ANGLE_UNIT ( ) SI_UNIT ( $, .RADIAN. ) );
#6708 = ORIENTED_EDGE ( 'NONE', *, *, #10705, .T. ) ;
#6709 =( GEOMETRIC_REPRESENTATION_CONTEXT ( 3 ) GLOBAL_UNCERTAINTY_ASSIGNED_CONTEXT ( ( #8455 ) ) GLOBAL_UNIT_ASSIGNED_CONTEXT ( ( #1447, #6636, #4322 ) ) REPRESENTATION_CONTEXT ( 'NONE', 'WORKASPACE' ) );
#6710 = CARTESIAN_POINT ( 'NONE',  ( -4.020000000000001350, -2.050000000000000266, -0.2100000000000000200 ) ) ;
#6711 = AXIS2_PLACEMENT_3D ( 'NONE', #8118, #7261, #5523 ) ;
#6712 = EDGE_LOOP ( 'NONE', ( #1263, #7997, #3291, #11075 ) ) ;
#6713 = FACE_OUTER_BOUND ( 'NONE', #559, .T. ) ;
#6714 = VERTEX_POINT ( 'NONE', #6017 ) ;
#6715 =( NAMED_UNIT ( * ) PLANE_ANGLE_UNIT ( ) SI_UNIT ( $, .RADIAN. ) );
#6716 = DIRECTION ( 'NONE',  ( 0.000000000000000000, 0.9996308538171886360, 0.02716902826231849810 ) ) ;
#6717 = LINE ( 'NONE', #7623, #15 ) ;
#6718 = FACE_OUTER_BOUND ( 'NONE', #615, .T. ) ;
#6719 = DIRECTION ( 'NONE',  ( 1.000000000000000000, 0.000000000000000000, 0.000000000000000000 ) ) ;
#6720 =( NAMED_UNIT ( * ) PLANE_ANGLE_UNIT ( ) SI_UNIT ( $, .RADIAN. ) );
#6721 = AXIS2_PLACEMENT_3D ( 'NONE', #8550, #10926, #10132 ) ;
#6722 = VERTEX_POINT ( 'NONE', #1661 ) ;
#6723 = ORIENTED_EDGE ( 'NONE', *, *, #2953, .T. ) ;
#6724 = STYLED_ITEM ( 'NONE', ( #2482 ), #6137 ) ;
#6725 = PRESENTATION_STYLE_ASSIGNMENT (( #11034 ) ) ;
#6726 = PLANE ( 'NONE',  #7314 ) ;
#6727 = FACE_OUTER_BOUND ( 'NONE', #3027, .T. ) ;
#6728 = FACE_OUTER_BOUND ( 'NONE', #3998, .T. ) ;
#6729 = STYLED_ITEM ( 'NONE', ( #1120 ), #7182 ) ;
#6730 = EDGE_CURVE ( 'NONE', #4202, #64, #8567, .T. ) ;
#6731 = ORIENTED_EDGE ( 'NONE', *, *, #292, .F. ) ;
#6732 = SURFACE_SIDE_STYLE ('',( #4203 ) ) ;
#6733 = CARTESIAN_POINT ( 'NONE',  ( -4.325000000000000178, 1.874999999999999778, 0.1100000000000000006 ) ) ;
#6734 = UNCERTAINTY_MEASURE_WITH_UNIT (LENGTH_MEASURE( 1.000000000000000082E-05 ), #6450, 'distance_accuracy_value', 'NONE');
#6735 = EDGE_CURVE ( 'NONE', #5256, #2692, #8166, .T. ) ;
#6736 = VECTOR ( 'NONE', #1609, 1000.000000000000000 ) ;
#6737 = EDGE_LOOP ( 'NONE', ( #6199, #9062, #3637, #3498 ) ) ;
#6738 =( LENGTH_UNIT ( ) NAMED_UNIT ( * ) SI_UNIT ( .MILLI., .METRE. ) );
#6739 = COLOUR_RGB ( '',0.8039215686274510109, 0.8039215686274510109, 0.8039215686274510109 ) ;
#6740 = EDGE_CURVE ( 'NONE', #3057, #8270, #2674, .T. ) ;
#6741 = DIRECTION ( 'NONE',  ( -1.000000000000000000, 0.000000000000000000, -0.000000000000000000 ) ) ;
#6742 = DIRECTION ( 'NONE',  ( 0.000000000000000000, 0.000000000000000000, -1.000000000000000000 ) ) ;
#6743 = DIRECTION ( 'NONE',  ( 1.000000000000000000, 0.000000000000000000, 0.000000000000000000 ) ) ;
#6744 = SURFACE_STYLE_USAGE ( .BOTH. , #10149 ) ;
#6745 = ORIENTED_EDGE ( 'NONE', *, *, #3462, .F. ) ;
#6746 = UNCERTAINTY_MEASURE_WITH_UNIT (LENGTH_MEASURE( 1.000000000000000082E-05 ), #9904, 'distance_accuracy_value', 'NONE');
#6747 = VECTOR ( 'NONE', #39, 1000.000000000000000 ) ;
#6748 = EDGE_LOOP ( 'NONE', ( #456, #11004, #9505, #6800, #5822, #10935, #6317, #9781, #8009, #6143, #9085, #3184 ) ) ;
#6750 = DIRECTION ( 'NONE',  ( 0.000000000000000000, -0.9975640502598241977, -0.06975647374412546897 ) ) ;
#6749 = VECTOR ( 'NONE', #8335, 1000.000000000000000 ) ;
#6751 = ORIENTED_EDGE ( 'NONE', *, *, #8295, .T. ) ;
#6752 = LINE ( 'NONE', #2394, #331 ) ;
#6753 = ADVANCED_FACE ( 'NONE', ( #9529 ), #7875, .T. ) ;
#6754 = FACE_OUTER_BOUND ( 'NONE', #7918, .T. ) ;
#6755 = CARTESIAN_POINT ( 'NONE',  ( 2.329999999999999627, -2.364926170763438140, -0.7551029321564953767 ) ) ;
#6756 = PRESENTATION_LAYER_ASSIGNMENT (  '', '', ( #647 ) ) ;
#6757 = ORIENTED_EDGE ( 'NONE', *, *, #8372, .T. ) ;
#6758 = EDGE_CURVE ( 'NONE', #47, #1394, #257, .T. ) ;
#6759 = ADVANCED_FACE ( 'NONE', ( #943 ), #7143, .T. ) ;
#6760 = VECTOR ( 'NONE', #5470, 1000.000000000000227 ) ;
#6761 = CARTESIAN_POINT ( 'NONE',  ( -4.264792128260249449, -1.815202986107629091, 0.6828396347450739201 ) ) ;
#6762 = SURFACE_SIDE_STYLE ('',( #4231 ) ) ;
#6763 = ORIENTED_EDGE ( 'NONE', *, *, #2687, .F. ) ;
#6764 = LINE ( 'NONE', #5066, #2797 ) ;
#6765 = ORIENTED_EDGE ( 'NONE', *, *, #4370, .T. ) ;
#6766 = DIRECTION ( 'NONE',  ( 0.000000000000000000, 0.000000000000000000, -1.000000000000000000 ) ) ;
#6767 = UNCERTAINTY_MEASURE_WITH_UNIT (LENGTH_MEASURE( 1.000000000000000082E-05 ), #5772, 'distance_accuracy_value', 'NONE');
#6768 = ORIENTED_EDGE ( 'NONE', *, *, #6072, .T. ) ;
#6769 = DIRECTION ( 'NONE',  ( 0.000000000000000000, 0.000000000000000000, -1.000000000000000000 ) ) ;
#6770 = ORIENTED_EDGE ( 'NONE', *, *, #4842, .F. ) ;
#6771 = SURFACE_SIDE_STYLE ('',( #8704 ) ) ;
#6772 = ADVANCED_FACE ( 'NONE', ( #6301 ), #45, .F. ) ;
#6773 = CARTESIAN_POINT ( 'NONE',  ( -3.605202986107629126, -1.425202986107629410, 0.7500000000000000000 ) ) ;
#6774 = DIRECTION ( 'NONE',  ( 0.000000000000000000, -0.9975640502598243087, 0.06975647374412501101 ) ) ;
#6775 = LINE ( 'NONE', #8436, #7549 ) ;
#6776 = AXIS2_PLACEMENT_3D ( 'NONE', #1589, #5827, #10298 ) ;
#6777 = CARTESIAN_POINT ( 'NONE',  ( 2.329999999999999627, -2.165000000000000036, -0.7605367378089592512 ) ) ;
#6778 = VECTOR ( 'NONE', #880, 1000.000000000000000 ) ;
#6779 = FILL_AREA_STYLE_COLOUR ( '', #2648 ) ;
#6780 = SURFACE_SIDE_STYLE ('',( #6673 ) ) ;
#6781 = PRESENTATION_LAYER_ASSIGNMENT (  '', '', ( #497 ) ) ;
#6782 = AXIS2_PLACEMENT_3D ( 'NONE', #1187, #6378, #8081 ) ;
#6783 = VERTEX_POINT ( 'NONE', #494 ) ;
#6784 = ORIENTED_EDGE ( 'NONE', *, *, #234, .F. ) ;
#6785 = VECTOR ( 'NONE', #2214, 1000.000000000000000 ) ;
#6786 = LINE ( 'NONE', #5733, #687 ) ;
#6787 = DIRECTION ( 'NONE',  ( 1.000000000000000000, 0.000000000000000000, 0.000000000000000000 ) ) ;
#6788 = DIRECTION ( 'NONE',  ( 0.000000000000000000, 0.000000000000000000, 1.000000000000000000 ) ) ;
#6789 =( LENGTH_UNIT ( ) NAMED_UNIT ( * ) SI_UNIT ( .MILLI., .METRE. ) );
#6790 = VECTOR ( 'NONE', #10220, 1000.000000000000000 ) ;
#6791 =( NAMED_UNIT ( * ) SI_UNIT ( $, .STERADIAN. ) SOLID_ANGLE_UNIT ( ) );
#6792 = AXIS2_PLACEMENT_3D ( 'NONE', #9654, #2580, #1898 ) ;
#6793 = PRESENTATION_LAYER_ASSIGNMENT (  '', '', ( #1387 ) ) ;
#6794 = ORIENTED_EDGE ( 'NONE', *, *, #666, .T. ) ;
#6795 =( GEOMETRIC_REPRESENTATION_CONTEXT ( 3 ) GLOBAL_UNCERTAINTY_ASSIGNED_CONTEXT ( ( #1312 ) ) GLOBAL_UNIT_ASSIGNED_CONTEXT ( ( #1003, #218, #2846 ) ) REPRESENTATION_CONTEXT ( 'NONE', 'WORKASPACE' ) );
#6796 = CARTESIAN_POINT ( 'NONE',  ( -2.750000000000001332, -2.166782826543157903, -0.09000000000000002442 ) ) ;
#6797 = SURFACE_STYLE_USAGE ( .BOTH. , #4204 ) ;
#6798 = AXIS2_PLACEMENT_3D ( 'NONE', #3803, #8028, #9470 ) ;
#6799 = AXIS2_PLACEMENT_3D ( 'NONE', #4830, #1440, #437 ) ;
#6800 = ORIENTED_EDGE ( 'NONE', *, *, #380, .T. ) ;
#6801 = CARTESIAN_POINT ( 'NONE',  ( -3.600000000000000977, -3.000000000000000000, -0.7794627824221421752 ) ) ;
#6802 = AXIS2_PLACEMENT_3D ( 'NONE', #991, #4428, #7800 ) ;
#6803 = CIRCLE ( 'NONE', #8067, 0.07500000000000002498 ) ;
#6804 = DIRECTION ( 'NONE',  ( 0.000000000000000000, 0.000000000000000000, 1.000000000000000000 ) ) ;
#6805 =( LENGTH_UNIT ( ) NAMED_UNIT ( * ) SI_UNIT ( .MILLI., .METRE. ) );
#6806 = PRESENTATION_STYLE_ASSIGNMENT (( #8517 ) ) ;
#6807 = ORIENTED_EDGE ( 'NONE', *, *, #10284, .T. ) ;
#6808 = ORIENTED_EDGE ( 'NONE', *, *, #7733, .F. ) ;
#6809 =( NAMED_UNIT ( * ) PLANE_ANGLE_UNIT ( ) SI_UNIT ( $, .RADIAN. ) );
#6810 = ORIENTED_EDGE ( 'NONE', *, *, #9184, .F. ) ;
#6811 = CARTESIAN_POINT ( 'NONE',  ( -2.330000000000001403, 1.950000000000000178, -0.1099999999999999867 ) ) ;
#6812 =( GEOMETRIC_REPRESENTATION_CONTEXT ( 3 ) GLOBAL_UNCERTAINTY_ASSIGNED_CONTEXT ( ( #3004 ) ) GLOBAL_UNIT_ASSIGNED_CONTEXT ( ( #2828, #6702, #53 ) ) REPRESENTATION_CONTEXT ( 'NONE', 'WORKASPACE' ) );
#6813 = STYLED_ITEM ( 'NONE', ( #9869 ), #3819 ) ;
#6814 =( BOUNDED_CURVE ( )  B_SPLINE_CURVE ( 3, ( #9727, #10678, #5482, #4536 ),
 .UNSPECIFIED., .F., .F. ) 
 B_SPLINE_CURVE_WITH_KNOTS ( ( 4, 4 ),
 ( 6.277722098658046868, 6.283185307179586232 ),
 .UNSPECIFIED. ) 
 CURVE ( )  GEOMETRIC_REPRESENTATION_ITEM ( )  RATIONAL_B_SPLINE_CURVE ( ( 1.000000000000000000, 0.9999975127809339615, 0.9999975127809339615, 1.000000000000000000 ) ) 
 REPRESENTATION_ITEM ( '' )  );
#6815 = DIRECTION ( 'NONE',  ( -1.000000000000000000, -0.000000000000000000, -0.000000000000000000 ) ) ;
#6816 = ORIENTED_EDGE ( 'NONE', *, *, #7944, .F. ) ;
#6817 = PRESENTATION_LAYER_ASSIGNMENT (  '', '', ( #1225 ) ) ;
#6818 = CARTESIAN_POINT ( 'NONE',  ( -1.060000000000000941, -2.166782826543157903, -0.09000000000000002442 ) ) ;
#6819 = DIRECTION ( 'NONE',  ( 1.000000000000000000, 0.000000000000000000, 0.000000000000000000 ) ) ;
#6820 = DIRECTION ( 'NONE',  ( 1.000000000000000000, 0.000000000000000000, 0.000000000000000000 ) ) ;
#6821 = CIRCLE ( 'NONE', #10798, 0.07499999999999998335 ) ;
#6822 = DIRECTION ( 'NONE',  ( 0.000000000000000000, -0.9996308538171886360, 0.02716902826231849810 ) ) ;
#6823 = CARTESIAN_POINT ( 'NONE',  ( -4.020000000000001350, 2.350974876014612747, -0.9546157422084604605 ) ) ;
#6824 = SURFACE_STYLE_USAGE ( .BOTH. , #3374 ) ;
#6825 = VECTOR ( 'NONE', #8871, 1000.000000000000000 ) ;
#6826 = CIRCLE ( 'NONE', #9546, 0.09999999999999982514 ) ;
#6827 = EDGE_LOOP ( 'NONE', ( #2118, #10643, #8115, #2881, #2107, #9782, #2115, #11020, #6585, #1556, #3617, #7464 ) ) ;
#6828 = SURFACE_STYLE_FILL_AREA ( #8645 ) ;
#6829 = DIRECTION ( 'NONE',  ( 0.000000000000000000, -0.9996308538171886360, 0.02716902826231849810 ) ) ;
#6830 = ORIENTED_EDGE ( 'NONE', *, *, #6194, .T. ) ;
#6831 = ORIENTED_EDGE ( 'NONE', *, *, #7016, .T. ) ;
#6832 = ADVANCED_FACE ( 'NONE', ( #8953 ), #6462, .T. ) ;
#6833 = SURFACE_SIDE_STYLE ('',( #3383 ) ) ;
#6834 = EDGE_CURVE ( 'NONE', #7705, #4336, #555, .T. ) ;
#6835 =( NAMED_UNIT ( * ) PLANE_ANGLE_UNIT ( ) SI_UNIT ( $, .RADIAN. ) );
#6836 = VECTOR ( 'NONE', #1189, 1000.000000000000000 ) ;
#6837 = ORIENTED_EDGE ( 'NONE', *, *, #5535, .T. ) ;
#6838 = DIRECTION ( 'NONE',  ( -0.9945218953682734009, 0.000000000000000000, 0.1045284632676537068 ) ) ;
#6839 = ORIENTED_EDGE ( 'NONE', *, *, #844, .T. ) ;
#6840 = DIRECTION ( 'NONE',  ( 1.000000000000000000, 0.000000000000000000, 0.000000000000000000 ) ) ;
#6841 = FACE_OUTER_BOUND ( 'NONE', #9916, .T. ) ;
#6842 = DIRECTION ( 'NONE',  ( 1.000000000000000000, 0.000000000000000000, 0.000000000000000000 ) ) ;
#6843 = EDGE_CURVE ( 'NONE', #10832, #1473, #8043, .T. ) ;
#6844 = STYLED_ITEM ( 'NONE', ( #2949 ), #4588 ) ;
#6845 = STYLED_ITEM ( 'NONE', ( #2081 ), #282 ) ;
#6846 =( NAMED_UNIT ( * ) PLANE_ANGLE_UNIT ( ) SI_UNIT ( $, .RADIAN. ) );
#6847 = CLOSED_SHELL ( 'NONE', ( #1769, #3572, #10427, #3934, #2654, #5790, #6982, #2609, #418, #10339, #1704, #7108, #8218, #9596 ) ) ;
#6848 = CARTESIAN_POINT ( 'NONE',  ( 2.329999999999999627, -2.050000000000000266, -0.2100000000000000200 ) ) ;
#6849 = EDGE_CURVE ( 'NONE', #10722, #5574, #7248, .T. ) ;
#6850 =( GEOMETRIC_REPRESENTATION_CONTEXT ( 3 ) GLOBAL_UNCERTAINTY_ASSIGNED_CONTEXT ( ( #520 ) ) GLOBAL_UNIT_ASSIGNED_CONTEXT ( ( #2419, #1636, #10182 ) ) REPRESENTATION_CONTEXT ( 'NONE', 'WORKASPACE' ) );
#6851 = EDGE_LOOP ( 'NONE', ( #30, #2029, #6751, #10208, #4848, #779 ) ) ;
#6852 = ORIENTED_EDGE ( 'NONE', *, *, #2136, .T. ) ;
#6853 = FILL_AREA_STYLE ('',( #3452 ) ) ;
#6854 = LINE ( 'NONE', #4149, #5168 ) ;
#6855 = DIRECTION ( 'NONE',  ( 0.000000000000000000, 0.02716902826231849810, -0.9996308538171886360 ) ) ;
#6856 = CARTESIAN_POINT ( 'NONE',  ( 1.059999999999999387, -1.950000000000000178, 0.1100000000000000144 ) ) ;
#6857 =( NAMED_UNIT ( * ) SI_UNIT ( $, .STERADIAN. ) SOLID_ANGLE_UNIT ( ) );
#6858 = CARTESIAN_POINT ( 'NONE',  ( -1.060000000000000941, 2.166782826543157903, -0.09000000000000002442 ) ) ;
#6859 = LINE ( 'NONE', #2665, #1965 ) ;
#6860 = CIRCLE ( 'NONE', #22, 0.2000000000000003164 ) ;
#6861 = ORIENTED_EDGE ( 'NONE', *, *, #7587, .T. ) ;
#6862 = CARTESIAN_POINT ( 'NONE',  ( 4.249999999999999112, -1.950000000000000178, 0.1100000000000000006 ) ) ;
#6863 = CARTESIAN_POINT ( 'NONE',  ( -4.020000000000001350, 1.950000000000000178, 0.1100000000000000144 ) ) ;
#6864 = UNCERTAINTY_MEASURE_WITH_UNIT (LENGTH_MEASURE( 1.000000000000000082E-05 ), #10928, 'distance_accuracy_value', 'NONE');
#6865 = ORIENTED_EDGE ( 'NONE', *, *, #5743, .F. ) ;
#6866 = CARTESIAN_POINT ( 'NONE',  ( 3.599999999999999645, -2.050000000000000266, -0.1099999999999999867 ) ) ;
#6867 = SURFACE_STYLE_USAGE ( .BOTH. , #3416 ) ;
#6868 = CYLINDRICAL_SURFACE ( 'NONE', #3111, 0.2000000000000003164 ) ;
#6869 =( LENGTH_UNIT ( ) NAMED_UNIT ( * ) SI_UNIT ( .MILLI., .METRE. ) );
#6870 = CARTESIAN_POINT ( 'NONE',  ( -4.020000000000001350, 3.000000000000000000, -1.000000000000000000 ) ) ;
#6871 = ORIENTED_EDGE ( 'NONE', *, *, #11098, .F. ) ;
#6872 = FILL_AREA_STYLE ('',( #10324 ) ) ;
#6873 = CARTESIAN_POINT ( 'NONE',  ( 2.329999999999999627, 2.050000000000000266, -0.2100000000000000200 ) ) ;
#6874 = VERTEX_POINT ( 'NONE', #10700 ) ;
#6875 = CARTESIAN_POINT ( 'NONE',  ( -0.2100000000000005473, -1.950000000000000178, 0.1100000000000000144 ) ) ;
#6876 = DIRECTION ( 'NONE',  ( -1.000000000000000000, -0.000000000000000000, -0.000000000000000000 ) ) ;
#6877 = LINE ( 'NONE', #5441, #2188 ) ;
#6878 = PRODUCT_CONTEXT ( 'NONE', #7049, 'mechanical' ) ;
#6879 = CARTESIAN_POINT ( 'NONE',  ( 4.190202986107629535, -1.815202986107629091, -0.6750000000000000444 ) ) ;
#6880 = DIRECTION ( 'NONE',  ( 0.000000000000000000, 0.000000000000000000, -1.000000000000000000 ) ) ;
#6881 = VERTEX_POINT ( 'NONE', #4718 ) ;
#6882 = EDGE_LOOP ( 'NONE', ( #9299, #7259, #6528, #2398 ) ) ;
#6883 = STYLED_ITEM ( 'NONE', ( #5512 ), #1181 ) ;
#6884 = VECTOR ( 'NONE', #6586, 1000.000000000000000 ) ;
#6885 = VERTEX_POINT ( 'NONE', #3060 ) ;
#6886 = DIRECTION ( 'NONE',  ( -0.1039620511844957379, 0.1039620511844980694, 0.9891328443778542034 ) ) ;
#6887 = EDGE_CURVE ( 'NONE', #3231, #11057, #5274, .T. ) ;
#6888 =( NAMED_UNIT ( * ) SI_UNIT ( $, .STERADIAN. ) SOLID_ANGLE_UNIT ( ) );
#6889 =( NAMED_UNIT ( * ) SI_UNIT ( $, .STERADIAN. ) SOLID_ANGLE_UNIT ( ) );
#6890 = CARTESIAN_POINT ( 'NONE',  ( 2.329999999999999627, 3.000000000000000000, -1.000000000000000000 ) ) ;
#6891 = LINE ( 'NONE', #981, #4053 ) ;
#6892 = DIRECTION ( 'NONE',  ( 0.000000000000000000, 0.000000000000000000, -1.000000000000000000 ) ) ;
#6893 = VECTOR ( 'NONE', #2957, 1000.000000000000000 ) ;
#6894 = PRESENTATION_STYLE_ASSIGNMENT (( #5367 ) ) ;
#6895 = COLOUR_RGB ( '',0.8039215686274510109, 0.8039215686274510109, 0.8039215686274510109 ) ;
#6896 = ADVANCED_FACE ( 'NONE', ( #9179 ), #6512, .F. ) ;
#6897 = VERTEX_POINT ( 'NONE', #3272 ) ;
#6898 = ORIENTED_EDGE ( 'NONE', *, *, #16, .T. ) ;
#6899 = FILL_AREA_STYLE_COLOUR ( '', #8615 ) ;
#6900 = VECTOR ( 'NONE', #6804, 1000.000000000000000 ) ;
#6901 = CARTESIAN_POINT ( 'NONE',  ( 4.324998880753507358, -1.875409738600887444, 0.1100106489190410680 ) ) ;
#6902 = EDGE_CURVE ( 'NONE', #47, #2765, #4589, .T. ) ;
#6903 = VECTOR ( 'NONE', #6275, 1000.000000000000000 ) ;
#6904 = CARTESIAN_POINT ( 'NONE',  ( -4.325000000000000178, 1.949999999999999734, 0.1100000000000000006 ) ) ;
#6905 = EDGE_CURVE ( 'NONE', #5142, #8297, #4033, .T. ) ;
#6906 = EDGE_CURVE ( 'NONE', #2339, #2301, #798, .T. ) ;
#6907 = AXIS2_PLACEMENT_3D ( 'NONE', #2907, #7047, #5458 ) ;
#6908 = LINE ( 'NONE', #3224, #5397 ) ;
#6909 = DIRECTION ( 'NONE',  ( 0.000000000000000000, 0.000000000000000000, -1.000000000000000000 ) ) ;
#6910 = CARTESIAN_POINT ( 'NONE',  ( -4.324998880753507358, 1.875409738600887222, -0.1100106489190410958 ) ) ;
#6911 = VERTEX_POINT ( 'NONE', #1603 ) ;
#6912 = PLANE ( 'NONE',  #7358 ) ;
#6913 = AXIS2_PLACEMENT_3D ( 'NONE', #5092, #714, #10193 ) ;
#6914 =( GEOMETRIC_REPRESENTATION_CONTEXT ( 3 ) GLOBAL_UNCERTAINTY_ASSIGNED_CONTEXT ( ( #6734 ) ) GLOBAL_UNIT_ASSIGNED_CONTEXT ( ( #6450, #1422, #9950 ) ) REPRESENTATION_CONTEXT ( 'NONE', 'WORKASPACE' ) );
#6915 = VERTEX_POINT ( 'NONE', #2370 ) ;
#6916 =( NAMED_UNIT ( * ) SI_UNIT ( $, .STERADIAN. ) SOLID_ANGLE_UNIT ( ) );
#6917 = LINE ( 'NONE', #100, #3363 ) ;
#6918 = VECTOR ( 'NONE', #1574, 1000.000000000000000 ) ;
#6919 = SURFACE_STYLE_FILL_AREA ( #7086 ) ;
#6920 = PLANE ( 'NONE',  #2225 ) ;
#6921 = ORIENTED_EDGE ( 'NONE', *, *, #5535, .F. ) ;
#6922 =( NAMED_UNIT ( * ) SI_UNIT ( $, .STERADIAN. ) SOLID_ANGLE_UNIT ( ) );
#6923 = CYLINDRICAL_SURFACE ( 'NONE', #6081, 0.07499999999999998335 ) ;
#6924 = STYLED_ITEM ( 'NONE', ( #7258 ), #7242 ) ;
#6925 =( NAMED_UNIT ( * ) SI_UNIT ( $, .STERADIAN. ) SOLID_ANGLE_UNIT ( ) );
#6926 = CARTESIAN_POINT ( 'NONE',  ( -2.330000000000001403, 2.050000000000000266, -0.2100000000000000200 ) ) ;
#6927 = UNCERTAINTY_MEASURE_WITH_UNIT (LENGTH_MEASURE( 1.000000000000000082E-05 ), #10137, 'distance_accuracy_value', 'NONE');
#6928 = CARTESIAN_POINT ( 'NONE',  ( -1.480000000000000870, 3.000000000000000000, -1.000000000000000000 ) ) ;
#6929 = SURFACE_SIDE_STYLE ('',( #186 ) ) ;
#6930 = CARTESIAN_POINT ( 'NONE',  ( -1.480000000000000870, -2.166782826543157903, -0.09000000000000002442 ) ) ;
#6931 = CIRCLE ( 'NONE', #2052, 0.2000000000000002054 ) ;
#6932 = AXIS2_PLACEMENT_3D ( 'NONE', #6980, #8682, #945 ) ;
#6933 = ORIENTED_EDGE ( 'NONE', *, *, #8268, .F. ) ;
#6934 = SURFACE_SIDE_STYLE ('',( #3092 ) ) ;
#6935 = ORIENTED_EDGE ( 'NONE', *, *, #5223, .T. ) ;
#6936 = FILL_AREA_STYLE ('',( #8589 ) ) ;
#6937 = SURFACE_STYLE_USAGE ( .BOTH. , #3257 ) ;
#6938 = UNCERTAINTY_MEASURE_WITH_UNIT (LENGTH_MEASURE( 1.000000000000000082E-05 ), #7337, 'distance_accuracy_value', 'NONE');
#6939 = VECTOR ( 'NONE', #8212, 1000.000000000000000 ) ;
#6940 = ORIENTED_EDGE ( 'NONE', *, *, #8152, .T. ) ;
#6941 =( NAMED_UNIT ( * ) PLANE_ANGLE_UNIT ( ) SI_UNIT ( $, .RADIAN. ) );
#6942 = FILL_AREA_STYLE ('',( #3501 ) ) ;
#6943 =( LENGTH_UNIT ( ) NAMED_UNIT ( * ) SI_UNIT ( .MILLI., .METRE. ) );
#6944 = COLOUR_RGB ( '',0.8039215686274510109, 0.8039215686274510109, 0.8039215686274510109 ) ;
#6945 = PRESENTATION_STYLE_ASSIGNMENT (( #6205 ) ) ;
#6946 = MECHANICAL_DESIGN_GEOMETRIC_PRESENTATION_REPRESENTATION (  '', ( #7834 ), #4246 ) ;
#6947 = SURFACE_STYLE_USAGE ( .BOTH. , #78 ) ;
#6948 =( NAMED_UNIT ( * ) PLANE_ANGLE_UNIT ( ) SI_UNIT ( $, .RADIAN. ) );
#6949 = EDGE_CURVE ( 'NONE', #6885, #2788, #6623, .T. ) ;
#6950 = DIRECTION ( 'NONE',  ( 0.000000000000000000, 0.000000000000000000, -1.000000000000000000 ) ) ;
#6951 = EDGE_CURVE ( 'NONE', #2583, #8063, #9403, .T. ) ;
#6952 =( GEOMETRIC_REPRESENTATION_CONTEXT ( 3 ) GLOBAL_UNCERTAINTY_ASSIGNED_CONTEXT ( ( #8302 ) ) GLOBAL_UNIT_ASSIGNED_CONTEXT ( ( #9773, #9827, #2020 ) ) REPRESENTATION_CONTEXT ( 'NONE', 'WORKASPACE' ) );
#6953 = ORIENTED_EDGE ( 'NONE', *, *, #711, .T. ) ;
#6954 = ORIENTED_EDGE ( 'NONE', *, *, #5598, .F. ) ;
#6955 = LINE ( 'NONE', #3580, #123 ) ;
#6956 = UNCERTAINTY_MEASURE_WITH_UNIT (LENGTH_MEASURE( 1.000000000000000082E-05 ), #3724, 'distance_accuracy_value', 'NONE');
#6957 = MECHANICAL_DESIGN_GEOMETRIC_PRESENTATION_REPRESENTATION (  '', ( #5520 ), #8415 ) ;
#6958 = LINE ( 'NONE', #1041, #4317 ) ;
#6959 = CYLINDRICAL_SURFACE ( 'NONE', #10354, 0.2000000000000003164 ) ;
#6960 = PRESENTATION_STYLE_ASSIGNMENT (( #10578 ) ) ;
#6961 =( NAMED_UNIT ( * ) PLANE_ANGLE_UNIT ( ) SI_UNIT ( $, .RADIAN. ) );
#6962 = DIRECTION ( 'NONE',  ( 1.000000000000000000, 0.000000000000000000, 0.000000000000000000 ) ) ;
#6963 = CARTESIAN_POINT ( 'NONE',  ( 3.599999999999999645, -2.050000000000000266, -0.2100000000000000200 ) ) ;
#6964 = ADVANCED_FACE ( 'NONE', ( #9226 ), #761, .F. ) ;
#6965 = CIRCLE ( 'NONE', #2083, 0.2000000000000002054 ) ;
#6966 = EDGE_LOOP ( 'NONE', ( #9519, #10486, #10581, #1896 ) ) ;
#6967 = SURFACE_STYLE_FILL_AREA ( #4442 ) ;
#6968 = DIRECTION ( 'NONE',  ( 0.000000000000000000, 0.9975640502598243087, -0.06975647374412548285 ) ) ;
#6969 = ADVANCED_FACE ( 'NONE', ( #4199 ), #819, .T. ) ;
#6970 = STYLED_ITEM ( 'NONE', ( #394 ), #8147 ) ;
#6971 = EDGE_CURVE ( 'NONE', #679, #4702, #7628, .T. ) ;
#6972 = ORIENTED_EDGE ( 'NONE', *, *, #4570, .F. ) ;
#6973 = LINE ( 'NONE', #2717, #1565 ) ;
#6974 = CIRCLE ( 'NONE', #6600, 0.09999999999999982514 ) ;
#6975 = PLANE ( 'NONE',  #10241 ) ;
#6976 = SURFACE_SIDE_STYLE ('',( #6071 ) ) ;
#6977 = STYLED_ITEM ( 'NONE', ( #10542 ), #3809 ) ;
#6978 = PRESENTATION_LAYER_ASSIGNMENT (  '', '', ( #1065 ) ) ;
#6979 =( NAMED_UNIT ( * ) PLANE_ANGLE_UNIT ( ) SI_UNIT ( $, .RADIAN. ) );
#6980 = CARTESIAN_POINT ( 'NONE',  ( -4.020000000000001350, 2.050000000000000266, -0.1099999999999999867 ) ) ;
#6981 = MECHANICAL_DESIGN_GEOMETRIC_PRESENTATION_REPRESENTATION (  '', ( #2638 ), #7695 ) ;
#6982 = ADVANCED_FACE ( 'NONE', ( #3687 ), #8672, .F. ) ;
#6983 = VERTEX_POINT ( 'NONE', #91 ) ;
#6984 = CARTESIAN_POINT ( 'NONE',  ( -4.020000000000001350, 2.165000000000000036, -0.7605367378089592512 ) ) ;
#6985 = PRESENTATION_LAYER_ASSIGNMENT (  '', '', ( #5547 ) ) ;
#6986 = AXIS2_PLACEMENT_3D ( 'NONE', #7470, #4767, #2947 ) ;
#6987 = DIRECTION ( 'NONE',  ( 1.000000000000000000, 0.000000000000000000, 0.000000000000000000 ) ) ;
#6988 = ADVANCED_FACE ( 'NONE', ( #1042 ), #6959, .T. ) ;
#6989 = COLOUR_RGB ( '',0.8039215686274510109, 0.8039215686274510109, 0.8039215686274510109 ) ;
#6990 = VECTOR ( 'NONE', #2205, 1000.000000000000000 ) ;
#6991 = SURFACE_STYLE_USAGE ( .BOTH. , #8908 ) ;
#6992 = DIRECTION ( 'NONE',  ( 0.000000000000000000, -0.02716902826232023976, 0.9996308538171885250 ) ) ;
#6993 = FACE_OUTER_BOUND ( 'NONE', #5656, .T. ) ;
#6994 = FILL_AREA_STYLE ('',( #7048 ) ) ;
#6995 =( NAMED_UNIT ( * ) PLANE_ANGLE_UNIT ( ) SI_UNIT ( $, .RADIAN. ) );
#6996 =( NAMED_UNIT ( * ) PLANE_ANGLE_UNIT ( ) SI_UNIT ( $, .RADIAN. ) );
#6997 = EDGE_LOOP ( 'NONE', ( #9245, #6483, #8693, #1207 ) ) ;
#6998 =( NAMED_UNIT ( * ) PLANE_ANGLE_UNIT ( ) SI_UNIT ( $, .RADIAN. ) );
#6999 = AXIS2_PLACEMENT_3D ( 'NONE', #5177, #115, #8640 ) ;
#7000 = ORIENTED_EDGE ( 'NONE', *, *, #6619, .F. ) ;
#7001 = CARTESIAN_POINT ( 'NONE',  ( 3.599999999999999645, -1.950000000000000178, -0.1099999999999999867 ) ) ;
#7002 =( GEOMETRIC_REPRESENTATION_CONTEXT ( 3 ) GLOBAL_UNCERTAINTY_ASSIGNED_CONTEXT ( ( #9986 ) ) GLOBAL_UNIT_ASSIGNED_CONTEXT ( ( #677, #2570, #3425 ) ) REPRESENTATION_CONTEXT ( 'NONE', 'WORKASPACE' ) );
#7003 = ORIENTED_EDGE ( 'NONE', *, *, #178, .F. ) ;
#7004 = SURFACE_STYLE_FILL_AREA ( #7906 ) ;
#7005 = DIRECTION ( 'NONE',  ( 0.000000000000000000, 0.000000000000000000, -1.000000000000000000 ) ) ;
#7006 = CARTESIAN_POINT ( 'NONE',  ( -3.800202986107628966, -1.425202986107629410, 0.7399999999999999911 ) ) ;
#7007 = MECHANICAL_DESIGN_GEOMETRIC_PRESENTATION_REPRESENTATION (  '', ( #1208 ), #2297 ) ;
#7008 = CARTESIAN_POINT ( 'NONE',  ( -4.250136580382891438, 1.949999999999999956, 0.1099999999999998618 ) ) ;
#7009 =( NAMED_UNIT ( * ) PLANE_ANGLE_UNIT ( ) SI_UNIT ( $, .RADIAN. ) );
#7010 = LINE ( 'NONE', #251, #7727 ) ;
#7011 = MECHANICAL_DESIGN_GEOMETRIC_PRESENTATION_REPRESENTATION (  '', ( #3962 ), #2299 ) ;
#7012 = VECTOR ( 'NONE', #6277, 1000.000000000000000 ) ;
#7013 = ORIENTED_EDGE ( 'NONE', *, *, #4556, .T. ) ;
#7014 = VERTEX_POINT ( 'NONE', #7857 ) ;
#7015 = CIRCLE ( 'NONE', #2308, 0.07499999999999998335 ) ;
#7016 = EDGE_CURVE ( 'NONE', #7014, #8481, #2831, .T. ) ;
#7017 = FACE_OUTER_BOUND ( 'NONE', #3697, .T. ) ;
#7018 = MECHANICAL_DESIGN_GEOMETRIC_PRESENTATION_REPRESENTATION (  '', ( #9013 ), #1249 ) ;
#7019 = DIRECTION ( 'NONE',  ( 1.000000000000000000, 0.000000000000000000, 0.000000000000000000 ) ) ;
#7020 = FILL_AREA_STYLE_COLOUR ( '', #9672 ) ;
#7021 = DIRECTION ( 'NONE',  ( 0.000000000000000000, -1.000000000000000000, 0.000000000000000000 ) ) ;
#7022 =( NAMED_UNIT ( * ) PLANE_ANGLE_UNIT ( ) SI_UNIT ( $, .RADIAN. ) );
#7023 = DIRECTION ( 'NONE',  ( 0.000000000000000000, -0.06975647374412501101, -0.9975640502598243087 ) ) ;
#7024 = UNCERTAINTY_MEASURE_WITH_UNIT (LENGTH_MEASURE( 1.000000000000000082E-05 ), #2912, 'distance_accuracy_value', 'NONE');
#7025 = CARTESIAN_POINT ( 'NONE',  ( -4.250409738600890108, 1.949998880753508024, -0.1100106489190371128 ) ) ;
#7026 = ORIENTED_EDGE ( 'NONE', *, *, #10994, .T. ) ;
#7027 = SURFACE_SIDE_STYLE ('',( #7137 ) ) ;
#7028 = SURFACE_STYLE_USAGE ( .BOTH. , #476 ) ;
#7029 = VECTOR ( 'NONE', #9170, 1000.000000000000000 ) ;
#7030 = ORIENTED_EDGE ( 'NONE', *, *, #8754, .T. ) ;
#7031 = CARTESIAN_POINT ( 'NONE',  ( -0.2100000000000005473, 2.050000000000000266, -0.1099999999999999867 ) ) ;
#7032 = DIRECTION ( 'NONE',  ( 0.1039620511844979306, 0.1039620511844979306, 0.9891328443778538704 ) ) ;
#7033 =( LENGTH_UNIT ( ) NAMED_UNIT ( * ) SI_UNIT ( .MILLI., .METRE. ) );
#7034 = STYLED_ITEM ( 'NONE', ( #5689 ), #4424 ) ;
#7035 = SURFACE_STYLE_USAGE ( .BOTH. , #104 ) ;
#7036 = DIRECTION ( 'NONE',  ( 0.000000000000000000, 0.000000000000000000, 1.000000000000000000 ) ) ;
#7037 = VERTEX_POINT ( 'NONE', #4862 ) ;
#7038 = DIRECTION ( 'NONE',  ( 0.1039620511844979306, 0.1039620511844979306, -0.9891328443778538704 ) ) ;
#7039 = CARTESIAN_POINT ( 'NONE',  ( -0.2100000000000005473, -2.350974876014612747, -0.9546157422084604605 ) ) ;
#7040 =( GEOMETRIC_REPRESENTATION_CONTEXT ( 3 ) GLOBAL_UNCERTAINTY_ASSIGNED_CONTEXT ( ( #5753 ) ) GLOBAL_UNIT_ASSIGNED_CONTEXT ( ( #1158, #6979, #5331 ) ) REPRESENTATION_CONTEXT ( 'NONE', 'WORKASPACE' ) );
#7041 = UNCERTAINTY_MEASURE_WITH_UNIT (LENGTH_MEASURE( 1.000000000000000082E-05 ), #342, 'distance_accuracy_value', 'NONE');
#7042 = CARTESIAN_POINT ( 'NONE',  ( -3.600000000000000977, 3.000000000000000000, -1.000000000000000000 ) ) ;
#7043 = CARTESIAN_POINT ( 'NONE',  ( 2.329999999999999627, 3.000000000000000000, -0.7794627824221421752 ) ) ;
#7044 = ADVANCED_FACE ( 'NONE', ( #7498 ), #9150, .T. ) ;
#7045 = LINE ( 'NONE', #1070, #3644 ) ;
#7046 = SURFACE_SIDE_STYLE ('',( #2684 ) ) ;
#7047 = DIRECTION ( 'NONE',  ( -1.000000000000000000, -0.000000000000000000, -0.000000000000000000 ) ) ;
#7048 = FILL_AREA_STYLE_COLOUR ( '', #3571 ) ;
#7049 = APPLICATION_CONTEXT ( 'automotive_design' ) ;
#7050 = ADVANCED_FACE ( 'NONE', ( #6543 ), #2889, .F. ) ;
#7051 = CARTESIAN_POINT ( 'NONE',  ( -4.325000000000000178, 1.874999999999999778, 0.1100000000000000006 ) ) ;
#7052 =( NAMED_UNIT ( * ) SI_UNIT ( $, .STERADIAN. ) SOLID_ANGLE_UNIT ( ) );
#7053 = EDGE_CURVE ( 'NONE', #7810, #9653, #579, .T. ) ;
#7054 = VERTEX_POINT ( 'NONE', #4914 ) ;
#7055 = DIRECTION ( 'NONE',  ( 0.000000000000000000, 0.000000000000000000, -1.000000000000000000 ) ) ;
#7056 = SURFACE_STYLE_FILL_AREA ( #8646 ) ;
#7057 = ORIENTED_EDGE ( 'NONE', *, *, #8500, .T. ) ;
#7058 = DIRECTION ( 'NONE',  ( 0.000000000000000000, 0.000000000000000000, -1.000000000000000000 ) ) ;
#7059 = LINE ( 'NONE', #2747, #477 ) ;
#7060 = DIRECTION ( 'NONE',  ( 0.000000000000000000, 0.000000000000000000, -1.000000000000000000 ) ) ;
#7061 = VERTEX_POINT ( 'NONE', #11017 ) ;
#7062 = DIRECTION ( 'NONE',  ( 0.000000000000000000, 0.9975640502598243087, 0.06975647374412501101 ) ) ;
#7063 = SURFACE_SIDE_STYLE ('',( #7004 ) ) ;
#7064 = FILL_AREA_STYLE_COLOUR ( '', #3125 ) ;
#7065 = SURFACE_STYLE_FILL_AREA ( #1848 ) ;
#7066 = LINE ( 'NONE', #2756, #4806 ) ;
#7067 = FILL_AREA_STYLE_COLOUR ( '', #5627 ) ;
#7068 = EDGE_LOOP ( 'NONE', ( #7140, #6954, #2050, #8829, #408, #3489, #402, #3889, #9033, #8040, #1584, #1233 ) ) ;
#7069 = ORIENTED_EDGE ( 'NONE', *, *, #2139, .T. ) ;
#7070 = DIRECTION ( 'NONE',  ( 0.000000000000000000, -0.1045284632676537068, 0.9945218953682734009 ) ) ;
#7071 = CARTESIAN_POINT ( 'NONE',  ( 3.599999999999999645, -2.366708997306596007, -0.08456619434753621933 ) ) ;
#7072 =( LENGTH_UNIT ( ) NAMED_UNIT ( * ) SI_UNIT ( .MILLI., .METRE. ) );
#7073 = FILL_AREA_STYLE ('',( #7020 ) ) ;
#7074 = UNCERTAINTY_MEASURE_WITH_UNIT (LENGTH_MEASURE( 1.000000000000000082E-05 ), #9516, 'distance_accuracy_value', 'NONE');
#7075 = SURFACE_STYLE_USAGE ( .BOTH. , #3629 ) ;
#7076 = STYLED_ITEM ( 'NONE', ( #10839 ), #5388 ) ;
#7077 = CYLINDRICAL_SURFACE ( 'NONE', #10106, 0.07499999999999980294 ) ;
#7078 = PRESENTATION_STYLE_ASSIGNMENT (( #2602 ) ) ;
#7079 =( GEOMETRIC_REPRESENTATION_CONTEXT ( 3 ) GLOBAL_UNCERTAINTY_ASSIGNED_CONTEXT ( ( #5321 ) ) GLOBAL_UNIT_ASSIGNED_CONTEXT ( ( #4887, #2067, #10083 ) ) REPRESENTATION_CONTEXT ( 'NONE', 'WORKASPACE' ) );
#7080 = ORIENTED_EDGE ( 'NONE', *, *, #7187, .T. ) ;
#7081 =( NAMED_UNIT ( * ) SI_UNIT ( $, .STERADIAN. ) SOLID_ANGLE_UNIT ( ) );
#7082 = SURFACE_STYLE_FILL_AREA ( #7865 ) ;
#7083 = CIRCLE ( 'NONE', #2195, 0.2000000000000002054 ) ;
#7084 = VERTEX_POINT ( 'NONE', #7442 ) ;
#7085 = LINE ( 'NONE', #6296, #1206 ) ;
#7086 = FILL_AREA_STYLE ('',( #10589 ) ) ;
#7087 = EDGE_CURVE ( 'NONE', #3390, #6915, #8943, .T. ) ;
#7088 = FILL_AREA_STYLE_COLOUR ( '', #744 ) ;
#7089 = STYLED_ITEM ( 'NONE', ( #2784 ), #6753 ) ;
#7090 = VERTEX_POINT ( 'NONE', #379 ) ;
#7091 =( GEOMETRIC_REPRESENTATION_CONTEXT ( 3 ) GLOBAL_UNCERTAINTY_ASSIGNED_CONTEXT ( ( #6746 ) ) GLOBAL_UNIT_ASSIGNED_CONTEXT ( ( #9904, #1307, #488 ) ) REPRESENTATION_CONTEXT ( 'NONE', 'WORKASPACE' ) );
#7092 = FILL_AREA_STYLE ('',( #7999 ) ) ;
#7093 = EDGE_CURVE ( 'NONE', #2851, #8519, #10045, .T. ) ;
#7094 = EDGE_CURVE ( 'NONE', #1007, #3185, #624, .T. ) ;
#7095 = SURFACE_STYLE_USAGE ( .BOTH. , #7947 ) ;
#7096 = FILL_AREA_STYLE_COLOUR ( '', #6608 ) ;
#7097 = CARTESIAN_POINT ( 'NONE',  ( -4.325000000000000178, -1.950000000000000178, -0.1100000000000000006 ) ) ;
#7098 = CARTESIAN_POINT ( 'NONE',  ( -2.750000000000001332, -2.050000000000000266, -0.1099999999999999867 ) ) ;
#7099 = SURFACE_SIDE_STYLE ('',( #346 ) ) ;
#7100 = CYLINDRICAL_SURFACE ( 'NONE', #2053, 0.09999999999999982514 ) ;
#7101 = VERTEX_POINT ( 'NONE', #685 ) ;
#7103 = CARTESIAN_POINT ( 'NONE',  ( -1.480000000000000870, -2.149963085381718209, -0.2072830971737681105 ) ) ;
#7102 = PRESENTATION_LAYER_ASSIGNMENT (  '', '', ( #5289 ) ) ;
#7104 = DIRECTION ( 'NONE',  ( 1.000000000000000000, 0.000000000000000000, 0.000000000000000000 ) ) ;
#7105 = ORIENTED_EDGE ( 'NONE', *, *, #3577, .T. ) ;
#7106 = ADVANCED_FACE ( 'NONE', ( #4299 ), #2405, .T. ) ;
#7107 = PRESENTATION_LAYER_ASSIGNMENT (  '', '', ( #5669 ) ) ;
#7108 = ADVANCED_FACE ( 'NONE', ( #5873 ), #5063, .T. ) ;
#7109 = CARTESIAN_POINT ( 'NONE',  ( -4.020000000000001350, -2.381960306200947564, -0.6457080498711260663 ) ) ;
#7110 = DIRECTION ( 'NONE',  ( 0.000000000000000000, -0.9975640502598243087, 0.06975647374412501101 ) ) ;
#7111 = EDGE_CURVE ( 'NONE', #689, #8326, #1682, .T. ) ;
#7112 = EDGE_LOOP ( 'NONE', ( #7317, #2528, #8507, #3801 ) ) ;
#7113 = LINE ( 'NONE', #5475, #5984 ) ;
#7114 = STYLED_ITEM ( 'NONE', ( #9461 ), #1455 ) ;
#7115 =( GEOMETRIC_REPRESENTATION_CONTEXT ( 3 ) GLOBAL_UNCERTAINTY_ASSIGNED_CONTEXT ( ( #8670 ) ) GLOBAL_UNIT_ASSIGNED_CONTEXT ( ( #4047, #4729, #4845 ) ) REPRESENTATION_CONTEXT ( 'NONE', 'WORKASPACE' ) );
#7116 = CARTESIAN_POINT ( 'NONE',  ( 4.264792128260249449, -1.950000000000000178, -0.6828396347450739201 ) ) ;
#7117 = DIRECTION ( 'NONE',  ( 1.000000000000000000, 0.000000000000000000, 0.000000000000000000 ) ) ;
#7118 = FACE_OUTER_BOUND ( 'NONE', #6827, .T. ) ;
#7119 = DIRECTION ( 'NONE',  ( 1.000000000000000000, 0.000000000000000000, 0.000000000000000000 ) ) ;
#7120 = SURFACE_SIDE_STYLE ('',( #3676 ) ) ;
#7121 = CARTESIAN_POINT ( 'NONE',  ( 2.749999999999999112, -2.366708997306596007, -0.08456619434753616382 ) ) ;
#7122 = SURFACE_STYLE_FILL_AREA ( #2649 ) ;
#7123 = VECTOR ( 'NONE', #4983, 1000.000000000000227 ) ;
#7124 = EDGE_CURVE ( 'NONE', #9433, #525, #5978, .T. ) ;
#7125 = ORIENTED_EDGE ( 'NONE', *, *, #8339, .F. ) ;
#7126 = ORIENTED_EDGE ( 'NONE', *, *, #7387, .F. ) ;
#7127 = CARTESIAN_POINT ( 'NONE',  ( -2.750000000000001332, -2.050000000000000266, -0.1099999999999999867 ) ) ;
#7128 = DIRECTION ( 'NONE',  ( -0.1039620511844979306, -0.1039620511844979306, 0.9891328443778538704 ) ) ;
#7129 = LINE ( 'NONE', #3748, #4478 ) ;
#7130 = VECTOR ( 'NONE', #3681, 1000.000000000000000 ) ;
#7131 =( GEOMETRIC_REPRESENTATION_CONTEXT ( 3 ) GLOBAL_UNCERTAINTY_ASSIGNED_CONTEXT ( ( #209 ) ) GLOBAL_UNIT_ASSIGNED_CONTEXT ( ( #8489, #7679, #9440 ) ) REPRESENTATION_CONTEXT ( 'NONE', 'WORKASPACE' ) );
#7132 =( NAMED_UNIT ( * ) SI_UNIT ( $, .STERADIAN. ) SOLID_ANGLE_UNIT ( ) );
#7133 = PRESENTATION_STYLE_ASSIGNMENT (( #5146 ) ) ;
#7134 =( NAMED_UNIT ( * ) SI_UNIT ( $, .STERADIAN. ) SOLID_ANGLE_UNIT ( ) );
#7135 = PRESENTATION_STYLE_ASSIGNMENT (( #265 ) ) ;
#7136 = ORIENTED_EDGE ( 'NONE', *, *, #3453, .F. ) ;
#7137 = SURFACE_STYLE_FILL_AREA ( #3695 ) ;
#7138 = PRESENTATION_STYLE_ASSIGNMENT (( #4443 ) ) ;
#7139 = STYLED_ITEM ( 'NONE', ( #4355 ), #836 ) ;
#7140 = ORIENTED_EDGE ( 'NONE', *, *, #10129, .F. ) ;
#7141 = AXIS2_PLACEMENT_3D ( 'NONE', #2427, #9400, #5840 ) ;
#7142 = CARTESIAN_POINT ( 'NONE',  ( -2.750000000000001332, 2.165000000000000036, -0.7605367378089592512 ) ) ;
#7143 = CYLINDRICAL_SURFACE ( 'NONE', #1672, 0.2000000000000002054 ) ;
#7144 = PRESENTATION_STYLE_ASSIGNMENT (( #5396 ) ) ;
#7145 =( GEOMETRIC_REPRESENTATION_CONTEXT ( 3 ) GLOBAL_UNCERTAINTY_ASSIGNED_CONTEXT ( ( #2132 ) ) GLOBAL_UNIT_ASSIGNED_CONTEXT ( ( #2812, #130, #4417 ) ) REPRESENTATION_CONTEXT ( 'NONE', 'WORKASPACE' ) );
#7146 = ORIENTED_EDGE ( 'NONE', *, *, #7124, .F. ) ;
#7147 = AXIS2_PLACEMENT_3D ( 'NONE', #10107, #8409, #8631 ) ;
#7148 = CARTESIAN_POINT ( 'NONE',  ( 1.059999999999999387, 3.000000000000000000, -0.7794627824221421752 ) ) ;
#7149 = PRESENTATION_LAYER_ASSIGNMENT (  '', '', ( #9316 ) ) ;
#7150 =( NAMED_UNIT ( * ) PLANE_ANGLE_UNIT ( ) SI_UNIT ( $, .RADIAN. ) );
#7151 =( LENGTH_UNIT ( ) NAMED_UNIT ( * ) SI_UNIT ( .MILLI., .METRE. ) );
#7152 = VECTOR ( 'NONE', #4734, 1000.000000000000000 ) ;
#7153 = FILL_AREA_STYLE_COLOUR ( '', #5640 ) ;
#7154 = STYLED_ITEM ( 'NONE', ( #8898 ), #8333 ) ;
#7155 = FILL_AREA_STYLE_COLOUR ( '', #2929 ) ;
#7156 = ADVANCED_FACE ( 'NONE', ( #10391 ), #2062, .T. ) ;
#7157 = FILL_AREA_STYLE ('',( #10716 ) ) ;
#7158 = DIRECTION ( 'NONE',  ( 0.000000000000000000, 0.000000000000000000, -1.000000000000000000 ) ) ;
#7159 = DIRECTION ( 'NONE',  ( 1.000000000000000000, 0.000000000000000000, 0.000000000000000000 ) ) ;
#7160 = VECTOR ( 'NONE', #9589, 1000.000000000000000 ) ;
#7161 = ORIENTED_EDGE ( 'NONE', *, *, #6148, .F. ) ;
#7162 = SURFACE_STYLE_FILL_AREA ( #2803 ) ;
#7163 = ORIENTED_EDGE ( 'NONE', *, *, #1305, .F. ) ;
#7164 = PRESENTATION_LAYER_ASSIGNMENT (  '', '', ( #5167 ) ) ;
#7165 = VECTOR ( 'NONE', #11015, 1000.000000000000114 ) ;
#7166 = VECTOR ( 'NONE', #8386, 1000.000000000000227 ) ;
#7167 = DIRECTION ( 'NONE',  ( 1.000000000000000000, -0.000000000000000000, 0.000000000000000000 ) ) ;
#7168 = AXIS2_PLACEMENT_3D ( 'NONE', #10302, #6719, #6892 ) ;
#7169 = ORIENTED_EDGE ( 'NONE', *, *, #5285, .T. ) ;
#7170 = VECTOR ( 'NONE', #6198, 1000.000000000000000 ) ;
#7171 = SURFACE_STYLE_USAGE ( .BOTH. , #1973 ) ;
#7172 = MECHANICAL_DESIGN_GEOMETRIC_PRESENTATION_REPRESENTATION (  '', ( #10256 ), #5183 ) ;
#7173 = MECHANICAL_DESIGN_GEOMETRIC_PRESENTATION_REPRESENTATION (  '', ( #5184 ), #6278 ) ;
#7174 = EDGE_CURVE ( 'NONE', #2862, #1517, #3678, .T. ) ;
#7175 = CARTESIAN_POINT ( 'NONE',  ( -1.480000000000000870, 3.000000000000000000, -0.7794627824221421752 ) ) ;
#7176 = LINE ( 'NONE', #7969, #4658 ) ;
#7177 = AXIS2_PLACEMENT_3D ( 'NONE', #5866, #6815, #903 ) ;
#7178 = CARTESIAN_POINT ( 'NONE',  ( -1.480000000000000870, 2.474947744208253031, -0.7427475520708766155 ) ) ;
#7179 = ORIENTED_EDGE ( 'NONE', *, *, #3309, .T. ) ;
#7180 = ORIENTED_EDGE ( 'NONE', *, *, #3154, .F. ) ;
#7181 = PLANE ( 'NONE',  #5136 ) ;
#7182 = ADVANCED_FACE ( 'NONE', ( #2688 ), #2909, .T. ) ;
#7183 = CARTESIAN_POINT ( 'NONE',  ( -1.480000000000000870, 2.165000000000000036, -0.7605367378089592512 ) ) ;
#7184 = CIRCLE ( 'NONE', #7177, 0.2000000000000003164 ) ;
#7185 = CARTESIAN_POINT ( 'NONE',  ( -3.800202986107628966, -1.425202986107629410, 0.7500000000000000000 ) ) ;
#7186 =( LENGTH_UNIT ( ) NAMED_UNIT ( * ) SI_UNIT ( .MILLI., .METRE. ) );
#7187 = EDGE_CURVE ( 'NONE', #10174, #5744, #3607, .T. ) ;
#7188 = CARTESIAN_POINT ( 'NONE',  ( -3.995202986107628362, -1.425202986107629410, 0.1884567106744935716 ) ) ;
#7189 = EDGE_CURVE ( 'NONE', #8124, #2339, #4677, .T. ) ;
#7190 = CARTESIAN_POINT ( 'NONE',  ( 4.325000000000000178, 1.874999999999999778, 0.1100000000000000006 ) ) ;
#7191 = PRESENTATION_LAYER_ASSIGNMENT (  '', '', ( #2129 ) ) ;
#7192 = ORIENTED_EDGE ( 'NONE', *, *, #4750, .F. ) ;
#7193 = SURFACE_SIDE_STYLE ('',( #2893 ) ) ;
#7194 = VECTOR ( 'NONE', #7716, 1000.000000000000000 ) ;
#7195 = ORIENTED_EDGE ( 'NONE', *, *, #4342, .F. ) ;
#7196 = SURFACE_STYLE_USAGE ( .BOTH. , #10813 ) ;
#7197 = VECTOR ( 'NONE', #1892, 1000.000000000000000 ) ;
#7198 = SURFACE_SIDE_STYLE ('',( #1106 ) ) ;
#7199 = SURFACE_SIDE_STYLE ('',( #9912 ) ) ;
#7200 = SURFACE_STYLE_USAGE ( .BOTH. , #4829 ) ;
#7201 = VECTOR ( 'NONE', #8062, 1000.000000000000000 ) ;
#7202 = SURFACE_STYLE_FILL_AREA ( #3642 ) ;
#7203 = CARTESIAN_POINT ( 'NONE',  ( -2.750000000000001332, -2.350974876014612747, -0.9546157422084604605 ) ) ;
#7204 = ORIENTED_EDGE ( 'NONE', *, *, #5516, .F. ) ;
#7205 = SURFACE_STYLE_USAGE ( .BOTH. , #3767 ) ;
#7206 = CLOSED_SHELL ( 'NONE', ( #5095, #7244, #7382, #10981 ) ) ;
#7207 = AXIS2_PLACEMENT_3D ( 'NONE', #2309, #4024, #6606 ) ;
#7208 =( NAMED_UNIT ( * ) PLANE_ANGLE_UNIT ( ) SI_UNIT ( $, .RADIAN. ) );
#7209 = PRESENTATION_STYLE_ASSIGNMENT (( #1013 ) ) ;
#7210 = PLANE ( 'NONE',  #8267 ) ;
#7211 = DIRECTION ( 'NONE',  ( 1.000000000000000000, 0.000000000000000000, 0.000000000000000000 ) ) ;
#7212 = EDGE_LOOP ( 'NONE', ( #11156, #4279, #6146, #10980 ) ) ;
#7213 = CYLINDRICAL_SURFACE ( 'NONE', #7312, 0.07499999999999980294 ) ;
#7214 = PLANE ( 'NONE',  #3845 ) ;
#7215 = ORIENTED_EDGE ( 'NONE', *, *, #10375, .T. ) ;
#7216 =( GEOMETRIC_REPRESENTATION_CONTEXT ( 3 ) GLOBAL_UNCERTAINTY_ASSIGNED_CONTEXT ( ( #663 ) ) GLOBAL_UNIT_ASSIGNED_CONTEXT ( ( #9870, #512, #9977 ) ) REPRESENTATION_CONTEXT ( 'NONE', 'WORKASPACE' ) );
#7217 =( LENGTH_UNIT ( ) NAMED_UNIT ( * ) SI_UNIT ( .MILLI., .METRE. ) );
#7218 = LINE ( 'NONE', #10667, #7666 ) ;
#7219 = CARTESIAN_POINT ( 'NONE',  ( -1.480000000000000870, 2.350974876014612747, -0.9546157422084604605 ) ) ;
#7220 = ORIENTED_EDGE ( 'NONE', *, *, #613, .F. ) ;
#7221 = SURFACE_SIDE_STYLE ('',( #2920 ) ) ;
#7222 = CARTESIAN_POINT ( 'NONE',  ( 4.264792128260249449, 1.815202986107628647, 0.6828396347450739201 ) ) ;
#7223 =( LENGTH_UNIT ( ) NAMED_UNIT ( * ) SI_UNIT ( .MILLI., .METRE. ) );
#7224 = CARTESIAN_POINT ( 'NONE',  ( -0.2100000000000005473, -3.000000000000000000, -1.000000000000000000 ) ) ;
#7225 = UNCERTAINTY_MEASURE_WITH_UNIT (LENGTH_MEASURE( 1.000000000000000082E-05 ), #10973, 'distance_accuracy_value', 'NONE');
#7226 = CARTESIAN_POINT ( 'NONE',  ( 2.329999999999999627, 2.149963085381718209, -0.2072830971737681105 ) ) ;
#7227 = LINE ( 'NONE', #5544, #6245 ) ;
#7228 = CARTESIAN_POINT ( 'NONE',  ( 4.019999999999999574, -2.165000000000000036, -0.7605367378089592512 ) ) ;
#7229 = ADVANCED_FACE ( 'NONE', ( #4464 ), #7100, .F. ) ;
#7230 = ORIENTED_EDGE ( 'NONE', *, *, #3035, .F. ) ;
#7231 = ORIENTED_EDGE ( 'NONE', *, *, #7650, .F. ) ;
#7232 = PRESENTATION_STYLE_ASSIGNMENT (( #8138 ) ) ;
#7233 = CARTESIAN_POINT ( 'NONE',  ( -2.330000000000001403, -2.165000000000000036, -0.7605367378089592512 ) ) ;
#7234 = CARTESIAN_POINT ( 'NONE',  ( 1.059999999999999387, 2.149963085381718209, -0.2072830971737681105 ) ) ;
#7235 = DIRECTION ( 'NONE',  ( 1.000000000000000000, 0.000000000000000000, 0.000000000000000000 ) ) ;
#7236 = SURFACE_SIDE_STYLE ('',( #8037 ) ) ;
#7237 =( GEOMETRIC_REPRESENTATION_CONTEXT ( 3 ) GLOBAL_UNCERTAINTY_ASSIGNED_CONTEXT ( ( #9463 ) ) GLOBAL_UNIT_ASSIGNED_CONTEXT ( ( #1912, #4535, #4314 ) ) REPRESENTATION_CONTEXT ( 'NONE', 'WORKASPACE' ) );
#7238 = VERTEX_POINT ( 'NONE', #3073 ) ;
#7239 = DIRECTION ( 'NONE',  ( 0.000000000000000000, 0.9975640502598243087, 0.06975647374412501101 ) ) ;
#7240 = EDGE_CURVE ( 'NONE', #2411, #4819, #7374, .T. ) ;
#7241 = COLOUR_RGB ( '',0.8039215686274510109, 0.8039215686274510109, 0.8039215686274510109 ) ;
#7242 = ADVANCED_FACE ( 'NONE', ( #454 ), #513, .T. ) ;
#7243 = ORIENTED_EDGE ( 'NONE', *, *, #7916, .F. ) ;
#7244 = ADVANCED_FACE ( 'NONE', ( #6577 ), #2170, .T. ) ;
#7245 = LINE ( 'NONE', #7408, #162 ) ;
#7246 = AXIS2_PLACEMENT_3D ( 'NONE', #299, #5358, #3727 ) ;
#7247 = DIRECTION ( 'NONE',  ( 0.000000000000000000, -1.000000000000000000, 0.000000000000000000 ) ) ;
#7248 = LINE ( 'NONE', #1374, #10157 ) ;
#7249 =( LENGTH_UNIT ( ) NAMED_UNIT ( * ) SI_UNIT ( .MILLI., .METRE. ) );
#7250 = ORIENTED_EDGE ( 'NONE', *, *, #2544, .T. ) ;
#7251 = ADVANCED_FACE ( 'NONE', ( #3949 ), #7421, .F. ) ;
#7252 = DIRECTION ( 'NONE',  ( 0.000000000000000000, 0.02716902826231849810, -0.9996308538171886360 ) ) ;
#7253 = DIRECTION ( 'NONE',  ( 1.000000000000000000, 0.000000000000000000, 0.000000000000000000 ) ) ;
#7254 = LINE ( 'NONE', #7419, #10067 ) ;
#7255 = COLOUR_RGB ( '',0.8039215686274510109, 0.8039215686274510109, 0.8039215686274510109 ) ;
#7256 =( NAMED_UNIT ( * ) SI_UNIT ( $, .STERADIAN. ) SOLID_ANGLE_UNIT ( ) );
#7257 =( LENGTH_UNIT ( ) NAMED_UNIT ( * ) SI_UNIT ( .MILLI., .METRE. ) );
#7258 = PRESENTATION_STYLE_ASSIGNMENT (( #612 ) ) ;
#7259 = ORIENTED_EDGE ( 'NONE', *, *, #640, .F. ) ;
#7260 = VERTEX_POINT ( 'NONE', #3288 ) ;
#7261 = DIRECTION ( 'NONE',  ( 0.000000000000000000, 1.000000000000000000, 0.000000000000000000 ) ) ;
#7262 = ORIENTED_EDGE ( 'NONE', *, *, #7448, .T. ) ;
#7263 = STYLED_ITEM ( 'NONE', ( #7352 ), #1607 ) ;
#7264 = DIRECTION ( 'NONE',  ( -1.000000000000000000, -0.000000000000000000, -0.000000000000000000 ) ) ;
#7265 = STYLED_ITEM ( 'NONE', ( #4380 ), #6988 ) ;
#7266 = SURFACE_STYLE_USAGE ( .BOTH. , #8353 ) ;
#7267 = AXIS2_PLACEMENT_3D ( 'NONE', #8491, #1743, #10345 ) ;
#7268 = CARTESIAN_POINT ( 'NONE',  ( 2.329999999999999627, -1.950000000000000178, 0.1100000000000000144 ) ) ;
#7269 = UNCERTAINTY_MEASURE_WITH_UNIT (LENGTH_MEASURE( 1.000000000000000082E-05 ), #6943, 'distance_accuracy_value', 'NONE');
#7270 = ORIENTED_EDGE ( 'NONE', *, *, #1942, .F. ) ;
#7271 = CARTESIAN_POINT ( 'NONE',  ( -4.190202986107629535, -1.815202986107629091, -0.6749999999999999334 ) ) ;
#7272 = COLOUR_RGB ( '',0.8039215686274510109, 0.8039215686274510109, 0.8039215686274510109 ) ;
#7273 = DIRECTION ( 'NONE',  ( -1.000000000000000000, -0.000000000000000000, -0.000000000000000000 ) ) ;
#7274 = AXIS2_PLACEMENT_3D ( 'NONE', #10167, #118, #7669 ) ;
#7275 = SURFACE_STYLE_FILL_AREA ( #2877 ) ;
#7276 =( GEOMETRIC_REPRESENTATION_CONTEXT ( 3 ) GLOBAL_UNCERTAINTY_ASSIGNED_CONTEXT ( ( #8397 ) ) GLOBAL_UNIT_ASSIGNED_CONTEXT ( ( #6088, #7772, #2519 ) ) REPRESENTATION_CONTEXT ( 'NONE', 'WORKASPACE' ) );
#7277 = DIRECTION ( 'NONE',  ( 1.000000000000000000, 0.000000000000000000, 0.000000000000000000 ) ) ;
#7278 = PRESENTATION_LAYER_ASSIGNMENT (  '', '', ( #1336 ) ) ;
#7279 = ORIENTED_EDGE ( 'NONE', *, *, #4013, .F. ) ;
#7280 = VERTEX_POINT ( 'NONE', #6690 ) ;
#7281 = DIRECTION ( 'NONE',  ( 0.000000000000000000, 1.000000000000000000, 0.000000000000000000 ) ) ;
#7282 = CARTESIAN_POINT ( 'NONE',  ( -2.750000000000001332, -2.050000000000000266, -0.1099999999999999867 ) ) ;
#7283 = CARTESIAN_POINT ( 'NONE',  ( -2.750000000000001332, 2.166782826543157903, 0.1100000000000000144 ) ) ;
#7284 = FACE_OUTER_BOUND ( 'NONE', #7597, .T. ) ;
#7285 = FILL_AREA_STYLE ('',( #6501 ) ) ;
#7286 = EDGE_CURVE ( 'NONE', #8297, #9504, #1617, .T. ) ;
#7287 =( GEOMETRIC_REPRESENTATION_CONTEXT ( 3 ) GLOBAL_UNCERTAINTY_ASSIGNED_CONTEXT ( ( #8651 ) ) GLOBAL_UNIT_ASSIGNED_CONTEXT ( ( #719, #3465, #2326 ) ) REPRESENTATION_CONTEXT ( 'NONE', 'WORKASPACE' ) );
#7288 = CARTESIAN_POINT ( 'NONE',  ( -1.480000000000000870, 2.474947744208253031, -0.7427475520708763934 ) ) ;
#7289 = AXIS2_PLACEMENT_3D ( 'NONE', #5332, #8045, #8795 ) ;
#7290 = CARTESIAN_POINT ( 'NONE',  ( -1.480000000000000870, -3.000000000000000000, -0.7794627824221421752 ) ) ;
#7291 = ORIENTED_EDGE ( 'NONE', *, *, #3299, .F. ) ;
#7292 = CARTESIAN_POINT ( 'NONE',  ( -1.480000000000000870, 2.050000000000000266, -0.1099999999999999867 ) ) ;
#7293 = COLOUR_RGB ( '',0.8039215686274510109, 0.8039215686274510109, 0.8039215686274510109 ) ;
#7294 = UNCERTAINTY_MEASURE_WITH_UNIT (LENGTH_MEASURE( 1.000000000000000082E-05 ), #3575, 'distance_accuracy_value', 'NONE');
#7295 = EDGE_LOOP ( 'NONE', ( #3355, #7816, #5051, #9294 ) ) ;
#7296 = SURFACE_STYLE_FILL_AREA ( #326 ) ;
#7297 =( NAMED_UNIT ( * ) PLANE_ANGLE_UNIT ( ) SI_UNIT ( $, .RADIAN. ) );
#7298 = PLANE ( 'NONE',  #6799 ) ;
#7299 = DIRECTION ( 'NONE',  ( 0.000000000000000000, 0.000000000000000000, 1.000000000000000000 ) ) ;
#7300 = VERTEX_POINT ( 'NONE', #2562 ) ;
#7301 = ADVANCED_FACE ( 'NONE', ( #2508 ), #6920, .T. ) ;
#7303 = FILL_AREA_STYLE_COLOUR ( '', #10460 ) ;
#7302 = CIRCLE ( 'NONE', #5880, 0.07500000000000002498 ) ;
#7304 = EDGE_CURVE ( 'NONE', #8813, #7656, #6019, .T. ) ;
#7305 = PLANE ( 'NONE',  #3554 ) ;
#7306 =( LENGTH_UNIT ( ) NAMED_UNIT ( * ) SI_UNIT ( .MILLI., .METRE. ) );
#7307 = PRESENTATION_STYLE_ASSIGNMENT (( #10023 ) ) ;
#7308 = AXIS2_PLACEMENT_3D ( 'NONE', #8668, #4492, #3684 ) ;
#7309 = SURFACE_STYLE_USAGE ( .BOTH. , #3124 ) ;
#7310 = EDGE_CURVE ( 'NONE', #7586, #6675, #8928, .T. ) ;
#7311 = PRESENTATION_STYLE_ASSIGNMENT (( #3772 ) ) ;
#7312 = AXIS2_PLACEMENT_3D ( 'NONE', #7426, #9075, #6527 ) ;
#7313 = DIRECTION ( 'NONE',  ( 1.000000000000000000, 0.000000000000000000, 0.000000000000000000 ) ) ;
#7314 = AXIS2_PLACEMENT_3D ( 'NONE', #6904, #10363, #7977 ) ;
#7315 = ORIENTED_EDGE ( 'NONE', *, *, #9125, .T. ) ;
#7316 = ORIENTED_EDGE ( 'NONE', *, *, #8856, .F. ) ;
#7317 = ORIENTED_EDGE ( 'NONE', *, *, #3225, .F. ) ;
#7318 = ADVANCED_FACE ( 'NONE', ( #3352 ), #4216, .T. ) ;
#7319 = CYLINDRICAL_SURFACE ( 'NONE', #5201, 0.1949999999999998679 ) ;
#7320 = ORIENTED_EDGE ( 'NONE', *, *, #7428, .F. ) ;
#7321 = MECHANICAL_DESIGN_GEOMETRIC_PRESENTATION_REPRESENTATION (  '', ( #11115 ), #3347 ) ;
#7322 = FILL_AREA_STYLE_COLOUR ( '', #10238 ) ;
#7323 = AXIS2_PLACEMENT_3D ( 'NONE', #810, #23, #5942 ) ;
#7324 = AXIS2_PLACEMENT_3D ( 'NONE', #1786, #50, #6083 ) ;
#7325 = DIRECTION ( 'NONE',  ( 0.000000000000000000, 0.000000000000000000, 1.000000000000000000 ) ) ;
#7326 = VERTEX_POINT ( 'NONE', #5221 ) ;
#7327 = UNCERTAINTY_MEASURE_WITH_UNIT (LENGTH_MEASURE( 1.000000000000000082E-05 ), #6869, 'distance_accuracy_value', 'NONE');
#7328 = FILL_AREA_STYLE ('',( #1349 ) ) ;
#7329 = DIRECTION ( 'NONE',  ( 0.000000000000000000, 0.9996308538171885250, -0.02716902826232023976 ) ) ;
#7330 = VECTOR ( 'NONE', #2291, 1000.000000000000000 ) ;
#7331 = MECHANICAL_DESIGN_GEOMETRIC_PRESENTATION_REPRESENTATION (  '', ( #7703 ), #674 ) ;
#7332 = COLOUR_RGB ( '',0.8039215686274510109, 0.8039215686274510109, 0.8039215686274510109 ) ;
#7333 = VECTOR ( 'NONE', #3760, 1000.000000000000000 ) ;
#7334 = CARTESIAN_POINT ( 'NONE',  ( 2.329999999999999627, -1.950000000000000178, -0.1099999999999999867 ) ) ;
#7335 = VECTOR ( 'NONE', #1823, 1000.000000000000000 ) ;
#7336 = CARTESIAN_POINT ( 'NONE',  ( -4.020000000000001350, -2.474947744208253031, -0.7427475520708766155 ) ) ;
#7337 =( LENGTH_UNIT ( ) NAMED_UNIT ( * ) SI_UNIT ( .MILLI., .METRE. ) );
#7338 = STYLED_ITEM ( 'NONE', ( #10997 ), #10693 ) ;
#7339 = CIRCLE ( 'NONE', #6609, 0.07499999999999998335 ) ;
#7340 = VECTOR ( 'NONE', #1316, 1000.000000000000000 ) ;
#7341 = ORIENTED_EDGE ( 'NONE', *, *, #7124, .T. ) ;
#7342 = ORIENTED_EDGE ( 'NONE', *, *, #3784, .F. ) ;
#7344 = AXIS2_PLACEMENT_3D ( 'NONE', #10358, #3513, #7070 ) ;
#7343 = SURFACE_SIDE_STYLE ('',( #4808 ) ) ;
#7345 = FILL_AREA_STYLE ('',( #3916 ) ) ;
#7346 = PRESENTATION_STYLE_ASSIGNMENT (( #5610 ) ) ;
#7347 = SURFACE_STYLE_FILL_AREA ( #3101 ) ;
#7348 = AXIS2_PLACEMENT_3D ( 'NONE', #2750, #7961, #10552 ) ;
#7349 = FACE_OUTER_BOUND ( 'NONE', #5922, .T. ) ;
#7350 = DIRECTION ( 'NONE',  ( 0.000000000000000000, 0.000000000000000000, -1.000000000000000000 ) ) ;
#7351 = VERTEX_POINT ( 'NONE', #7941 ) ;
#7352 = PRESENTATION_STYLE_ASSIGNMENT (( #4662 ) ) ;
#7353 =( GEOMETRIC_REPRESENTATION_CONTEXT ( 3 ) GLOBAL_UNCERTAINTY_ASSIGNED_CONTEXT ( ( #4714 ) ) GLOBAL_UNIT_ASSIGNED_CONTEXT ( ( #1361, #6282, #1256 ) ) REPRESENTATION_CONTEXT ( 'NONE', 'WORKASPACE' ) );
#7354 = VECTOR ( 'NONE', #4740, 1000.000000000000000 ) ;
#7355 = VECTOR ( 'NONE', #3247, 1000.000000000000000 ) ;
#7356 = ORIENTED_EDGE ( 'NONE', *, *, #5369, .F. ) ;
#7357 = CARTESIAN_POINT ( 'NONE',  ( 2.329999999999999627, -2.166782826543157903, 0.1100000000000000144 ) ) ;
#7358 = AXIS2_PLACEMENT_3D ( 'NONE', #1651, #7707, #5846 ) ;
#7359 = DIRECTION ( 'NONE',  ( 0.000000000000000000, -1.000000000000000000, 0.000000000000000000 ) ) ;
#7360 = DIRECTION ( 'NONE',  ( 0.000000000000000000, 0.000000000000000000, -1.000000000000000000 ) ) ;
#7361 = AXIS2_PLACEMENT_3D ( 'NONE', #5378, #7021, #10364 ) ;
#7362 = LINE ( 'NONE', #495, #9148 ) ;
#7363 = FILL_AREA_STYLE ('',( #8102 ) ) ;
#7364 = DIRECTION ( 'NONE',  ( 0.000000000000000000, -0.9975640502598241977, -0.06975647374412546897 ) ) ;
#7365 = VERTEX_POINT ( 'NONE', #4392 ) ;
#7366 = PLANE ( 'NONE',  #5009 ) ;
#7367 = ADVANCED_FACE ( 'NONE', ( #8855 ), #2786, .T. ) ;
#7368 = CARTESIAN_POINT ( 'NONE',  ( 4.325806167510463318, -1.876217025357843848, -0.1023298284942926739 ) ) ;
#7369 = UNCERTAINTY_MEASURE_WITH_UNIT (LENGTH_MEASURE( 1.000000000000000082E-05 ), #5644, 'distance_accuracy_value', 'NONE');
#7370 = FILL_AREA_STYLE ('',( #9195 ) ) ;
#7371 = DIRECTION ( 'NONE',  ( 0.000000000000000000, 0.000000000000000000, 1.000000000000000000 ) ) ;
#7372 = AXIS2_PLACEMENT_3D ( 'NONE', #4832, #5740, #7413 ) ;
#7373 =( GEOMETRIC_REPRESENTATION_CONTEXT ( 3 ) GLOBAL_UNCERTAINTY_ASSIGNED_CONTEXT ( ( #9512 ) ) GLOBAL_UNIT_ASSIGNED_CONTEXT ( ( #10795, #9157, #1354 ) ) REPRESENTATION_CONTEXT ( 'NONE', 'WORKASPACE' ) );
#7374 = LINE ( 'NONE', #6420, #5666 ) ;
#7375 = ORIENTED_EDGE ( 'NONE', *, *, #11103, .F. ) ;
#7376 = VERTEX_POINT ( 'NONE', #1996 ) ;
#7377 = ORIENTED_EDGE ( 'NONE', *, *, #5921, .T. ) ;
#7378 = FILL_AREA_STYLE_COLOUR ( '', #5891 ) ;
#7379 = VERTEX_POINT ( 'NONE', #105 ) ;
#7380 = UNCERTAINTY_MEASURE_WITH_UNIT (LENGTH_MEASURE( 1.000000000000000082E-05 ), #2977, 'distance_accuracy_value', 'NONE');
#7381 = LINE ( 'NONE', #8685, #6444 ) ;
#7382 = ADVANCED_FACE ( 'NONE', ( #221 ), #6235, .T. ) ;
#7383 = DIRECTION ( 'NONE',  ( 0.000000000000000000, 0.000000000000000000, -1.000000000000000000 ) ) ;
#7384 = UNCERTAINTY_MEASURE_WITH_UNIT (LENGTH_MEASURE( 1.000000000000000082E-05 ), #9963, 'distance_accuracy_value', 'NONE');
#7385 = ORIENTED_EDGE ( 'NONE', *, *, #844, .F. ) ;
#7386 = FILL_AREA_STYLE_COLOUR ( '', #2725 ) ;
#7387 = EDGE_CURVE ( 'NONE', #1766, #4185, #7654, .T. ) ;
#7388 =( NAMED_UNIT ( * ) SI_UNIT ( $, .STERADIAN. ) SOLID_ANGLE_UNIT ( ) );
#7389 = DIRECTION ( 'NONE',  ( 0.000000000000000000, 0.000000000000000000, 1.000000000000000000 ) ) ;
#7390 = EDGE_CURVE ( 'NONE', #9310, #6515, #3703, .T. ) ;
#7391 = CARTESIAN_POINT ( 'NONE',  ( -4.325000000000000178, -1.875000000000000222, 0.1100000000000000006 ) ) ;
#7392 = CARTESIAN_POINT ( 'NONE',  ( -1.060000000000000941, -2.364926170763438140, -0.7551029321564953767 ) ) ;
#7393 = PRESENTATION_LAYER_ASSIGNMENT (  '', '', ( #1090 ) ) ;
#7394 = FACE_OUTER_BOUND ( 'NONE', #2380, .T. ) ;
#7395 = PLANE ( 'NONE',  #8362 ) ;
#7396 = CARTESIAN_POINT ( 'NONE',  ( 2.329999999999999627, 2.366708997306596007, -0.08456619434753616382 ) ) ;
#7397 = CARTESIAN_POINT ( 'NONE',  ( -1.480000000000000870, -3.000000000000000000, -1.000000000000000000 ) ) ;
#7398 = LINE ( 'NONE', #3096, #10809 ) ;
#7399 = ORIENTED_EDGE ( 'NONE', *, *, #4367, .T. ) ;
#7400 = VERTEX_POINT ( 'NONE', #2902 ) ;
#7401 = FILL_AREA_STYLE ('',( #2303 ) ) ;
#7402 = DIRECTION ( 'NONE',  ( 0.000000000000000000, 0.000000000000000000, 1.000000000000000000 ) ) ;
#7403 = DIRECTION ( 'NONE',  ( 1.000000000000000000, 0.000000000000000000, 0.000000000000000000 ) ) ;
#7404 = CARTESIAN_POINT ( 'NONE',  ( 0.2099999999999992428, -2.381960306200947564, -0.6457080498711260663 ) ) ;
#7405 = PRESENTATION_STYLE_ASSIGNMENT (( #9271 ) ) ;
#7406 = ORIENTED_EDGE ( 'NONE', *, *, #7240, .F. ) ;
#7407 = VERTEX_POINT ( 'NONE', #9019 ) ;
#7408 = CARTESIAN_POINT ( 'NONE',  ( -4.020000000000001350, 2.366708997306596007, -0.08456619434753621933 ) ) ;
#7409 = CARTESIAN_POINT ( 'NONE',  ( 0.000000000000000000, 1.815202986107628647, -0.7500000000000000000 ) ) ;
#7410 = CARTESIAN_POINT ( 'NONE',  ( 1.479999999999999094, 2.364926170763438140, -0.7551029321564953767 ) ) ;
#7411 = SURFACE_STYLE_USAGE ( .BOTH. , #3061 ) ;
#7412 = PRESENTATION_LAYER_ASSIGNMENT (  '', '', ( #6513 ) ) ;
#7413 = DIRECTION ( 'NONE',  ( 0.000000000000000000, 0.000000000000000000, -1.000000000000000000 ) ) ;
#7414 = CYLINDRICAL_SURFACE ( 'NONE', #5308, 0.2000000000000002054 ) ;
#7415 = ORIENTED_EDGE ( 'NONE', *, *, #5661, .T. ) ;
#7416 = DIRECTION ( 'NONE',  ( -1.000000000000000000, 0.000000000000000000, -0.000000000000000000 ) ) ;
#7417 =( NAMED_UNIT ( * ) SI_UNIT ( $, .STERADIAN. ) SOLID_ANGLE_UNIT ( ) );
#7418 = CARTESIAN_POINT ( 'NONE',  ( -4.020000000000001350, -2.149963085381718209, -0.2072830971737681105 ) ) ;
#7419 = CARTESIAN_POINT ( 'NONE',  ( -0.2100000000000005473, 3.000000000000000000, -1.000000000000000000 ) ) ;
#7420 = PRESENTATION_STYLE_ASSIGNMENT (( #2114 ) ) ;
#7421 = PLANE ( 'NONE',  #9638 ) ;
#7422 = EDGE_CURVE ( 'NONE', #8864, #9947, #9182, .T. ) ;
#7423 = AXIS2_PLACEMENT_3D ( 'NONE', #4674, #4840, #2056 ) ;
#7424 = ORIENTED_EDGE ( 'NONE', *, *, #18, .F. ) ;
#7425 = VERTEX_POINT ( 'NONE', #6514 ) ;
#7426 = CARTESIAN_POINT ( 'NONE',  ( -4.251217025357843404, 1.876217025357843182, 0.09449019374921865944 ) ) ;
#7427 = ORIENTED_EDGE ( 'NONE', *, *, #3361, .T. ) ;
#7428 = EDGE_CURVE ( 'NONE', #4702, #8299, #2210, .T. ) ;
#7429 = CIRCLE ( 'NONE', #2021, 0.2000000000000003164 ) ;
#7430 = DIRECTION ( 'NONE',  ( 1.000000000000000000, 0.000000000000000000, 0.000000000000000000 ) ) ;
#7431 = FACE_OUTER_BOUND ( 'NONE', #6110, .T. ) ;
#7432 = SURFACE_STYLE_USAGE ( .BOTH. , #3840 ) ;
#7433 = EDGE_LOOP ( 'NONE', ( #8178, #1634, #877, #6768 ) ) ;
#7434 = PLANE ( 'NONE',  #5816 ) ;
#7435 = VECTOR ( 'NONE', #5365, 1000.000000000000000 ) ;
#7436 = CARTESIAN_POINT ( 'NONE',  ( -1.060000000000000941, -3.000000000000000000, -1.000000000000000000 ) ) ;
#7437 = CARTESIAN_POINT ( 'NONE',  ( -2.750000000000001332, 2.050000000000000266, -0.1099999999999999867 ) ) ;
#7438 = VECTOR ( 'NONE', #10097, 1000.000000000000000 ) ;
#7439 = DIRECTION ( 'NONE',  ( 0.000000000000000000, 0.000000000000000000, -1.000000000000000000 ) ) ;
#7440 = STYLED_ITEM ( 'NONE', ( #3200 ), #2608 ) ;
#7441 =( NAMED_UNIT ( * ) SI_UNIT ( $, .STERADIAN. ) SOLID_ANGLE_UNIT ( ) );
#7442 = CARTESIAN_POINT ( 'NONE',  ( -4.190202986107629535, -1.815202986107629091, -0.7500000000000000000 ) ) ;
#7443 = EDGE_CURVE ( 'NONE', #7400, #1629, #8103, .T. ) ;
#7444 = CARTESIAN_POINT ( 'NONE',  ( -4.325000000000000178, -1.875136580382891660, 0.1100000000000039835 ) ) ;
#7445 = CARTESIAN_POINT ( 'NONE',  ( -1.480000000000000870, 2.350974876014612747, -0.9546157422084604605 ) ) ;
#7446 = DIRECTION ( 'NONE',  ( 1.000000000000000000, 0.000000000000000000, 0.000000000000000000 ) ) ;
#7447 = PLANE ( 'NONE',  #1431 ) ;
#7448 = EDGE_CURVE ( 'NONE', #8483, #2189, #9119, .T. ) ;
#7449 = DIRECTION ( 'NONE',  ( 1.000000000000000000, 0.000000000000000000, 0.000000000000000000 ) ) ;
#7450 = VECTOR ( 'NONE', #6607, 1000.000000000000000 ) ;
#7451 = EDGE_CURVE ( 'NONE', #9555, #5849, #10544, .T. ) ;
#7452 = ORIENTED_EDGE ( 'NONE', *, *, #8858, .T. ) ;
#7453 = ORIENTED_EDGE ( 'NONE', *, *, #4957, .F. ) ;
#7454 = PRESENTATION_STYLE_ASSIGNMENT (( #6499 ) ) ;
#7455 = SURFACE_STYLE_USAGE ( .BOTH. , #10059 ) ;
#7456 =( NAMED_UNIT ( * ) SI_UNIT ( $, .STERADIAN. ) SOLID_ANGLE_UNIT ( ) );
#7457 = ADVANCED_FACE ( 'NONE', ( #6465 ), #7414, .T. ) ;
#7458 =( LENGTH_UNIT ( ) NAMED_UNIT ( * ) SI_UNIT ( .MILLI., .METRE. ) );
#7459 = DIRECTION ( 'NONE',  ( 1.000000000000000000, 0.000000000000000000, 0.000000000000000000 ) ) ;
#7460 = VERTEX_POINT ( 'NONE', #8157 ) ;
#7461 = SURFACE_STYLE_FILL_AREA ( #7517 ) ;
#7462 = EDGE_CURVE ( 'NONE', #1076, #1494, #496, .T. ) ;
#7463 = STYLED_ITEM ( 'NONE', ( #4797 ), #6339 ) ;
#7464 = ORIENTED_EDGE ( 'NONE', *, *, #2724, .T. ) ;
#7465 = CARTESIAN_POINT ( 'NONE',  ( -0.2100000000000005473, -1.950000000000000178, 0.1100000000000000144 ) ) ;
#7466 = DIRECTION ( 'NONE',  ( -1.000000000000000000, -0.000000000000000000, -0.000000000000000000 ) ) ;
#7467 = CARTESIAN_POINT ( 'NONE',  ( 1.059999999999999387, -1.950000000000000178, -0.1099999999999999867 ) ) ;
#7468 = AXIS2_PLACEMENT_3D ( 'NONE', #7986, #5268, #6123 ) ;
#7469 =( NAMED_UNIT ( * ) PLANE_ANGLE_UNIT ( ) SI_UNIT ( $, .RADIAN. ) );
#7470 = CARTESIAN_POINT ( 'NONE',  ( -4.325000000000000178, 1.949999999999999734, -0.1100000000000000006 ) ) ;
#7471 = SURFACE_STYLE_USAGE ( .BOTH. , #9855 ) ;
#7472 = FACE_OUTER_BOUND ( 'NONE', #10109, .T. ) ;
#7473 = ORIENTED_EDGE ( 'NONE', *, *, #7799, .T. ) ;
#7474 = VECTOR ( 'NONE', #5138, 1000.000000000000000 ) ;
#7475 = SURFACE_STYLE_FILL_AREA ( #13 ) ;
#7476 = FILL_AREA_STYLE ('',( #2108 ) ) ;
#7477 =( NAMED_UNIT ( * ) PLANE_ANGLE_UNIT ( ) SI_UNIT ( $, .RADIAN. ) );
#7478 = UNCERTAINTY_MEASURE_WITH_UNIT (LENGTH_MEASURE( 1.000000000000000082E-05 ), #9708, 'distance_accuracy_value', 'NONE');
#7479 = SURFACE_STYLE_USAGE ( .BOTH. , #6574 ) ;
#7480 = FILL_AREA_STYLE ('',( #609 ) ) ;
#7481 = DIRECTION ( 'NONE',  ( 0.000000000000000000, -0.000000000000000000, 1.000000000000000000 ) ) ;
#7482 = SURFACE_SIDE_STYLE ('',( #1454 ) ) ;
#7483 = MECHANICAL_DESIGN_GEOMETRIC_PRESENTATION_REPRESENTATION (  '', ( #4610 ), #650 ) ;
#7484 = ORIENTED_EDGE ( 'NONE', *, *, #368, .F. ) ;
#7485 = EDGE_LOOP ( 'NONE', ( #7828, #6337, #693, #205 ) ) ;
#7486 = LINE ( 'NONE', #5862, #1547 ) ;
#7487 = ORIENTED_EDGE ( 'NONE', *, *, #7304, .F. ) ;
#7488 = DIRECTION ( 'NONE',  ( 0.000000000000000000, 0.000000000000000000, -1.000000000000000000 ) ) ;
#7489 = DIRECTION ( 'NONE',  ( 0.1039620511844971951, 0.1039620511844980416, 0.9891328443778539814 ) ) ;
#7490 = DIRECTION ( 'NONE',  ( 0.000000000000000000, -0.02716902826231849810, -0.9996308538171886360 ) ) ;
#7491 = VERTEX_POINT ( 'NONE', #10017 ) ;
#7492 = CARTESIAN_POINT ( 'NONE',  ( -0.2100000000000005473, -2.165000000000000036, -0.7605367378089592512 ) ) ;
#7493 = CARTESIAN_POINT ( 'NONE',  ( 4.019999999999999574, 2.050000000000000266, -0.1099999999999999867 ) ) ;
#7494 = PRESENTATION_LAYER_ASSIGNMENT (  '', '', ( #3716 ) ) ;
#7495 = LINE ( 'NONE', #10957, #10715 ) ;
#7496 = FACE_OUTER_BOUND ( 'NONE', #2466, .T. ) ;
#7497 =( LENGTH_UNIT ( ) NAMED_UNIT ( * ) SI_UNIT ( .MILLI., .METRE. ) );
#7498 = FACE_OUTER_BOUND ( 'NONE', #5371, .T. ) ;
#7499 = CIRCLE ( 'NONE', #5894, 0.09999999999999956146 ) ;
#7500 = CARTESIAN_POINT ( 'NONE',  ( -2.330000000000001403, -2.381960306200947564, -0.6457080498711260663 ) ) ;
#7501 = VERTEX_POINT ( 'NONE', #2266 ) ;
#7502 = COLOUR_RGB ( '',0.8039215686274510109, 0.8039215686274510109, 0.8039215686274510109 ) ;
#7503 = ORIENTED_EDGE ( 'NONE', *, *, #573, .F. ) ;
#7504 = MECHANICAL_DESIGN_GEOMETRIC_PRESENTATION_REPRESENTATION (  '', ( #9316 ), #5156 ) ;
#7505 = ORIENTED_EDGE ( 'NONE', *, *, #4014, .F. ) ;
#7506 = PLANE ( 'NONE',  #9655 ) ;
#7507 =( LENGTH_UNIT ( ) NAMED_UNIT ( * ) SI_UNIT ( .MILLI., .METRE. ) );
#7508 = AXIS2_PLACEMENT_3D ( 'NONE', #10281, #7668, #6704 ) ;
#7509 = DIRECTION ( 'NONE',  ( -1.000000000000000000, -0.000000000000000000, -0.000000000000000000 ) ) ;
#7510 = PRESENTATION_LAYER_ASSIGNMENT (  '', '', ( #3002 ) ) ;
#7511 = EDGE_CURVE ( 'NONE', #5664, #5021, #4885, .T. ) ;
#7512 = EDGE_CURVE ( 'NONE', #6122, #1055, #288, .T. ) ;
#7513 = LINE ( 'NONE', #752, #9915 ) ;
#7514 = DIRECTION ( 'NONE',  ( 0.000000000000000000, 0.9996308538171885250, -0.02716902826232023976 ) ) ;
#7515 = CARTESIAN_POINT ( 'NONE',  ( 4.250409738600888332, -1.949998880753508468, 0.1100106489190367937 ) ) ;
#7516 = VECTOR ( 'NONE', #10436, 1000.000000000000227 ) ;
#7517 = FILL_AREA_STYLE ('',( #8382 ) ) ;
#7518 = AXIS2_PLACEMENT_3D ( 'NONE', #2791, #6240, #9700 ) ;
#7519 = VECTOR ( 'NONE', #4252, 1000.000000000000000 ) ;
#7520 = EDGE_CURVE ( 'NONE', #374, #2765, #5741, .T. ) ;
#7521 = ORIENTED_EDGE ( 'NONE', *, *, #5390, .T. ) ;
#7522 = VERTEX_POINT ( 'NONE', #5624 ) ;
#7523 = DIRECTION ( 'NONE',  ( -1.000000000000000000, -0.000000000000000000, -0.000000000000000000 ) ) ;
#7524 = AXIS2_PLACEMENT_3D ( 'NONE', #7575, #4316, #3266 ) ;
#7525 = PRESENTATION_STYLE_ASSIGNMENT (( #2369 ) ) ;
#7526 = PRESENTATION_LAYER_ASSIGNMENT (  '', '', ( #3016 ) ) ;
#7527 = LINE ( 'NONE', #7467, #8220 ) ;
#7528 = ADVANCED_FACE ( 'NONE', ( #7472 ), #1215, .F. ) ;
#7529 = EDGE_CURVE ( 'NONE', #2074, #8891, #3274, .T. ) ;
#7530 = SURFACE_STYLE_FILL_AREA ( #5842 ) ;
#7531 = VECTOR ( 'NONE', #5490, 1000.000000000000000 ) ;
#7532 = PRESENTATION_LAYER_ASSIGNMENT (  '', '', ( #7897 ) ) ;
#7533 = ORIENTED_EDGE ( 'NONE', *, *, #10142, .T. ) ;
#7534 = DIRECTION ( 'NONE',  ( 1.000000000000000000, 0.000000000000000000, 0.000000000000000000 ) ) ;
#7535 = MECHANICAL_DESIGN_GEOMETRIC_PRESENTATION_REPRESENTATION (  '', ( #3002 ), #9352 ) ;
#7536 = VERTEX_POINT ( 'NONE', #8452 ) ;
#7537 = MECHANICAL_DESIGN_GEOMETRIC_PRESENTATION_REPRESENTATION (  '', ( #4501 ), #704 ) ;
#7538 = SURFACE_STYLE_FILL_AREA ( #10201 ) ;
#7539 = PRESENTATION_STYLE_ASSIGNMENT (( #4993 ) ) ;
#7540 =( BOUNDED_CURVE ( )  B_SPLINE_CURVE ( 3, ( #4758, #10687, #1366, #5723 ),
 .UNSPECIFIED., .F., .F. ) 
 B_SPLINE_CURVE_WITH_KNOTS ( ( 4, 4 ),
 ( 5.503250352303677317, 7.063120262055495147 ),
 .UNSPECIFIED. ) 
 CURVE ( )  GEOMETRIC_REPRESENTATION_ITEM ( )  RATIONAL_B_SPLINE_CURVE ( ( 1.000000000000000000, 0.8073061876036311535, 0.8073061876036311535, 1.000000000000000000 ) ) 
 REPRESENTATION_ITEM ( '' )  );
#7541 = UNCERTAINTY_MEASURE_WITH_UNIT (LENGTH_MEASURE( 1.000000000000000082E-05 ), #2337, 'distance_accuracy_value', 'NONE');
#7542 =( NAMED_UNIT ( * ) PLANE_ANGLE_UNIT ( ) SI_UNIT ( $, .RADIAN. ) );
#7543 = LINE ( 'NONE', #11001, #4116 ) ;
#7544 = COLOUR_RGB ( '',0.8039215686274510109, 0.8039215686274510109, 0.8039215686274510109 ) ;
#7545 =( NAMED_UNIT ( * ) SI_UNIT ( $, .STERADIAN. ) SOLID_ANGLE_UNIT ( ) );
#7546 = EDGE_LOOP ( 'NONE', ( #9073, #1568, #2966, #2287 ) ) ;
#7547 = ORIENTED_EDGE ( 'NONE', *, *, #7578, .F. ) ;
#7548 = SURFACE_SIDE_STYLE ('',( #5807 ) ) ;
#7549 = VECTOR ( 'NONE', #7622, 1000.000000000000000 ) ;
#7550 = ORIENTED_EDGE ( 'NONE', *, *, #3598, .F. ) ;
#7551 = VECTOR ( 'NONE', #2879, 1000.000000000000227 ) ;
#7552 =( NAMED_UNIT ( * ) SI_UNIT ( $, .STERADIAN. ) SOLID_ANGLE_UNIT ( ) );
#7553 = FACE_OUTER_BOUND ( 'NONE', #6712, .T. ) ;
#7554 = LINE ( 'NONE', #2515, #9891 ) ;
#7555 = VERTEX_POINT ( 'NONE', #10255 ) ;
#7556 = LINE ( 'NONE', #7492, #5081 ) ;
#7557 =( NAMED_UNIT ( * ) SI_UNIT ( $, .STERADIAN. ) SOLID_ANGLE_UNIT ( ) );
#7558 = PRESENTATION_STYLE_ASSIGNMENT (( #8358 ) ) ;
#7559 =( LENGTH_UNIT ( ) NAMED_UNIT ( * ) SI_UNIT ( .MILLI., .METRE. ) );
#7560 = LINE ( 'NONE', #622, #10950 ) ;
#7561 = CARTESIAN_POINT ( 'NONE',  ( 1.059999999999999387, 1.950000000000000178, 0.1100000000000000144 ) ) ;
#7562 =( NAMED_UNIT ( * ) PLANE_ANGLE_UNIT ( ) SI_UNIT ( $, .RADIAN. ) );
#7563 = AXIS2_PLACEMENT_3D ( 'NONE', #7881, #4888, #9063 ) ;
#7564 = DIRECTION ( 'NONE',  ( 0.000000000000000000, 0.02716902826232023976, 0.9996308538171885250 ) ) ;
#7565 = ORIENTED_EDGE ( 'NONE', *, *, #2687, .T. ) ;
#7566 =( LENGTH_UNIT ( ) NAMED_UNIT ( * ) SI_UNIT ( .MILLI., .METRE. ) );
#7567 = DIRECTION ( 'NONE',  ( 1.000000000000000000, 0.000000000000000000, 0.000000000000000000 ) ) ;
#7568 = EDGE_LOOP ( 'NONE', ( #3055, #8086, #3643, #6667 ) ) ;
#7569 =( LENGTH_UNIT ( ) NAMED_UNIT ( * ) SI_UNIT ( .MILLI., .METRE. ) );
#7570 = ORIENTED_EDGE ( 'NONE', *, *, #4849, .T. ) ;
#7571 = CARTESIAN_POINT ( 'NONE',  ( -4.020000000000001350, 2.166782826543157903, -0.09000000000000002442 ) ) ;
#7572 = PRESENTATION_LAYER_ASSIGNMENT (  '', '', ( #562 ) ) ;
#7573 =( NAMED_UNIT ( * ) PLANE_ANGLE_UNIT ( ) SI_UNIT ( $, .RADIAN. ) );
#7574 = CARTESIAN_POINT ( 'NONE',  ( -4.324760935694444974, 1.918963392251839428, 0.1122745449310376259 ) ) ;
#7575 = CARTESIAN_POINT ( 'NONE',  ( 3.599999999999999645, -2.481923391582665950, -0.6429911470448941291 ) ) ;
#7576 = ADVANCED_FACE ( 'NONE', ( #6728 ), #5094, .T. ) ;
#7577 = FILL_AREA_STYLE_COLOUR ( '', #1951 ) ;
#7578 = EDGE_CURVE ( 'NONE', #10152, #1177, #9282, .T. ) ;
#7579 = EDGE_LOOP ( 'NONE', ( #9875, #5267, #6326, #5017 ) ) ;
#7580 = ORIENTED_EDGE ( 'NONE', *, *, #10918, .T. ) ;
#7581 = DIRECTION ( 'NONE',  ( 1.000000000000000000, -0.000000000000000000, -0.000000000000000000 ) ) ;
#7582 = FACE_OUTER_BOUND ( 'NONE', #2751, .T. ) ;
#7583 = CARTESIAN_POINT ( 'NONE',  ( 2.749999999999999112, 1.950000000000000178, 0.1100000000000000144 ) ) ;
#7584 = SURFACE_STYLE_USAGE ( .BOTH. , #3223 ) ;
#7585 = ADVANCED_FACE ( 'NONE', ( #4260 ), #4154, .F. ) ;
#7586 = VERTEX_POINT ( 'NONE', #5209 ) ;
#7587 = EDGE_CURVE ( 'NONE', #7061, #8457, #2711, .T. ) ;
#7588 = EDGE_CURVE ( 'NONE', #10670, #10357, #7860, .T. ) ;
#7589 = ORIENTED_EDGE ( 'NONE', *, *, #1102, .F. ) ;
#7590 =( NAMED_UNIT ( * ) SI_UNIT ( $, .STERADIAN. ) SOLID_ANGLE_UNIT ( ) );
#7591 =( LENGTH_UNIT ( ) NAMED_UNIT ( * ) SI_UNIT ( .MILLI., .METRE. ) );
#7592 = FILL_AREA_STYLE ('',( #728 ) ) ;
#7593 = FILL_AREA_STYLE_COLOUR ( '', #5002 ) ;
#7594 = DIRECTION ( 'NONE',  ( -1.000000000000000000, -0.000000000000000000, -0.000000000000000000 ) ) ;
#7595 = DIRECTION ( 'NONE',  ( 0.000000000000000000, 1.000000000000000000, 0.000000000000000000 ) ) ;
#7596 = EDGE_LOOP ( 'NONE', ( #8350, #3357, #5296, #3705 ) ) ;
#7597 = EDGE_LOOP ( 'NONE', ( #5232, #6861, #3451, #463, #9880, #3547, #7880, #5863, #3891, #174, #7250, #9957 ) ) ;
#7598 = SURFACE_SIDE_STYLE ('',( #10433 ) ) ;
#7599 = ORIENTED_EDGE ( 'NONE', *, *, #3737, .F. ) ;
#7600 = MECHANICAL_DESIGN_GEOMETRIC_PRESENTATION_REPRESENTATION (  '', ( #9054 ), #7237 ) ;
#7601 = CARTESIAN_POINT ( 'NONE',  ( 3.599999999999999645, 3.000000000000000000, -0.7794627824221421752 ) ) ;
#7602 = ADVANCED_FACE ( 'NONE', ( #10414 ), #3691, .T. ) ;
#7603 =( BOUNDED_CURVE ( )  B_SPLINE_CURVE ( 3, ( #7190, #8144, #10579, #5663 ),
 .UNSPECIFIED., .F., .F. ) 
 B_SPLINE_CURVE_WITH_KNOTS ( ( 4, 4 ),
 ( 0.000000000000000000, 0.005463208521536137841 ),
 .UNSPECIFIED. ) 
 CURVE ( )  GEOMETRIC_REPRESENTATION_ITEM ( )  RATIONAL_B_SPLINE_CURVE ( ( 1.000000000000000000, 0.9999975127809339615, 0.9999975127809339615, 1.000000000000000000 ) ) 
 REPRESENTATION_ITEM ( '' )  );
#7604 = DIRECTION ( 'NONE',  ( 1.000000000000000000, 0.000000000000000000, 0.000000000000000000 ) ) ;
#7605 = ORIENTED_EDGE ( 'NONE', *, *, #1438, .T. ) ;
#7606 = LINE ( 'NONE', #3301, #2547 ) ;
#7607 = SURFACE_SIDE_STYLE ('',( #9208 ) ) ;
#7608 = CARTESIAN_POINT ( 'NONE',  ( 1.479999999999999094, 2.366708997306596007, -0.08456619434753621933 ) ) ;
#7609 = COLOUR_RGB ( '',0.8039215686274510109, 0.8039215686274510109, 0.8039215686274510109 ) ;
#7610 = VERTEX_POINT ( 'NONE', #93 ) ;
#7611 = SURFACE_STYLE_USAGE ( .BOTH. , #4066 ) ;
#7612 =( NAMED_UNIT ( * ) PLANE_ANGLE_UNIT ( ) SI_UNIT ( $, .RADIAN. ) );
#7613 = ORIENTED_EDGE ( 'NONE', *, *, #9266, .F. ) ;
#7614 = PRESENTATION_LAYER_ASSIGNMENT (  '', '', ( #61 ) ) ;
#7615 = ORIENTED_EDGE ( 'NONE', *, *, #5144, .T. ) ;
#7616 = FILL_AREA_STYLE_COLOUR ( '', #10198 ) ;
#7617 = ORIENTED_EDGE ( 'NONE', *, *, #2271, .T. ) ;
#7618 =( LENGTH_UNIT ( ) NAMED_UNIT ( * ) SI_UNIT ( .MILLI., .METRE. ) );
#7619 = PLANE ( 'NONE',  #1501 ) ;
#7620 = FACE_OUTER_BOUND ( 'NONE', #9896, .T. ) ;
#7622 = DIRECTION ( 'NONE',  ( -1.000000000000000000, -0.000000000000000000, -0.000000000000000000 ) ) ;
#7621 = AXIS2_PLACEMENT_3D ( 'NONE', #9414, #9471, #6742 ) ;
#7623 = CARTESIAN_POINT ( 'NONE',  ( -1.480000000000000870, -2.165000000000000036, -0.7605367378089592512 ) ) ;
#7625 = CARTESIAN_POINT ( 'NONE',  ( 2.749999999999999112, -1.950000000000000178, -0.1099999999999999867 ) ) ;
#7624 = CIRCLE ( 'NONE', #4046, 0.09999999999999956146 ) ;
#7626 = DIRECTION ( 'NONE',  ( 0.000000000000000000, 1.000000000000000000, 0.000000000000000000 ) ) ;
#7627 = PRESENTATION_LAYER_ASSIGNMENT (  '', '', ( #8199 ) ) ;
#7628 = CIRCLE ( 'NONE', #10704, 0.2000000000000002054 ) ;
#7629 = ORIENTED_EDGE ( 'NONE', *, *, #3595, .T. ) ;
#7630 = ORIENTED_EDGE ( 'NONE', *, *, #8295, .F. ) ;
#7631 = PRESENTATION_LAYER_ASSIGNMENT (  '', '', ( #4031 ) ) ;
#7632 = EDGE_CURVE ( 'NONE', #4179, #5131, #4455, .T. ) ;
#7633 = DIRECTION ( 'NONE',  ( 0.000000000000000000, -1.000000000000000000, 0.000000000000000000 ) ) ;
#7634 = FILL_AREA_STYLE_COLOUR ( '', #2757 ) ;
#7635 = CARTESIAN_POINT ( 'NONE',  ( -1.060000000000000941, -1.950000000000000178, -0.1099999999999999867 ) ) ;
#7636 = STYLED_ITEM ( 'NONE', ( #7135 ), #430 ) ;
#7637 =( NAMED_UNIT ( * ) PLANE_ANGLE_UNIT ( ) SI_UNIT ( $, .RADIAN. ) );
#7638 =( GEOMETRIC_REPRESENTATION_CONTEXT ( 3 ) GLOBAL_UNCERTAINTY_ASSIGNED_CONTEXT ( ( #7478 ) ) GLOBAL_UNIT_ASSIGNED_CONTEXT ( ( #9708, #6359, #8863 ) ) REPRESENTATION_CONTEXT ( 'NONE', 'WORKASPACE' ) );
#7639 = VERTEX_POINT ( 'NONE', #10476 ) ;
#7640 = CARTESIAN_POINT ( 'NONE',  ( 4.250409738600888332, 1.949998880753508024, -0.1100106489190370990 ) ) ;
#7641 = UNCERTAINTY_MEASURE_WITH_UNIT (LENGTH_MEASURE( 1.000000000000000082E-05 ), #11097, 'distance_accuracy_value', 'NONE');
#7642 = MECHANICAL_DESIGN_GEOMETRIC_PRESENTATION_REPRESENTATION (  '', ( #280 ), #3307 ) ;
#7643 = ORIENTED_EDGE ( 'NONE', *, *, #2342, .F. ) ;
#7644 = FILL_AREA_STYLE_COLOUR ( '', #8054 ) ;
#7645 = MECHANICAL_DESIGN_GEOMETRIC_PRESENTATION_REPRESENTATION (  '', ( #1336 ), #10919 ) ;
#7646 = FACE_OUTER_BOUND ( 'NONE', #1935, .T. ) ;
#7647 = EDGE_CURVE ( 'NONE', #9948, #6676, #1100, .T. ) ;
#7648 = CARTESIAN_POINT ( 'NONE',  ( -4.249999999999999112, 1.949999999999999734, 0.1100000000000000006 ) ) ;
#7649 =( NAMED_UNIT ( * ) SI_UNIT ( $, .STERADIAN. ) SOLID_ANGLE_UNIT ( ) );
#7650 = EDGE_CURVE ( 'NONE', #4929, #7863, #9622, .T. ) ;
#7651 = VERTEX_POINT ( 'NONE', #2775 ) ;
#7652 = MECHANICAL_DESIGN_GEOMETRIC_PRESENTATION_REPRESENTATION (  '', ( #7263 ), #4211 ) ;
#7653 = VERTEX_POINT ( 'NONE', #6222 ) ;
#7655 = CARTESIAN_POINT ( 'NONE',  ( -0.2100000000000005473, -3.000000000000000000, -1.000000000000000000 ) ) ;
#7654 = CIRCLE ( 'NONE', #7289, 0.2000000000000002054 ) ;
#7656 = VERTEX_POINT ( 'NONE', #264 ) ;
#7657 = CARTESIAN_POINT ( 'NONE',  ( -4.020000000000001350, -2.050000000000000266, -0.1099999999999999867 ) ) ;
#7658 = CARTESIAN_POINT ( 'NONE',  ( -4.325000000000000178, -1.950000000000000178, 0.1100000000000000006 ) ) ;
#7659 = DIRECTION ( 'NONE',  ( 0.000000000000000000, 0.000000000000000000, -1.000000000000000000 ) ) ;
#7660 = ADVANCED_FACE ( 'NONE', ( #2601 ), #1691, .T. ) ;
#7661 = CIRCLE ( 'NONE', #8400, 0.2000000000000002054 ) ;
#7662 = ORIENTED_EDGE ( 'NONE', *, *, #6902, .T. ) ;
#7663 = CARTESIAN_POINT ( 'NONE',  ( 4.190202986107629535, 1.815202986107628647, 0.7500000000000000000 ) ) ;
#7664 = CARTESIAN_POINT ( 'NONE',  ( -1.480000000000000870, 2.474947744208253031, -0.7427475520708766155 ) ) ;
#7665 =( NAMED_UNIT ( * ) PLANE_ANGLE_UNIT ( ) SI_UNIT ( $, .RADIAN. ) );
#7666 = VECTOR ( 'NONE', #2915, 1000.000000000000227 ) ;
#7667 = DIRECTION ( 'NONE',  ( 0.000000000000000000, 0.000000000000000000, -1.000000000000000000 ) ) ;
#7668 = DIRECTION ( 'NONE',  ( 1.000000000000000000, 0.000000000000000000, 0.000000000000000000 ) ) ;
#7669 = DIRECTION ( 'NONE',  ( -1.000000000000000000, -0.000000000000000000, 0.000000000000000000 ) ) ;
#7670 = ADVANCED_FACE ( 'NONE', ( #6713 ), #6040, .F. ) ;
#7671 = ORIENTED_EDGE ( 'NONE', *, *, #8372, .F. ) ;
#7672 = CARTESIAN_POINT ( 'NONE',  ( -4.020000000000001350, 2.050000000000000266, -0.1099999999999999867 ) ) ;
#7673 = ORIENTED_EDGE ( 'NONE', *, *, #4159, .T. ) ;
#7674 = ORIENTED_EDGE ( 'NONE', *, *, #10774, .F. ) ;
#7675 = AXIS2_PLACEMENT_3D ( 'NONE', #8819, #10555, #7964 ) ;
#7676 = DIRECTION ( 'NONE',  ( -0.000000000000000000, -1.000000000000000000, 0.000000000000000000 ) ) ;
#7677 = UNCERTAINTY_MEASURE_WITH_UNIT (LENGTH_MEASURE( 1.000000000000000082E-05 ), #365, 'distance_accuracy_value', 'NONE');
#7678 = ORIENTED_EDGE ( 'NONE', *, *, #2896, .T. ) ;
#7679 =( NAMED_UNIT ( * ) PLANE_ANGLE_UNIT ( ) SI_UNIT ( $, .RADIAN. ) );
#7680 = VERTEX_POINT ( 'NONE', #9263 ) ;
#7681 = DIRECTION ( 'NONE',  ( 0.000000000000000000, 0.000000000000000000, -1.000000000000000000 ) ) ;
#7682 = CARTESIAN_POINT ( 'NONE',  ( -1.480000000000000870, 1.950000000000000178, -0.1099999999999999867 ) ) ;
#7683 =( NAMED_UNIT ( * ) PLANE_ANGLE_UNIT ( ) SI_UNIT ( $, .RADIAN. ) );
#7684 = MECHANICAL_DESIGN_GEOMETRIC_PRESENTATION_REPRESENTATION (  '', ( #840 ), #10022 ) ;
#7685 = PRESENTATION_STYLE_ASSIGNMENT (( #638 ) ) ;
#7686 = VECTOR ( 'NONE', #4137, 999.9999999999998863 ) ;
#7687 = AXIS2_PLACEMENT_3D ( 'NONE', #5810, #841, #901 ) ;
#7688 = DIRECTION ( 'NONE',  ( 0.000000000000000000, 0.000000000000000000, -1.000000000000000000 ) ) ;
#7689 = DIRECTION ( 'NONE',  ( 0.000000000000000000, 0.000000000000000000, -1.000000000000000000 ) ) ;
#7690 = COLOUR_RGB ( '',0.8039215686274510109, 0.8039215686274510109, 0.8039215686274510109 ) ;
#7691 = VECTOR ( 'NONE', #7117, 1000.000000000000000 ) ;
#7692 = COLOUR_RGB ( '',0.9607843137254902244, 0.9607843137254902244, 0.9607843137254902244 ) ;
#7693 = ORIENTED_EDGE ( 'NONE', *, *, #10356, .F. ) ;
#7694 = EDGE_LOOP ( 'NONE', ( #2823, #8172, #8411, #4600 ) ) ;
#7695 =( GEOMETRIC_REPRESENTATION_CONTEXT ( 3 ) GLOBAL_UNCERTAINTY_ASSIGNED_CONTEXT ( ( #1866 ) ) GLOBAL_UNIT_ASSIGNED_CONTEXT ( ( #11105, #7477, #9468 ) ) REPRESENTATION_CONTEXT ( 'NONE', 'WORKASPACE' ) );
#7696 = CARTESIAN_POINT ( 'NONE',  ( -3.600000000000000977, 2.149963085381718209, -0.2072830971737681105 ) ) ;
#7697 = CARTESIAN_POINT ( 'NONE',  ( -4.250409738600887444, -1.949998880753508468, 0.1100106489190369741 ) ) ;
#7698 = DIRECTION ( 'NONE',  ( 0.000000000000000000, 1.000000000000000000, 0.000000000000000000 ) ) ;
#7699 =( NAMED_UNIT ( * ) PLANE_ANGLE_UNIT ( ) SI_UNIT ( $, .RADIAN. ) );
#7700 = CIRCLE ( 'NONE', #5548, 0.07500000000000005274 ) ;
#7701 = PRESENTATION_STYLE_ASSIGNMENT (( #4259 ) ) ;
#7702 = CARTESIAN_POINT ( 'NONE',  ( -2.750000000000001332, 2.481923391582665950, -0.6429911470448941291 ) ) ;
#7703 = STYLED_ITEM ( 'NONE', ( #2970 ), #2243 ) ;
#7704 = AXIS2_PLACEMENT_3D ( 'NONE', #2022, #2874, #1243 ) ;
#7705 = VERTEX_POINT ( 'NONE', #4968 ) ;
#7706 = AXIS2_PLACEMENT_3D ( 'NONE', #1107, #8737, #7812 ) ;
#7707 = DIRECTION ( 'NONE',  ( 1.000000000000000000, 0.000000000000000000, 0.000000000000000000 ) ) ;
#7708 = CIRCLE ( 'NONE', #2834, 0.2000000000000002054 ) ;
#7709 = ORIENTED_EDGE ( 'NONE', *, *, #9920, .T. ) ;
#7710 = PLANE ( 'NONE',  #5543 ) ;
#7711 = PRESENTATION_LAYER_ASSIGNMENT (  '', '', ( #4302 ) ) ;
#7712 = DIRECTION ( 'NONE',  ( 0.000000000000000000, -1.000000000000000000, 0.000000000000000000 ) ) ;
#7713 = FILL_AREA_STYLE ('',( #7593 ) ) ;
#7714 = DIRECTION ( 'NONE',  ( 0.000000000000000000, 0.000000000000000000, -1.000000000000000000 ) ) ;
#7715 = EDGE_LOOP ( 'NONE', ( #9362, #1920, #3076, #3400 ) ) ;
#7716 = DIRECTION ( 'NONE',  ( 1.000000000000000000, 0.000000000000000000, 0.000000000000000000 ) ) ;
#7717 = CARTESIAN_POINT ( 'NONE',  ( -3.605202986107628682, -1.425202986107629410, 0.7500000000000000000 ) ) ;
#7718 = SURFACE_STYLE_USAGE ( .BOTH. , #4345 ) ;
#7719 = EDGE_CURVE ( 'NONE', #1963, #6572, #10233, .T. ) ;
#7720 = DIRECTION ( 'NONE',  ( 1.000000000000000000, 0.000000000000000000, 0.000000000000000000 ) ) ;
#7721 = ORIENTED_EDGE ( 'NONE', *, *, #364, .T. ) ;
#7722 = PRESENTATION_LAYER_ASSIGNMENT (  '', '', ( #10974 ) ) ;
#7723 = FILL_AREA_STYLE_COLOUR ( '', #3470 ) ;
#7724 = SHAPE_DEFINITION_REPRESENTATION ( #3320, #6213 ) ;
#7725 = CARTESIAN_POINT ( 'NONE',  ( -4.190202986107629535, -1.815202986107629091, 0.6749999999999999334 ) ) ;
#7726 = AXIS2_PLACEMENT_3D ( 'NONE', #8305, #2232, #5703 ) ;
#7727 = VECTOR ( 'NONE', #9500, 1000.000000000000000 ) ;
#7728 = ORIENTED_EDGE ( 'NONE', *, *, #8997, .F. ) ;
#7729 = FILL_AREA_STYLE_COLOUR ( '', #7609 ) ;
#7730 = VERTEX_POINT ( 'NONE', #1741 ) ;
#7731 = ADVANCED_FACE ( 'NONE', ( #71 ), #124, .T. ) ;
#7732 = EDGE_CURVE ( 'NONE', #1819, #593, #1842, .T. ) ;
#7733 = EDGE_CURVE ( 'NONE', #4819, #10082, #8068, .T. ) ;
#7734 = PRESENTATION_STYLE_ASSIGNMENT (( #2409 ) ) ;
#7735 = AXIS2_PLACEMENT_3D ( 'NONE', #2008, #7893, #233 ) ;
#7736 = AXIS2_PLACEMENT_3D ( 'NONE', #1799, #3553, #5237 ) ;
#7737 = ORIENTED_EDGE ( 'NONE', *, *, #3852, .F. ) ;
#7738 = DIRECTION ( 'NONE',  ( -1.000000000000000000, -0.000000000000000000, 0.000000000000000000 ) ) ;
#7739 = CYLINDRICAL_SURFACE ( 'NONE', #7323, 0.2000000000000002054 ) ;
#7740 = VECTOR ( 'NONE', #3718, 1000.000000000000000 ) ;
#7741 = VECTOR ( 'NONE', #8794, 1000.000000000000000 ) ;
#7742 = PRESENTATION_LAYER_ASSIGNMENT (  '', '', ( #9372 ) ) ;
#7743 = PLANE ( 'NONE',  #6782 ) ;
#7744 = SURFACE_SIDE_STYLE ('',( #10352 ) ) ;
#7745 = CLOSED_SHELL ( 'NONE', ( #3947, #3290, #8083, #2594, #7301, #1369, #6152, #10639, #9248, #5749, #4220, #7106, #6279, #1250 ) ) ;
#7746 =( LENGTH_UNIT ( ) NAMED_UNIT ( * ) SI_UNIT ( .MILLI., .METRE. ) );
#7747 = VECTOR ( 'NONE', #10243, 1000.000000000000000 ) ;
#7748 = ORIENTED_EDGE ( 'NONE', *, *, #11053, .T. ) ;
#7749 = EDGE_LOOP ( 'NONE', ( #9397, #946, #3415, #6266 ) ) ;
#7750 = SURFACE_STYLE_USAGE ( .BOTH. , #9508 ) ;
#7751 = CARTESIAN_POINT ( 'NONE',  ( 4.019999999999999574, -2.166782826543157903, -0.09000000000000002442 ) ) ;
#7752 = CARTESIAN_POINT ( 'NONE',  ( 2.749999999999999112, -1.950000000000000178, 0.1100000000000000144 ) ) ;
#7753 = SURFACE_SIDE_STYLE ('',( #1096 ) ) ;
#7754 = CARTESIAN_POINT ( 'NONE',  ( -0.2100000000000005473, -2.165000000000000036, -0.7605367378089592512 ) ) ;
#7755 =( NAMED_UNIT ( * ) PLANE_ANGLE_UNIT ( ) SI_UNIT ( $, .RADIAN. ) );
#7756 = MECHANICAL_DESIGN_GEOMETRIC_PRESENTATION_REPRESENTATION (  '', ( #1979 ), #6674 ) ;
#7757 = ORIENTED_EDGE ( 'NONE', *, *, #10996, .F. ) ;
#7758 = FILL_AREA_STYLE ('',( #4157 ) ) ;
#7759 = ORIENTED_EDGE ( 'NONE', *, *, #2413, .T. ) ;
#7760 = FILL_AREA_STYLE ('',( #10532 ) ) ;
#7761 = DIRECTION ( 'NONE',  ( 1.000000000000000000, 0.000000000000000000, 0.000000000000000000 ) ) ;
#7762 =( NAMED_UNIT ( * ) SI_UNIT ( $, .STERADIAN. ) SOLID_ANGLE_UNIT ( ) );
#7763 = FILL_AREA_STYLE ('',( #4109 ) ) ;
#7764 = FILL_AREA_STYLE_COLOUR ( '', #5498 ) ;
#7765 = ORIENTED_EDGE ( 'NONE', *, *, #4908, .F. ) ;
#7766 = CARTESIAN_POINT ( 'NONE',  ( -3.600000000000000977, -2.050000000000000266, -0.1099999999999999867 ) ) ;
#7767 = FILL_AREA_STYLE ('',( #5115 ) ) ;
#7768 = SURFACE_SIDE_STYLE ('',( #4346 ) ) ;
#7769 = DIRECTION ( 'NONE',  ( 0.000000000000000000, 0.9996308538171885250, -0.02716902826232023976 ) ) ;
#7770 = LINE ( 'NONE', #7889, #1828 ) ;
#7771 = DIRECTION ( 'NONE',  ( 1.000000000000000000, 0.000000000000000000, 0.000000000000000000 ) ) ;
#7772 =( NAMED_UNIT ( * ) PLANE_ANGLE_UNIT ( ) SI_UNIT ( $, .RADIAN. ) );
#7773 = ADVANCED_FACE ( 'NONE', ( #1128 ), #9599, .F. ) ;
#7774 = CYLINDRICAL_SURFACE ( 'NONE', #1221, 0.07499999999999998335 ) ;
#7775 = LINE ( 'NONE', #6823, #7883 ) ;
#7776 = CARTESIAN_POINT ( 'NONE',  ( -2.750000000000001332, -2.050000000000000266, -0.2100000000000000200 ) ) ;
#7777 = EDGE_CURVE ( 'NONE', #8556, #4886, #8923, .T. ) ;
#7778 = VECTOR ( 'NONE', #7062, 1000.000000000000000 ) ;
#7779 = ORIENTED_EDGE ( 'NONE', *, *, #10168, .T. ) ;
#7780 = SURFACE_STYLE_USAGE ( .BOTH. , #5291 ) ;
#7781 = ORIENTED_EDGE ( 'NONE', *, *, #1855, .F. ) ;
#7782 = CARTESIAN_POINT ( 'NONE',  ( -0.2100000000000005473, 2.050000000000000266, -0.1099999999999999867 ) ) ;
#7783 = VECTOR ( 'NONE', #9697, 1000.000000000000000 ) ;
#7784 = DIRECTION ( 'NONE',  ( 1.000000000000000000, 0.000000000000000000, 0.000000000000000000 ) ) ;
#7785 = PRESENTATION_LAYER_ASSIGNMENT (  '', '', ( #7076 ) ) ;
#7786 = ORIENTED_EDGE ( 'NONE', *, *, #8453, .T. ) ;
#7787 = DIRECTION ( 'NONE',  ( 0.1045284632676537068, 0.000000000000000000, 0.9945218953682734009 ) ) ;
#7788 = CARTESIAN_POINT ( 'NONE',  ( 1.059999999999999387, 2.050000000000000266, -0.1099999999999999867 ) ) ;
#7789 = EDGE_CURVE ( 'NONE', #4185, #478, #7059, .T. ) ;
#7790 = FACE_OUTER_BOUND ( 'NONE', #10536, .T. ) ;
#7791 = CARTESIAN_POINT ( 'NONE',  ( -1.060000000000000941, 2.149963085381718209, -0.2072830971737681105 ) ) ;
#7792 = EDGE_CURVE ( 'NONE', #938, #8008, #6315, .T. ) ;
#7793 = DIRECTION ( 'NONE',  ( 0.000000000000000000, 0.000000000000000000, -1.000000000000000000 ) ) ;
#7794 = EDGE_CURVE ( 'NONE', #2301, #10515, #194, .T. ) ;
#7795 = COLOUR_RGB ( '',0.2862745098039215508, 0.2862745098039215508, 0.2862745098039215508 ) ;
#7796 = DIRECTION ( 'NONE',  ( 0.000000000000000000, 0.000000000000000000, -1.000000000000000000 ) ) ;
#7797 = VERTEX_POINT ( 'NONE', #1174 ) ;
#7798 = ORIENTED_EDGE ( 'NONE', *, *, #3636, .T. ) ;
#7799 = EDGE_CURVE ( 'NONE', #7407, #6362, #6197, .T. ) ;
#7800 = DIRECTION ( 'NONE',  ( 0.000000000000000000, 0.000000000000000000, -1.000000000000000000 ) ) ;
#7801 = DIRECTION ( 'NONE',  ( 1.000000000000000000, 0.000000000000000000, 0.000000000000000000 ) ) ;
#7802 = CARTESIAN_POINT ( 'NONE',  ( 2.329999999999999627, 2.481923391582665950, -0.6429911470448941291 ) ) ;
#7803 = DIRECTION ( 'NONE',  ( 0.000000000000000000, -0.9975640502598243087, 0.06975647374412501101 ) ) ;
#7804 = EDGE_CURVE ( 'NONE', #620, #7376, #7218, .T. ) ;
#7805 = CARTESIAN_POINT ( 'NONE',  ( 1.059999999999999387, 2.050000000000000266, -0.2100000000000000200 ) ) ;
#7806 = EDGE_LOOP ( 'NONE', ( #6723, #1127, #8027, #4525 ) ) ;
#7807 = SURFACE_SIDE_STYLE ('',( #6967 ) ) ;
#7808 = SURFACE_STYLE_FILL_AREA ( #1768 ) ;
#7809 = VECTOR ( 'NONE', #7402, 1000.000000000000000 ) ;
#7810 = VERTEX_POINT ( 'NONE', #8815 ) ;
#7811 = CARTESIAN_POINT ( 'NONE',  ( 4.019999999999999574, -2.366708997306596007, -0.08456619434753616382 ) ) ;
#7812 = DIRECTION ( 'NONE',  ( 0.000000000000000000, 0.000000000000000000, -1.000000000000000000 ) ) ;
#7813 = SURFACE_STYLE_USAGE ( .BOTH. , #4391 ) ;
#7814 = CARTESIAN_POINT ( 'NONE',  ( 2.329999999999999627, 2.050000000000000266, -0.1099999999999999867 ) ) ;
#7815 = COLOUR_RGB ( '',0.8039215686274510109, 0.8039215686274510109, 0.8039215686274510109 ) ;
#7816 = ORIENTED_EDGE ( 'NONE', *, *, #1907, .T. ) ;
#7817 = COLOUR_RGB ( '',0.9607843137254902244, 0.9607843137254902244, 0.9607843137254902244 ) ;
#7818 = FILL_AREA_STYLE ('',( #7887 ) ) ;
#7819 = EDGE_CURVE ( 'NONE', #241, #4306, #1082, .T. ) ;
#7820 = PRESENTATION_STYLE_ASSIGNMENT (( #2733 ) ) ;
#7821 = DIRECTION ( 'NONE',  ( 0.000000000000000000, 1.000000000000000000, 0.000000000000000000 ) ) ;
#7822 = DIRECTION ( 'NONE',  ( 1.000000000000000000, 0.000000000000000000, 0.000000000000000000 ) ) ;
#7823 = AXIS2_PLACEMENT_3D ( 'NONE', #3045, #6492, #6968 ) ;
#7824 = VECTOR ( 'NONE', #7364, 1000.000000000000227 ) ;
#7825 = VERTEX_POINT ( 'NONE', #7960 ) ;
#7826 = DIRECTION ( 'NONE',  ( 0.000000000000000000, -0.02716902826231849810, -0.9996308538171886360 ) ) ;
#7827 = FILL_AREA_STYLE_COLOUR ( '', #69 ) ;
#7828 = ORIENTED_EDGE ( 'NONE', *, *, #432, .F. ) ;
#7829 = COLOUR_RGB ( '',0.8039215686274510109, 0.8039215686274510109, 0.8039215686274510109 ) ;
#7830 = DIRECTION ( 'NONE',  ( 0.000000000000000000, -0.9975640502598243087, 0.06975647374412501101 ) ) ;
#7831 = ADVANCED_FACE ( 'NONE', ( #7431 ), #8121, .T. ) ;
#7832 = MECHANICAL_DESIGN_GEOMETRIC_PRESENTATION_REPRESENTATION (  '', ( #647 ), #8939 ) ;
#7833 = UNCERTAINTY_MEASURE_WITH_UNIT (LENGTH_MEASURE( 1.000000000000000082E-05 ), #7566, 'distance_accuracy_value', 'NONE');
#7834 = STYLED_ITEM ( 'NONE', ( #3499 ), #7731 ) ;
#7835 = UNCERTAINTY_MEASURE_WITH_UNIT (LENGTH_MEASURE( 1.000000000000000082E-05 ), #4703, 'distance_accuracy_value', 'NONE');
#7836 = CARTESIAN_POINT ( 'NONE',  ( -2.750000000000001332, -2.474947744208253031, -0.7427475520708763934 ) ) ;
#7837 = VERTEX_POINT ( 'NONE', #5697 ) ;
#7838 = LINE ( 'NONE', #3667, #7778 ) ;
#7839 = CARTESIAN_POINT ( 'NONE',  ( -1.480000000000000870, -2.474947744208253031, -0.7427475520708763934 ) ) ;
#7840 =( NAMED_UNIT ( * ) SI_UNIT ( $, .STERADIAN. ) SOLID_ANGLE_UNIT ( ) );
#7841 = FACE_OUTER_BOUND ( 'NONE', #5615, .T. ) ;
#7842 = COLOUR_RGB ( '',0.9607843137254902244, 0.9607843137254902244, 0.9607843137254902244 ) ;
#7843 = CARTESIAN_POINT ( 'NONE',  ( -0.2100000000000005473, -2.364926170763438140, -0.7551029321564953767 ) ) ;
#7844 = FACE_OUTER_BOUND ( 'NONE', #3573, .T. ) ;
#7845 = DIRECTION ( 'NONE',  ( 0.000000000000000000, 0.000000000000000000, -1.000000000000000000 ) ) ;
#7846 = DIRECTION ( 'NONE',  ( 0.000000000000000000, 0.9996308538171885250, -0.02716902826232023976 ) ) ;
#7847 = ORIENTED_EDGE ( 'NONE', *, *, #10129, .T. ) ;
#7848 = VERTEX_POINT ( 'NONE', #3030 ) ;
#7849 =( LENGTH_UNIT ( ) NAMED_UNIT ( * ) SI_UNIT ( .MILLI., .METRE. ) );
#7850 = PRESENTATION_STYLE_ASSIGNMENT (( #7750 ) ) ;
#7851 = DIRECTION ( 'NONE',  ( 0.000000000000000000, -0.02716902826232023976, 0.9996308538171885250 ) ) ;
#7852 = PRESENTATION_LAYER_ASSIGNMENT (  '', '', ( #10394 ) ) ;
#7853 = DIRECTION ( 'NONE',  ( -1.000000000000000000, 0.000000000000000000, 0.000000000000000000 ) ) ;
#7854 = UNCERTAINTY_MEASURE_WITH_UNIT (LENGTH_MEASURE( 1.000000000000000082E-05 ), #1831, 'distance_accuracy_value', 'NONE');
#7855 = STYLED_ITEM ( 'NONE', ( #2206 ), #9093 ) ;
#7856 = CARTESIAN_POINT ( 'NONE',  ( -1.060000000000000941, -1.950000000000000178, -0.1099999999999999867 ) ) ;
#7857 = CARTESIAN_POINT ( 'NONE',  ( -0.2100000000000005473, 2.165000000000000036, -0.7605367378089592512 ) ) ;
#7858 = FILL_AREA_STYLE ('',( #8725 ) ) ;
#7859 = FACE_OUTER_BOUND ( 'NONE', #7568, .T. ) ;
#7860 = LINE ( 'NONE', #155, #9107 ) ;
#7861 = FILL_AREA_STYLE_COLOUR ( '', #7272 ) ;
#7862 = PRESENTATION_LAYER_ASSIGNMENT (  '', '', ( #8044 ) ) ;
#7863 = VERTEX_POINT ( 'NONE', #1237 ) ;
#7864 = CARTESIAN_POINT ( 'NONE',  ( 3.599999999999999645, -3.000000000000000000, -0.7794627824221421752 ) ) ;
#7865 = FILL_AREA_STYLE ('',( #1821 ) ) ;
#7866 = EDGE_CURVE ( 'NONE', #4945, #8072, #3896, .T. ) ;
#7867 = AXIS2_PLACEMENT_3D ( 'NONE', #10384, #6181, #1887 ) ;
#7868 = ADVANCED_FACE ( 'NONE', ( #9080 ), #10894, .T. ) ;
#7869 = ORIENTED_EDGE ( 'NONE', *, *, #9808, .T. ) ;
#7870 = EDGE_CURVE ( 'NONE', #2765, #8949, #2070, .T. ) ;
#7871 = FILL_AREA_STYLE_COLOUR ( '', #3003 ) ;
#7872 = COLOUR_RGB ( '',0.8039215686274510109, 0.8039215686274510109, 0.8039215686274510109 ) ;
#7873 = SURFACE_STYLE_USAGE ( .BOTH. , #3701 ) ;
#7874 =( GEOMETRIC_REPRESENTATION_CONTEXT ( 3 ) GLOBAL_UNCERTAINTY_ASSIGNED_CONTEXT ( ( #7677 ) ) GLOBAL_UNIT_ASSIGNED_CONTEXT ( ( #365, #4591, #4641 ) ) REPRESENTATION_CONTEXT ( 'NONE', 'WORKASPACE' ) );
#7875 = CYLINDRICAL_SURFACE ( 'NONE', #1493, 0.2000000000000003164 ) ;
#7876 = AXIS2_PLACEMENT_3D ( 'NONE', #8521, #4902, #9982 ) ;
#7877 = DIRECTION ( 'NONE',  ( 0.000000000000000000, -0.000000000000000000, -1.000000000000000000 ) ) ;
#7878 = SURFACE_SIDE_STYLE ('',( #10534 ) ) ;
#7879 = COLOUR_RGB ( '',0.8039215686274510109, 0.8039215686274510109, 0.8039215686274510109 ) ;
#7880 = ORIENTED_EDGE ( 'NONE', *, *, #1716, .T. ) ;
#7881 = CARTESIAN_POINT ( 'NONE',  ( -1.480000000000000870, -2.474947744208253031, -0.7427475520708766155 ) ) ;
#7882 = PRESENTATION_LAYER_ASSIGNMENT (  '', '', ( #5196 ) ) ;
#7883 = VECTOR ( 'NONE', #8749, 1000.000000000000000 ) ;
#7884 = DIRECTION ( 'NONE',  ( 0.000000000000000000, 0.000000000000000000, -1.000000000000000000 ) ) ;
#7885 = CIRCLE ( 'NONE', #6802, 0.09999999999999956146 ) ;
#7886 =( GEOMETRIC_REPRESENTATION_CONTEXT ( 3 ) GLOBAL_UNCERTAINTY_ASSIGNED_CONTEXT ( ( #9908 ) ) GLOBAL_UNIT_ASSIGNED_CONTEXT ( ( #7849, #9507, #931 ) ) REPRESENTATION_CONTEXT ( 'NONE', 'WORKASPACE' ) );
#7887 = FILL_AREA_STYLE_COLOUR ( '', #2806 ) ;
#7888 = FILL_AREA_STYLE_COLOUR ( '', #9513 ) ;
#7889 = CARTESIAN_POINT ( 'NONE',  ( -3.600000000000000977, 2.366708997306596007, -0.08456619434753621933 ) ) ;
#7890 = DIRECTION ( 'NONE',  ( 0.000000000000000000, 0.06975647374412548285, 0.9975640502598243087 ) ) ;
#7891 = CARTESIAN_POINT ( 'NONE',  ( -4.020000000000001350, -1.950000000000000178, -0.1099999999999999867 ) ) ;
#7892 = FILL_AREA_STYLE_COLOUR ( '', #10043 ) ;
#7893 = DIRECTION ( 'NONE',  ( 0.000000000000000000, 1.000000000000000000, 0.000000000000000000 ) ) ;
#7894 = FILL_AREA_STYLE ('',( #3715 ) ) ;
#7895 = ORIENTED_EDGE ( 'NONE', *, *, #9236, .T. ) ;
#7896 = CARTESIAN_POINT ( 'NONE',  ( -2.750000000000001332, -2.165000000000000036, -0.7605367378089592512 ) ) ;
#7898 = DIRECTION ( 'NONE',  ( 0.000000000000000000, -1.000000000000000000, 0.000000000000000000 ) ) ;
#7897 = STYLED_ITEM ( 'NONE', ( #8344 ), #3880 ) ;
#7899 = ORIENTED_EDGE ( 'NONE', *, *, #2196, .T. ) ;
#7900 = LINE ( 'NONE', #7782, #5768 ) ;
#7901 = DIRECTION ( 'NONE',  ( -0.1039620511844979306, -0.1039620511844979306, -0.9891328443778538704 ) ) ;
#7902 = COLOUR_RGB ( '',0.8039215686274510109, 0.8039215686274510109, 0.8039215686274510109 ) ;
#7903 = DIRECTION ( 'NONE',  ( 1.000000000000000000, 0.000000000000000000, 0.000000000000000000 ) ) ;
#7904 = ORIENTED_EDGE ( 'NONE', *, *, #1245, .T. ) ;
#7905 = SURFACE_SIDE_STYLE ('',( #6101 ) ) ;
#7907 = VECTOR ( 'NONE', #4778, 1000.000000000000000 ) ;
#7906 = FILL_AREA_STYLE ('',( #4476 ) ) ;
#7908 = DIRECTION ( 'NONE',  ( 1.000000000000000000, 0.000000000000000000, 0.000000000000000000 ) ) ;
#7909 = CARTESIAN_POINT ( 'NONE',  ( -4.020000000000001350, -2.050000000000000266, -0.2100000000000000200 ) ) ;
#7910 =( BOUNDED_CURVE ( )  B_SPLINE_CURVE ( 3, ( #9607, #10347, #1746, #7967 ),
 .UNSPECIFIED., .F., .F. ) 
 B_SPLINE_CURVE_WITH_KNOTS ( ( 4, 4 ),
 ( 3.136129445068263077, 3.141592653589793116 ),
 .UNSPECIFIED. ) 
 CURVE ( )  GEOMETRIC_REPRESENTATION_ITEM ( )  RATIONAL_B_SPLINE_CURVE ( ( 1.000000000000000000, 0.9999975127809339615, 0.9999975127809339615, 1.000000000000000000 ) ) 
 REPRESENTATION_ITEM ( '' )  );
#7911 = CARTESIAN_POINT ( 'NONE',  ( -4.250409738600888332, -1.949998880753508468, -0.1100106489190370990 ) ) ;
#7912 = FACE_OUTER_BOUND ( 'NONE', #800, .T. ) ;
#7913 = CYLINDRICAL_SURFACE ( 'NONE', #4335, 0.09999999999999956146 ) ;
#7914 = LINE ( 'NONE', #80, #10078 ) ;
#7915 = VECTOR ( 'NONE', #2928, 1000.000000000000114 ) ;
#7916 = EDGE_CURVE ( 'NONE', #861, #8864, #1012, .T. ) ;
#7917 = ORIENTED_EDGE ( 'NONE', *, *, #7792, .T. ) ;
#7918 = EDGE_LOOP ( 'NONE', ( #8654, #4620, #3255, #4920, #5968, #10953, #7721, #6679 ) ) ;
#7919 = SURFACE_SIDE_STYLE ('',( #4321 ) ) ;
#7920 = SURFACE_STYLE_USAGE ( .BOTH. , #9785 ) ;
#7921 =( GEOMETRIC_REPRESENTATION_CONTEXT ( 3 ) GLOBAL_UNCERTAINTY_ASSIGNED_CONTEXT ( ( #9349 ) ) GLOBAL_UNIT_ASSIGNED_CONTEXT ( ( #9456, #7637, #2373 ) ) REPRESENTATION_CONTEXT ( 'NONE', 'WORKASPACE' ) );
#7922 = SURFACE_STYLE_FILL_AREA ( #1093 ) ;
#7923 = FILL_AREA_STYLE_COLOUR ( '', #3911 ) ;
#7924 = DIRECTION ( 'NONE',  ( 0.000000000000000000, 0.000000000000000000, 1.000000000000000000 ) ) ;
#7925 = SURFACE_STYLE_USAGE ( .BOTH. , #7753 ) ;
#7926 = EDGE_CURVE ( 'NONE', #5655, #7407, #5639, .T. ) ;
#7927 = FILL_AREA_STYLE_COLOUR ( '', #338 ) ;
#7928 = UNCERTAINTY_MEASURE_WITH_UNIT (LENGTH_MEASURE( 1.000000000000000082E-05 ), #7217, 'distance_accuracy_value', 'NONE');
#7929 = FILL_AREA_STYLE ('',( #7861 ) ) ;
#7930 = EDGE_CURVE ( 'NONE', #8897, #1992, #7302, .T. ) ;
#7931 = ORIENTED_EDGE ( 'NONE', *, *, #10821, .T. ) ;
#7932 = DIRECTION ( 'NONE',  ( 0.000000000000000000, 0.000000000000000000, -1.000000000000000000 ) ) ;
#7933 =( NAMED_UNIT ( * ) SI_UNIT ( $, .STERADIAN. ) SOLID_ANGLE_UNIT ( ) );
#7934 = AXIS2_PLACEMENT_3D ( 'NONE', #7802, #9621, #3583 ) ;
#7935 = VERTEX_POINT ( 'NONE', #4951 ) ;
#7936 = LINE ( 'NONE', #7031, #6441 ) ;
#7937 = CARTESIAN_POINT ( 'NONE',  ( 4.283654545973160310, 1.834065403820539064, -0.5033757181366587119 ) ) ;
#7938 =( NAMED_UNIT ( * ) PLANE_ANGLE_UNIT ( ) SI_UNIT ( $, .RADIAN. ) );
#7939 = ADVANCED_FACE ( 'NONE', ( #6754 ), #1722, .T. ) ;
#7940 = DIRECTION ( 'NONE',  ( 1.000000000000000000, -0.000000000000000000, 0.000000000000000000 ) ) ;
#7941 = CARTESIAN_POINT ( 'NONE',  ( -3.995202986107628362, -1.425202986107629410, 0.7399999999999999911 ) ) ;
#7942 = ORIENTED_EDGE ( 'NONE', *, *, #8080, .F. ) ;
#7943 = ADVANCED_FACE ( 'NONE', ( #7553 ), #737, .F. ) ;
#7944 = EDGE_CURVE ( 'NONE', #7090, #5021, #3365, .T. ) ;
#7945 = LINE ( 'NONE', #9156, #2104 ) ;
#7946 = UNCERTAINTY_MEASURE_WITH_UNIT (LENGTH_MEASURE( 1.000000000000000082E-05 ), #830, 'distance_accuracy_value', 'NONE');
#7947 = SURFACE_SIDE_STYLE ('',( #2730 ) ) ;
#7948 = CARTESIAN_POINT ( 'NONE',  ( -4.020000000000001350, -2.165000000000000036, -0.7605367378089592512 ) ) ;
#7949 = FILL_AREA_STYLE_COLOUR ( '', #6533 ) ;
#7950 = FACE_OUTER_BOUND ( 'NONE', #2389, .T. ) ;
#7951 = DIRECTION ( 'NONE',  ( 0.000000000000000000, -0.02716902826231849810, -0.9996308538171886360 ) ) ;
#7952 = DIRECTION ( 'NONE',  ( -1.000000000000000000, -0.000000000000000000, -0.000000000000000000 ) ) ;
#7953 = LINE ( 'NONE', #2798, #370 ) ;
#7954 = VERTEX_POINT ( 'NONE', #3190 ) ;
#7955 = EDGE_CURVE ( 'NONE', #5744, #7326, #10156, .T. ) ;
#7956 = CARTESIAN_POINT ( 'NONE',  ( 1.059999999999999387, 1.950000000000000178, 0.1100000000000000144 ) ) ;
#7957 = CARTESIAN_POINT ( 'NONE',  ( 0.2099999999999992428, 2.166782826543157903, -0.09000000000000002442 ) ) ;
#7958 = ORIENTED_EDGE ( 'NONE', *, *, #5728, .F. ) ;
#7959 = CARTESIAN_POINT ( 'NONE',  ( 2.749999999999999112, 3.000000000000000000, -1.000000000000000000 ) ) ;
#7960 = CARTESIAN_POINT ( 'NONE',  ( 2.749999999999999112, -2.149963085381718209, -0.2072830971737681105 ) ) ;
#7961 = DIRECTION ( 'NONE',  ( 1.000000000000000000, -0.000000000000000000, 0.000000000000000000 ) ) ;
#7962 = ORIENTED_EDGE ( 'NONE', *, *, #995, .F. ) ;
#7963 = CARTESIAN_POINT ( 'NONE',  ( -1.480000000000000870, 2.366708997306596007, -0.08456619434753621933 ) ) ;
#7964 = DIRECTION ( 'NONE',  ( 0.000000000000000000, 0.000000000000000000, -1.000000000000000000 ) ) ;
#7965 = AXIS2_PLACEMENT_3D ( 'NONE', #10903, #8311, #3141 ) ;
#7966 = CARTESIAN_POINT ( 'NONE',  ( -1.480000000000000870, -2.050000000000000266, -0.1099999999999999867 ) ) ;
#7967 = CARTESIAN_POINT ( 'NONE',  ( -4.325000000000000178, -1.875000000000000222, -0.1100000000000000006 ) ) ;
#7968 = SURFACE_STYLE_FILL_AREA ( #1852 ) ;
#7969 = CARTESIAN_POINT ( 'NONE',  ( -2.750000000000001332, -1.950000000000000178, 0.1100000000000000144 ) ) ;
#7970 = VECTOR ( 'NONE', #1674, 1000.000000000000000 ) ;
#7971 = ORIENTED_EDGE ( 'NONE', *, *, #4749, .T. ) ;
#7972 = VERTEX_POINT ( 'NONE', #9423 ) ;
#7973 = DIRECTION ( 'NONE',  ( 1.000000000000000000, 0.000000000000000000, 0.000000000000000000 ) ) ;
#7974 = SURFACE_SIDE_STYLE ('',( #4542 ) ) ;
#7975 =( BOUNDED_CURVE ( )  B_SPLINE_CURVE ( 3, ( #5999, #5089, #4253, #10251 ),
 .UNSPECIFIED., .F., .F. ) 
 B_SPLINE_CURVE_WITH_KNOTS ( ( 4, 4 ),
 ( 6.277722098658046868, 6.283185307179586232 ),
 .UNSPECIFIED. ) 
 CURVE ( )  GEOMETRIC_REPRESENTATION_ITEM ( )  RATIONAL_B_SPLINE_CURVE ( ( 1.000000000000000000, 0.9999975127809339615, 0.9999975127809339615, 1.000000000000000000 ) ) 
 REPRESENTATION_ITEM ( '' )  );
#7976 = CYLINDRICAL_SURFACE ( 'NONE', #11071, 0.07499999999999980294 ) ;
#7977 = DIRECTION ( 'NONE',  ( 0.000000000000000000, -0.000000000000000000, -1.000000000000000000 ) ) ;
#7978 = UNCERTAINTY_MEASURE_WITH_UNIT (LENGTH_MEASURE( 1.000000000000000082E-05 ), #4723, 'distance_accuracy_value', 'NONE');
#7979 = LINE ( 'NONE', #7856, #5383 ) ;
#7980 = DIRECTION ( 'NONE',  ( 0.000000000000000000, -0.02716902826232023976, 0.9996308538171885250 ) ) ;
#7981 =( LENGTH_UNIT ( ) NAMED_UNIT ( * ) SI_UNIT ( .MILLI., .METRE. ) );
#7982 = CARTESIAN_POINT ( 'NONE',  ( 1.479999999999999094, -3.000000000000000000, -0.7794627824221421752 ) ) ;
#7983 = FACE_OUTER_BOUND ( 'NONE', #757, .T. ) ;
#7984 = STYLED_ITEM ( 'NONE', ( #8849 ), #2936 ) ;
#7985 = ORIENTED_EDGE ( 'NONE', *, *, #3582, .F. ) ;
#7986 = CARTESIAN_POINT ( 'NONE',  ( 2.329999999999999627, 3.000000000000000000, -1.000000000000000000 ) ) ;
#7987 = EDGE_CURVE ( 'NONE', #9980, #20, #4460, .T. ) ;
#7988 = VECTOR ( 'NONE', #5711, 1000.000000000000227 ) ;
#7989 = ORIENTED_EDGE ( 'NONE', *, *, #5163, .F. ) ;
#7990 = COLOUR_RGB ( '',0.8039215686274510109, 0.8039215686274510109, 0.8039215686274510109 ) ;
#7991 = CARTESIAN_POINT ( 'NONE',  ( 1.059999999999999387, -2.165000000000000036, -0.7605367378089592512 ) ) ;
#7992 = UNCERTAINTY_MEASURE_WITH_UNIT (LENGTH_MEASURE( 1.000000000000000082E-05 ), #2391, 'distance_accuracy_value', 'NONE');
#7993 = DIRECTION ( 'NONE',  ( 0.000000000000000000, 0.9975640502598241977, -0.06975647374412546897 ) ) ;
#7994 = FACE_OUTER_BOUND ( 'NONE', #4208, .T. ) ;
#7995 = FILL_AREA_STYLE ('',( #171 ) ) ;
#7996 =( GEOMETRIC_REPRESENTATION_CONTEXT ( 3 ) GLOBAL_UNCERTAINTY_ASSIGNED_CONTEXT ( ( #5798 ) ) GLOBAL_UNIT_ASSIGNED_CONTEXT ( ( #2613, #2946, #3872 ) ) REPRESENTATION_CONTEXT ( 'NONE', 'WORKASPACE' ) );
#7997 = ORIENTED_EDGE ( 'NONE', *, *, #9645, .T. ) ;
#7998 = COLOUR_RGB ( '',0.8039215686274510109, 0.8039215686274510109, 0.8039215686274510109 ) ;
#7999 = FILL_AREA_STYLE_COLOUR ( '', #2908 ) ;
#8000 = DIRECTION ( 'NONE',  ( 0.000000000000000000, 0.9975640502598243087, 0.06975647374412501101 ) ) ;
#8001 = COLOUR_RGB ( '',0.8039215686274510109, 0.8039215686274510109, 0.8039215686274510109 ) ;
#8002 = LINE ( 'NONE', #3481, #5451 ) ;
#8003 = ADVANCED_FACE ( 'NONE', ( #9367 ), #9249, .F. ) ;
#8004 = DIRECTION ( 'NONE',  ( 0.000000000000000000, 0.9975640502598243087, -0.06975647374412548285 ) ) ;
#8005 = FACE_OUTER_BOUND ( 'NONE', #5120, .T. ) ;
#8006 = CARTESIAN_POINT ( 'NONE',  ( 4.250136580382892326, -1.950000000000000400, -0.1099999999999998618 ) ) ;
#8007 = FILL_AREA_STYLE ('',( #6142 ) ) ;
#8008 = VERTEX_POINT ( 'NONE', #2680 ) ;
#8009 = ORIENTED_EDGE ( 'NONE', *, *, #432, .T. ) ;
#8010 = STYLED_ITEM ( 'NONE', ( #8480 ), #7108 ) ;
#8011 = LINE ( 'NONE', #8337, #1487 ) ;
#8012 = ORIENTED_EDGE ( 'NONE', *, *, #3448, .T. ) ;
#8013 = EDGE_CURVE ( 'NONE', #5256, #7825, #2792, .T. ) ;
#8014 = AXIS2_PLACEMENT_3D ( 'NONE', #1182, #8764, #7908 ) ;
#8015 = LINE ( 'NONE', #296, #7170 ) ;
#8016 = VERTEX_POINT ( 'NONE', #3645 ) ;
#8017 =( NAMED_UNIT ( * ) PLANE_ANGLE_UNIT ( ) SI_UNIT ( $, .RADIAN. ) );
#8018 = AXIS2_PLACEMENT_3D ( 'NONE', #3410, #5961, #7534 ) ;
#8019 = EDGE_CURVE ( 'NONE', #2555, #6383, #2443, .T. ) ;
#8020 = DIRECTION ( 'NONE',  ( 0.000000000000000000, 0.000000000000000000, -1.000000000000000000 ) ) ;
#8021 = EDGE_CURVE ( 'NONE', #7705, #7954, #6242, .T. ) ;
#8022 = CARTESIAN_POINT ( 'NONE',  ( -4.020000000000001350, 2.165000000000000036, -0.7605367378089592512 ) ) ;
#8023 = FILL_AREA_STYLE_COLOUR ( '', #2181 ) ;
#8024 = SURFACE_SIDE_STYLE ('',( #3041 ) ) ;
#8025 = CARTESIAN_POINT ( 'NONE',  ( 3.599999999999999645, 2.366708997306596007, -0.08456619434753621933 ) ) ;
#8026 = ORIENTED_EDGE ( 'NONE', *, *, #8986, .F. ) ;
#8027 = ORIENTED_EDGE ( 'NONE', *, *, #5788, .T. ) ;
#8028 = DIRECTION ( 'NONE',  ( 1.000000000000000000, 0.000000000000000000, 0.000000000000000000 ) ) ;
#8029 = SURFACE_STYLE_FILL_AREA ( #4653 ) ;
#8030 = CARTESIAN_POINT ( 'NONE',  ( 4.209065403820540396, 1.834065403820539064, -0.4955360833915846142 ) ) ;
#8031 = PLANE ( 'NONE',  #7308 ) ;
#8032 = VECTOR ( 'NONE', #6668, 1000.000000000000000 ) ;
#8033 =( LENGTH_UNIT ( ) NAMED_UNIT ( * ) SI_UNIT ( .MILLI., .METRE. ) );
#8034 = FILL_AREA_STYLE ('',( #9902 ) ) ;
#8035 =( NAMED_UNIT ( * ) SI_UNIT ( $, .STERADIAN. ) SOLID_ANGLE_UNIT ( ) );
#8036 = DIRECTION ( 'NONE',  ( 1.000000000000000000, 0.000000000000000000, 0.000000000000000000 ) ) ;
#8037 = SURFACE_STYLE_FILL_AREA ( #10642 ) ;
#8038 = ORIENTED_EDGE ( 'NONE', *, *, #8439, .F. ) ;
#8039 =( GEOMETRIC_REPRESENTATION_CONTEXT ( 3 ) GLOBAL_UNCERTAINTY_ASSIGNED_CONTEXT ( ( #4183 ) ) GLOBAL_UNIT_ASSIGNED_CONTEXT ( ( #8694, #2468, #2577 ) ) REPRESENTATION_CONTEXT ( 'NONE', 'WORKASPACE' ) );
#8040 = ORIENTED_EDGE ( 'NONE', *, *, #8021, .F. ) ;
#8041 = AXIS2_PLACEMENT_3D ( 'NONE', #7410, #6511, #2262 ) ;
#8042 = LINE ( 'NONE', #907, #2728 ) ;
#8043 = LINE ( 'NONE', #8276, #4205 ) ;
#8044 = STYLED_ITEM ( 'NONE', ( #7685 ), #9402 ) ;
#8045 = DIRECTION ( 'NONE',  ( -1.000000000000000000, -0.000000000000000000, -0.000000000000000000 ) ) ;
#8046 = ORIENTED_EDGE ( 'NONE', *, *, #9001, .T. ) ;
#8047 = VECTOR ( 'NONE', #1275, 1000.000000000000000 ) ;
#8048 = FILL_AREA_STYLE_COLOUR ( '', #7241 ) ;
#8049 = VECTOR ( 'NONE', #8822, 1000.000000000000000 ) ;
#8050 =( NAMED_UNIT ( * ) PLANE_ANGLE_UNIT ( ) SI_UNIT ( $, .RADIAN. ) );
#8051 = DIRECTION ( 'NONE',  ( 0.000000000000000000, 0.02716902826231849810, -0.9996308538171886360 ) ) ;
#8052 =( GEOMETRIC_REPRESENTATION_CONTEXT ( 3 ) GLOBAL_UNCERTAINTY_ASSIGNED_CONTEXT ( ( #1244 ) ) GLOBAL_UNIT_ASSIGNED_CONTEXT ( ( #6374, #3904, #9829 ) ) REPRESENTATION_CONTEXT ( 'NONE', 'WORKASPACE' ) );
#8053 = PRESENTATION_STYLE_ASSIGNMENT (( #4522 ) ) ;
#8054 = COLOUR_RGB ( '',0.8039215686274510109, 0.8039215686274510109, 0.8039215686274510109 ) ;
#8055 = PRESENTATION_STYLE_ASSIGNMENT (( #5284 ) ) ;
#8056 = CARTESIAN_POINT ( 'NONE',  ( -3.605202986107628682, -1.425202986107629410, 0.7399999999999999911 ) ) ;
#8057 = CARTESIAN_POINT ( 'NONE',  ( 4.250409738600890108, -1.949998880753508468, -0.1100106489190371128 ) ) ;
#8058 = PRESENTATION_LAYER_ASSIGNMENT (  '', '', ( #327 ) ) ;
#8059 = STYLED_ITEM ( 'NONE', ( #5677 ), #9930 ) ;
#8060 = ORIENTED_EDGE ( 'NONE', *, *, #6139, .F. ) ;
#8061 = VERTEX_POINT ( 'NONE', #7042 ) ;
#8062 = DIRECTION ( 'NONE',  ( 0.000000000000000000, 1.000000000000000000, 0.000000000000000000 ) ) ;
#8063 = VERTEX_POINT ( 'NONE', #3479 ) ;
#8064 = ADVANCED_FACE ( 'NONE', ( #8686 ), #225, .T. ) ;
#8065 = VECTOR ( 'NONE', #49, 1000.000000000000000 ) ;
#8066 = LINE ( 'NONE', #3894, #7152 ) ;
#8067 = AXIS2_PLACEMENT_3D ( 'NONE', #9338, #9224, #4195 ) ;
#8068 = LINE ( 'NONE', #3555, #6046 ) ;
#8069 = CARTESIAN_POINT ( 'NONE',  ( 1.479999999999999094, -2.366708997306596007, -0.08456619434753621933 ) ) ;
#8070 = UNCERTAINTY_MEASURE_WITH_UNIT (LENGTH_MEASURE( 1.000000000000000082E-05 ), #7497, 'distance_accuracy_value', 'NONE');
#8071 =( GEOMETRIC_REPRESENTATION_CONTEXT ( 3 ) GLOBAL_UNCERTAINTY_ASSIGNED_CONTEXT ( ( #35 ) ) GLOBAL_UNIT_ASSIGNED_CONTEXT ( ( #4421, #2703, #5305 ) ) REPRESENTATION_CONTEXT ( 'NONE', 'WORKASPACE' ) );
#8072 = VERTEX_POINT ( 'NONE', #8745 ) ;
#8073 = DIRECTION ( 'NONE',  ( -0.000000000000000000, -0.000000000000000000, 1.000000000000000000 ) ) ;
#8074 = FILL_AREA_STYLE ('',( #3901 ) ) ;
#8075 = SURFACE_STYLE_FILL_AREA ( #3728 ) ;
#8076 = DIRECTION ( 'NONE',  ( 0.000000000000000000, 1.000000000000000000, 0.000000000000000000 ) ) ;
#8077 = SURFACE_STYLE_USAGE ( .BOTH. , #5705 ) ;
#8078 = FILL_AREA_STYLE_COLOUR ( '', #4818 ) ;
#8079 = AXIS2_PLACEMENT_3D ( 'NONE', #10439, #8688, #953 ) ;
#8080 = EDGE_CURVE ( 'NONE', #197, #8298, #951, .T. ) ;
#8081 = DIRECTION ( 'NONE',  ( -1.000000000000000000, -0.000000000000000000, 0.000000000000000000 ) ) ;
#8082 = FILL_AREA_STYLE_COLOUR ( '', #5398 ) ;
#8083 = ADVANCED_FACE ( 'NONE', ( #181 ), #3602, .T. ) ;
#8084 = CARTESIAN_POINT ( 'NONE',  ( 4.325000000000000178, 1.874999999999999778, 0.1100000000000000006 ) ) ;
#8085 = EDGE_CURVE ( 'NONE', #1649, #2392, #10710, .T. ) ;
#8086 = ORIENTED_EDGE ( 'NONE', *, *, #8123, .F. ) ;
#8087 = ORIENTED_EDGE ( 'NONE', *, *, #5369, .T. ) ;
#8088 = DIRECTION ( 'NONE',  ( 0.000000000000000000, -0.9996308538171885250, -0.02716902826232023976 ) ) ;
#8089 = DIRECTION ( 'NONE',  ( 0.000000000000000000, 0.000000000000000000, -1.000000000000000000 ) ) ;
#8090 = CARTESIAN_POINT ( 'NONE',  ( 1.059999999999999387, 1.950000000000000178, 0.1100000000000000144 ) ) ;
#8091 = DIRECTION ( 'NONE',  ( 1.000000000000000000, 0.000000000000000000, 0.000000000000000000 ) ) ;
#8092 = VECTOR ( 'NONE', #10627, 1000.000000000000000 ) ;
#8093 = EDGE_LOOP ( 'NONE', ( #6935, #8206, #4048, #1700, #10779, #2610, #4169, #238, #10122, #2918, #4984, #6831 ) ) ;
#8094 = CARTESIAN_POINT ( 'NONE',  ( -2.330000000000001403, 3.000000000000000000, -1.000000000000000000 ) ) ;
#8095 = VECTOR ( 'NONE', #8404, 1000.000000000000000 ) ;
#8096 = VERTEX_POINT ( 'NONE', #5628 ) ;
#8097 = SURFACE_SIDE_STYLE ('',( #6342 ) ) ;
#8098 = VECTOR ( 'NONE', #399, 1000.000000000000000 ) ;
#8099 = STYLED_ITEM ( 'NONE', ( #2472 ), #2045 ) ;
#8100 = DIRECTION ( 'NONE',  ( 1.000000000000000000, 0.000000000000000000, 0.000000000000000000 ) ) ;
#8101 = MECHANICAL_DESIGN_GEOMETRIC_PRESENTATION_REPRESENTATION (  '', ( #3778 ), #6417 ) ;
#8102 = FILL_AREA_STYLE_COLOUR ( '', #10635 ) ;
#8103 = LINE ( 'NONE', #1272, #6038 ) ;
#8104 = COLOUR_RGB ( '',0.2862745098039215508, 0.2862745098039215508, 0.2862745098039215508 ) ;
#8105 =( GEOMETRIC_REPRESENTATION_CONTEXT ( 3 ) GLOBAL_UNCERTAINTY_ASSIGNED_CONTEXT ( ( #886 ) ) GLOBAL_UNIT_ASSIGNED_CONTEXT ( ( #4329, #7755, #8451 ) ) REPRESENTATION_CONTEXT ( 'NONE', 'WORKASPACE' ) );
#8106 = VERTEX_POINT ( 'NONE', #2054 ) ;
#8107 = LINE ( 'NONE', #1112, #4907 ) ;
#8108 = FACE_OUTER_BOUND ( 'NONE', #10207, .T. ) ;
#8109 = STYLED_ITEM ( 'NONE', ( #3395 ), #5037 ) ;
#8110 = DIRECTION ( 'NONE',  ( 0.000000000000000000, 0.000000000000000000, -1.000000000000000000 ) ) ;
#8111 = DIRECTION ( 'NONE',  ( 0.000000000000000000, 0.000000000000000000, -1.000000000000000000 ) ) ;
#8112 = DIRECTION ( 'NONE',  ( 0.000000000000000000, 1.000000000000000000, 0.000000000000000000 ) ) ;
#8113 = CARTESIAN_POINT ( 'NONE',  ( 4.249999999999999112, -1.950000000000000178, -0.1100000000000000006 ) ) ;
#8114 = DIRECTION ( 'NONE',  ( 0.000000000000000000, 1.000000000000000000, 0.000000000000000000 ) ) ;
#8115 = ORIENTED_EDGE ( 'NONE', *, *, #561, .T. ) ;
#8116 = ORIENTED_EDGE ( 'NONE', *, *, #5144, .F. ) ;
#8117 = LINE ( 'NONE', #9712, #4332 ) ;
#8118 = CARTESIAN_POINT ( 'NONE',  ( -2.750000000000001332, 3.000000000000000000, -0.7794627824221421752 ) ) ;
#8119 = ORIENTED_EDGE ( 'NONE', *, *, #7955, .F. ) ;
#8120 = COLOUR_RGB ( '',0.8039215686274510109, 0.8039215686274510109, 0.8039215686274510109 ) ;
#8121 = PLANE ( 'NONE',  #114 ) ;
#8122 = SURFACE_STYLE_FILL_AREA ( #10037 ) ;
#8123 = EDGE_CURVE ( 'NONE', #6682, #7090, #446, .T. ) ;
#8124 = VERTEX_POINT ( 'NONE', #8962 ) ;
#8125 = SURFACE_STYLE_USAGE ( .BOTH. , #8304 ) ;
#8126 = LINE ( 'NONE', #7437, #9848 ) ;
#8127 = DIRECTION ( 'NONE',  ( 1.000000000000000000, 0.000000000000000000, 0.000000000000000000 ) ) ;
#8128 = DIRECTION ( 'NONE',  ( 0.000000000000000000, 0.000000000000000000, -1.000000000000000000 ) ) ;
#8129 = FILL_AREA_STYLE ('',( #1808 ) ) ;
#8130 = UNCERTAINTY_MEASURE_WITH_UNIT (LENGTH_MEASURE( 1.000000000000000082E-05 ), #1195, 'distance_accuracy_value', 'NONE');
#8131 = SURFACE_SIDE_STYLE ('',( #5481 ) ) ;
#8132 = LINE ( 'NONE', #1914, #1379 ) ;
#8133 = CARTESIAN_POINT ( 'NONE',  ( -4.249999999999999112, 1.949999999999999734, -0.1100000000000000006 ) ) ;
#8134 = LINE ( 'NONE', #4699, #8092 ) ;
#8135 = EDGE_CURVE ( 'NONE', #5700, #10285, #6410, .T. ) ;
#8136 = ORIENTED_EDGE ( 'NONE', *, *, #4708, .T. ) ;
#8137 = ORIENTED_EDGE ( 'NONE', *, *, #4628, .T. ) ;
#8138 = SURFACE_STYLE_USAGE ( .BOTH. , #7974 ) ;
#8139 = DIRECTION ( 'NONE',  ( 0.000000000000000000, -0.9975640502598241977, -0.06975647374412546897 ) ) ;
#8140 = DIRECTION ( 'NONE',  ( 1.000000000000000000, 0.000000000000000000, 0.000000000000000000 ) ) ;
#8141 = ADVANCED_FACE ( 'NONE', ( #10020 ), #5577, .T. ) ;
#8142 = DIRECTION ( 'NONE',  ( 0.000000000000000000, -0.9996308538171885250, -0.02716902826232023976 ) ) ;
#8143 = CARTESIAN_POINT ( 'NONE',  ( 4.190202986107629535, -1.889792128260249671, -0.6828396347450740311 ) ) ;
#8144 = CARTESIAN_POINT ( 'NONE',  ( 4.325000000000000178, 1.875136580382891216, 0.1100000000000039835 ) ) ;
#8145 = ORIENTED_EDGE ( 'NONE', *, *, #1380, .T. ) ;
#8146 = DIRECTION ( 'NONE',  ( 1.000000000000000000, 0.000000000000000000, 0.000000000000000000 ) ) ;
#8147 = ADVANCED_FACE ( 'NONE', ( #8108 ), #7305, .T. ) ;
#8148 = ORIENTED_EDGE ( 'NONE', *, *, #1572, .F. ) ;
#8149 = LINE ( 'NONE', #433, #3014 ) ;
#8150 = MECHANICAL_DESIGN_GEOMETRIC_PRESENTATION_REPRESENTATION (  '', ( #4381 ), #9233 ) ;
#8151 =( NAMED_UNIT ( * ) SI_UNIT ( $, .STERADIAN. ) SOLID_ANGLE_UNIT ( ) );
#8152 = EDGE_CURVE ( 'NONE', #7522, #2583, #9354, .T. ) ;
#8153 = CARTESIAN_POINT ( 'NONE',  ( -1.480000000000000870, -1.950000000000000178, 0.1100000000000000144 ) ) ;
#8154 = FILL_AREA_STYLE_COLOUR ( '', #10412 ) ;
#8155 = MANIFOLD_SOLID_BREP ( 'LPattern1[12]', #1968 ) ;
#8156 = DIRECTION ( 'NONE',  ( 0.000000000000000000, 0.000000000000000000, -1.000000000000000000 ) ) ;
#8157 = CARTESIAN_POINT ( 'NONE',  ( 0.2099999999999992428, 3.000000000000000000, -1.000000000000000000 ) ) ;
#8158 = VERTEX_POINT ( 'NONE', #5105 ) ;
#8159 = PLANE ( 'NONE',  #5771 ) ;
#8160 = AXIS2_PLACEMENT_3D ( 'NONE', #8746, #1117, #183 ) ;
#8161 = AXIS2_PLACEMENT_3D ( 'NONE', #7991, #10387, #9428 ) ;
#8162 = SURFACE_STYLE_FILL_AREA ( #5682 ) ;
#8163 = DIRECTION ( 'NONE',  ( 0.000000000000000000, 0.000000000000000000, -1.000000000000000000 ) ) ;
#8164 = UNCERTAINTY_MEASURE_WITH_UNIT (LENGTH_MEASURE( 1.000000000000000082E-05 ), #1439, 'distance_accuracy_value', 'NONE');
#8165 = PLANE ( 'NONE',  #10608 ) ;
#8166 = CIRCLE ( 'NONE', #5648, 0.09999999999999956146 ) ;
#8167 = SURFACE_SIDE_STYLE ('',( #4727 ) ) ;
#8168 =( NAMED_UNIT ( * ) PLANE_ANGLE_UNIT ( ) SI_UNIT ( $, .RADIAN. ) );
#8169 = DIRECTION ( 'NONE',  ( 0.000000000000000000, -1.000000000000000000, 0.000000000000000000 ) ) ;
#8170 = ORIENTED_EDGE ( 'NONE', *, *, #2894, .F. ) ;
#8171 = ORIENTED_EDGE ( 'NONE', *, *, #163, .T. ) ;
#8172 = ORIENTED_EDGE ( 'NONE', *, *, #5448, .F. ) ;
#8173 = COLOUR_RGB ( '',0.8039215686274510109, 0.8039215686274510109, 0.8039215686274510109 ) ;
#8174 = FACE_OUTER_BOUND ( 'NONE', #2212, .T. ) ;
#8175 = UNCERTAINTY_MEASURE_WITH_UNIT (LENGTH_MEASURE( 1.000000000000000082E-05 ), #607, 'distance_accuracy_value', 'NONE');
#8176 = STYLED_ITEM ( 'NONE', ( #8377 ), #6092 ) ;
#8177 = UNCERTAINTY_MEASURE_WITH_UNIT (LENGTH_MEASURE( 1.000000000000000082E-05 ), #8284, 'distance_accuracy_value', 'NONE');
#8178 = ORIENTED_EDGE ( 'NONE', *, *, #1317, .F. ) ;
#8179 = FILL_AREA_STYLE ('',( #7386 ) ) ;
#8180 = CARTESIAN_POINT ( 'NONE',  ( -1.060000000000000941, -2.166782826543157903, 0.1100000000000000144 ) ) ;
#8181 = CARTESIAN_POINT ( 'NONE',  ( -0.2100000000000005473, 2.050000000000000266, -0.2100000000000000200 ) ) ;
#8182 = PRESENTATION_STYLE_ASSIGNMENT (( #8077 ) ) ;
#8183 = DIRECTION ( 'NONE',  ( 0.000000000000000000, -1.000000000000000000, 0.000000000000000000 ) ) ;
#8184 = SURFACE_SIDE_STYLE ('',( #3908 ) ) ;
#8185 = STYLED_ITEM ( 'NONE', ( #9304 ), #6353 ) ;
#8186 = CARTESIAN_POINT ( 'NONE',  ( -1.480000000000000870, 1.950000000000000178, -0.1099999999999999867 ) ) ;
#8187 = DIRECTION ( 'NONE',  ( 0.000000000000000000, 1.000000000000000000, 0.000000000000000000 ) ) ;
#8188 = AXIS2_PLACEMENT_3D ( 'NONE', #11040, #10582, #4551 ) ;
#8189 = STYLED_ITEM ( 'NONE', ( #3831 ), #7251 ) ;
#8190 = ORIENTED_EDGE ( 'NONE', *, *, #10559, .T. ) ;
#8191 = MANIFOLD_SOLID_BREP ( 'LPattern1[7]', #10101 ) ;
#8192 = ORIENTED_EDGE ( 'NONE', *, *, #2951, .F. ) ;
#8193 = CARTESIAN_POINT ( 'NONE',  ( -4.325000000000000178, -1.950000000000000178, -0.1100000000000000006 ) ) ;
#8194 =( NAMED_UNIT ( * ) PLANE_ANGLE_UNIT ( ) SI_UNIT ( $, .RADIAN. ) );
#8195 = LINE ( 'NONE', #3148, #7809 ) ;
#8196 = DIRECTION ( 'NONE',  ( 1.000000000000000000, 0.000000000000000000, 0.000000000000000000 ) ) ;
#8197 =( NAMED_UNIT ( * ) PLANE_ANGLE_UNIT ( ) SI_UNIT ( $, .RADIAN. ) );
#8198 =( NAMED_UNIT ( * ) PLANE_ANGLE_UNIT ( ) SI_UNIT ( $, .RADIAN. ) );
#8199 = STYLED_ITEM ( 'NONE', ( #1820 ), #1575 ) ;
#8200 = CARTESIAN_POINT ( 'NONE',  ( 2.329999999999999627, 3.000000000000000000, -1.000000000000000000 ) ) ;
#8201 = VECTOR ( 'NONE', #5900, 1000.000000000000000 ) ;
#8202 = ORIENTED_EDGE ( 'NONE', *, *, #4268, .T. ) ;
#8203 = CARTESIAN_POINT ( 'NONE',  ( 3.599999999999999645, 3.000000000000000000, -1.000000000000000000 ) ) ;
#8204 =( GEOMETRIC_REPRESENTATION_CONTEXT ( 3 ) GLOBAL_UNCERTAINTY_ASSIGNED_CONTEXT ( ( #7835 ) ) GLOBAL_UNIT_ASSIGNED_CONTEXT ( ( #4703, #1255, #10741 ) ) REPRESENTATION_CONTEXT ( 'NONE', 'WORKASPACE' ) );
#8205 = UNCERTAINTY_MEASURE_WITH_UNIT (LENGTH_MEASURE( 1.000000000000000082E-05 ), #1268, 'distance_accuracy_value', 'NONE');
#8206 = ORIENTED_EDGE ( 'NONE', *, *, #2109, .T. ) ;
#8207 = SURFACE_STYLE_USAGE ( .BOTH. , #4763 ) ;
#8208 = CARTESIAN_POINT ( 'NONE',  ( -3.605202986107628682, -1.425202986107629410, 0.1884567106744935716 ) ) ;
#8209 = CARTESIAN_POINT ( 'NONE',  ( -2.750000000000001332, -3.000000000000000000, -0.7794627824221421752 ) ) ;
#8210 = FACE_OUTER_BOUND ( 'NONE', #7295, .T. ) ;
#8211 = CARTESIAN_POINT ( 'NONE',  ( 1.059999999999999387, 3.000000000000000000, -0.7794627824221421752 ) ) ;
#8212 = DIRECTION ( 'NONE',  ( 1.000000000000000000, 0.000000000000000000, 0.000000000000000000 ) ) ;
#8213 = EDGE_CURVE ( 'NONE', #750, #10670, #4101, .T. ) ;
#8214 = AXIS2_PLACEMENT_3D ( 'NONE', #3138, #4059, #1347 ) ;
#8215 = VERTEX_POINT ( 'NONE', #8396 ) ;
#8216 = AXIS2_PLACEMENT_3D ( 'NONE', #8239, #9932, #4735 ) ;
#8217 = STYLED_ITEM ( 'NONE', ( #1734 ), #831 ) ;
#8218 = ADVANCED_FACE ( 'NONE', ( #1495 ), #7710, .F. ) ;
#8219 = EDGE_CURVE ( 'NONE', #912, #5845, #7936, .T. ) ;
#8220 = VECTOR ( 'NONE', #6788, 1000.000000000000000 ) ;
#8221 = SURFACE_SIDE_STYLE ('',( #4774 ) ) ;
#8222 = PRESENTATION_STYLE_ASSIGNMENT (( #3122 ) ) ;
#8223 = FILL_AREA_STYLE ('',( #10712 ) ) ;
#8224 = PRESENTATION_STYLE_ASSIGNMENT (( #7479 ) ) ;
#8225 = AXIS2_PLACEMENT_3D ( 'NONE', #542, #8088, #4756 ) ;
#8226 =( NAMED_UNIT ( * ) SI_UNIT ( $, .STERADIAN. ) SOLID_ANGLE_UNIT ( ) );
#8227 = SURFACE_SIDE_STYLE ('',( #8346 ) ) ;
#8228 = PRESENTATION_LAYER_ASSIGNMENT (  '', '', ( #7855 ) ) ;
#8229 = ORIENTED_EDGE ( 'NONE', *, *, #7390, .T. ) ;
#8230 = VERTEX_POINT ( 'NONE', #1710 ) ;
#8231 = VERTEX_POINT ( 'NONE', #4447 ) ;
#8232 = PRESENTATION_STYLE_ASSIGNMENT (( #9928 ) ) ;
#8233 = ORIENTED_EDGE ( 'NONE', *, *, #5161, .T. ) ;
#8234 = PRESENTATION_LAYER_ASSIGNMENT (  '', '', ( #2622 ) ) ;
#8235 = DIRECTION ( 'NONE',  ( 0.000000000000000000, 1.000000000000000000, 0.000000000000000000 ) ) ;
#8236 = MECHANICAL_DESIGN_GEOMETRIC_PRESENTATION_REPRESENTATION (  '', ( #6243 ), #9138 ) ;
#8237 =( GEOMETRIC_REPRESENTATION_CONTEXT ( 3 ) GLOBAL_UNCERTAINTY_ASSIGNED_CONTEXT ( ( #5071 ) ) GLOBAL_UNIT_ASSIGNED_CONTEXT ( ( #5421, #1294, #6274 ) ) REPRESENTATION_CONTEXT ( 'NONE', 'WORKASPACE' ) );
#8238 = COLOUR_RGB ( '',0.8039215686274510109, 0.8039215686274510109, 0.8039215686274510109 ) ;
#8239 = CARTESIAN_POINT ( 'NONE',  ( 3.599999999999999645, 2.364926170763438140, -0.7551029321564953767 ) ) ;
#8240 = PRESENTATION_STYLE_ASSIGNMENT (( #7432 ) ) ;
#8241 = EDGE_LOOP ( 'NONE', ( #4752, #8532, #8038 ) ) ;
#8242 = UNCERTAINTY_MEASURE_WITH_UNIT (LENGTH_MEASURE( 1.000000000000000082E-05 ), #8989, 'distance_accuracy_value', 'NONE');
#8243 = DIRECTION ( 'NONE',  ( 0.000000000000000000, -1.000000000000000000, 0.000000000000000000 ) ) ;
#8244 = CIRCLE ( 'NONE', #3358, 0.2000000000000003164 ) ;
#8245 = FILL_AREA_STYLE ('',( #8078 ) ) ;
#8246 = AXIS2_PLACEMENT_3D ( 'NONE', #4801, #8312, #2406 ) ;
#8247 =( GEOMETRIC_REPRESENTATION_CONTEXT ( 3 ) GLOBAL_UNCERTAINTY_ASSIGNED_CONTEXT ( ( #4438 ) ) GLOBAL_UNIT_ASSIGNED_CONTEXT ( ( #4950, #5809, #7552 ) ) REPRESENTATION_CONTEXT ( 'NONE', 'WORKASPACE' ) );
#8248 = AXIS2_PLACEMENT_3D ( 'NONE', #5537, #7273, #2981 ) ;
#8249 = VECTOR ( 'NONE', #10484, 1000.000000000000000 ) ;
#8250 = CYLINDRICAL_SURFACE ( 'NONE', #7965, 0.09999999999999956146 ) ;
#8251 =( GEOMETRIC_REPRESENTATION_CONTEXT ( 3 ) GLOBAL_UNCERTAINTY_ASSIGNED_CONTEXT ( ( #10471 ) ) GLOBAL_UNIT_ASSIGNED_CONTEXT ( ( #6517, #2381, #7590 ) ) REPRESENTATION_CONTEXT ( 'NONE', 'WORKASPACE' ) );
#8252 =( NAMED_UNIT ( * ) PLANE_ANGLE_UNIT ( ) SI_UNIT ( $, .RADIAN. ) );
#8253 = CIRCLE ( 'NONE', #159, 0.2000000000000002054 ) ;
#8254 = ORIENTED_EDGE ( 'NONE', *, *, #10284, .F. ) ;
#8255 = ORIENTED_EDGE ( 'NONE', *, *, #377, .F. ) ;
#8256 = COLOUR_RGB ( '',0.8039215686274510109, 0.8039215686274510109, 0.8039215686274510109 ) ;
#8257 = DIRECTION ( 'NONE',  ( 0.000000000000000000, 0.000000000000000000, 1.000000000000000000 ) ) ;
#8258 = FILL_AREA_STYLE ('',( #10855 ) ) ;
#8259 = DIRECTION ( 'NONE',  ( -0.9945218953682732899, 0.000000000000000000, -0.1045284632676539427 ) ) ;
#8260 = DIRECTION ( 'NONE',  ( 0.000000000000000000, 0.000000000000000000, -1.000000000000000000 ) ) ;
#8261 = PRESENTATION_STYLE_ASSIGNMENT (( #8942 ) ) ;
#8262 = AXIS2_PLACEMENT_3D ( 'NONE', #9490, #3316, #9382 ) ;
#8263 = CARTESIAN_POINT ( 'NONE',  ( 1.059999999999999387, 2.364926170763438140, -0.7551029321564953767 ) ) ;
#8264 = ORIENTED_EDGE ( 'NONE', *, *, #308, .F. ) ;
#8265 = PLANE ( 'NONE',  #2754 ) ;
#8266 = VECTOR ( 'NONE', #3682, 1000.000000000000000 ) ;
#8267 = AXIS2_PLACEMENT_3D ( 'NONE', #4568, #4618, #10660 ) ;
#8268 = EDGE_CURVE ( 'NONE', #1266, #10655, #3173, .T. ) ;
#8269 = VECTOR ( 'NONE', #5118, 1000.000000000000000 ) ;
#8270 = VERTEX_POINT ( 'NONE', #8735 ) ;
#8271 = FILL_AREA_STYLE_COLOUR ( '', #1382 ) ;
#8272 = EDGE_CURVE ( 'NONE', #10008, #1826, #7085, .T. ) ;
#8273 =( NAMED_UNIT ( * ) SI_UNIT ( $, .STERADIAN. ) SOLID_ANGLE_UNIT ( ) );
#8274 =( GEOMETRIC_REPRESENTATION_CONTEXT ( 3 ) GLOBAL_UNCERTAINTY_ASSIGNED_CONTEXT ( ( #8242 ) ) GLOBAL_UNIT_ASSIGNED_CONTEXT ( ( #8989, #5595, #7388 ) ) REPRESENTATION_CONTEXT ( 'NONE', 'WORKASPACE' ) );
#8275 = EDGE_CURVE ( 'NONE', #3834, #4945, #6067, .T. ) ;
#8276 = CARTESIAN_POINT ( 'NONE',  ( 4.249999999999999112, -1.950000000000000178, 0.1100000000000000006 ) ) ;
#8277 = MECHANICAL_DESIGN_GEOMETRIC_PRESENTATION_REPRESENTATION (  '', ( #10266 ), #2672 ) ;
#8278 = MANIFOLD_SOLID_BREP ( 'Cut-Extrude1', #10283 ) ;
#8279 = ORIENTED_EDGE ( 'NONE', *, *, #10766, .F. ) ;
#8280 =( LENGTH_UNIT ( ) NAMED_UNIT ( * ) SI_UNIT ( .MILLI., .METRE. ) );
#8281 = MECHANICAL_DESIGN_GEOMETRIC_PRESENTATION_REPRESENTATION (  '', ( #3403 ), #4509 ) ;
#8282 = PRESENTATION_LAYER_ASSIGNMENT (  '', '', ( #898 ) ) ;
#8283 = CARTESIAN_POINT ( 'NONE',  ( -0.2100000000000005473, 2.364926170763438140, -0.7551029321564953767 ) ) ;
#8284 =( LENGTH_UNIT ( ) NAMED_UNIT ( * ) SI_UNIT ( .MILLI., .METRE. ) );
#8285 = EDGE_CURVE ( 'NONE', #6722, #861, #2844, .T. ) ;
#8286 = DIRECTION ( 'NONE',  ( 0.000000000000000000, 0.000000000000000000, -1.000000000000000000 ) ) ;
#8287 = UNCERTAINTY_MEASURE_WITH_UNIT (LENGTH_MEASURE( 1.000000000000000082E-05 ), #9025, 'distance_accuracy_value', 'NONE');
#8288 =( NAMED_UNIT ( * ) SI_UNIT ( $, .STERADIAN. ) SOLID_ANGLE_UNIT ( ) );
#8289 = CARTESIAN_POINT ( 'NONE',  ( 3.599999999999999645, -1.950000000000000178, -0.1099999999999999867 ) ) ;
#8290 = STYLED_ITEM ( 'NONE', ( #7701 ), #4647 ) ;
#8291 = AXIS2_PLACEMENT_3D ( 'NONE', #7805, #3585, #3523 ) ;
#8292 = EDGE_CURVE ( 'NONE', #5972, #8696, #889, .T. ) ;
#8293 = DIRECTION ( 'NONE',  ( 0.000000000000000000, -0.9996308538171885250, -0.02716902826232023976 ) ) ;
#8294 = DIRECTION ( 'NONE',  ( 0.000000000000000000, 0.000000000000000000, -1.000000000000000000 ) ) ;
#8295 = EDGE_CURVE ( 'NONE', #5131, #3834, #6973, .T. ) ;
#8296 = CLOSED_SHELL ( 'NONE', ( #9114, #4424, #979, #6418, #7868, #8623, #7773, #1903, #3651, #2938, #2936, #6560, #2335, #3609 ) ) ;
#8297 = VERTEX_POINT ( 'NONE', #1771 ) ;
#8298 = VERTEX_POINT ( 'NONE', #5215 ) ;
#8299 = VERTEX_POINT ( 'NONE', #7811 ) ;
#8300 = CARTESIAN_POINT ( 'NONE',  ( -4.190202986107629535, -1.815202986107629091, -0.6750000000000000444 ) ) ;
#8301 = MECHANICAL_DESIGN_GEOMETRIC_PRESENTATION_REPRESENTATION (  '', ( #8484 ), #6850 ) ;
#8302 = UNCERTAINTY_MEASURE_WITH_UNIT (LENGTH_MEASURE( 1.000000000000000082E-05 ), #9773, 'distance_accuracy_value', 'NONE');
#8303 = VERTEX_POINT ( 'NONE', #99 ) ;
#8304 = SURFACE_SIDE_STYLE ('',( #6430 ) ) ;
#8305 = CARTESIAN_POINT ( 'NONE',  ( 4.190202986107629535, 1.815202986107628425, -0.6749999999999999334 ) ) ;
#8306 = PRESENTATION_STYLE_ASSIGNMENT (( #3196 ) ) ;
#8307 = CARTESIAN_POINT ( 'NONE',  ( -0.2100000000000005473, -3.000000000000000000, -0.7794627824221421752 ) ) ;
#8308 = FILL_AREA_STYLE_COLOUR ( '', #5538 ) ;
#8309 = FILL_AREA_STYLE ('',( #4123 ) ) ;
#8310 = EDGE_CURVE ( 'NONE', #197, #4426, #3531, .T. ) ;
#8311 = DIRECTION ( 'NONE',  ( 1.000000000000000000, 0.000000000000000000, 0.000000000000000000 ) ) ;
#8312 = DIRECTION ( 'NONE',  ( 1.000000000000000000, 0.000000000000000000, 0.000000000000000000 ) ) ;
#8313 = CARTESIAN_POINT ( 'NONE',  ( -4.020000000000001350, 2.474947744208253031, -0.7427475520708766155 ) ) ;
#8314 = DIRECTION ( 'NONE',  ( 0.000000000000000000, 0.000000000000000000, 1.000000000000000000 ) ) ;
#8315 = PLANE ( 'NONE',  #9731 ) ;
#8316 = ORIENTED_EDGE ( 'NONE', *, *, #4014, .T. ) ;
#8317 = MANIFOLD_SOLID_BREP ( 'LPattern1[2]', #1436 ) ;
#8318 = ORIENTED_EDGE ( 'NONE', *, *, #10481, .F. ) ;
#8319 =( NAMED_UNIT ( * ) SI_UNIT ( $, .STERADIAN. ) SOLID_ANGLE_UNIT ( ) );
#8320 = CARTESIAN_POINT ( 'NONE',  ( -0.2100000000000005473, -3.000000000000000000, -0.7794627824221421752 ) ) ;
#8321 = CARTESIAN_POINT ( 'NONE',  ( 2.329999999999999627, -2.474947744208253031, -0.7427475520708766155 ) ) ;
#8322 = FILL_AREA_STYLE_COLOUR ( '', #6241 ) ;
#8323 = PRESENTATION_STYLE_ASSIGNMENT (( #4404 ) ) ;
#8324 = CARTESIAN_POINT ( 'NONE',  ( 4.249999999999999112, 1.949999999999999734, -0.1100000000000000006 ) ) ;
#8325 = CARTESIAN_POINT ( 'NONE',  ( 0.2099999999999992428, -2.474947744208253031, -0.7427475520708763934 ) ) ;
#8326 = VERTEX_POINT ( 'NONE', #7357 ) ;
#8327 = VERTEX_POINT ( 'NONE', #492 ) ;
#8328 =( NAMED_UNIT ( * ) PLANE_ANGLE_UNIT ( ) SI_UNIT ( $, .RADIAN. ) );
#8329 = CARTESIAN_POINT ( 'NONE',  ( -1.480000000000000870, -1.950000000000000178, -0.1099999999999999867 ) ) ;
#8330 = SURFACE_STYLE_USAGE ( .BOTH. , #4883 ) ;
#8331 = DIRECTION ( 'NONE',  ( -0.000000000000000000, 1.000000000000000000, -0.000000000000000000 ) ) ;
#8332 = VECTOR ( 'NONE', #1246, 1000.000000000000000 ) ;
#8333 = MANIFOLD_SOLID_BREP ( 'LPattern1[1]', #6847 ) ;
#8334 = SURFACE_STYLE_FILL_AREA ( #3167 ) ;
#8335 = DIRECTION ( 'NONE',  ( 0.000000000000000000, 1.000000000000000000, 0.000000000000000000 ) ) ;
#8336 = ORIENTED_EDGE ( 'NONE', *, *, #10416, .F. ) ;
#8337 = CARTESIAN_POINT ( 'NONE',  ( 2.329999999999999627, -2.474947744208253031, -0.7427475520708763934 ) ) ;
#8338 = FACE_OUTER_BOUND ( 'NONE', #3084, .T. ) ;
#8339 = EDGE_CURVE ( 'NONE', #10152, #620, #9800, .T. ) ;
#8340 = AXIS2_PLACEMENT_3D ( 'NONE', #5113, #109, #3537 ) ;
#8341 = PRESENTATION_LAYER_ASSIGNMENT (  '', '', ( #9780 ) ) ;
#8342 = UNCERTAINTY_MEASURE_WITH_UNIT (LENGTH_MEASURE( 1.000000000000000082E-05 ), #7257, 'distance_accuracy_value', 'NONE');
#8343 = CARTESIAN_POINT ( 'NONE',  ( -1.480000000000000870, -2.364926170763438140, -0.7551029321564953767 ) ) ;
#8344 = PRESENTATION_STYLE_ASSIGNMENT (( #3285 ) ) ;
#8345 = SURFACE_STYLE_FILL_AREA ( #1279 ) ;
#8346 = SURFACE_STYLE_FILL_AREA ( #5803 ) ;
#8347 = ORIENTED_EDGE ( 'NONE', *, *, #1052, .T. ) ;
#8348 = VERTEX_POINT ( 'NONE', #3817 ) ;
#8349 = CARTESIAN_POINT ( 'NONE',  ( 2.329999999999999627, -1.950000000000000178, -0.1099999999999999867 ) ) ;
#8350 = ORIENTED_EDGE ( 'NONE', *, *, #1264, .T. ) ;
#8351 = FILL_AREA_STYLE ('',( #1505 ) ) ;
#8352 = EDGE_CURVE ( 'NONE', #1649, #164, #551, .T. ) ;
#8353 = SURFACE_SIDE_STYLE ('',( #10835 ) ) ;
#8354 = CARTESIAN_POINT ( 'NONE',  ( -3.600000000000000977, -3.000000000000000000, -1.000000000000000000 ) ) ;
#8355 = EDGE_CURVE ( 'NONE', #3812, #6714, #7245, .T. ) ;
#8356 = VERTEX_POINT ( 'NONE', #6509 ) ;
#8357 = PRESENTATION_LAYER_ASSIGNMENT (  '', '', ( #3654 ) ) ;
#8358 = SURFACE_STYLE_USAGE ( .BOTH. , #10111 ) ;
#8359 = CARTESIAN_POINT ( 'NONE',  ( -3.600000000000000977, -2.165000000000000036, -0.7605367378089592512 ) ) ;
#8360 = PRESENTATION_LAYER_ASSIGNMENT (  '', '', ( #2027 ) ) ;
#8361 = CARTESIAN_POINT ( 'NONE',  ( -4.020000000000001350, -2.481923391582665950, -0.6429911470448941291 ) ) ;
#8362 = AXIS2_PLACEMENT_3D ( 'NONE', #3379, #6829, #5234 ) ;
#8363 = CARTESIAN_POINT ( 'NONE',  ( -2.750000000000001332, 2.350974876014612747, -0.9546157422084604605 ) ) ;
#8364 = CARTESIAN_POINT ( 'NONE',  ( -4.020000000000001350, 2.149963085381718209, -0.2072830971737681105 ) ) ;
#8366 = FILL_AREA_STYLE ('',( #4915 ) ) ;
#8365 = PRESENTATION_LAYER_ASSIGNMENT (  '', '', ( #4028 ) ) ;
#8367 = DIRECTION ( 'NONE',  ( -1.000000000000000000, -0.000000000000000000, -0.000000000000000000 ) ) ;
#8368 = ORIENTED_EDGE ( 'NONE', *, *, #2271, .F. ) ;
#8369 = EDGE_CURVE ( 'NONE', #4503, #9564, #3938, .T. ) ;
#8370 = FILL_AREA_STYLE ('',( #10226 ) ) ;
#8371 = EDGE_CURVE ( 'NONE', #5309, #8465, #8149, .T. ) ;
#8372 = EDGE_CURVE ( 'NONE', #1781, #1309, #10752, .T. ) ;
#8373 = ORIENTED_EDGE ( 'NONE', *, *, #4010, .T. ) ;
#8374 = ORIENTED_EDGE ( 'NONE', *, *, #6139, .T. ) ;
#8375 = CARTESIAN_POINT ( 'NONE',  ( 0.000000000000000000, -1.815202986107629091, 0.6750000000000000444 ) ) ;
#8376 = COLOUR_RGB ( '',0.8039215686274510109, 0.8039215686274510109, 0.8039215686274510109 ) ;
#8377 = PRESENTATION_STYLE_ASSIGNMENT (( #4921 ) ) ;
#8378 = SURFACE_SIDE_STYLE ('',( #2305 ) ) ;
#8379 = CARTESIAN_POINT ( 'NONE',  ( 0.2099999999999992428, -1.950000000000000178, -0.1099999999999999867 ) ) ;
#8380 = DIRECTION ( 'NONE',  ( 1.000000000000000000, -0.000000000000000000, 0.000000000000000000 ) ) ;
#8381 = SURFACE_STYLE_USAGE ( .BOTH. , #5949 ) ;
#8382 = FILL_AREA_STYLE_COLOUR ( '', #9647 ) ;
#8383 = STYLED_ITEM ( 'NONE', ( #6806 ), #7318 ) ;
#8384 = AXIS2_PLACEMENT_3D ( 'NONE', #3828, #4676, #509 ) ;
#8385 = ORIENTED_EDGE ( 'NONE', *, *, #2880, .F. ) ;
#8386 = DIRECTION ( 'NONE',  ( 0.000000000000000000, -0.9975640502598241977, -0.06975647374412546897 ) ) ;
#8387 = LINE ( 'NONE', #3818, #8978 ) ;
#8388 = DIRECTION ( 'NONE',  ( 0.000000000000000000, 1.000000000000000000, 0.000000000000000000 ) ) ;
#8389 = FILL_AREA_STYLE_COLOUR ( '', #8001 ) ;
#8390 = CARTESIAN_POINT ( 'NONE',  ( -3.995202986107628362, -1.425202986107629410, 0.7500000000000000000 ) ) ;
#8391 = FILL_AREA_STYLE_COLOUR ( '', #1002 ) ;
#8392 = ORIENTED_EDGE ( 'NONE', *, *, #4836, .F. ) ;
#8393 = CARTESIAN_POINT ( 'NONE',  ( 4.325000000000000178, -1.875136580382891660, -0.1100000000000039835 ) ) ;
#8394 =( LENGTH_UNIT ( ) NAMED_UNIT ( * ) SI_UNIT ( .MILLI., .METRE. ) );
#8395 = ORIENTED_EDGE ( 'NONE', *, *, #8213, .F. ) ;
#8396 = CARTESIAN_POINT ( 'NONE',  ( -1.480000000000000870, -3.000000000000000000, -0.7794627824221421752 ) ) ;
#8397 = UNCERTAINTY_MEASURE_WITH_UNIT (LENGTH_MEASURE( 1.000000000000000082E-05 ), #6088, 'distance_accuracy_value', 'NONE');
#8398 = CARTESIAN_POINT ( 'NONE',  ( 4.264792128260249449, 1.815202986107628425, -0.6828396347450739201 ) ) ;
#8399 = DIRECTION ( 'NONE',  ( 0.000000000000000000, 0.9975640502598243087, 0.06975647374412501101 ) ) ;
#8400 = AXIS2_PLACEMENT_3D ( 'NONE', #7571, #694, #10123 ) ;
#8401 = VECTOR ( 'NONE', #5884, 1000.000000000000000 ) ;
#8402 = VERTEX_POINT ( 'NONE', #9753 ) ;
#8403 = ORIENTED_EDGE ( 'NONE', *, *, #2123, .F. ) ;
#8404 = DIRECTION ( 'NONE',  ( 0.000000000000000000, 0.000000000000000000, 1.000000000000000000 ) ) ;
#8405 = ORIENTED_EDGE ( 'NONE', *, *, #8135, .T. ) ;
#8406 = MANIFOLD_SOLID_BREP ( 'LPattern1[11]', #1352 ) ;
#8407 = CARTESIAN_POINT ( 'NONE',  ( -2.330000000000001403, -2.481923391582665950, -0.6429911470448941291 ) ) ;
#8408 = VECTOR ( 'NONE', #1513, 1000.000000000000000 ) ;
#8409 = DIRECTION ( 'NONE',  ( 0.000000000000000000, 0.000000000000000000, -1.000000000000000000 ) ) ;
#8410 = FILL_AREA_STYLE_COLOUR ( '', #10062 ) ;
#8411 = ORIENTED_EDGE ( 'NONE', *, *, #5950, .T. ) ;
#8412 = CARTESIAN_POINT ( 'NONE',  ( -0.2100000000000005473, 2.364926170763438140, -0.7551029321564953767 ) ) ;
#8413 =( GEOMETRIC_REPRESENTATION_CONTEXT ( 3 ) GLOBAL_UNCERTAINTY_ASSIGNED_CONTEXT ( ( #9381 ) ) GLOBAL_UNIT_ASSIGNED_CONTEXT ( ( #2226, #6476, #2173 ) ) REPRESENTATION_CONTEXT ( 'NONE', 'WORKASPACE' ) );
#8414 = FILL_AREA_STYLE ('',( #6588 ) ) ;
#8415 =( GEOMETRIC_REPRESENTATION_CONTEXT ( 3 ) GLOBAL_UNCERTAINTY_ASSIGNED_CONTEXT ( ( #9110 ) ) GLOBAL_UNIT_ASSIGNED_CONTEXT ( ( #4493, #5259, #3627 ) ) REPRESENTATION_CONTEXT ( 'NONE', 'WORKASPACE' ) );
#8416 = PRESENTATION_STYLE_ASSIGNMENT (( #4294 ) ) ;
#8417 = FILL_AREA_STYLE ('',( #3306 ) ) ;
#8418 =( NAMED_UNIT ( * ) SI_UNIT ( $, .STERADIAN. ) SOLID_ANGLE_UNIT ( ) );
#8419 = EDGE_CURVE ( 'NONE', #9310, #8601, #6262, .T. ) ;
#8420 = VECTOR ( 'NONE', #2145, 1000.000000000000000 ) ;
#8421 =( NAMED_UNIT ( * ) SI_UNIT ( $, .STERADIAN. ) SOLID_ANGLE_UNIT ( ) );
#8423 = FILL_AREA_STYLE ('',( #10847 ) ) ;
#8422 = VECTOR ( 'NONE', #5556, 1000.000000000000000 ) ;
#8424 = ORIENTED_EDGE ( 'NONE', *, *, #3074, .F. ) ;
#8425 = FILL_AREA_STYLE_COLOUR ( '', #4860 ) ;
#8426 = ORIENTED_EDGE ( 'NONE', *, *, #8778, .F. ) ;
#8427 = STYLED_ITEM ( 'NONE', ( #623 ), #9678 ) ;
#8428 = CARTESIAN_POINT ( 'NONE',  ( -4.020000000000001350, -2.166782826543157903, 0.1100000000000000144 ) ) ;
#8429 = VERTEX_POINT ( 'NONE', #3221 ) ;
#8430 = DIRECTION ( 'NONE',  ( 0.000000000000000000, 0.000000000000000000, -1.000000000000000000 ) ) ;
#8431 = EDGE_CURVE ( 'NONE', #5411, #9948, #8502, .T. ) ;
#8432 = PRESENTATION_LAYER_ASSIGNMENT (  '', '', ( #7703 ) ) ;
#8433 = CIRCLE ( 'NONE', #6439, 0.2000000000000003164 ) ;
#8434 = CARTESIAN_POINT ( 'NONE',  ( -4.190202986107628647, 1.889792128260249227, 0.6828396347450740311 ) ) ;
#8435 = CARTESIAN_POINT ( 'NONE',  ( 3.599999999999999645, 1.950000000000000178, 0.1100000000000000144 ) ) ;
#8436 = CARTESIAN_POINT ( 'NONE',  ( -4.325000000000000178, 1.949999999999999734, 0.1100000000000000006 ) ) ;
#8437 = EDGE_CURVE ( 'NONE', #2436, #8742, #8546, .T. ) ;
#8438 = FILL_AREA_STYLE_COLOUR ( '', #558 ) ;
#8439 = EDGE_CURVE ( 'NONE', #8949, #3834, #6803, .T. ) ;
#8440 = PRESENTATION_STYLE_ASSIGNMENT (( #10125 ) ) ;
#8441 = DIRECTION ( 'NONE',  ( 0.000000000000000000, 0.000000000000000000, -1.000000000000000000 ) ) ;
#8442 = VECTOR ( 'NONE', #1015, 1000.000000000000227 ) ;
#8443 = VECTOR ( 'NONE', #10323, 1000.000000000000000 ) ;
#8444 = VECTOR ( 'NONE', #4931, 1000.000000000000000 ) ;
#8445 = ORIENTED_EDGE ( 'NONE', *, *, #5668, .F. ) ;
#8446 = ORIENTED_EDGE ( 'NONE', *, *, #1245, .F. ) ;
#8447 = DIRECTION ( 'NONE',  ( 1.000000000000000000, 0.000000000000000000, 0.000000000000000000 ) ) ;
#8448 = CARTESIAN_POINT ( 'NONE',  ( 4.293963392251840538, -1.949760935694445863, 0.1122745449310376398 ) ) ;
#8449 = CIRCLE ( 'NONE', #3568, 0.09999999999999982514 ) ;
#8450 = FILL_AREA_STYLE_COLOUR ( '', #307 ) ;
#8451 =( NAMED_UNIT ( * ) SI_UNIT ( $, .STERADIAN. ) SOLID_ANGLE_UNIT ( ) );
#8452 = CARTESIAN_POINT ( 'NONE',  ( 2.329999999999999627, -2.474947744208253031, -0.7427475520708763934 ) ) ;
#8453 = EDGE_CURVE ( 'NONE', #8327, #6675, #10189, .T. ) ;
#8454 = EDGE_LOOP ( 'NONE', ( #2171, #5019, #5524, #2065 ) ) ;
#8455 = UNCERTAINTY_MEASURE_WITH_UNIT (LENGTH_MEASURE( 1.000000000000000082E-05 ), #1447, 'distance_accuracy_value', 'NONE');
#8456 = VECTOR ( 'NONE', #6023, 1000.000000000000000 ) ;
#8457 = VERTEX_POINT ( 'NONE', #10009 ) ;
#8458 = PRESENTATION_STYLE_ASSIGNMENT (( #658 ) ) ;
#8459 = SURFACE_STYLE_USAGE ( .BOTH. , #11174 ) ;
#8460 = SURFACE_STYLE_FILL_AREA ( #9288 ) ;
#8461 = FILL_AREA_STYLE_COLOUR ( '', #10972 ) ;
#8462 =( NAMED_UNIT ( * ) SI_UNIT ( $, .STERADIAN. ) SOLID_ANGLE_UNIT ( ) );
#8463 = DIRECTION ( 'NONE',  ( 1.156482317317871607E-14, 1.000000000000000000, 0.000000000000000000 ) ) ;
#8464 = EDGE_LOOP ( 'NONE', ( #2510, #1419, #594, #856 ) ) ;
#8465 = VERTEX_POINT ( 'NONE', #10072 ) ;
#8466 = DIRECTION ( 'NONE',  ( -3.038779738999321752E-16, -1.000000000000000000, 2.891205793294675467E-15 ) ) ;
#8467 = ORIENTED_EDGE ( 'NONE', *, *, #2898, .T. ) ;
#8468 = CIRCLE ( 'NONE', #10623, 0.07499999999999998335 ) ;
#8469 = MANIFOLD_SOLID_BREP ( 'LPattern1[4]', #10640 ) ;
#8470 = CARTESIAN_POINT ( 'NONE',  ( -4.020000000000001350, 2.166782826543157903, 0.1100000000000000144 ) ) ;
#8471 = SURFACE_STYLE_FILL_AREA ( #1567 ) ;
#8472 =( GEOMETRIC_REPRESENTATION_CONTEXT ( 3 ) GLOBAL_UNCERTAINTY_ASSIGNED_CONTEXT ( ( #6637 ) ) GLOBAL_UNIT_ASSIGNED_CONTEXT ( ( #9914, #5508, #8955 ) ) REPRESENTATION_CONTEXT ( 'NONE', 'WORKASPACE' ) );
#8473 = EDGE_LOOP ( 'NONE', ( #9765, #6784, #6745, #5794 ) ) ;
#8474 = CARTESIAN_POINT ( 'NONE',  ( -1.060000000000000941, -2.366708997306596007, -0.08456619434753621933 ) ) ;
#8475 = SURFACE_STYLE_FILL_AREA ( #9373 ) ;
#8476 =( NAMED_UNIT ( * ) SI_UNIT ( $, .STERADIAN. ) SOLID_ANGLE_UNIT ( ) );
#8477 = PLANE ( 'NONE',  #9094 ) ;
#8478 = PRESENTATION_STYLE_ASSIGNMENT (( #5010 ) ) ;
#8479 = DIRECTION ( 'NONE',  ( 0.000000000000000000, 0.000000000000000000, -1.000000000000000000 ) ) ;
#8480 = PRESENTATION_STYLE_ASSIGNMENT (( #6824 ) ) ;
#8481 = VERTEX_POINT ( 'NONE', #1537 ) ;
#8482 = CARTESIAN_POINT ( 'NONE',  ( -0.2100000000000005473, 2.166782826543157903, -0.09000000000000002442 ) ) ;
#8483 = VERTEX_POINT ( 'NONE', #3334 ) ;
#8484 = STYLED_ITEM ( 'NONE', ( #5830 ), #4965 ) ;
#8485 = FILL_AREA_STYLE ('',( #8425 ) ) ;
#8486 = EDGE_CURVE ( 'NONE', #6174, #126, #6786, .T. ) ;
#8487 = UNCERTAINTY_MEASURE_WITH_UNIT (LENGTH_MEASURE( 1.000000000000000082E-05 ), #8709, 'distance_accuracy_value', 'NONE');
#8488 = ORIENTED_EDGE ( 'NONE', *, *, #6971, .F. ) ;
#8489 =( LENGTH_UNIT ( ) NAMED_UNIT ( * ) SI_UNIT ( .MILLI., .METRE. ) );
#8490 = ORIENTED_EDGE ( 'NONE', *, *, #7512, .F. ) ;
#8491 = CARTESIAN_POINT ( 'NONE',  ( -2.750000000000001332, -2.366708997306596007, -0.08456619434753621933 ) ) ;
#8492 = DIRECTION ( 'NONE',  ( 0.000000000000000000, 0.000000000000000000, -1.000000000000000000 ) ) ;
#8493 = PLANE ( 'NONE',  #7735 ) ;
#8494 = DIRECTION ( 'NONE',  ( 0.000000000000000000, 0.000000000000000000, -1.000000000000000000 ) ) ;
#8495 =( NAMED_UNIT ( * ) SI_UNIT ( $, .STERADIAN. ) SOLID_ANGLE_UNIT ( ) );
#8496 = CARTESIAN_POINT ( 'NONE',  ( -2.330000000000001403, 1.950000000000000178, 0.1100000000000000144 ) ) ;
#8497 = SURFACE_SIDE_STYLE ('',( #7461 ) ) ;
#8498 = STYLED_ITEM ( 'NONE', ( #275 ), #4519 ) ;
#8499 = ORIENTED_EDGE ( 'NONE', *, *, #9202, .F. ) ;
#8500 = EDGE_CURVE ( 'NONE', #7101, #7300, #10250, .T. ) ;
#8501 = VERTEX_POINT ( 'NONE', #2494 ) ;
#8502 = LINE ( 'NONE', #10924, #7166 ) ;
#8503 = LINE ( 'NONE', #4323, #1744 ) ;
#8504 = DIRECTION ( 'NONE',  ( -0.1039620511844983053, 0.1039620511844994433, 0.9891328443778536483 ) ) ;
#8505 = DIRECTION ( 'NONE',  ( 0.000000000000000000, 0.000000000000000000, -1.000000000000000000 ) ) ;
#8506 = SURFACE_STYLE_USAGE ( .BOTH. , #822 ) ;
#8507 = ORIENTED_EDGE ( 'NONE', *, *, #6491, .T. ) ;
#8508 = EDGE_CURVE ( 'NONE', #593, #750, #6272, .T. ) ;
#8509 = ORIENTED_EDGE ( 'NONE', *, *, #227, .F. ) ;
#8510 = EDGE_CURVE ( 'NONE', #7400, #2074, #9398, .T. ) ;
#8511 = PRESENTATION_STYLE_ASSIGNMENT (( #828 ) ) ;
#8512 = LINE ( 'NONE', #4210, #10437 ) ;
#8513 = PRESENTATION_LAYER_ASSIGNMENT (  '', '', ( #3639 ) ) ;
#8514 = DIRECTION ( 'NONE',  ( 0.000000000000000000, -0.000000000000000000, 1.000000000000000000 ) ) ;
#8515 = DIRECTION ( 'NONE',  ( 0.000000000000000000, 0.02716902826231849810, -0.9996308538171886360 ) ) ;
#8516 = CARTESIAN_POINT ( 'NONE',  ( 2.749999999999999112, 2.149963085381718209, -0.2072830971737681105 ) ) ;
#8517 = SURFACE_STYLE_USAGE ( .BOTH. , #10205 ) ;
#8518 = ORIENTED_EDGE ( 'NONE', *, *, #6951, .T. ) ;
#8519 = VERTEX_POINT ( 'NONE', #7696 ) ;
#8520 = ORIENTED_EDGE ( 'NONE', *, *, #8369, .F. ) ;
#8521 = CARTESIAN_POINT ( 'NONE',  ( 2.329999999999999627, -2.166782826543157903, -0.09000000000000002442 ) ) ;
#8522 = SURFACE_STYLE_USAGE ( .BOTH. , #6649 ) ;
#8523 = CARTESIAN_POINT ( 'NONE',  ( -0.2100000000000005473, 2.381960306200947564, -0.6457080498711260663 ) ) ;
#8524 = ORIENTED_EDGE ( 'NONE', *, *, #7733, .T. ) ;
#8525 = FILL_AREA_STYLE_COLOUR ( '', #10322 ) ;
#8526 = DIRECTION ( 'NONE',  ( 0.000000000000000000, 0.000000000000000000, -1.000000000000000000 ) ) ;
#8527 = DIRECTION ( 'NONE',  ( 0.000000000000000000, -0.9975640502598243087, 0.06975647374412501101 ) ) ;
#8528 = CIRCLE ( 'NONE', #6703, 0.09999999999999956146 ) ;
#8529 = CARTESIAN_POINT ( 'NONE',  ( -4.325000000000000178, -1.950000000000000178, 0.1100000000000000006 ) ) ;
#8530 = ORIENTED_EDGE ( 'NONE', *, *, #8419, .T. ) ;
#8531 = VERTEX_POINT ( 'NONE', #147 ) ;
#8532 = ORIENTED_EDGE ( 'NONE', *, *, #2325, .T. ) ;
#8533 = PRESENTATION_LAYER_ASSIGNMENT (  '', '', ( #1654 ) ) ;
#8534 =( NAMED_UNIT ( * ) PLANE_ANGLE_UNIT ( ) SI_UNIT ( $, .RADIAN. ) );
#8535 = MECHANICAL_DESIGN_GEOMETRIC_PRESENTATION_REPRESENTATION (  '', ( #7440 ), #1670 ) ;
#8536 = ORIENTED_EDGE ( 'NONE', *, *, #3526, .T. ) ;
#8537 = ORIENTED_EDGE ( 'NONE', *, *, #3599, .T. ) ;
#8538 = DIRECTION ( 'NONE',  ( -0.000000000000000000, 0.000000000000000000, -1.000000000000000000 ) ) ;
#8539 = CARTESIAN_POINT ( 'NONE',  ( -0.2100000000000005473, 3.000000000000000000, -1.000000000000000000 ) ) ;
#8540 = VECTOR ( 'NONE', #10976, 1000.000000000000000 ) ;
#8541 = CARTESIAN_POINT ( 'NONE',  ( 4.190202986107629535, 0.000000000000000000, -0.7500000000000000000 ) ) ;
#8542 = CARTESIAN_POINT ( 'NONE',  ( -4.190202986107629535, 1.889792128260249227, -0.6828396347450740311 ) ) ;
#8543 = CARTESIAN_POINT ( 'NONE',  ( 1.059999999999999387, 3.000000000000000000, -1.000000000000000000 ) ) ;
#8544 = EDGE_LOOP ( 'NONE', ( #3321, #5695, #10054, #4999 ) ) ;
#8545 = ORIENTED_EDGE ( 'NONE', *, *, #4773, .F. ) ;
#8546 = LINE ( 'NONE', #6617, #1747 ) ;
#8547 = VECTOR ( 'NONE', #10295, 1000.000000000000000 ) ;
#8548 = CARTESIAN_POINT ( 'NONE',  ( 4.324760935694444974, -1.918963392251840316, 0.1122745449310376259 ) ) ;
#8549 = PRESENTATION_STYLE_ASSIGNMENT (( #8330 ) ) ;
#8550 = CARTESIAN_POINT ( 'NONE',  ( 2.329999999999999627, 2.050000000000000266, -0.2100000000000000200 ) ) ;
#8551 = FACE_OUTER_BOUND ( 'NONE', #4878, .T. ) ;
#8552 = DIRECTION ( 'NONE',  ( 0.000000000000000000, 0.000000000000000000, -1.000000000000000000 ) ) ;
#8553 = DIRECTION ( 'NONE',  ( 1.000000000000000000, 0.000000000000000000, 0.000000000000000000 ) ) ;
#8554 = AXIS2_PLACEMENT_3D ( 'NONE', #851, #6880, #795 ) ;
#8555 = EDGE_CURVE ( 'NONE', #20, #9980, #4106, .T. ) ;
#8556 = VERTEX_POINT ( 'NONE', #1814 ) ;
#8557 = FILL_AREA_STYLE ('',( #5043 ) ) ;
#8558 = CARTESIAN_POINT ( 'NONE',  ( 4.324760935694445863, 1.918963392251840094, -0.1122745449310406929 ) ) ;
#8559 = UNCERTAINTY_MEASURE_WITH_UNIT (LENGTH_MEASURE( 1.000000000000000082E-05 ), #127, 'distance_accuracy_value', 'NONE');
#8560 = MECHANICAL_DESIGN_GEOMETRIC_PRESENTATION_REPRESENTATION (  '', ( #5669 ), #10906 ) ;
#8561 = COLOUR_RGB ( '',0.8039215686274510109, 0.8039215686274510109, 0.8039215686274510109 ) ;
#8562 = ORIENTED_EDGE ( 'NONE', *, *, #9465, .T. ) ;
#8563 = SURFACE_STYLE_USAGE ( .BOTH. , #1657 ) ;
#8564 =( GEOMETRIC_REPRESENTATION_CONTEXT ( 3 ) GLOBAL_UNCERTAINTY_ASSIGNED_CONTEXT ( ( #5376 ) ) GLOBAL_UNIT_ASSIGNED_CONTEXT ( ( #4341, #5858, #5048 ) ) REPRESENTATION_CONTEXT ( 'NONE', 'WORKASPACE' ) );
#8565 = FILL_AREA_STYLE_COLOUR ( '', #514 ) ;
#8566 = SURFACE_STYLE_USAGE ( .BOTH. , #726 ) ;
#8567 = LINE ( 'NONE', #832, #428 ) ;
#8568 = ADVANCED_FACE ( 'NONE', ( #3401 ), #5997, .T. ) ;
#8569 = UNCERTAINTY_MEASURE_WITH_UNIT (LENGTH_MEASURE( 1.000000000000000082E-05 ), #9652, 'distance_accuracy_value', 'NONE');
#8570 = ORIENTED_EDGE ( 'NONE', *, *, #9530, .F. ) ;
#8571 = ADVANCED_FACE ( 'NONE', ( #4490 ), #84, .T. ) ;
#8572 = EDGE_CURVE ( 'NONE', #7280, #10670, #6112, .T. ) ;
#8573 = DIRECTION ( 'NONE',  ( 1.000000000000000000, 0.000000000000000000, 0.000000000000000000 ) ) ;
#8574 = LINE ( 'NONE', #2364, #2318 ) ;
#8575 = DIRECTION ( 'NONE',  ( 0.000000000000000000, 1.000000000000000000, 0.000000000000000000 ) ) ;
#8576 = LINE ( 'NONE', #843, #8269 ) ;
#8577 =( GEOMETRIC_REPRESENTATION_CONTEXT ( 3 ) GLOBAL_UNCERTAINTY_ASSIGNED_CONTEXT ( ( #8868 ) ) GLOBAL_UNIT_ASSIGNED_CONTEXT ( ( #2826, #375, #8935 ) ) REPRESENTATION_CONTEXT ( 'NONE', 'WORKASPACE' ) );
#8578 = ORIENTED_EDGE ( 'NONE', *, *, #9459, .T. ) ;
#8579 = PLANE ( 'NONE',  #4553 ) ;
#8580 =( NAMED_UNIT ( * ) PLANE_ANGLE_UNIT ( ) SI_UNIT ( $, .RADIAN. ) );
#8581 = MECHANICAL_DESIGN_GEOMETRIC_PRESENTATION_REPRESENTATION (  '', ( #10381 ), #3706 ) ;
#8582 = CARTESIAN_POINT ( 'NONE',  ( 3.599999999999999645, 3.000000000000000000, -1.000000000000000000 ) ) ;
#8583 = CARTESIAN_POINT ( 'NONE',  ( 4.019999999999999574, 2.165000000000000036, -0.7605367378089592512 ) ) ;
#8584 = FILL_AREA_STYLE_COLOUR ( '', #1327 ) ;
#8585 = ORIENTED_EDGE ( 'NONE', *, *, #9466, .F. ) ;
#8586 = SPHERICAL_SURFACE ( 'NONE', #6302, 0.07499999999999999722 ) ;
#8587 = FACE_OUTER_BOUND ( 'NONE', #2524, .T. ) ;
#8588 = ORIENTED_EDGE ( 'NONE', *, *, #3943, .T. ) ;
#8589 = FILL_AREA_STYLE_COLOUR ( '', #9151 ) ;
#8590 =( LENGTH_UNIT ( ) NAMED_UNIT ( * ) SI_UNIT ( .MILLI., .METRE. ) );
#8591 = ORIENTED_EDGE ( 'NONE', *, *, #1855, .T. ) ;
#8592 = FACE_OUTER_BOUND ( 'NONE', #9734, .T. ) ;
#8593 = CARTESIAN_POINT ( 'NONE',  ( -3.600000000000000977, -1.950000000000000178, -0.1099999999999999867 ) ) ;
#8594 = MECHANICAL_DESIGN_GEOMETRIC_PRESENTATION_REPRESENTATION (  '', ( #2991 ), #9857 ) ;
#8595 =( GEOMETRIC_REPRESENTATION_CONTEXT ( 3 ) GLOBAL_UNCERTAINTY_ASSIGNED_CONTEXT ( ( #7978 ) ) GLOBAL_UNIT_ASSIGNED_CONTEXT ( ( #4723, #8050, #3825 ) ) REPRESENTATION_CONTEXT ( 'NONE', 'WORKASPACE' ) );
#8596 = CARTESIAN_POINT ( 'NONE',  ( 1.479999999999999094, 1.950000000000000178, 0.1100000000000000144 ) ) ;
#8597 = CARTESIAN_POINT ( 'NONE',  ( 4.325000000000000178, -1.875000000000000222, -0.1100000000000000006 ) ) ;
#8598 = COLOUR_RGB ( '',0.8039215686274510109, 0.8039215686274510109, 0.8039215686274510109 ) ;
#8599 = VECTOR ( 'NONE', #6434, 1000.000000000000000 ) ;
#8600 = ORIENTED_EDGE ( 'NONE', *, *, #1640, .F. ) ;
#8601 = VERTEX_POINT ( 'NONE', #6162 ) ;
#8602 = PRESENTATION_LAYER_ASSIGNMENT (  '', '', ( #7154 ) ) ;
#8603 = DIRECTION ( 'NONE',  ( 0.000000000000000000, 0.06975647374412501101, -0.9975640502598243087 ) ) ;
#8604 =( NAMED_UNIT ( * ) PLANE_ANGLE_UNIT ( ) SI_UNIT ( $, .RADIAN. ) );
#8605 =( LENGTH_UNIT ( ) NAMED_UNIT ( * ) SI_UNIT ( .MILLI., .METRE. ) );
#8606 = CARTESIAN_POINT ( 'NONE',  ( 1.059999999999999387, 2.366708997306596007, -0.08456619434753621933 ) ) ;
#8607 = UNCERTAINTY_MEASURE_WITH_UNIT (LENGTH_MEASURE( 1.000000000000000082E-05 ), #6207, 'distance_accuracy_value', 'NONE');
#8608 = VECTOR ( 'NONE', #8641, 1000.000000000000000 ) ;
#8609 = FILL_AREA_STYLE_COLOUR ( '', #1080 ) ;
#8610 = CARTESIAN_POINT ( 'NONE',  ( 3.599999999999999645, -1.950000000000000178, -0.1099999999999999867 ) ) ;
#8611 = CYLINDRICAL_SURFACE ( 'NONE', #6188, 0.2000000000000002054 ) ;
#8612 = VECTOR ( 'NONE', #1791, 1000.000000000000000 ) ;
#8613 = EDGE_LOOP ( 'NONE', ( #781, #3421, #540, #7570 ) ) ;
#8614 = PRESENTATION_STYLE_ASSIGNMENT (( #5150 ) ) ;
#8615 = COLOUR_RGB ( '',0.2862745098039215508, 0.2862745098039215508, 0.2862745098039215508 ) ;
#8616 = DIRECTION ( 'NONE',  ( -1.156482317317871607E-14, 0.000000000000000000, 1.000000000000000000 ) ) ;
#8617 = PRESENTATION_LAYER_ASSIGNMENT (  '', '', ( #2281 ) ) ;
#8618 = EDGE_CURVE ( 'NONE', #4336, #3955, #10517, .T. ) ;
#8619 = STYLED_ITEM ( 'NONE', ( #6157 ), #135 ) ;
#8620 = MECHANICAL_DESIGN_GEOMETRIC_PRESENTATION_REPRESENTATION (  '', ( #3016 ), #5366 ) ;
#8621 = ORIENTED_EDGE ( 'NONE', *, *, #10793, .F. ) ;
#8622 = CARTESIAN_POINT ( 'NONE',  ( 3.599999999999999645, 3.000000000000000000, -1.000000000000000000 ) ) ;
#8623 = ADVANCED_FACE ( 'NONE', ( #5372 ), #1039, .T. ) ;
#8624 = FILL_AREA_STYLE ('',( #9413 ) ) ;
#8625 = CARTESIAN_POINT ( 'NONE',  ( -2.330000000000001403, -1.950000000000000178, 0.1100000000000000144 ) ) ;
#8626 = COLOUR_RGB ( '',0.8039215686274510109, 0.8039215686274510109, 0.8039215686274510109 ) ;
#8627 = ORIENTED_EDGE ( 'NONE', *, *, #3784, .T. ) ;
#8628 = LINE ( 'NONE', #2726, #8065 ) ;
#8629 = MECHANICAL_DESIGN_GEOMETRIC_PRESENTATION_REPRESENTATION (  '', ( #6635 ), #8274 ) ;
#8630 = EDGE_CURVE ( 'NONE', #7954, #3955, #5554, .T. ) ;
#8631 = DIRECTION ( 'NONE',  ( -1.000000000000000000, 0.000000000000000000, 0.000000000000000000 ) ) ;
#8632 = MECHANICAL_DESIGN_GEOMETRIC_PRESENTATION_REPRESENTATION (  '', ( #327 ), #2099 ) ;
#8633 = CARTESIAN_POINT ( 'NONE',  ( -2.750000000000001332, -2.481923391582665950, -0.6429911470448941291 ) ) ;
#8634 = FILL_AREA_STYLE ('',( #11125 ) ) ;
#8635 = EDGE_CURVE ( 'NONE', #1517, #9547, #5427, .T. ) ;
#8636 = DIRECTION ( 'NONE',  ( 1.000000000000000000, -0.000000000000000000, 0.000000000000000000 ) ) ;
#8637 = UNCERTAINTY_MEASURE_WITH_UNIT (LENGTH_MEASURE( 1.000000000000000082E-05 ), #9122, 'distance_accuracy_value', 'NONE');
#8638 = CARTESIAN_POINT ( 'NONE',  ( -4.020000000000001350, 2.350974876014612747, -0.9546157422084604605 ) ) ;
#8639 = EDGE_CURVE ( 'NONE', #9337, #10995, #3050, .T. ) ;
#8640 = DIRECTION ( 'NONE',  ( 0.000000000000000000, 0.000000000000000000, -1.000000000000000000 ) ) ;
#8641 = DIRECTION ( 'NONE',  ( 0.000000000000000000, -0.9975640502598243087, 0.06975647374412501101 ) ) ;
#8642 = COLOUR_RGB ( '',0.8039215686274510109, 0.8039215686274510109, 0.8039215686274510109 ) ;
#8643 = PRESENTATION_LAYER_ASSIGNMENT (  '', '', ( #2300 ) ) ;
#8644 = ORIENTED_EDGE ( 'NONE', *, *, #7087, .F. ) ;
#8645 = FILL_AREA_STYLE ('',( #4234 ) ) ;
#8646 = FILL_AREA_STYLE ('',( #7827 ) ) ;
#8647 = EDGE_LOOP ( 'NONE', ( #10376, #4805, #4051, #7105 ) ) ;
#8648 = CARTESIAN_POINT ( 'NONE',  ( 4.293963392251840538, -1.949760935694444530, -0.1122745449310452726 ) ) ;
#8649 = MECHANICAL_DESIGN_GEOMETRIC_PRESENTATION_REPRESENTATION (  '', ( #9550 ), #3534 ) ;
#8650 = ADVANCED_FACE ( 'NONE', ( #2884 ), #6385, .T. ) ;
#8651 = UNCERTAINTY_MEASURE_WITH_UNIT (LENGTH_MEASURE( 1.000000000000000082E-05 ), #719, 'distance_accuracy_value', 'NONE');
#8652 = STYLED_ITEM ( 'NONE', ( #1073 ), #4366 ) ;
#8653 = PRESENTATION_LAYER_ASSIGNMENT (  '', '', ( #6119 ) ) ;
#8654 = ORIENTED_EDGE ( 'NONE', *, *, #4357, .F. ) ;
#8655 = FILL_AREA_STYLE_COLOUR ( '', #5869 ) ;
#8656 = EDGE_CURVE ( 'NONE', #8402, #10995, #9898, .T. ) ;
#8657 = FILL_AREA_STYLE ('',( #5193 ) ) ;
#8658 = DIRECTION ( 'NONE',  ( 0.000000000000000000, -0.9975640502598243087, 0.06975647374412501101 ) ) ;
#8659 = DIRECTION ( 'NONE',  ( 0.000000000000000000, 0.000000000000000000, 1.000000000000000000 ) ) ;
#8660 = MECHANICAL_DESIGN_GEOMETRIC_PRESENTATION_REPRESENTATION (  '', ( #902 ), #5377 ) ;
#8661 =( LENGTH_UNIT ( ) NAMED_UNIT ( * ) SI_UNIT ( .MILLI., .METRE. ) );
#8662 = MECHANICAL_DESIGN_GEOMETRIC_PRESENTATION_REPRESENTATION (  '', ( #553 ), #2871 ) ;
#8663 =( GEOMETRIC_REPRESENTATION_CONTEXT ( 3 ) GLOBAL_UNCERTAINTY_ASSIGNED_CONTEXT ( ( #3343 ) ) GLOBAL_UNIT_ASSIGNED_CONTEXT ( ( #7981, #6961, #154 ) ) REPRESENTATION_CONTEXT ( 'NONE', 'WORKASPACE' ) );
#8664 = ORIENTED_EDGE ( 'NONE', *, *, #10500, .T. ) ;
#8665 = ORIENTED_EDGE ( 'NONE', *, *, #10168, .F. ) ;
#8666 = FILL_AREA_STYLE ('',( #6899 ) ) ;
#8667 =( NAMED_UNIT ( * ) PLANE_ANGLE_UNIT ( ) SI_UNIT ( $, .RADIAN. ) );
#8668 = CARTESIAN_POINT ( 'NONE',  ( 3.599999999999999645, -2.165000000000000036, -0.7605367378089592512 ) ) ;
#8669 = LINE ( 'NONE', #4376, #6778 ) ;
#8670 = UNCERTAINTY_MEASURE_WITH_UNIT (LENGTH_MEASURE( 1.000000000000000082E-05 ), #4047, 'distance_accuracy_value', 'NONE');
#8671 = SURFACE_SIDE_STYLE ('',( #261 ) ) ;
#8672 = CYLINDRICAL_SURFACE ( 'NONE', #269, 0.09999999999999982514 ) ;
#8673 = DIRECTION ( 'NONE',  ( 0.000000000000000000, -0.02716902826232023976, 0.9996308538171885250 ) ) ;
#8674 = CIRCLE ( 'NONE', #926, 0.2000000000000003164 ) ;
#8675 = ORIENTED_EDGE ( 'NONE', *, *, #10012, .T. ) ;
#8676 = CARTESIAN_POINT ( 'NONE',  ( 1.479999999999999094, 2.381960306200947564, -0.6457080498711260663 ) ) ;
#8677 = ADVANCED_FACE ( 'NONE', ( #10573 ), #480, .F. ) ;
#8678 = ORIENTED_EDGE ( 'NONE', *, *, #8085, .F. ) ;
#8679 =( NAMED_UNIT ( * ) SI_UNIT ( $, .STERADIAN. ) SOLID_ANGLE_UNIT ( ) );
#8680 = CARTESIAN_POINT ( 'NONE',  ( -4.325000000000000178, 1.874999999999999778, -0.1100000000000000006 ) ) ;
#8681 = DIRECTION ( 'NONE',  ( -1.000000000000000000, 1.162852545231921209E-14, 0.000000000000000000 ) ) ;
#8682 = DIRECTION ( 'NONE',  ( -0.000000000000000000, 0.000000000000000000, -1.000000000000000000 ) ) ;
#8683 = ORIENTED_EDGE ( 'NONE', *, *, #3530, .T. ) ;
#8684 = CARTESIAN_POINT ( 'NONE',  ( 2.329999999999999627, -1.950000000000000178, 0.1100000000000000144 ) ) ;
#8685 = CARTESIAN_POINT ( 'NONE',  ( 3.599999999999999645, -2.166782826543157903, 0.1100000000000000144 ) ) ;
#8686 = FACE_OUTER_BOUND ( 'NONE', #3912, .T. ) ;
#8687 = PLANE ( 'NONE',  #3270 ) ;
#8688 = DIRECTION ( 'NONE',  ( -0.000000000000000000, 0.000000000000000000, -1.000000000000000000 ) ) ;
#8689 = DIRECTION ( 'NONE',  ( 0.000000000000000000, 1.000000000000000000, 0.000000000000000000 ) ) ;
#8690 = DIRECTION ( 'NONE',  ( 0.1039620511844982914, 0.1039620511845006368, 0.9891328443778535373 ) ) ;
#8691 = DIRECTION ( 'NONE',  ( 0.000000000000000000, 0.000000000000000000, 1.000000000000000000 ) ) ;
#8692 = AXIS2_PLACEMENT_3D ( 'NONE', #2925, #472, #8875 ) ;
#8693 = ORIENTED_EDGE ( 'NONE', *, *, #8555, .F. ) ;
#8694 =( LENGTH_UNIT ( ) NAMED_UNIT ( * ) SI_UNIT ( .MILLI., .METRE. ) );
#8695 = DIRECTION ( 'NONE',  ( 0.000000000000000000, -0.000000000000000000, -1.000000000000000000 ) ) ;
#8696 = VERTEX_POINT ( 'NONE', #5007 ) ;
#8697 = LINE ( 'NONE', #4410, #3000 ) ;
#8698 = MECHANICAL_DESIGN_GEOMETRIC_PRESENTATION_REPRESENTATION (  '', ( #4378 ), #2361 ) ;
#8699 = DIRECTION ( 'NONE',  ( 1.000000000000000000, 0.000000000000000000, 0.000000000000000000 ) ) ;
#8700 = LINE ( 'NONE', #8069, #536 ) ;
#8701 = CIRCLE ( 'NONE', #3832, 0.2000000000000002054 ) ;
#8702 = ORIENTED_EDGE ( 'NONE', *, *, #5819, .F. ) ;
#8703 = FILL_AREA_STYLE ('',( #5245 ) ) ;
#8704 = SURFACE_STYLE_FILL_AREA ( #1635 ) ;
#8705 = PRESENTATION_STYLE_ASSIGNMENT (( #1806 ) ) ;
#8706 = SURFACE_STYLE_USAGE ( .BOTH. , #8821 ) ;
#8707 =( BOUNDED_CURVE ( )  B_SPLINE_CURVE ( 3, ( #3276, #8393, #655, #10259 ),
 .UNSPECIFIED., .F., .F. ) 
 B_SPLINE_CURVE_WITH_KNOTS ( ( 4, 4 ),
 ( 3.141592653589793116, 3.147055862111328928 ),
 .UNSPECIFIED. ) 
 CURVE ( )  GEOMETRIC_REPRESENTATION_ITEM ( )  RATIONAL_B_SPLINE_CURVE ( ( 1.000000000000000000, 0.9999975127809339615, 0.9999975127809339615, 1.000000000000000000 ) ) 
 REPRESENTATION_ITEM ( '' )  );
#8708 = EDGE_CURVE ( 'NONE', #815, #5142, #5742, .T. ) ;
#8709 =( LENGTH_UNIT ( ) NAMED_UNIT ( * ) SI_UNIT ( .MILLI., .METRE. ) );
#8710 = PRESENTATION_STYLE_ASSIGNMENT (( #203 ) ) ;
#8711 = PRESENTATION_LAYER_ASSIGNMENT (  '', '', ( #2917 ) ) ;
#8712 = ADVANCED_FACE ( 'NONE', ( #5924 ), #6086, .T. ) ;
#8713 =( NAMED_UNIT ( * ) SI_UNIT ( $, .STERADIAN. ) SOLID_ANGLE_UNIT ( ) );
#8714 = ADVANCED_FACE ( 'NONE', ( #3302 ), #9480, .T. ) ;
#8715 = PRESENTATION_LAYER_ASSIGNMENT (  '', '', ( #10507 ) ) ;
#8716 = ORIENTED_EDGE ( 'NONE', *, *, #3074, .T. ) ;
#8717 = ORIENTED_EDGE ( 'NONE', *, *, #5882, .T. ) ;
#8718 = CARTESIAN_POINT ( 'NONE',  ( -3.800202986107628522, -1.425202986107629410, 0.7500000000000000000 ) ) ;
#8719 = PRESENTATION_LAYER_ASSIGNMENT (  '', '', ( #3660 ) ) ;
#8720 = SURFACE_STYLE_USAGE ( .BOTH. , #208 ) ;
#8721 = DIRECTION ( 'NONE',  ( 0.000000000000000000, 0.000000000000000000, 1.000000000000000000 ) ) ;
#8723 =( NAMED_UNIT ( * ) PLANE_ANGLE_UNIT ( ) SI_UNIT ( $, .RADIAN. ) );
#8722 =( GEOMETRIC_REPRESENTATION_CONTEXT ( 3 ) GLOBAL_UNCERTAINTY_ASSIGNED_CONTEXT ( ( #8287 ) ) GLOBAL_UNIT_ASSIGNED_CONTEXT ( ( #9025, #4338, #7762 ) ) REPRESENTATION_CONTEXT ( 'NONE', 'WORKASPACE' ) );
#8724 =( NAMED_UNIT ( * ) PLANE_ANGLE_UNIT ( ) SI_UNIT ( $, .RADIAN. ) );
#8725 = FILL_AREA_STYLE_COLOUR ( '', #1582 ) ;
#8726 = DIRECTION ( 'NONE',  ( 1.000000000000000000, 0.000000000000000000, 0.000000000000000000 ) ) ;
#8727 = FILL_AREA_STYLE_COLOUR ( '', #4060 ) ;
#8728 = LINE ( 'NONE', #3408, #5287 ) ;
#8729 = ORIENTED_EDGE ( 'NONE', *, *, #2541, .F. ) ;
#8730 = CARTESIAN_POINT ( 'NONE',  ( -2.330000000000001403, -3.000000000000000000, -0.7794627824221421752 ) ) ;
#8731 =( NAMED_UNIT ( * ) PLANE_ANGLE_UNIT ( ) SI_UNIT ( $, .RADIAN. ) );
#8732 = PRESENTATION_LAYER_ASSIGNMENT (  '', '', ( #2933 ) ) ;
#8733 = CIRCLE ( 'NONE', #10350, 0.09999999999999956146 ) ;
#8734 = ORIENTED_EDGE ( 'NONE', *, *, #10549, .F. ) ;
#8735 = CARTESIAN_POINT ( 'NONE',  ( -1.060000000000000941, 3.000000000000000000, -0.7794627824221421752 ) ) ;
#8736 = AXIS2_PLACEMENT_3D ( 'NONE', #6963, #9458, #2549 ) ;
#8737 = DIRECTION ( 'NONE',  ( 1.000000000000000000, -0.000000000000000000, 0.000000000000000000 ) ) ;
#8738 =( GEOMETRIC_REPRESENTATION_CONTEXT ( 3 ) GLOBAL_UNCERTAINTY_ASSIGNED_CONTEXT ( ( #9066 ) ) GLOBAL_UNIT_ASSIGNED_CONTEXT ( ( #1515, #4006, #8418 ) ) REPRESENTATION_CONTEXT ( 'NONE', 'WORKASPACE' ) );
#8739 = CARTESIAN_POINT ( 'NONE',  ( -1.060000000000000941, 2.474947744208253031, -0.7427475520708766155 ) ) ;
#8740 = PLANE ( 'NONE',  #2157 ) ;
#8741 = DIRECTION ( 'NONE',  ( -1.000000000000000000, -0.000000000000000000, 0.000000000000000000 ) ) ;
#8742 = VERTEX_POINT ( 'NONE', #5173 ) ;
#8743 = CARTESIAN_POINT ( 'NONE',  ( -4.020000000000001350, 1.950000000000000178, -0.1099999999999999867 ) ) ;
#8744 = UNCERTAINTY_MEASURE_WITH_UNIT (LENGTH_MEASURE( 1.000000000000000082E-05 ), #2855, 'distance_accuracy_value', 'NONE');
#8745 = CARTESIAN_POINT ( 'NONE',  ( 4.250409738600890108, -1.949998880753508468, -0.1100106489190371128 ) ) ;
#8746 = CARTESIAN_POINT ( 'NONE',  ( 4.019999999999999574, 2.481923391582665950, -0.6429911470448941291 ) ) ;
#8747 = PRESENTATION_STYLE_ASSIGNMENT (( #5282 ) ) ;
#8748 = CARTESIAN_POINT ( 'NONE',  ( -2.750000000000001332, 2.474947744208253031, -0.7427475520708766155 ) ) ;
#8749 = DIRECTION ( 'NONE',  ( 1.000000000000000000, 0.000000000000000000, 0.000000000000000000 ) ) ;
#8750 = PRESENTATION_LAYER_ASSIGNMENT (  '', '', ( #2955 ) ) ;
#8751 = ORIENTED_EDGE ( 'NONE', *, *, #4889, .F. ) ;
#8752 = DIRECTION ( 'NONE',  ( 0.000000000000000000, 0.000000000000000000, -1.000000000000000000 ) ) ;
#8753 = ORIENTED_EDGE ( 'NONE', *, *, #10750, .T. ) ;
#8754 = EDGE_CURVE ( 'NONE', #5235, #4385, #906, .T. ) ;
#8755 = SURFACE_SIDE_STYLE ('',( #5351 ) ) ;
#8756 = PRESENTATION_LAYER_ASSIGNMENT (  '', '', ( #10737 ) ) ;
#8757 = DIRECTION ( 'NONE',  ( 0.000000000000000000, 0.000000000000000000, -1.000000000000000000 ) ) ;
#8758 = VECTOR ( 'NONE', #10524, 1000.000000000000000 ) ;
#8759 = DIRECTION ( 'NONE',  ( -1.000000000000000000, 0.000000000000000000, 0.000000000000000000 ) ) ;
#8760 = EDGE_CURVE ( 'NONE', #8917, #8429, #5226, .T. ) ;
#8761 = VERTEX_POINT ( 'NONE', #3542 ) ;
#8762 = FACE_OUTER_BOUND ( 'NONE', #6737, .T. ) ;
#8763 = ADVANCED_FACE ( 'NONE', ( #7950 ), #3648, .T. ) ;
#8764 = DIRECTION ( 'NONE',  ( -0.000000000000000000, -0.000000000000000000, -1.000000000000000000 ) ) ;
#8765 = FILL_AREA_STYLE_COLOUR ( '', #3722 ) ;
#8766 = DIRECTION ( 'NONE',  ( 0.000000000000000000, -0.06975647374412548285, 0.9975640502598243087 ) ) ;
#8767 = COLOUR_RGB ( '',0.8039215686274510109, 0.8039215686274510109, 0.8039215686274510109 ) ;
#8768 = ADVANCED_FACE ( 'NONE', ( #6247 ), #6136, .T. ) ;
#8769 = ORIENTED_EDGE ( 'NONE', *, *, #4506, .F. ) ;
#8770 = EDGE_LOOP ( 'NONE', ( #5692, #6495, #1839, #2285 ) ) ;
#8771 = DIRECTION ( 'NONE',  ( 0.000000000000000000, -1.000000000000000000, 0.000000000000000000 ) ) ;
#8772 =( BOUNDED_CURVE ( )  B_SPLINE_CURVE ( 3, ( #10372, #8558, #767, #7640 ),
 .UNSPECIFIED., .F., .F. ) 
 B_SPLINE_CURVE_WITH_KNOTS ( ( 4, 4 ),
 ( 5.503250352303673765, 7.063120262055498699 ),
 .UNSPECIFIED. ) 
 CURVE ( )  GEOMETRIC_REPRESENTATION_ITEM ( )  RATIONAL_B_SPLINE_CURVE ( ( 1.000000000000000000, 0.8073061876036297102, 0.8073061876036297102, 1.000000000000000000 ) ) 
 REPRESENTATION_ITEM ( '' )  );
#8773 = VECTOR ( 'NONE', #5672, 1000.000000000000000 ) ;
#8774 = DIRECTION ( 'NONE',  ( 0.000000000000000000, 1.000000000000000000, 0.000000000000000000 ) ) ;
#8775 = CARTESIAN_POINT ( 'NONE',  ( 1.479999999999999094, -2.166782826543157903, 0.1100000000000000144 ) ) ;
#8776 = UNCERTAINTY_MEASURE_WITH_UNIT (LENGTH_MEASURE( 1.000000000000000082E-05 ), #6738, 'distance_accuracy_value', 'NONE');
#8777 = ADVANCED_FACE ( 'NONE', ( #5456 ), #1163, .T. ) ;
#8778 = EDGE_CURVE ( 'NONE', #10174, #5424, #9024, .T. ) ;
#8779 =( GEOMETRIC_REPRESENTATION_CONTEXT ( 3 ) GLOBAL_UNCERTAINTY_ASSIGNED_CONTEXT ( ( #3928 ) ) GLOBAL_UNIT_ASSIGNED_CONTEXT ( ( #760, #10308, #4198 ) ) REPRESENTATION_CONTEXT ( 'NONE', 'WORKASPACE' ) );
#8780 = DIRECTION ( 'NONE',  ( 0.000000000000000000, 0.000000000000000000, -1.000000000000000000 ) ) ;
#8781 = DIRECTION ( 'NONE',  ( 0.000000000000000000, 1.000000000000000000, 0.000000000000000000 ) ) ;
#8782 = DIRECTION ( 'NONE',  ( 0.000000000000000000, -1.000000000000000000, 0.000000000000000000 ) ) ;
#8783 = AXIS2_PLACEMENT_3D ( 'NONE', #1528, #5025, #5828 ) ;
#8784 = ORIENTED_EDGE ( 'NONE', *, *, #5320, .F. ) ;
#8785 = PRESENTATION_LAYER_ASSIGNMENT (  '', '', ( #2440 ) ) ;
#8786 = STYLED_ITEM ( 'NONE', ( #4520 ), #8064 ) ;
#8787 = ORIENTED_EDGE ( 'NONE', *, *, #3029, .F. ) ;
#8788 = MECHANICAL_DESIGN_GEOMETRIC_PRESENTATION_REPRESENTATION (  '', ( #10947 ), #3921 ) ;
#8789 = PRESENTATION_STYLE_ASSIGNMENT (( #8902 ) ) ;
#8790 = ADVANCED_FACE ( 'NONE', ( #2218, #5685 ), #9067, .T. ) ;
#8791 = SURFACE_SIDE_STYLE ('',( #1777 ) ) ;
#8792 = PRESENTATION_LAYER_ASSIGNMENT (  '', '', ( #4277 ) ) ;
#8793 = STYLED_ITEM ( 'NONE', ( #2043 ), #9053 ) ;
#8794 = DIRECTION ( 'NONE',  ( -1.000000000000000000, 0.000000000000000000, 0.000000000000000000 ) ) ;
#8795 = DIRECTION ( 'NONE',  ( 0.000000000000000000, 0.000000000000000000, -1.000000000000000000 ) ) ;
#8796 = MECHANICAL_DESIGN_GEOMETRIC_PRESENTATION_REPRESENTATION (  '', ( #9506 ), #146 ) ;
#8797 = ORIENTED_EDGE ( 'NONE', *, *, #9125, .F. ) ;
#8798 = DIRECTION ( 'NONE',  ( 1.000000000000000000, 0.000000000000000000, 0.000000000000000000 ) ) ;
#8799 = AXIS2_PLACEMENT_3D ( 'NONE', #3233, #11045, #6741 ) ;
#8800 = VECTOR ( 'NONE', #2103, 999.9999999999998863 ) ;
#8801 = LINE ( 'NONE', #9584, #8443 ) ;
#8802 = AXIS2_PLACEMENT_3D ( 'NONE', #7751, #3402, #2598 ) ;
#8803 =( GEOMETRIC_REPRESENTATION_CONTEXT ( 3 ) GLOBAL_UNCERTAINTY_ASSIGNED_CONTEXT ( ( #6398 ) ) GLOBAL_UNIT_ASSIGNED_CONTEXT ( ( #1314, #1993, #5505 ) ) REPRESENTATION_CONTEXT ( 'NONE', 'WORKASPACE' ) );
#8804 = CARTESIAN_POINT ( 'NONE',  ( -2.750000000000001332, -2.366708997306596007, -0.08456619434753616382 ) ) ;
#8805 = DIRECTION ( 'NONE',  ( 0.000000000000000000, 0.02716902826232023976, 0.9996308538171885250 ) ) ;
#8806 = CARTESIAN_POINT ( 'NONE',  ( -4.020000000000001350, 2.165000000000000036, -0.7605367378089592512 ) ) ;
#8807 = FILL_AREA_STYLE_COLOUR ( '', #882 ) ;
#8808 = FILL_AREA_STYLE ('',( #343 ) ) ;
#8809 =( NAMED_UNIT ( * ) SI_UNIT ( $, .STERADIAN. ) SOLID_ANGLE_UNIT ( ) );
#8810 = CARTESIAN_POINT ( 'NONE',  ( 4.250273160256226035, -1.949999626916908646, -0.1100035496485076147 ) ) ;
#8811 = VERTEX_POINT ( 'NONE', #3991 ) ;
#8812 = DIRECTION ( 'NONE',  ( 0.000000000000000000, -0.9975640502598243087, -0.06975647374412548285 ) ) ;
#8813 = VERTEX_POINT ( 'NONE', #2958 ) ;
#8814 = AXIS2_PLACEMENT_3D ( 'NONE', #6873, #2456, #7659 ) ;
#8815 = CARTESIAN_POINT ( 'NONE',  ( -1.480000000000000870, 2.381960306200947564, -0.6457080498711260663 ) ) ;
#8816 = SURFACE_STYLE_FILL_AREA ( #4531 ) ;
#8817 = ORIENTED_EDGE ( 'NONE', *, *, #178, .T. ) ;
#8818 =( NAMED_UNIT ( * ) PLANE_ANGLE_UNIT ( ) SI_UNIT ( $, .RADIAN. ) );
#8819 = CARTESIAN_POINT ( 'NONE',  ( 2.749999999999999112, -2.050000000000000266, -0.2100000000000000200 ) ) ;
#8820 = AXIS2_PLACEMENT_3D ( 'NONE', #9511, #150, #6167 ) ;
#8821 = SURFACE_SIDE_STYLE ('',( #3671 ) ) ;
#8822 = DIRECTION ( 'NONE',  ( 1.000000000000000000, 0.000000000000000000, 0.000000000000000000 ) ) ;
#8823 = DIRECTION ( 'NONE',  ( 1.000000000000000000, 0.000000000000000000, 0.000000000000000000 ) ) ;
#8824 = CARTESIAN_POINT ( 'NONE',  ( -2.750000000000001332, -2.366708997306596007, -0.08456619434753616382 ) ) ;
#8825 = EDGE_CURVE ( 'NONE', #9523, #7460, #7254, .T. ) ;
#8826 = AXIS2_PLACEMENT_3D ( 'NONE', #3263, #6716, #2417 ) ;
#8827 = MECHANICAL_DESIGN_GEOMETRIC_PRESENTATION_REPRESENTATION (  '', ( #6293 ), #5198 ) ;
#8828 = ORIENTED_EDGE ( 'NONE', *, *, #8371, .F. ) ;
#8829 = ORIENTED_EDGE ( 'NONE', *, *, #712, .F. ) ;
#8830 = PRESENTATION_STYLE_ASSIGNMENT (( #987 ) ) ;
#8831 =( NAMED_UNIT ( * ) PLANE_ANGLE_UNIT ( ) SI_UNIT ( $, .RADIAN. ) );
#8832 = DIRECTION ( 'NONE',  ( 1.000000000000000000, 0.000000000000000000, 0.000000000000000000 ) ) ;
#8833 = COLOUR_RGB ( '',0.8039215686274510109, 0.8039215686274510109, 0.8039215686274510109 ) ;
#8834 =( LENGTH_UNIT ( ) NAMED_UNIT ( * ) SI_UNIT ( .MILLI., .METRE. ) );
#8835 =( LENGTH_UNIT ( ) NAMED_UNIT ( * ) SI_UNIT ( .MILLI., .METRE. ) );
#8836 = DIRECTION ( 'NONE',  ( 0.000000000000000000, 0.000000000000000000, -1.000000000000000000 ) ) ;
#8837 = LINE ( 'NONE', #153, #9707 ) ;
#8838 = DIRECTION ( 'NONE',  ( 0.000000000000000000, 1.000000000000000000, 0.000000000000000000 ) ) ;
#8839 = CARTESIAN_POINT ( 'NONE',  ( -4.250273160256225147, -1.949999626916908646, -0.1100035496485075592 ) ) ;
#8840 =( LENGTH_UNIT ( ) NAMED_UNIT ( * ) SI_UNIT ( .MILLI., .METRE. ) );
#8841 = ORIENTED_EDGE ( 'NONE', *, *, #4161, .T. ) ;
#8842 = DIRECTION ( 'NONE',  ( 1.000000000000000000, 0.000000000000000000, 0.000000000000000000 ) ) ;
#8843 = CYLINDRICAL_SURFACE ( 'NONE', #634, 0.07499999999999980294 ) ;
#8844 = VECTOR ( 'NONE', #4141, 1000.000000000000000 ) ;
#8845 = ADVANCED_FACE ( 'NONE', ( #2277 ), #8165, .T. ) ;
#8846 = EDGE_CURVE ( 'NONE', #5021, #10422, #662, .T. ) ;
#8847 = ORIENTED_EDGE ( 'NONE', *, *, #918, .F. ) ;
#8848 = SURFACE_STYLE_USAGE ( .BOTH. , #5391 ) ;
#8849 = PRESENTATION_STYLE_ASSIGNMENT (( #54 ) ) ;
#8850 =( NAMED_UNIT ( * ) PLANE_ANGLE_UNIT ( ) SI_UNIT ( $, .RADIAN. ) );
#8851 = UNCERTAINTY_MEASURE_WITH_UNIT (LENGTH_MEASURE( 1.000000000000000082E-05 ), #6249, 'distance_accuracy_value', 'NONE');
#8852 = DIRECTION ( 'NONE',  ( -1.000000000000000000, 0.000000000000000000, 0.000000000000000000 ) ) ;
#8853 = VECTOR ( 'NONE', #10100, 1000.000000000000000 ) ;
#8854 = SURFACE_STYLE_FILL_AREA ( #5395 ) ;
#8855 = FACE_OUTER_BOUND ( 'NONE', #1701, .T. ) ;
#8856 = EDGE_CURVE ( 'NONE', #9365, #10781, #2439, .T. ) ;
#8857 = EDGE_LOOP ( 'NONE', ( #3332, #10516, #5334 ) ) ;
#8858 = EDGE_CURVE ( 'NONE', #3659, #8327, #2637, .T. ) ;
#8859 = FACE_OUTER_BOUND ( 'NONE', #3777, .T. ) ;
#8860 = CARTESIAN_POINT ( 'NONE',  ( -0.2100000000000005473, 1.950000000000000178, 0.1100000000000000144 ) ) ;
#8861 =( NAMED_UNIT ( * ) PLANE_ANGLE_UNIT ( ) SI_UNIT ( $, .RADIAN. ) );
#8862 = CARTESIAN_POINT ( 'NONE',  ( 1.479999999999999094, 2.166782826543157903, -0.09000000000000002442 ) ) ;
#8863 =( NAMED_UNIT ( * ) SI_UNIT ( $, .STERADIAN. ) SOLID_ANGLE_UNIT ( ) );
#8864 = VERTEX_POINT ( 'NONE', #1551 ) ;
#8865 = DIRECTION ( 'NONE',  ( 0.000000000000000000, 0.9975640502598241977, -0.06975647374412546897 ) ) ;
#8866 = ORIENTED_EDGE ( 'NONE', *, *, #10559, .F. ) ;
#8867 = SURFACE_SIDE_STYLE ('',( #9078 ) ) ;
#8868 = UNCERTAINTY_MEASURE_WITH_UNIT (LENGTH_MEASURE( 1.000000000000000082E-05 ), #2826, 'distance_accuracy_value', 'NONE');
#8869 = LINE ( 'NONE', #7219, #2110 ) ;
#8870 = VERTEX_POINT ( 'NONE', #1613 ) ;
#8871 = DIRECTION ( 'NONE',  ( 0.000000000000000000, -0.9975640502598243087, 0.06975647374412501101 ) ) ;
#8872 = DIRECTION ( 'NONE',  ( 0.000000000000000000, 1.000000000000000000, 0.000000000000000000 ) ) ;
#8873 = DIRECTION ( 'NONE',  ( 1.000000000000000000, 0.000000000000000000, 0.000000000000000000 ) ) ;
#8874 = VECTOR ( 'NONE', #5417, 1000.000000000000114 ) ;
#8875 = DIRECTION ( 'NONE',  ( 0.000000000000000000, 0.000000000000000000, -1.000000000000000000 ) ) ;
#8876 = PRESENTATION_STYLE_ASSIGNMENT (( #305 ) ) ;
#8877 = SURFACE_SIDE_STYLE ('',( #79 ) ) ;
#8878 = LINE ( 'NONE', #7178, #7551 ) ;
#8879 = ORIENTED_EDGE ( 'NONE', *, *, #7443, .F. ) ;
#8880 = VERTEX_POINT ( 'NONE', #5966 ) ;
#8881 = PRESENTATION_STYLE_ASSIGNMENT (( #6327 ) ) ;
#8882 =( NAMED_UNIT ( * ) SI_UNIT ( $, .STERADIAN. ) SOLID_ANGLE_UNIT ( ) );
#8883 = SURFACE_SIDE_STYLE ('',( #4595 ) ) ;
#8884 = FILL_AREA_STYLE ('',( #9738 ) ) ;
#8885 = SURFACE_SIDE_STYLE ('',( #422 ) ) ;
#8886 = UNCERTAINTY_MEASURE_WITH_UNIT (LENGTH_MEASURE( 1.000000000000000082E-05 ), #4688, 'distance_accuracy_value', 'NONE');
#8887 = FACE_OUTER_BOUND ( 'NONE', #10090, .T. ) ;
#8888 = SURFACE_SIDE_STYLE ('',( #5431 ) ) ;
#8889 = PRESENTATION_LAYER_ASSIGNMENT (  '', '', ( #10865 ) ) ;
#8890 = AXIS2_PLACEMENT_3D ( 'NONE', #328, #8636, #3759 ) ;
#8891 = VERTEX_POINT ( 'NONE', #1498 ) ;
#8892 = CARTESIAN_POINT ( 'NONE',  ( -1.480000000000000870, -2.050000000000000266, -0.2100000000000000200 ) ) ;
#8893 =( NAMED_UNIT ( * ) SI_UNIT ( $, .STERADIAN. ) SOLID_ANGLE_UNIT ( ) );
#8894 = COLOUR_RGB ( '',0.8039215686274510109, 0.8039215686274510109, 0.8039215686274510109 ) ;
#8895 = AXIS2_PLACEMENT_3D ( 'NONE', #1862, #8774, #8937 ) ;
#8896 = PRESENTATION_LAYER_ASSIGNMENT (  '', '', ( #9435 ) ) ;
#8897 = VERTEX_POINT ( 'NONE', #8398 ) ;
#8898 = PRESENTATION_STYLE_ASSIGNMENT (( #7196 ) ) ;
#8899 = AXIS2_PLACEMENT_3D ( 'NONE', #2279, #3070, #9813 ) ;
#8900 = AXIS2_PLACEMENT_3D ( 'NONE', #5067, #534, #4126 ) ;
#8901 = SURFACE_STYLE_USAGE ( .BOTH. , #7198 ) ;
#8902 = SURFACE_STYLE_USAGE ( .BOTH. , #10424 ) ;
#8903 = ADVANCED_FACE ( 'NONE', ( #5910 ), #9357, .T. ) ;
#8904 = EDGE_LOOP ( 'NONE', ( #10160, #8974, #5953, #6423 ) ) ;
#8905 = VECTOR ( 'NONE', #9221, 1000.000000000000000 ) ;
#8906 = FILL_AREA_STYLE ('',( #8048 ) ) ;
#8907 = MECHANICAL_DESIGN_GEOMETRIC_PRESENTATION_REPRESENTATION (  '', ( #4930 ), #6367 ) ;
#8908 = SURFACE_SIDE_STYLE ('',( #9586 ) ) ;
#8909 = VECTOR ( 'NONE', #7980, 1000.000000000000000 ) ;
#8910 = CARTESIAN_POINT ( 'NONE',  ( -2.330000000000001403, 2.166782826543157903, 0.1100000000000000144 ) ) ;
#8911 = ADVANCED_FACE ( 'NONE', ( #2385 ), #5107, .T. ) ;
#8912 = CARTESIAN_POINT ( 'NONE',  ( 3.599999999999999645, -2.474947744208253031, -0.7427475520708763934 ) ) ;
#8913 = VECTOR ( 'NONE', #8873, 1000.000000000000000 ) ;
#8914 = EDGE_CURVE ( 'NONE', #3855, #10466, #6015, .T. ) ;
#8915 = CARTESIAN_POINT ( 'NONE',  ( -1.060000000000000941, -1.950000000000000178, 0.1100000000000000144 ) ) ;
#8916 = EDGE_CURVE ( 'NONE', #11057, #9954, #9755, .T. ) ;
#8917 = VERTEX_POINT ( 'NONE', #8680 ) ;
#8918 =( NAMED_UNIT ( * ) PLANE_ANGLE_UNIT ( ) SI_UNIT ( $, .RADIAN. ) );
#8919 = DIRECTION ( 'NONE',  ( 1.000000000000000000, -0.000000000000000000, 0.000000000000000000 ) ) ;
#8920 = EDGE_LOOP ( 'NONE', ( #5552, #4225, #5182, #1017 ) ) ;
#8921 = SURFACE_STYLE_USAGE ( .BOTH. , #8867 ) ;
#8922 =( GEOMETRIC_REPRESENTATION_CONTEXT ( 3 ) GLOBAL_UNCERTAINTY_ASSIGNED_CONTEXT ( ( #1389 ) ) GLOBAL_UNIT_ASSIGNED_CONTEXT ( ( #6590, #9886, #529 ) ) REPRESENTATION_CONTEXT ( 'NONE', 'WORKASPACE' ) );
#8923 = LINE ( 'NONE', #4471, #5316 ) ;
#8924 = ORIENTED_EDGE ( 'NONE', *, *, #4372, .F. ) ;
#8925 = DIRECTION ( 'NONE',  ( 0.000000000000000000, 1.000000000000000000, 0.000000000000000000 ) ) ;
#8926 = AXIS2_PLACEMENT_3D ( 'NONE', #4867, #10849, #3095 ) ;
#8927 = CARTESIAN_POINT ( 'NONE',  ( -1.060000000000000941, -2.381960306200947564, -0.6457080498711260663 ) ) ;
#8928 = CIRCLE ( 'NONE', #6569, 0.07499999999999998335 ) ;
#8929 = FILL_AREA_STYLE ('',( #2078 ) ) ;
#8930 = AXIS2_PLACEMENT_3D ( 'NONE', #5251, #4247, #7688 ) ;
#8931 = SURFACE_STYLE_USAGE ( .BOTH. , #8131 ) ;
#8932 = LINE ( 'NONE', #7228, #6836 ) ;
#8933 = ORIENTED_EDGE ( 'NONE', *, *, #678, .T. ) ;
#8934 = ORIENTED_EDGE ( 'NONE', *, *, #1264, .F. ) ;
#8935 =( NAMED_UNIT ( * ) SI_UNIT ( $, .STERADIAN. ) SOLID_ANGLE_UNIT ( ) );
#8936 = DIRECTION ( 'NONE',  ( -1.000000000000000000, 0.000000000000000000, -0.000000000000000000 ) ) ;
#8937 = DIRECTION ( 'NONE',  ( 1.000000000000000000, 0.000000000000000000, 0.000000000000000000 ) ) ;
#8938 = SURFACE_SIDE_STYLE ('',( #9103 ) ) ;
#8939 =( GEOMETRIC_REPRESENTATION_CONTEXT ( 3 ) GLOBAL_UNCERTAINTY_ASSIGNED_CONTEXT ( ( #195 ) ) GLOBAL_UNIT_ASSIGNED_CONTEXT ( ( #6497, #6602, #8319 ) ) REPRESENTATION_CONTEXT ( 'NONE', 'WORKASPACE' ) );
#8940 = CARTESIAN_POINT ( 'NONE',  ( 3.599999999999999645, -3.000000000000000000, -1.000000000000000000 ) ) ;
#8941 = MECHANICAL_DESIGN_GEOMETRIC_PRESENTATION_REPRESENTATION (  '', ( #2789 ), #2965 ) ;
#8942 = SURFACE_STYLE_USAGE ( .BOTH. , #9788 ) ;
#8943 = LINE ( 'NONE', #4657, #3121 ) ;
#8944 = CARTESIAN_POINT ( 'NONE',  ( 4.250136580382891438, 1.949999999999999956, -0.1099999999999998618 ) ) ;
#8945 = DIRECTION ( 'NONE',  ( 0.000000000000000000, 0.000000000000000000, -1.000000000000000000 ) ) ;
#8946 = ORIENTED_EDGE ( 'NONE', *, *, #2727, .F. ) ;
#8947 = CARTESIAN_POINT ( 'NONE',  ( -4.325000000000000178, 1.874999999999999778, -0.1100000000000000006 ) ) ;
#8948 =( GEOMETRIC_REPRESENTATION_CONTEXT ( 3 ) GLOBAL_UNCERTAINTY_ASSIGNED_CONTEXT ( ( #7992 ) ) GLOBAL_UNIT_ASSIGNED_CONTEXT ( ( #2391, #4787, #5758 ) ) REPRESENTATION_CONTEXT ( 'NONE', 'WORKASPACE' ) );
#8949 = VERTEX_POINT ( 'NONE', #9526 ) ;
#8950 =( GEOMETRIC_REPRESENTATION_CONTEXT ( 3 ) GLOBAL_UNCERTAINTY_ASSIGNED_CONTEXT ( ( #10811 ) ) GLOBAL_UNIT_ASSIGNED_CONTEXT ( ( #8834, #1759, #1094 ) ) REPRESENTATION_CONTEXT ( 'NONE', 'WORKASPACE' ) );
#8951 = CARTESIAN_POINT ( 'NONE',  ( 4.190202986107628647, 1.889792128260249227, 0.6828396347450740311 ) ) ;
#8952 = DIRECTION ( 'NONE',  ( 0.000000000000000000, -1.000000000000000000, 0.000000000000000000 ) ) ;
#8953 = FACE_OUTER_BOUND ( 'NONE', #7749, .T. ) ;
#8954 = SURFACE_STYLE_FILL_AREA ( #10816 ) ;
#8955 =( NAMED_UNIT ( * ) SI_UNIT ( $, .STERADIAN. ) SOLID_ANGLE_UNIT ( ) );
#8956 =( NAMED_UNIT ( * ) PLANE_ANGLE_UNIT ( ) SI_UNIT ( $, .RADIAN. ) );
#8957 = ORIENTED_EDGE ( 'NONE', *, *, #4962, .F. ) ;
#8958 = LINE ( 'NONE', #2904, #9232 ) ;
#8959 = ADVANCED_FACE ( 'NONE', ( #330 ), #1880, .T. ) ;
#8960 = EDGE_CURVE ( 'NONE', #10396, #9433, #4511, .T. ) ;
#8961 = VECTOR ( 'NONE', #684, 1000.000000000000000 ) ;
#8962 = CARTESIAN_POINT ( 'NONE',  ( -2.750000000000001332, 2.381960306200947564, -0.6457080498711260663 ) ) ;
#8963 =( NAMED_UNIT ( * ) PLANE_ANGLE_UNIT ( ) SI_UNIT ( $, .RADIAN. ) );
#8964 = MECHANICAL_DESIGN_GEOMETRIC_PRESENTATION_REPRESENTATION (  '', ( #322 ), #9140 ) ;
#8965 = AXIS2_PLACEMENT_3D ( 'NONE', #6185, #3653, #1729 ) ;
#8966 = DIRECTION ( 'NONE',  ( 0.000000000000000000, -1.000000000000000000, 0.000000000000000000 ) ) ;
#8967 = AXIS2_PLACEMENT_3D ( 'NONE', #2504, #3283, #3236 ) ;
#8968 = DIRECTION ( 'NONE',  ( -1.000000000000000000, 0.000000000000000000, -0.000000000000000000 ) ) ;
#8969 = MECHANICAL_DESIGN_GEOMETRIC_PRESENTATION_REPRESENTATION (  '', ( #4640 ), #1038 ) ;
#8970 =( LENGTH_UNIT ( ) NAMED_UNIT ( * ) SI_UNIT ( .MILLI., .METRE. ) );
#8971 =( LENGTH_UNIT ( ) NAMED_UNIT ( * ) SI_UNIT ( .MILLI., .METRE. ) );
#8972 =( NAMED_UNIT ( * ) PLANE_ANGLE_UNIT ( ) SI_UNIT ( $, .RADIAN. ) );
#8973 = VECTOR ( 'NONE', #6028, 1000.000000000000000 ) ;
#8974 = ORIENTED_EDGE ( 'NONE', *, *, #5465, .F. ) ;
#8975 = SURFACE_SIDE_STYLE ('',( #5466 ) ) ;
#8976 = ORIENTED_EDGE ( 'NONE', *, *, #9814, .F. ) ;
#8977 = EDGE_CURVE ( 'NONE', #8897, #5777, #4389, .T. ) ;
#8978 = VECTOR ( 'NONE', #7247, 1000.000000000000000 ) ;
#8979 = LINE ( 'NONE', #2805, #3925 ) ;
#8980 = PRESENTATION_LAYER_ASSIGNMENT (  '', '', ( #1398 ) ) ;
#8981 = EDGE_CURVE ( 'NONE', #10380, #6682, #9152, .T. ) ;
#8982 = SURFACE_STYLE_FILL_AREA ( #9983 ) ;
#8983 = PLANE ( 'NONE',  #4844 ) ;
#8984 = UNCERTAINTY_MEASURE_WITH_UNIT (LENGTH_MEASURE( 1.000000000000000082E-05 ), #7151, 'distance_accuracy_value', 'NONE');
#8985 = STYLED_ITEM ( 'NONE', ( #4082 ), #101 ) ;
#8986 = EDGE_CURVE ( 'NONE', #6714, #9612, #9693, .T. ) ;
#8987 = EDGE_LOOP ( 'NONE', ( #5086, #3409, #3612, #11039, #6616, #7169 ) ) ;
#8988 = CIRCLE ( 'NONE', #4110, 0.09999999999999982514 ) ;
#8989 =( LENGTH_UNIT ( ) NAMED_UNIT ( * ) SI_UNIT ( .MILLI., .METRE. ) );
#8990 = LINE ( 'NONE', #6267, #4074 ) ;
#8991 = DIRECTION ( 'NONE',  ( 1.000000000000000000, 0.000000000000000000, 0.000000000000000000 ) ) ;
#8992 = CARTESIAN_POINT ( 'NONE',  ( -1.060000000000000941, 2.350974876014612747, -0.9546157422084604605 ) ) ;
#8993 = COLOUR_RGB ( '',0.8039215686274510109, 0.8039215686274510109, 0.8039215686274510109 ) ;
#8994 = AXIS2_PLACEMENT_3D ( 'NONE', #10027, #2336, #8399 ) ;
#8995 = PLANE ( 'NONE',  #2718 ) ;
#8996 = CARTESIAN_POINT ( 'NONE',  ( 2.329999999999999627, -1.950000000000000178, 0.1100000000000000144 ) ) ;
#8997 = EDGE_CURVE ( 'NONE', #3587, #7651, #6917, .T. ) ;
#8998 = COLOUR_RGB ( '',0.8039215686274510109, 0.8039215686274510109, 0.8039215686274510109 ) ;
#8999 = LINE ( 'NONE', #2984, #371 ) ;
#9000 = PRESENTATION_LAYER_ASSIGNMENT (  '', '', ( #1230 ) ) ;
#9001 = EDGE_CURVE ( 'NONE', #3626, #9581, #1994, .T. ) ;
#9002 = EDGE_LOOP ( 'NONE', ( #2203, #1239, #7243, #8536 ) ) ;
#9003 = ORIENTED_EDGE ( 'NONE', *, *, #1656, .F. ) ;
#9004 = LINE ( 'NONE', #10378, #1930 ) ;
#9005 =( NAMED_UNIT ( * ) SI_UNIT ( $, .STERADIAN. ) SOLID_ANGLE_UNIT ( ) );
#9006 = DIRECTION ( 'NONE',  ( -1.000000000000000000, -0.000000000000000000, -0.000000000000000000 ) ) ;
#9007 = CARTESIAN_POINT ( 'NONE',  ( 2.329999999999999627, -2.166782826543157903, 0.1100000000000000144 ) ) ;
#9008 = VECTOR ( 'NONE', #10061, 1000.000000000000000 ) ;
#9009 = CARTESIAN_POINT ( 'NONE',  ( 2.329999999999999627, -2.166782826543157903, -0.09000000000000002442 ) ) ;
#9010 = VECTOR ( 'NONE', #7277, 1000.000000000000000 ) ;
#9011 = ORIENTED_EDGE ( 'NONE', *, *, #292, .T. ) ;
#9012 = COLOUR_RGB ( '',0.8039215686274510109, 0.8039215686274510109, 0.8039215686274510109 ) ;
#9013 = STYLED_ITEM ( 'NONE', ( #10758 ), #4572 ) ;
#9014 = UNCERTAINTY_MEASURE_WITH_UNIT (LENGTH_MEASURE( 1.000000000000000082E-05 ), #595, 'distance_accuracy_value', 'NONE');
#9015 = ORIENTED_EDGE ( 'NONE', *, *, #10150, .T. ) ;
#9016 = DIRECTION ( 'NONE',  ( 1.000000000000000000, -0.000000000000000000, 0.000000000000000000 ) ) ;
#9017 = CIRCLE ( 'NONE', #1429, 0.07499999999999998335 ) ;
#9018 = CARTESIAN_POINT ( 'NONE',  ( 1.059999999999999387, -2.366708997306596007, -0.08456619434753616382 ) ) ;
#9019 = CARTESIAN_POINT ( 'NONE',  ( 1.059999999999999387, -2.381960306200947564, -0.6457080498711260663 ) ) ;
#9020 = ORIENTED_EDGE ( 'NONE', *, *, #573, .T. ) ;
#9021 = DIRECTION ( 'NONE',  ( 1.000000000000000000, 0.000000000000000000, 0.000000000000000000 ) ) ;
#9022 = FILL_AREA_STYLE ('',( #9970 ) ) ;
#9023 = DIRECTION ( 'NONE',  ( -0.1039620511844979306, 0.1039620511844979306, -0.9891328443778538704 ) ) ;
#9024 = LINE ( 'NONE', #3069, #7907 ) ;
#9025 =( LENGTH_UNIT ( ) NAMED_UNIT ( * ) SI_UNIT ( .MILLI., .METRE. ) );
#9026 = CARTESIAN_POINT ( 'NONE',  ( 3.599999999999999645, 2.165000000000000036, -0.7605367378089592512 ) ) ;
#9027 = PRESENTATION_STYLE_ASSIGNMENT (( #5690 ) ) ;
#9028 = ORIENTED_EDGE ( 'NONE', *, *, #138, .F. ) ;
#9029 = CARTESIAN_POINT ( 'NONE',  ( -4.020000000000001350, 3.000000000000000000, -0.7794627824221421752 ) ) ;
#9030 = ORIENTED_EDGE ( 'NONE', *, *, #9752, .T. ) ;
#9031 =( GEOMETRIC_REPRESENTATION_CONTEXT ( 3 ) GLOBAL_UNCERTAINTY_ASSIGNED_CONTEXT ( ( #1449 ) ) GLOBAL_UNIT_ASSIGNED_CONTEXT ( ( #9632, #10652, #2901 ) ) REPRESENTATION_CONTEXT ( 'NONE', 'WORKASPACE' ) );
#9032 = LINE ( 'NONE', #5698, #2655 ) ;
#9033 = ORIENTED_EDGE ( 'NONE', *, *, #9808, .F. ) ;
#9034 = FILL_AREA_STYLE ('',( #5594 ) ) ;
#9035 = SURFACE_SIDE_STYLE ('',( #10672 ) ) ;
#9036 = LINE ( 'NONE', #7493, #8408 ) ;
#9037 = CARTESIAN_POINT ( 'NONE',  ( 4.019999999999999574, 2.050000000000000266, -0.2100000000000000200 ) ) ;
#9038 = SURFACE_STYLE_USAGE ( .BOTH. , #2982 ) ;
#9039 = UNCERTAINTY_MEASURE_WITH_UNIT (LENGTH_MEASURE( 1.000000000000000082E-05 ), #6620, 'distance_accuracy_value', 'NONE');
#9040 = DIRECTION ( 'NONE',  ( 1.000000000000000000, 0.000000000000000000, 0.000000000000000000 ) ) ;
#9041 = CARTESIAN_POINT ( 'NONE',  ( 1.479999999999999094, -2.166782826543157903, -0.09000000000000002442 ) ) ;
#9042 = ORIENTED_EDGE ( 'NONE', *, *, #2762, .F. ) ;
#9043 = ORIENTED_EDGE ( 'NONE', *, *, #2109, .F. ) ;
#9044 = SURFACE_SIDE_STYLE ('',( #2359 ) ) ;
#9045 = DIRECTION ( 'NONE',  ( 0.000000000000000000, 0.000000000000000000, 1.000000000000000000 ) ) ;
#9046 = SURFACE_SIDE_STYLE ('',( #2247 ) ) ;
#9047 = ADVANCED_FACE ( 'NONE', ( #4554 ), #6975, .T. ) ;
#9048 = PRESENTATION_STYLE_ASSIGNMENT (( #9900 ) ) ;
#9049 =( NAMED_UNIT ( * ) PLANE_ANGLE_UNIT ( ) SI_UNIT ( $, .RADIAN. ) );
#9050 = SURFACE_SIDE_STYLE ('',( #2035 ) ) ;
#9051 = EDGE_CURVE ( 'NONE', #6020, #6349, #9116, .T. ) ;
#9052 = DIRECTION ( 'NONE',  ( 0.000000000000000000, -0.02716902826231849810, -0.9996308538171886360 ) ) ;
#9053 = ADVANCED_FACE ( 'NONE', ( #10011 ), #6567, .T. ) ;
#9054 = STYLED_ITEM ( 'NONE', ( #6945 ), #5095 ) ;
#9055 = ORIENTED_EDGE ( 'NONE', *, *, #920, .T. ) ;
#9056 = CARTESIAN_POINT ( 'NONE',  ( -2.750000000000001332, 1.950000000000000178, -0.1099999999999999867 ) ) ;
#9057 = EDGE_LOOP ( 'NONE', ( #1122, #4269, #7757, #5222 ) ) ;
#9058 = VECTOR ( 'NONE', #4906, 1000.000000000000000 ) ;
#9059 = FILL_AREA_STYLE_COLOUR ( '', #2453 ) ;
#9060 = MECHANICAL_DESIGN_GEOMETRIC_PRESENTATION_REPRESENTATION (  '', ( #1308 ), #9964 ) ;
#9061 = SURFACE_SIDE_STYLE ('',( #6625 ) ) ;
#9062 = ORIENTED_EDGE ( 'NONE', *, *, #7053, .F. ) ;
#9063 = DIRECTION ( 'NONE',  ( 0.000000000000000000, -0.9975640502598243087, -0.06975647374412548285 ) ) ;
#9064 = FILL_AREA_STYLE ('',( #2112 ) ) ;
#9065 = CARTESIAN_POINT ( 'NONE',  ( 4.190202986107629535, -1.815202986107629091, 0.6749999999999999334 ) ) ;
#9066 = UNCERTAINTY_MEASURE_WITH_UNIT (LENGTH_MEASURE( 1.000000000000000082E-05 ), #1515, 'distance_accuracy_value', 'NONE');
#9067 = PLANE ( 'NONE',  #6632 ) ;
#9068 = PRESENTATION_LAYER_ASSIGNMENT (  '', '', ( #7089 ) ) ;
#9069 =( NAMED_UNIT ( * ) PLANE_ANGLE_UNIT ( ) SI_UNIT ( $, .RADIAN. ) );
#9070 = STYLED_ITEM ( 'NONE', ( #1151 ), #486 ) ;
#9071 = AXIS2_PLACEMENT_3D ( 'NONE', #4401, #7821, #5344 ) ;
#9072 = ORIENTED_EDGE ( 'NONE', *, *, #4643, .T. ) ;
#9073 = ORIENTED_EDGE ( 'NONE', *, *, #8369, .T. ) ;
#9074 = EDGE_LOOP ( 'NONE', ( #253, #1860, #3435, #4375 ) ) ;
#9075 = DIRECTION ( 'NONE',  ( -0.1039620511844979445, 0.1039620511844979445, -0.9891328443778539814 ) ) ;
#9076 = ORIENTED_EDGE ( 'NONE', *, *, #8510, .T. ) ;
#9077 = VECTOR ( 'NONE', #1699, 1000.000000000000000 ) ;
#9078 = SURFACE_STYLE_FILL_AREA ( #5526 ) ;
#9079 = COLOUR_RGB ( '',0.8039215686274510109, 0.8039215686274510109, 0.8039215686274510109 ) ;
#9080 = FACE_OUTER_BOUND ( 'NONE', #10305, .T. ) ;
#9081 = UNCERTAINTY_MEASURE_WITH_UNIT (LENGTH_MEASURE( 1.000000000000000082E-05 ), #7618, 'distance_accuracy_value', 'NONE');
#9082 = MECHANICAL_DESIGN_GEOMETRIC_PRESENTATION_REPRESENTATION (  '', ( #6724 ), #443 ) ;
#9083 = FILL_AREA_STYLE ('',( #6368 ) ) ;
#9084 = UNCERTAINTY_MEASURE_WITH_UNIT (LENGTH_MEASURE( 1.000000000000000082E-05 ), #6098, 'distance_accuracy_value', 'NONE');
#9085 = ORIENTED_EDGE ( 'NONE', *, *, #8019, .T. ) ;
#9086 = DIRECTION ( 'NONE',  ( 0.000000000000000000, 0.000000000000000000, -1.000000000000000000 ) ) ;
#9087 = PLANE ( 'NONE',  #10978 ) ;
#9088 = CARTESIAN_POINT ( 'NONE',  ( 2.329999999999999627, 1.950000000000000178, 0.1100000000000000144 ) ) ;
#9089 = DIRECTION ( 'NONE',  ( 1.000000000000000000, 0.000000000000000000, 0.000000000000000000 ) ) ;
#9090 = PLANE ( 'NONE',  #6435 ) ;
#9091 = AXIS2_PLACEMENT_3D ( 'NONE', #7776, #3545, #9591 ) ;
#9092 = CARTESIAN_POINT ( 'NONE',  ( -2.330000000000001403, 3.000000000000000000, -0.7794627824221421752 ) ) ;
#9093 = ADVANCED_FACE ( 'NONE', ( #554 ), #3870, .T. ) ;
#9094 = AXIS2_PLACEMENT_3D ( 'NONE', #8582, #6026, #1728 ) ;
#9095 = CARTESIAN_POINT ( 'NONE',  ( -4.209065403820540396, -1.834065403820539508, -0.4955360833915846142 ) ) ;
#9096 = CARTESIAN_POINT ( 'NONE',  ( -4.190202986107629535, 1.815202986107628647, 0.6749999999999999334 ) ) ;
#9097 = EDGE_CURVE ( 'NONE', #9243, #938, #2800, .T. ) ;
#9098 = VECTOR ( 'NONE', #1491, 1000.000000000000000 ) ;
#9099 = ADVANCED_FACE ( 'NONE', ( #10867 ), #9961, .T. ) ;
#9100 = VERTEX_POINT ( 'NONE', #2319 ) ;
#9101 = ORIENTED_EDGE ( 'NONE', *, *, #900, .F. ) ;
#9102 = SURFACE_STYLE_USAGE ( .BOTH. , #9044 ) ;
#9103 = SURFACE_STYLE_FILL_AREA ( #1302 ) ;
#9104 = DIRECTION ( 'NONE',  ( 1.000000000000000000, 0.000000000000000000, 0.000000000000000000 ) ) ;
#9105 = MECHANICAL_DESIGN_GEOMETRIC_PRESENTATION_REPRESENTATION (  '', ( #1319 ), #10527 ) ;
#9106 = CARTESIAN_POINT ( 'NONE',  ( -4.283654545973160310, -1.834065403820539952, 0.5033757181366588229 ) ) ;
#9107 = VECTOR ( 'NONE', #9682, 1000.000000000000000 ) ;
#9108 = ORIENTED_EDGE ( 'NONE', *, *, #5801, .F. ) ;
#9109 = EDGE_CURVE ( 'NONE', #7797, #6885, #7527, .T. ) ;
#9110 = UNCERTAINTY_MEASURE_WITH_UNIT (LENGTH_MEASURE( 1.000000000000000082E-05 ), #4493, 'distance_accuracy_value', 'NONE');
#9111 = EDGE_CURVE ( 'NONE', #2018, #4886, #5609, .T. ) ;
#9112 = ORIENTED_EDGE ( 'NONE', *, *, #1714, .F. ) ;
#9113 = VECTOR ( 'NONE', #8699, 1000.000000000000000 ) ;
#9114 = ADVANCED_FACE ( 'NONE', ( #10131 ), #4150, .F. ) ;
#9115 = CARTESIAN_POINT ( 'NONE',  ( 3.599999999999999645, 1.950000000000000178, -0.1099999999999999867 ) ) ;
#9116 = LINE ( 'NONE', #2154, #7333 ) ;
#9117 = SURFACE_STYLE_USAGE ( .BOTH. , #5623 ) ;
#9118 =( NAMED_UNIT ( * ) SI_UNIT ( $, .STERADIAN. ) SOLID_ANGLE_UNIT ( ) );
#9119 = LINE ( 'NONE', #3937, #7824 ) ;
#9120 = STYLED_ITEM ( 'NONE', ( #10790 ), #11119 ) ;
#9121 = ORIENTED_EDGE ( 'NONE', *, *, #3482, .F. ) ;
#9122 =( LENGTH_UNIT ( ) NAMED_UNIT ( * ) SI_UNIT ( .MILLI., .METRE. ) );
#9123 = PRESENTATION_LAYER_ASSIGNMENT (  '', '', ( #6587 ) ) ;
#9124 = AXIS2_PLACEMENT_3D ( 'NONE', #5090, #8388, #4255 ) ;
#9125 = EDGE_CURVE ( 'NONE', #1904, #1458, #11161, .T. ) ;
#9126 = AXIS2_PLACEMENT_3D ( 'NONE', #10804, #8140, #5429 ) ;
#9127 = FILL_AREA_STYLE ('',( #6519 ) ) ;
#9128 = MECHANICAL_DESIGN_GEOMETRIC_PRESENTATION_REPRESENTATION (  '', ( #497 ), #4627 ) ;
#9129 = CARTESIAN_POINT ( 'NONE',  ( 1.479999999999999094, 1.950000000000000178, -0.1099999999999999867 ) ) ;
#9130 =( NAMED_UNIT ( * ) PLANE_ANGLE_UNIT ( ) SI_UNIT ( $, .RADIAN. ) );
#9131 = CYLINDRICAL_SURFACE ( 'NONE', #4880, 0.07499999999999998335 ) ;
#9132 = SURFACE_SIDE_STYLE ('',( #3128 ) ) ;
#9133 = PRESENTATION_LAYER_ASSIGNMENT (  '', '', ( #8786 ) ) ;
#9134 = VERTEX_POINT ( 'NONE', #9277 ) ;
#9135 = VERTEX_POINT ( 'NONE', #1539 ) ;
#9136 = ORIENTED_EDGE ( 'NONE', *, *, #9683, .F. ) ;
#9137 = PRESENTATION_STYLE_ASSIGNMENT (( #2228 ) ) ;
#9138 =( GEOMETRIC_REPRESENTATION_CONTEXT ( 3 ) GLOBAL_UNCERTAINTY_ASSIGNED_CONTEXT ( ( #5539 ) ) GLOBAL_UNIT_ASSIGNED_CONTEXT ( ( #10732, #1183, #6488 ) ) REPRESENTATION_CONTEXT ( 'NONE', 'WORKASPACE' ) );
#9139 = STYLED_ITEM ( 'NONE', ( #3850 ), #727 ) ;
#9140 =( GEOMETRIC_REPRESENTATION_CONTEXT ( 3 ) GLOBAL_UNCERTAINTY_ASSIGNED_CONTEXT ( ( #3631 ) ) GLOBAL_UNIT_ASSIGNED_CONTEXT ( ( #1079, #239, #2525 ) ) REPRESENTATION_CONTEXT ( 'NONE', 'WORKASPACE' ) );
#9141 = MECHANICAL_DESIGN_GEOMETRIC_PRESENTATION_REPRESENTATION (  '', ( #6970 ), #8251 ) ;
#9142 = FACE_OUTER_BOUND ( 'NONE', #9966, .T. ) ;
#9143 = EDGE_LOOP ( 'NONE', ( #10408, #7385, #10264, #5824, #8119, #4575, #707, #10342, #9909, #9028, #9796, #1371 ) ) ;
#9144 = CARTESIAN_POINT ( 'NONE',  ( 1.059999999999999387, -2.166782826543157903, 0.1100000000000000144 ) ) ;
#9145 = UNCERTAINTY_MEASURE_WITH_UNIT (LENGTH_MEASURE( 1.000000000000000082E-05 ), #8971, 'distance_accuracy_value', 'NONE');
#9146 = LINE ( 'NONE', #5814, #3150 ) ;
#9147 = DIRECTION ( 'NONE',  ( 1.000000000000000000, 0.000000000000000000, 0.000000000000000000 ) ) ;
#9148 = VECTOR ( 'NONE', #3936, 1000.000000000000000 ) ;
#9149 = DIRECTION ( 'NONE',  ( -0.000000000000000000, -1.000000000000000000, -0.000000000000000000 ) ) ;
#9150 = CYLINDRICAL_SURFACE ( 'NONE', #76, 0.07499999999999980294 ) ;
#9151 = COLOUR_RGB ( '',0.2862745098039215508, 0.2862745098039215508, 0.2862745098039215508 ) ;
#9152 = CIRCLE ( 'NONE', #4823, 0.09999999999999982514 ) ;
#9153 = CARTESIAN_POINT ( 'NONE',  ( 2.329999999999999627, -2.149963085381718209, -0.2072830971737681105 ) ) ;
#9154 = VECTOR ( 'NONE', #9565, 1000.000000000000000 ) ;
#9155 = FILL_AREA_STYLE ('',( #5820 ) ) ;
#9156 = CARTESIAN_POINT ( 'NONE',  ( -1.480000000000000870, -1.950000000000000178, -0.1099999999999999867 ) ) ;
#9157 =( NAMED_UNIT ( * ) PLANE_ANGLE_UNIT ( ) SI_UNIT ( $, .RADIAN. ) );
#9158 = CARTESIAN_POINT ( 'NONE',  ( 1.059999999999999387, 1.950000000000000178, -0.1099999999999999867 ) ) ;
#9159 = SURFACE_STYLE_USAGE ( .BOTH. , #5934 ) ;
#9160 = CIRCLE ( 'NONE', #5747, 0.2000000000000003164 ) ;
#9161 = VECTOR ( 'NONE', #1435, 1000.000000000000000 ) ;
#9162 = EDGE_LOOP ( 'NONE', ( #876, #823, #8046, #8347 ) ) ;
#9163 = ORIENTED_EDGE ( 'NONE', *, *, #5811, .F. ) ;
#9165 = VECTOR ( 'NONE', #1955, 1000.000000000000000 ) ;
#9164 =( LENGTH_UNIT ( ) NAMED_UNIT ( * ) SI_UNIT ( .MILLI., .METRE. ) );
#9166 = PRESENTATION_LAYER_ASSIGNMENT (  '', '', ( #6813 ) ) ;
#9167 =( NAMED_UNIT ( * ) SI_UNIT ( $, .STERADIAN. ) SOLID_ANGLE_UNIT ( ) );
#9168 = EDGE_CURVE ( 'NONE', #5849, #9504, #5036, .T. ) ;
#9169 = AXIS2_PLACEMENT_3D ( 'NONE', #6710, #7784, #2582 ) ;
#9170 = DIRECTION ( 'NONE',  ( 1.000000000000000000, 0.000000000000000000, 0.000000000000000000 ) ) ;
#9171 = CARTESIAN_POINT ( 'NONE',  ( -1.480000000000000870, -2.350974876014612747, -0.9546157422084604605 ) ) ;
#9172 = ORIENTED_EDGE ( 'NONE', *, *, #3229, .F. ) ;
#9173 = COLOUR_RGB ( '',0.8039215686274510109, 0.8039215686274510109, 0.8039215686274510109 ) ;
#9174 = VECTOR ( 'NONE', #9600, 1000.000000000000000 ) ;
#9175 = ORIENTED_EDGE ( 'NONE', *, *, #10492, .T. ) ;
#9176 = FILL_AREA_STYLE_COLOUR ( '', #1297 ) ;
#9177 = FILL_AREA_STYLE ('',( #5737 ) ) ;
#9178 = COLOUR_RGB ( '',0.8039215686274510109, 0.8039215686274510109, 0.8039215686274510109 ) ;
#9179 = FACE_OUTER_BOUND ( 'NONE', #10051, .T. ) ;
#9180 = CARTESIAN_POINT ( 'NONE',  ( 4.190202986107629535, 1.882733289429966650, 0.7500000000000000000 ) ) ;
#9181 = FILL_AREA_STYLE_COLOUR ( '', #4140 ) ;
#9182 = LINE ( 'NONE', #5572, #1522 ) ;
#9183 = ORIENTED_EDGE ( 'NONE', *, *, #5080, .T. ) ;
#9184 = EDGE_CURVE ( 'NONE', #3130, #4354, #11035, .T. ) ;
#9185 =( NAMED_UNIT ( * ) SI_UNIT ( $, .STERADIAN. ) SOLID_ANGLE_UNIT ( ) );
#9186 = PRESENTATION_STYLE_ASSIGNMENT (( #6681 ) ) ;
#9187 = ADVANCED_FACE ( 'NONE', ( #9455 ), #6726, .F. ) ;
#9188 = STYLED_ITEM ( 'NONE', ( #423 ), #4214 ) ;
#9189 = AXIS2_PLACEMENT_3D ( 'NONE', #917, #6035, #17 ) ;
#9190 =( NAMED_UNIT ( * ) SI_UNIT ( $, .STERADIAN. ) SOLID_ANGLE_UNIT ( ) );
#9191 = DIRECTION ( 'NONE',  ( 0.000000000000000000, 0.9996308538171886360, 0.02716902826231849810 ) ) ;
#9192 = FILL_AREA_STYLE ('',( #4043 ) ) ;
#9193 = UNCERTAINTY_MEASURE_WITH_UNIT (LENGTH_MEASURE( 1.000000000000000082E-05 ), #11162, 'distance_accuracy_value', 'NONE');
#9194 = VECTOR ( 'NONE', #10664, 1000.000000000000227 ) ;
#9195 = FILL_AREA_STYLE_COLOUR ( '', #177 ) ;
#9196 = ADVANCED_FACE ( 'NONE', ( #5203 ), #9617, .T. ) ;
#9197 = SURFACE_SIDE_STYLE ('',( #2280 ) ) ;
#9198 = DIRECTION ( 'NONE',  ( 0.000000000000000000, 0.000000000000000000, -1.000000000000000000 ) ) ;
#9199 = VERTEX_POINT ( 'NONE', #1926 ) ;
#9200 = EDGE_CURVE ( 'NONE', #10277, #11117, #6955, .T. ) ;
#9201 = ORIENTED_EDGE ( 'NONE', *, *, #6482, .T. ) ;
#9202 = EDGE_CURVE ( 'NONE', #2189, #9432, #8669, .T. ) ;
#9203 = ORIENTED_EDGE ( 'NONE', *, *, #3134, .T. ) ;
#9204 = CARTESIAN_POINT ( 'NONE',  ( -4.264792128260249449, 1.949999999999999734, -0.6828396347450739201 ) ) ;
#9205 =( LENGTH_UNIT ( ) NAMED_UNIT ( * ) SI_UNIT ( .MILLI., .METRE. ) );
#9206 = ORIENTED_EDGE ( 'NONE', *, *, #7511, .T. ) ;
#9207 = DIRECTION ( 'NONE',  ( 0.000000000000000000, 1.000000000000000000, 0.000000000000000000 ) ) ;
#9208 = SURFACE_STYLE_FILL_AREA ( #8414 ) ;
#9209 = SURFACE_STYLE_FILL_AREA ( #7328 ) ;
#9210 =( LENGTH_UNIT ( ) NAMED_UNIT ( * ) SI_UNIT ( .MILLI., .METRE. ) );
#9211 = CARTESIAN_POINT ( 'NONE',  ( -4.020000000000001350, 2.474947744208253031, -0.7427475520708763934 ) ) ;
#9212 = DIRECTION ( 'NONE',  ( 0.000000000000000000, -0.02716902826232023976, 0.9996308538171885250 ) ) ;
#9213 = ORIENTED_EDGE ( 'NONE', *, *, #4484, .T. ) ;
#9214 = ORIENTED_EDGE ( 'NONE', *, *, #9811, .F. ) ;
#9215 = ORIENTED_EDGE ( 'NONE', *, *, #9941, .T. ) ;
#9216 = LINE ( 'NONE', #8193, #5688 ) ;
#9217 = SURFACE_STYLE_FILL_AREA ( #2304 ) ;
#9218 = CARTESIAN_POINT ( 'NONE',  ( -0.2100000000000005473, 2.165000000000000036, -0.7605367378089592512 ) ) ;
#9219 =( NAMED_UNIT ( * ) SI_UNIT ( $, .STERADIAN. ) SOLID_ANGLE_UNIT ( ) );
#9220 = PLANE ( 'NONE',  #4872 ) ;
#9221 = DIRECTION ( 'NONE',  ( 1.000000000000000000, 0.000000000000000000, 0.000000000000000000 ) ) ;
#9222 = ORIENTED_EDGE ( 'NONE', *, *, #6887, .F. ) ;
#9223 = ORIENTED_EDGE ( 'NONE', *, *, #995, .T. ) ;
#9224 = DIRECTION ( 'NONE',  ( -0.1039620511844971951, -0.1039620511844980416, 0.9891328443778539814 ) ) ;
#9225 = CARTESIAN_POINT ( 'NONE',  ( -1.060000000000000941, 2.474947744208253031, -0.7427475520708763934 ) ) ;
#9226 = FACE_OUTER_BOUND ( 'NONE', #7112, .T. ) ;
#9227 =( NAMED_UNIT ( * ) PLANE_ANGLE_UNIT ( ) SI_UNIT ( $, .RADIAN. ) );
#9228 = DIRECTION ( 'NONE',  ( 1.000000000000000000, 0.000000000000000000, 0.000000000000000000 ) ) ;
#9229 =( NAMED_UNIT ( * ) SI_UNIT ( $, .STERADIAN. ) SOLID_ANGLE_UNIT ( ) );
#9230 = ORIENTED_EDGE ( 'NONE', *, *, #7804, .T. ) ;
#9231 = CARTESIAN_POINT ( 'NONE',  ( -1.480000000000000870, -3.000000000000000000, -0.7794627824221421752 ) ) ;
#9232 = VECTOR ( 'NONE', #5335, 1000.000000000000227 ) ;
#9233 =( GEOMETRIC_REPRESENTATION_CONTEXT ( 3 ) GLOBAL_UNCERTAINTY_ASSIGNED_CONTEXT ( ( #4158 ) ) GLOBAL_UNIT_ASSIGNED_CONTEXT ( ( #10954, #4954, #2571 ) ) REPRESENTATION_CONTEXT ( 'NONE', 'WORKASPACE' ) );
#9234 = ORIENTED_EDGE ( 'NONE', *, *, #8486, .F. ) ;
#9235 = FILL_AREA_STYLE_COLOUR ( '', #7879 ) ;
#9236 = EDGE_CURVE ( 'NONE', #1359, #2324, #1900, .T. ) ;
#9237 = SURFACE_STYLE_USAGE ( .BOTH. , #5852 ) ;
#9238 = UNCERTAINTY_MEASURE_WITH_UNIT (LENGTH_MEASURE( 1.000000000000000082E-05 ), #1590, 'distance_accuracy_value', 'NONE');
#9239 =( NAMED_UNIT ( * ) SI_UNIT ( $, .STERADIAN. ) SOLID_ANGLE_UNIT ( ) );
#9240 = FILL_AREA_STYLE ('',( #8461 ) ) ;
#9241 = SURFACE_STYLE_FILL_AREA ( #4895 ) ;
#9242 =( GEOMETRIC_REPRESENTATION_CONTEXT ( 3 ) GLOBAL_UNCERTAINTY_ASSIGNED_CONTEXT ( ( #1652 ) ) GLOBAL_UNIT_ASSIGNED_CONTEXT ( ( #448, #7208, #341 ) ) REPRESENTATION_CONTEXT ( 'NONE', 'WORKASPACE' ) );
#9243 = VERTEX_POINT ( 'NONE', #2656 ) ;
#9244 = ORIENTED_EDGE ( 'NONE', *, *, #7578, .T. ) ;
#9245 = ORIENTED_EDGE ( 'NONE', *, *, #6268, .F. ) ;
#9246 = MECHANICAL_DESIGN_GEOMETRIC_PRESENTATION_REPRESENTATION (  '', ( #61 ), #10689 ) ;
#9247 = CARTESIAN_POINT ( 'NONE',  ( -4.250136580382892326, 1.949999999999999956, -0.1099999999999998618 ) ) ;
#9248 = ADVANCED_FACE ( 'NONE', ( #10470 ), #1984, .T. ) ;
#9249 = CYLINDRICAL_SURFACE ( 'NONE', #7324, 0.09999999999999956146 ) ;
#9250 = PRESENTATION_LAYER_ASSIGNMENT (  '', '', ( #6356 ) ) ;
#9251 = ORIENTED_EDGE ( 'NONE', *, *, #2829, .F. ) ;
#9252 = LINE ( 'NONE', #9371, #7970 ) ;
#9253 = EDGE_CURVE ( 'NONE', #6915, #3633, #10857, .T. ) ;
#9254 = DIRECTION ( 'NONE',  ( 1.000000000000000000, 0.000000000000000000, 0.000000000000000000 ) ) ;
#9255 = EDGE_CURVE ( 'NONE', #1055, #6122, #2254, .T. ) ;
#9256 = CARTESIAN_POINT ( 'NONE',  ( 2.329999999999999627, -3.000000000000000000, -1.000000000000000000 ) ) ;
#9257 =( NAMED_UNIT ( * ) SI_UNIT ( $, .STERADIAN. ) SOLID_ANGLE_UNIT ( ) );
#9258 = DIRECTION ( 'NONE',  ( 1.000000000000000000, 0.000000000000000000, 0.000000000000000000 ) ) ;
#9259 = ORIENTED_EDGE ( 'NONE', *, *, #163, .F. ) ;
#9260 = COLOUR_RGB ( '',0.8039215686274510109, 0.8039215686274510109, 0.8039215686274510109 ) ;
#9261 =( GEOMETRIC_REPRESENTATION_CONTEXT ( 3 ) GLOBAL_UNCERTAINTY_ASSIGNED_CONTEXT ( ( #780 ) ) GLOBAL_UNIT_ASSIGNED_CONTEXT ( ( #9517, #6059, #2997 ) ) REPRESENTATION_CONTEXT ( 'NONE', 'WORKASPACE' ) );
#9262 = ORIENTED_EDGE ( 'NONE', *, *, #2379, .F. ) ;
#9263 = CARTESIAN_POINT ( 'NONE',  ( -2.330000000000001403, 2.366708997306596007, -0.08456619434753616382 ) ) ;
#9264 = ORIENTED_EDGE ( 'NONE', *, *, #1588, .F. ) ;
#9265 = PRESENTATION_STYLE_ASSIGNMENT (( #9102 ) ) ;
#9266 = EDGE_CURVE ( 'NONE', #8742, #6881, #6389, .T. ) ;
#9267 =( GEOMETRIC_REPRESENTATION_CONTEXT ( 3 ) GLOBAL_UNCERTAINTY_ASSIGNED_CONTEXT ( ( #1760 ) ) GLOBAL_UNIT_ASSIGNED_CONTEXT ( ( #5519, #6187, #1227 ) ) REPRESENTATION_CONTEXT ( 'NONE', 'WORKASPACE' ) );
#9268 = PLANE ( 'NONE',  #8826 ) ;
#9269 = PRESENTATION_LAYER_ASSIGNMENT (  '', '', ( #7463 ) ) ;
#9270 = FILL_AREA_STYLE ('',( #8438 ) ) ;
#9271 = SURFACE_STYLE_USAGE ( .BOTH. , #3265 ) ;
#9272 = STYLED_ITEM ( 'NONE', ( #7144 ), #7367 ) ;
#9273 = ORIENTED_EDGE ( 'NONE', *, *, #5459, .T. ) ;
#9274 = ORIENTED_EDGE ( 'NONE', *, *, #18, .T. ) ;
#9275 = FILL_AREA_STYLE_COLOUR ( '', #8256 ) ;
#9276 = DIRECTION ( 'NONE',  ( 0.000000000000000000, -0.02716902826231849810, -0.9996308538171886360 ) ) ;
#9277 = CARTESIAN_POINT ( 'NONE',  ( 4.019999999999999574, 2.166782826543157903, 0.1100000000000000144 ) ) ;
#9278 = MECHANICAL_DESIGN_GEOMETRIC_PRESENTATION_REPRESENTATION (  '', ( #5674 ), #814 ) ;
#9279 = MECHANICAL_DESIGN_GEOMETRIC_PRESENTATION_REPRESENTATION (  '', ( #2955 ), #1348 ) ;
#9280 =( NAMED_UNIT ( * ) SI_UNIT ( $, .STERADIAN. ) SOLID_ANGLE_UNIT ( ) );
#9281 = SURFACE_SIDE_STYLE ('',( #4153 ) ) ;
#9282 = LINE ( 'NONE', #3461, #7123 ) ;
#9283 = EDGE_LOOP ( 'NONE', ( #6457, #8828, #5776, #3129 ) ) ;
#9284 = STYLED_ITEM ( 'NONE', ( #5987 ), #10916 ) ;
#9285 = ORIENTED_EDGE ( 'NONE', *, *, #10069, .F. ) ;
#9286 =( NAMED_UNIT ( * ) PLANE_ANGLE_UNIT ( ) SI_UNIT ( $, .RADIAN. ) );
#9287 = FILL_AREA_STYLE ('',( #5853 ) ) ;
#9288 = FILL_AREA_STYLE ('',( #5854 ) ) ;
#9289 = SURFACE_SIDE_STYLE ('',( #11109 ) ) ;
#9290 = FILL_AREA_STYLE ('',( #7764 ) ) ;
#9291 = VECTOR ( 'NONE', #5590, 1000.000000000000000 ) ;
#9292 = EDGE_CURVE ( 'NONE', #585, #7536, #6061, .T. ) ;
#9293 = ORIENTED_EDGE ( 'NONE', *, *, #3720, .T. ) ;
#9294 = ORIENTED_EDGE ( 'NONE', *, *, #377, .T. ) ;
#9295 = ORIENTED_EDGE ( 'NONE', *, *, #6421, .T. ) ;
#9296 = LINE ( 'NONE', #7601, #5349 ) ;
#9297 = SURFACE_STYLE_USAGE ( .BOTH. , #11120 ) ;
#9298 = CARTESIAN_POINT ( 'NONE',  ( -0.2100000000000005473, 1.950000000000000178, -0.1099999999999999867 ) ) ;
#9299 = ORIENTED_EDGE ( 'NONE', *, *, #10638, .F. ) ;
#9300 = DIRECTION ( 'NONE',  ( 0.000000000000000000, 0.02716902826232023976, 0.9996308538171885250 ) ) ;
#9301 =( NAMED_UNIT ( * ) SI_UNIT ( $, .STERADIAN. ) SOLID_ANGLE_UNIT ( ) );
#9302 = DIRECTION ( 'NONE',  ( -1.000000000000000000, -0.000000000000000000, -0.000000000000000000 ) ) ;
#9303 = VECTOR ( 'NONE', #4089, 1000.000000000000000 ) ;
#9304 = PRESENTATION_STYLE_ASSIGNMENT (( #3371 ) ) ;
#9305 = SURFACE_SIDE_STYLE ('',( #5871 ) ) ;
#9306 = FILL_AREA_STYLE ('',( #4405 ) ) ;
#9307 =( NAMED_UNIT ( * ) SI_UNIT ( $, .STERADIAN. ) SOLID_ANGLE_UNIT ( ) );
#9309 = SURFACE_STYLE_FILL_AREA ( #5875 ) ;
#9308 = VECTOR ( 'NONE', #8196, 1000.000000000000000 ) ;
#9310 = VERTEX_POINT ( 'NONE', #2887 ) ;
#9311 = EDGE_CURVE ( 'NONE', #3855, #3130, #3053, .T. ) ;
#9312 = DIRECTION ( 'NONE',  ( 0.000000000000000000, -0.9996308538171886360, 0.02716902826231849810 ) ) ;
#9313 = MECHANICAL_DESIGN_GEOMETRIC_PRESENTATION_REPRESENTATION (  '', ( #8786 ), #5343 ) ;
#9314 = ADVANCED_FACE ( 'NONE', ( #9844 ), #3860, .F. ) ;
#9315 = ORIENTED_EDGE ( 'NONE', *, *, #9750, .T. ) ;
#9316 = STYLED_ITEM ( 'NONE', ( #4418 ), #9475 ) ;
#9317 = SURFACE_STYLE_FILL_AREA ( #806 ) ;
#9318 = EDGE_LOOP ( 'NONE', ( #1078, #10258, #637, #10968 ) ) ;
#9319 = VECTOR ( 'NONE', #6546, 999.9999999999998863 ) ;
#9320 =( NAMED_UNIT ( * ) PLANE_ANGLE_UNIT ( ) SI_UNIT ( $, .RADIAN. ) );
#9321 = VECTOR ( 'NONE', #6426, 1000.000000000000000 ) ;
#9322 = VECTOR ( 'NONE', #8, 1000.000000000000000 ) ;
#9323 = LINE ( 'NONE', #1695, #11121 ) ;
#9324 = FILL_AREA_STYLE ('',( #4971 ) ) ;
#9325 = PRESENTATION_LAYER_ASSIGNMENT (  '', '', ( #6461 ) ) ;
#9326 = STYLED_ITEM ( 'NONE', ( #2042 ), #8317 ) ;
#9327 = FILL_AREA_STYLE_COLOUR ( '', #1602 ) ;
#9328 = EDGE_CURVE ( 'NONE', #4233, #1629, #7499, .T. ) ;
#9329 = CARTESIAN_POINT ( 'NONE',  ( 4.250136580382891438, -1.950000000000000400, 0.1099999999999998618 ) ) ;
#9330 = VECTOR ( 'NONE', #5280, 1000.000000000000000 ) ;
#9331 = STYLED_ITEM ( 'NONE', ( #4353 ), #9790 ) ;
#9332 = CARTESIAN_POINT ( 'NONE',  ( -0.2100000000000005473, 2.350974876014612747, -0.9546157422084604605 ) ) ;
#9333 = ADVANCED_FACE ( 'NONE', ( #2034 ), #484, .T. ) ;
#9334 = CIRCLE ( 'NONE', #8802, 0.2000000000000002054 ) ;
#9335 = VECTOR ( 'NONE', #3006, 1000.000000000000000 ) ;
#9336 = ORIENTED_EDGE ( 'NONE', *, *, #4431, .T. ) ;
#9337 = VERTEX_POINT ( 'NONE', #8435 ) ;
#9338 = CARTESIAN_POINT ( 'NONE',  ( -4.190202986107629535, -1.815202986107629091, -0.6750000000000000444 ) ) ;
#9339 = AXIS2_PLACEMENT_3D ( 'NONE', #5380, #92, #8673 ) ;
#9340 = SURFACE_STYLE_FILL_AREA ( #5145 ) ;
#9341 = FILL_AREA_STYLE ('',( #8389 ) ) ;
#9342 = CARTESIAN_POINT ( 'NONE',  ( 1.479999999999999094, -3.000000000000000000, -0.7794627824221421752 ) ) ;
#9343 = DIRECTION ( 'NONE',  ( 0.000000000000000000, 0.000000000000000000, -1.000000000000000000 ) ) ;
#9344 = PRESENTATION_LAYER_ASSIGNMENT (  '', '', ( #5564 ) ) ;
#9345 = AXIS2_PLACEMENT_3D ( 'NONE', #8289, #10883, #7481 ) ;
#9346 = EDGE_LOOP ( 'NONE', ( #3023, #9714, #4301, #9273 ) ) ;
#9347 = CARTESIAN_POINT ( 'NONE',  ( -3.600000000000000977, -1.950000000000000178, -0.1099999999999999867 ) ) ;
#9348 = PRESENTATION_STYLE_ASSIGNMENT (( #6797 ) ) ;
#9349 = UNCERTAINTY_MEASURE_WITH_UNIT (LENGTH_MEASURE( 1.000000000000000082E-05 ), #9456, 'distance_accuracy_value', 'NONE');
#9350 = MECHANICAL_DESIGN_GEOMETRIC_PRESENTATION_REPRESENTATION (  '', ( #10974 ), #7002 ) ;
#9351 = AXIS2_PLACEMENT_3D ( 'NONE', #1707, #4386, #6064 ) ;
#9352 =( GEOMETRIC_REPRESENTATION_CONTEXT ( 3 ) GLOBAL_UNCERTAINTY_ASSIGNED_CONTEXT ( ( #180 ) ) GLOBAL_UNIT_ASSIGNED_CONTEXT ( ( #10939, #10713, #449 ) ) REPRESENTATION_CONTEXT ( 'NONE', 'WORKASPACE' ) );
#9353 = ORIENTED_EDGE ( 'NONE', *, *, #1643, .F. ) ;
#9354 = LINE ( 'NONE', #10091, #10771 ) ;
#9355 = CIRCLE ( 'NONE', #2293, 0.2000000000000002054 ) ;
#9356 = CARTESIAN_POINT ( 'NONE',  ( 4.019999999999999574, -2.474947744208253031, -0.7427475520708763934 ) ) ;
#9357 = PLANE ( 'NONE',  #10407 ) ;
#9358 = CARTESIAN_POINT ( 'NONE',  ( 2.749999999999999112, 2.050000000000000266, -0.1099999999999999867 ) ) ;
#9359 = CARTESIAN_POINT ( 'NONE',  ( 1.059999999999999387, -2.364926170763438140, -0.7551029321564953767 ) ) ;
#9360 = DIRECTION ( 'NONE',  ( 0.000000000000000000, 0.000000000000000000, -1.000000000000000000 ) ) ;
#9361 = DIRECTION ( 'NONE',  ( 0.000000000000000000, 0.000000000000000000, -1.000000000000000000 ) ) ;
#9362 = ORIENTED_EDGE ( 'NONE', *, *, #9051, .F. ) ;
#9363 = ORIENTED_EDGE ( 'NONE', *, *, #4760, .T. ) ;
#9364 = AXIS2_PLACEMENT_3D ( 'NONE', #1364, #8142, #10805 ) ;
#9365 = VERTEX_POINT ( 'NONE', #5781 ) ;
#9366 = PRESENTATION_LAYER_ASSIGNMENT (  '', '', ( #10266 ) ) ;
#9367 = FACE_OUTER_BOUND ( 'NONE', #3268, .T. ) ;
#9368 = CARTESIAN_POINT ( 'NONE',  ( -2.330000000000001403, 2.050000000000000266, -0.1099999999999999867 ) ) ;
#9369 = CIRCLE ( 'NONE', #9559, 0.2000000000000002054 ) ;
#9370 = ORIENTED_EDGE ( 'NONE', *, *, #7732, .F. ) ;
#9371 = CARTESIAN_POINT ( 'NONE',  ( -1.480000000000000870, -2.165000000000000036, -0.7605367378089592512 ) ) ;
#9372 = STYLED_ITEM ( 'NONE', ( #3851 ), #279 ) ;
#9373 = FILL_AREA_STYLE ('',( #4292 ) ) ;
#9374 = FILL_AREA_STYLE_COLOUR ( '', #6103 ) ;
#9375 =( LENGTH_UNIT ( ) NAMED_UNIT ( * ) SI_UNIT ( .MILLI., .METRE. ) );
#9376 = CARTESIAN_POINT ( 'NONE',  ( 2.329999999999999627, -1.950000000000000178, -0.1099999999999999867 ) ) ;
#9377 = ORIENTED_EDGE ( 'NONE', *, *, #10615, .F. ) ;
#9378 = DIRECTION ( 'NONE',  ( 0.000000000000000000, 0.000000000000000000, 1.000000000000000000 ) ) ;
#9379 = VERTEX_POINT ( 'NONE', #10914 ) ;
#9380 = CIRCLE ( 'NONE', #6669, 0.09999999999999982514 ) ;
#9381 = UNCERTAINTY_MEASURE_WITH_UNIT (LENGTH_MEASURE( 1.000000000000000082E-05 ), #2226, 'distance_accuracy_value', 'NONE');
#9382 = DIRECTION ( 'NONE',  ( 0.000000000000000000, 0.000000000000000000, -1.000000000000000000 ) ) ;
#9383 = VERTEX_POINT ( 'NONE', #10240 ) ;
#9384 = FILL_AREA_STYLE ('',( #8655 ) ) ;
#9385 = ORIENTED_EDGE ( 'NONE', *, *, #3382, .F. ) ;
#9386 = DIRECTION ( 'NONE',  ( 1.000000000000000000, 0.000000000000000000, 0.000000000000000000 ) ) ;
#9387 = EDGE_CURVE ( 'NONE', #8457, #10008, #4874, .T. ) ;
#9388 = CIRCLE ( 'NONE', #736, 0.2000000000000002054 ) ;
#9389 = DIRECTION ( 'NONE',  ( -1.000000000000000000, -0.000000000000000000, -0.000000000000000000 ) ) ;
#9390 =( NAMED_UNIT ( * ) SI_UNIT ( $, .STERADIAN. ) SOLID_ANGLE_UNIT ( ) );
#9391 = DIRECTION ( 'NONE',  ( 0.000000000000000000, 0.000000000000000000, -1.000000000000000000 ) ) ;
#9392 = SURFACE_STYLE_FILL_AREA ( #9270 ) ;
#9393 = CARTESIAN_POINT ( 'NONE',  ( 2.329999999999999627, 1.950000000000000178, -0.1099999999999999867 ) ) ;
#9394 =( LENGTH_UNIT ( ) NAMED_UNIT ( * ) SI_UNIT ( .MILLI., .METRE. ) );
#9395 = ADVANCED_FACE ( 'NONE', ( #7620 ), #11080, .T. ) ;
#9396 = EDGE_LOOP ( 'NONE', ( #5625, #1504, #3559, #6972 ) ) ;
#9397 = ORIENTED_EDGE ( 'NONE', *, *, #8431, .F. ) ;
#9398 = LINE ( 'NONE', #1642, #7519 ) ;
#9399 = SURFACE_STYLE_FILL_AREA ( #10130 ) ;
#9400 = DIRECTION ( 'NONE',  ( 1.000000000000000000, 0.000000000000000000, 0.000000000000000000 ) ) ;
#9401 = EDGE_CURVE ( 'NONE', #6051, #4250, #6965, .T. ) ;
#9402 = ADVANCED_FACE ( 'NONE', ( #4021 ), #11029, .F. ) ;
#9403 = LINE ( 'NONE', #7583, #3858 ) ;
#9404 = FILL_AREA_STYLE_COLOUR ( '', #2100 ) ;
#9405 = SURFACE_SIDE_STYLE ('',( #10080 ) ) ;
#9406 = ORIENTED_EDGE ( 'NONE', *, *, #4761, .F. ) ;
#9407 = CARTESIAN_POINT ( 'NONE',  ( 4.019999999999999574, -1.950000000000000178, 0.1100000000000000144 ) ) ;
#9408 =( NAMED_UNIT ( * ) SI_UNIT ( $, .STERADIAN. ) SOLID_ANGLE_UNIT ( ) );
#9409 = ORIENTED_EDGE ( 'NONE', *, *, #7926, .T. ) ;
#9410 = FILL_AREA_STYLE ('',( #7644 ) ) ;
#9411 =( NAMED_UNIT ( * ) SI_UNIT ( $, .STERADIAN. ) SOLID_ANGLE_UNIT ( ) );
#9412 = MECHANICAL_DESIGN_GEOMETRIC_PRESENTATION_REPRESENTATION (  '', ( #6513 ), #11037 ) ;
#9413 = FILL_AREA_STYLE_COLOUR ( '', #4500 ) ;
#9414 = CARTESIAN_POINT ( 'NONE',  ( 1.059999999999999387, -2.050000000000000266, -0.2100000000000000200 ) ) ;
#9415 =( NAMED_UNIT ( * ) PLANE_ANGLE_UNIT ( ) SI_UNIT ( $, .RADIAN. ) );
#9416 = CARTESIAN_POINT ( 'NONE',  ( 4.190202986107629535, -1.815202986107629091, 0.6750000000000000444 ) ) ;
#9417 = ORIENTED_EDGE ( 'NONE', *, *, #427, .T. ) ;
#9418 = ORIENTED_EDGE ( 'NONE', *, *, #10492, .F. ) ;
#9419 = CARTESIAN_POINT ( 'NONE',  ( -0.2100000000000005473, -2.474947744208253031, -0.7427475520708766155 ) ) ;
#9420 = ORIENTED_EDGE ( 'NONE', *, *, #2615, .T. ) ;
#9421 =( GEOMETRIC_REPRESENTATION_CONTEXT ( 3 ) GLOBAL_UNCERTAINTY_ASSIGNED_CONTEXT ( ( #3228 ) ) GLOBAL_UNIT_ASSIGNED_CONTEXT ( ( #3033, #9934, #6371 ) ) REPRESENTATION_CONTEXT ( 'NONE', 'WORKASPACE' ) );
#9422 = CARTESIAN_POINT ( 'NONE',  ( 1.059999999999999387, -2.165000000000000036, -0.7605367378089592512 ) ) ;
#9423 = CARTESIAN_POINT ( 'NONE',  ( 4.324998880753507358, -1.875409738600887444, 0.1100106489190410680 ) ) ;
#9424 = FACE_OUTER_BOUND ( 'NONE', #9283, .T. ) ;
#9425 = ORIENTED_EDGE ( 'NONE', *, *, #1656, .T. ) ;
#9426 = SURFACE_STYLE_FILL_AREA ( #2349 ) ;
#9427 = DIRECTION ( 'NONE',  ( 0.000000000000000000, 0.9975640502598243087, -0.06975647374412548285 ) ) ;
#9428 = DIRECTION ( 'NONE',  ( 0.000000000000000000, 0.02716902826232023976, 0.9996308538171885250 ) ) ;
#9429 = SURFACE_STYLE_FILL_AREA ( #8417 ) ;
#9430 = DIRECTION ( 'NONE',  ( 0.000000000000000000, 0.000000000000000000, -1.000000000000000000 ) ) ;
#9431 = AXIS2_PLACEMENT_3D ( 'NONE', #965, #6032, #8752 ) ;
#9432 = VERTEX_POINT ( 'NONE', #5249 ) ;
#9433 = VERTEX_POINT ( 'NONE', #10299 ) ;
#9434 =( GEOMETRIC_REPRESENTATION_CONTEXT ( 3 ) GLOBAL_UNCERTAINTY_ASSIGNED_CONTEXT ( ( #4789 ) ) GLOBAL_UNIT_ASSIGNED_CONTEXT ( ( #33, #8667, #3514 ) ) REPRESENTATION_CONTEXT ( 'NONE', 'WORKASPACE' ) );
#9435 = STYLED_ITEM ( 'NONE', ( #8710 ), #172 ) ;
#9436 = CARTESIAN_POINT ( 'NONE',  ( 1.059999999999999387, -2.166782826543157903, -0.09000000000000002442 ) ) ;
#9437 = PRESENTATION_LAYER_ASSIGNMENT (  '', '', ( #252 ) ) ;
#9438 =( GEOMETRIC_REPRESENTATION_CONTEXT ( 3 ) GLOBAL_UNCERTAINTY_ASSIGNED_CONTEXT ( ( #8569 ) ) GLOBAL_UNIT_ASSIGNED_CONTEXT ( ( #9652, #855, #4303 ) ) REPRESENTATION_CONTEXT ( 'NONE', 'WORKASPACE' ) );
#9439 = ORIENTED_EDGE ( 'NONE', *, *, #4903, .F. ) ;
#9440 =( NAMED_UNIT ( * ) SI_UNIT ( $, .STERADIAN. ) SOLID_ANGLE_UNIT ( ) );
#9441 = SURFACE_STYLE_FILL_AREA ( #6203 ) ;
#9442 = VECTOR ( 'NONE', #8100, 1000.000000000000000 ) ;
#9443 = CARTESIAN_POINT ( 'NONE',  ( 4.019999999999999574, -1.950000000000000178, -0.1099999999999999867 ) ) ;
#9444 = AXIS2_PLACEMENT_3D ( 'NONE', #5724, #5782, #7459 ) ;
#9445 = FILL_AREA_STYLE_COLOUR ( '', #2959 ) ;
#9446 =( NAMED_UNIT ( * ) SI_UNIT ( $, .STERADIAN. ) SOLID_ANGLE_UNIT ( ) );
#9447 = EDGE_CURVE ( 'NONE', #1062, #8429, #7910, .T. ) ;
#9448 = DIRECTION ( 'NONE',  ( 0.000000000000000000, 0.000000000000000000, 1.000000000000000000 ) ) ;
#9449 = EDGE_CURVE ( 'NONE', #4967, #7101, #9663, .T. ) ;
#9450 = ORIENTED_EDGE ( 'NONE', *, *, #4972, .F. ) ;
#9451 = ORIENTED_EDGE ( 'NONE', *, *, #10150, .F. ) ;
#9452 = CARTESIAN_POINT ( 'NONE',  ( -0.2100000000000005473, -3.000000000000000000, -1.000000000000000000 ) ) ;
#9453 =( GEOMETRIC_REPRESENTATION_CONTEXT ( 3 ) GLOBAL_UNCERTAINTY_ASSIGNED_CONTEXT ( ( #3990 ) ) GLOBAL_UNIT_ASSIGNED_CONTEXT ( ( #7223, #5300, #4634 ) ) REPRESENTATION_CONTEXT ( 'NONE', 'WORKASPACE' ) );
#9454 = SURFACE_SIDE_STYLE ('',( #9399 ) ) ;
#9455 = FACE_OUTER_BOUND ( 'NONE', #5074, .T. ) ;
#9456 =( LENGTH_UNIT ( ) NAMED_UNIT ( * ) SI_UNIT ( .MILLI., .METRE. ) );
#9457 = COLOUR_RGB ( '',0.8039215686274510109, 0.8039215686274510109, 0.8039215686274510109 ) ;
#9458 = DIRECTION ( 'NONE',  ( -1.000000000000000000, -0.000000000000000000, -0.000000000000000000 ) ) ;
#9459 = EDGE_CURVE ( 'NONE', #2436, #1254, #7066, .T. ) ;
#9460 = VERTEX_POINT ( 'NONE', #977 ) ;
#9461 = PRESENTATION_STYLE_ASSIGNMENT (( #824 ) ) ;
#9462 =( NAMED_UNIT ( * ) PLANE_ANGLE_UNIT ( ) SI_UNIT ( $, .RADIAN. ) );
#9463 = UNCERTAINTY_MEASURE_WITH_UNIT (LENGTH_MEASURE( 1.000000000000000082E-05 ), #1912, 'distance_accuracy_value', 'NONE');
#9464 = AXIS2_PLACEMENT_3D ( 'NONE', #1971, #8991, #7005 ) ;
#9465 = EDGE_CURVE ( 'NONE', #1494, #4528, #132, .T. ) ;
#9466 = EDGE_CURVE ( 'NONE', #3512, #11057, #5195, .T. ) ;
#9467 = ORIENTED_EDGE ( 'NONE', *, *, #5313, .F. ) ;
#9468 =( NAMED_UNIT ( * ) SI_UNIT ( $, .STERADIAN. ) SOLID_ANGLE_UNIT ( ) );
#9469 =( GEOMETRIC_REPRESENTATION_CONTEXT ( 3 ) GLOBAL_UNCERTAINTY_ASSIGNED_CONTEXT ( ( #6286 ) ) GLOBAL_UNIT_ASSIGNED_CONTEXT ( ( #5109, #3420, #1779 ) ) REPRESENTATION_CONTEXT ( 'NONE', 'WORKASPACE' ) );
#9470 = DIRECTION ( 'NONE',  ( 0.000000000000000000, 0.000000000000000000, -1.000000000000000000 ) ) ;
#9471 = DIRECTION ( 'NONE',  ( -1.000000000000000000, -0.000000000000000000, -0.000000000000000000 ) ) ;
#9472 = DIRECTION ( 'NONE',  ( 1.000000000000000000, 0.000000000000000000, 0.000000000000000000 ) ) ;
#9473 = ORIENTED_EDGE ( 'NONE', *, *, #3582, .T. ) ;
#9474 = SURFACE_STYLE_FILL_AREA ( #670 ) ;
#9475 = ADVANCED_FACE ( 'NONE', ( #2646 ), #5135, .T. ) ;
#9476 =( LENGTH_UNIT ( ) NAMED_UNIT ( * ) SI_UNIT ( .MILLI., .METRE. ) );
#9477 = DIRECTION ( 'NONE',  ( 0.000000000000000000, 0.000000000000000000, -1.000000000000000000 ) ) ;
#9478 = MECHANICAL_DESIGN_GEOMETRIC_PRESENTATION_REPRESENTATION (  '', ( #2787 ), #6397 ) ;
#9479 = DIRECTION ( 'NONE',  ( -1.000000000000000000, -0.000000000000000000, -0.000000000000000000 ) ) ;
#9480 = PLANE ( 'NONE',  #9527 ) ;
#9481 = COLOUR_RGB ( '',0.8039215686274510109, 0.8039215686274510109, 0.8039215686274510109 ) ;
#9482 = DIRECTION ( 'NONE',  ( 1.000000000000000000, 0.000000000000000000, 0.000000000000000000 ) ) ;
#9483 = DIRECTION ( 'NONE',  ( 0.000000000000000000, -1.000000000000000000, 0.000000000000000000 ) ) ;
#9484 = ORIENTED_EDGE ( 'NONE', *, *, #2375, .T. ) ;
#9485 = FACE_OUTER_BOUND ( 'NONE', #2511, .T. ) ;
#9486 = ORIENTED_EDGE ( 'NONE', *, *, #89, .T. ) ;
#9487 = PRESENTATION_LAYER_ASSIGNMENT (  '', '', ( #1542 ) ) ;
#9488 = CARTESIAN_POINT ( 'NONE',  ( 0.2099999999999992428, 2.166782826543157903, 0.1100000000000000144 ) ) ;
#9489 = COLOUR_RGB ( '',0.2862745098039215508, 0.2862745098039215508, 0.2862745098039215508 ) ;
#9490 = CARTESIAN_POINT ( 'NONE',  ( 3.599999999999999645, -2.050000000000000266, -0.2100000000000000200 ) ) ;
#9491 = ORIENTED_EDGE ( 'NONE', *, *, #29, .F. ) ;
#9492 = DIRECTION ( 'NONE',  ( 1.000000000000000000, 0.000000000000000000, 0.000000000000000000 ) ) ;
#9493 =( LENGTH_UNIT ( ) NAMED_UNIT ( * ) SI_UNIT ( .MILLI., .METRE. ) );
#9494 = VECTOR ( 'NONE', #8659, 1000.000000000000000 ) ;
#9495 =( BOUNDED_CURVE ( )  B_SPLINE_CURVE ( 3, ( #7025, #10313, #5266, #6910 ),
 .UNSPECIFIED., .F., .F. ) 
 B_SPLINE_CURVE_WITH_KNOTS ( ( 4, 4 ),
 ( 5.503250352303700410, 7.063120262055492482 ),
 .UNSPECIFIED. ) 
 CURVE ( )  GEOMETRIC_REPRESENTATION_ITEM ( )  RATIONAL_B_SPLINE_CURVE ( ( 1.000000000000000000, 0.8073061876036373707, 0.8073061876036373707, 1.000000000000000000 ) ) 
 REPRESENTATION_ITEM ( '' )  );
#9496 =( LENGTH_UNIT ( ) NAMED_UNIT ( * ) SI_UNIT ( .MILLI., .METRE. ) );
#9497 = AXIS2_PLACEMENT_3D ( 'NONE', #7658, #8575, #11060 ) ;
#9498 = DIRECTION ( 'NONE',  ( -1.000000000000000000, -0.000000000000000000, -0.000000000000000000 ) ) ;
#9499 = LINE ( 'NONE', #8496, #6618 ) ;
#9500 = DIRECTION ( 'NONE',  ( 1.000000000000000000, 0.000000000000000000, 0.000000000000000000 ) ) ;
#9501 = VECTOR ( 'NONE', #9258, 1000.000000000000000 ) ;
#9502 = VECTOR ( 'NONE', #7264, 1000.000000000000000 ) ;
#9503 = STYLED_ITEM ( 'NONE', ( #3252 ), #3661 ) ;
#9504 = VERTEX_POINT ( 'NONE', #7791 ) ;
#9505 = ORIENTED_EDGE ( 'NONE', *, *, #5083, .T. ) ;
#9506 = STYLED_ITEM ( 'NONE', ( #8458 ), #8218 ) ;
#9507 =( NAMED_UNIT ( * ) PLANE_ANGLE_UNIT ( ) SI_UNIT ( $, .RADIAN. ) );
#9508 = SURFACE_SIDE_STYLE ('',( #9566 ) ) ;
#9509 = PLANE ( 'NONE',  #521 ) ;
#9510 = DIRECTION ( 'NONE',  ( 0.000000000000000000, 0.000000000000000000, 1.000000000000000000 ) ) ;
#9511 = CARTESIAN_POINT ( 'NONE',  ( -4.190202986107628647, 1.815202986107628647, 0.6750000000000000444 ) ) ;
#9512 = UNCERTAINTY_MEASURE_WITH_UNIT (LENGTH_MEASURE( 1.000000000000000082E-05 ), #10795, 'distance_accuracy_value', 'NONE');
#9513 = COLOUR_RGB ( '',0.2862745098039215508, 0.2862745098039215508, 0.2862745098039215508 ) ;
#9514 = CARTESIAN_POINT ( 'NONE',  ( 2.329999999999999627, -2.050000000000000266, -0.1099999999999999867 ) ) ;
#9515 = STYLED_ITEM ( 'NONE', ( #2546 ), #9943 ) ;
#9516 =( LENGTH_UNIT ( ) NAMED_UNIT ( * ) SI_UNIT ( .MILLI., .METRE. ) );
#9517 =( LENGTH_UNIT ( ) NAMED_UNIT ( * ) SI_UNIT ( .MILLI., .METRE. ) );
#9518 = COLOUR_RGB ( '',0.2862745098039215508, 0.2862745098039215508, 0.2862745098039215508 ) ;
#9519 = ORIENTED_EDGE ( 'NONE', *, *, #7448, .F. ) ;
#9520 = STYLED_ITEM ( 'NONE', ( #7232 ), #8623 ) ;
#9521 = CARTESIAN_POINT ( 'NONE',  ( 0.2099999999999992428, -2.149963085381718209, -0.2072830971737681105 ) ) ;
#9522 = AXIS2_PLACEMENT_3D ( 'NONE', #9436, #7567, #2526 ) ;
#9523 = VERTEX_POINT ( 'NONE', #1027 ) ;
#9524 = CARTESIAN_POINT ( 'NONE',  ( -4.020000000000001350, -2.165000000000000036, -0.7605367378089592512 ) ) ;
#9525 = DIRECTION ( 'NONE',  ( 1.000000000000000000, 0.000000000000000000, 0.000000000000000000 ) ) ;
#9526 = CARTESIAN_POINT ( 'NONE',  ( -4.264792128260249449, -1.815202986107628869, -0.6828396347450739201 ) ) ;
#9527 = AXIS2_PLACEMENT_3D ( 'NONE', #7664, #2518, #9427 ) ;
#9528 = PRESENTATION_LAYER_ASSIGNMENT (  '', '', ( #4664 ) ) ;
#9529 = FACE_OUTER_BOUND ( 'NONE', #3112, .T. ) ;
#9530 = EDGE_CURVE ( 'NONE', #2696, #7653, #5361, .T. ) ;
#9531 = EDGE_CURVE ( 'NONE', #671, #10422, #9558, .T. ) ;
#9532 = ORIENTED_EDGE ( 'NONE', *, *, #518, .T. ) ;
#9533 = SURFACE_STYLE_FILL_AREA ( #899 ) ;
#9534 = VECTOR ( 'NONE', #2673, 1000.000000000000000 ) ;
#9535 = EDGE_CURVE ( 'NONE', #5142, #5849, #4480, .T. ) ;
#9536 = AXIS2_PLACEMENT_3D ( 'NONE', #3942, #4673, #7252 ) ;
#9537 = SURFACE_STYLE_USAGE ( .BOTH. , #5058 ) ;
#9538 = UNCERTAINTY_MEASURE_WITH_UNIT (LENGTH_MEASURE( 1.000000000000000082E-05 ), #3589, 'distance_accuracy_value', 'NONE');
#9539 = DIRECTION ( 'NONE',  ( 1.000000000000000000, 0.000000000000000000, 0.000000000000000000 ) ) ;
#9540 = CARTESIAN_POINT ( 'NONE',  ( 1.479999999999999094, -2.481923391582665950, -0.6429911470448941291 ) ) ;
#9541 = LINE ( 'NONE', #2631, #4099 ) ;
#9542 = EDGE_CURVE ( 'NONE', #9548, #5049, #6974, .T. ) ;
#9543 = SURFACE_STYLE_USAGE ( .BOTH. , #2632 ) ;
#9544 = ADVANCED_FACE ( 'NONE', ( #246 ), #3672, .T. ) ;
#9545 = PRESENTATION_LAYER_ASSIGNMENT (  '', '', ( #5935 ) ) ;
#9546 = AXIS2_PLACEMENT_3D ( 'NONE', #5951, #702, #7689 ) ;
#9547 = VERTEX_POINT ( 'NONE', #10624 ) ;
#9548 = VERTEX_POINT ( 'NONE', #470 ) ;
#9549 = CARTESIAN_POINT ( 'NONE',  ( -4.249999999999999112, -1.875000000000000222, 0.1100000000000000006 ) ) ;
#9550 = STYLED_ITEM ( 'NONE', ( #3356 ), #1111 ) ;
#9551 = CARTESIAN_POINT ( 'NONE',  ( 2.329999999999999627, 2.366708997306596007, -0.08456619434753616382 ) ) ;
#9552 = UNCERTAINTY_MEASURE_WITH_UNIT (LENGTH_MEASURE( 1.000000000000000082E-05 ), #3144, 'distance_accuracy_value', 'NONE');
#9553 = PRESENTATION_LAYER_ASSIGNMENT (  '', '', ( #8652 ) ) ;
#9554 =( NAMED_UNIT ( * ) SI_UNIT ( $, .STERADIAN. ) SOLID_ANGLE_UNIT ( ) );
#9555 = VERTEX_POINT ( 'NONE', #8992 ) ;
#9556 = CARTESIAN_POINT ( 'NONE',  ( -2.750000000000001332, 2.366708997306596007, -0.08456619434753621933 ) ) ;
#9557 = SURFACE_STYLE_FILL_AREA ( #6942 ) ;
#9558 = LINE ( 'NONE', #6890, #8049 ) ;
#9559 = AXIS2_PLACEMENT_3D ( 'NONE', #6858, #10990, #8552 ) ;
#9560 = PLANE ( 'NONE',  #3449 ) ;
#9561 = FILL_AREA_STYLE ('',( #248 ) ) ;
#9562 = PRESENTATION_LAYER_ASSIGNMENT (  '', '', ( #8109 ) ) ;
#9563 = EDGE_LOOP ( 'NONE', ( #455, #5149, #5861, #9206 ) ) ;
#9564 = VERTEX_POINT ( 'NONE', #1184 ) ;
#9565 = DIRECTION ( 'NONE',  ( 1.000000000000000000, 0.000000000000000000, 0.000000000000000000 ) ) ;
#9566 = SURFACE_STYLE_FILL_AREA ( #9192 ) ;
#9567 = CARTESIAN_POINT ( 'NONE',  ( -0.2100000000000005473, 1.950000000000000178, 0.1100000000000000144 ) ) ;
#9568 = SURFACE_SIDE_STYLE ('',( #9340 ) ) ;
#9569 = UNCERTAINTY_MEASURE_WITH_UNIT (LENGTH_MEASURE( 1.000000000000000082E-05 ), #2374, 'distance_accuracy_value', 'NONE');
#9570 = CARTESIAN_POINT ( 'NONE',  ( -4.249999999999999112, -1.950000000000000178, -0.1100000000000000006 ) ) ;
#9571 =( NAMED_UNIT ( * ) PLANE_ANGLE_UNIT ( ) SI_UNIT ( $, .RADIAN. ) );
#9572 = SURFACE_STYLE_FILL_AREA ( #10413 ) ;
#9573 = CARTESIAN_POINT ( 'NONE',  ( 2.749999999999999112, -3.000000000000000000, -1.000000000000000000 ) ) ;
#9574 = ORIENTED_EDGE ( 'NONE', *, *, #2396, .F. ) ;
#9575 = PRESENTATION_STYLE_ASSIGNMENT (( #2777 ) ) ;
#9576 = DIRECTION ( 'NONE',  ( 0.000000000000000000, -1.000000000000000000, 0.000000000000000000 ) ) ;
#9577 = ORIENTED_EDGE ( 'NONE', *, *, #1789, .T. ) ;
#9578 = DIRECTION ( 'NONE',  ( -1.000000000000000000, -0.000000000000000000, -0.000000000000000000 ) ) ;
#9579 = FILL_AREA_STYLE_COLOUR ( '', #5959 ) ;
#9580 =( LENGTH_UNIT ( ) NAMED_UNIT ( * ) SI_UNIT ( .MILLI., .METRE. ) );
#9581 = VERTEX_POINT ( 'NONE', #7224 ) ;
#9582 = CARTESIAN_POINT ( 'NONE',  ( -4.020000000000001350, -2.050000000000000266, -0.1099999999999999867 ) ) ;
#9583 = EDGE_CURVE ( 'NONE', #5952, #1819, #2875, .T. ) ;
#9584 = CARTESIAN_POINT ( 'NONE',  ( 2.329999999999999627, 1.950000000000000178, 0.1100000000000000144 ) ) ;
#9585 = EDGE_CURVE ( 'NONE', #4489, #2539, #303, .T. ) ;
#9586 = SURFACE_STYLE_FILL_AREA ( #7818 ) ;
#9587 = SURFACE_SIDE_STYLE ('',( #2683 ) ) ;
#9588 =( LENGTH_UNIT ( ) NAMED_UNIT ( * ) SI_UNIT ( .MILLI., .METRE. ) );
#9589 = DIRECTION ( 'NONE',  ( 0.000000000000000000, -0.02716902826232023976, 0.9996308538171885250 ) ) ;
#9590 = SURFACE_STYLE_FILL_AREA ( #2061 ) ;
#9591 = DIRECTION ( 'NONE',  ( 0.000000000000000000, 0.000000000000000000, -1.000000000000000000 ) ) ;
#9592 = ORIENTED_EDGE ( 'NONE', *, *, #7647, .F. ) ;
#9593 =( NAMED_UNIT ( * ) PLANE_ANGLE_UNIT ( ) SI_UNIT ( $, .RADIAN. ) );
#9594 = CARTESIAN_POINT ( 'NONE',  ( 2.329999999999999627, -3.000000000000000000, -0.7794627824221421752 ) ) ;
#9595 = ORIENTED_EDGE ( 'NONE', *, *, #3110, .T. ) ;
#9596 = ADVANCED_FACE ( 'NONE', ( #7118 ), #9090, .T. ) ;
#9597 = ADVANCED_FACE ( 'NONE', ( #5479 ), #4799, .F. ) ;
#9598 = EDGE_CURVE ( 'NONE', #10317, #8327, #3140, .T. ) ;
#9599 = CYLINDRICAL_SURFACE ( 'NONE', #3888, 0.09999999999999982514 ) ;
#9600 = DIRECTION ( 'NONE',  ( 1.000000000000000000, 0.000000000000000000, 0.000000000000000000 ) ) ;
#9601 = CIRCLE ( 'NONE', #11043, 0.2000000000000002054 ) ;
#9602 = EDGE_LOOP ( 'NONE', ( #2677, #2445, #2082, #1938 ) ) ;
#9603 = DIRECTION ( 'NONE',  ( -0.000000000000000000, 1.000000000000000000, -0.000000000000000000 ) ) ;
#9604 = CARTESIAN_POINT ( 'NONE',  ( 1.479999999999999094, -2.364926170763438140, -0.7551029321564953767 ) ) ;
#9605 = DIRECTION ( 'NONE',  ( 1.000000000000000000, 0.000000000000000000, 0.000000000000000000 ) ) ;
#9606 = LINE ( 'NONE', #5194, #7691 ) ;
#9607 = CARTESIAN_POINT ( 'NONE',  ( -4.324998880753508246, -1.875409738600887222, -0.1100106489190410125 ) ) ;
#9608 = FILL_AREA_STYLE ('',( #2878 ) ) ;
#9609 = AXIS2_PLACEMENT_3D ( 'NONE', #5579, #1388, #8163 ) ;
#9610 = LINE ( 'NONE', #1089, #539 ) ;
#9611 = EDGE_CURVE ( 'NONE', #1393, #9432, #742, .T. ) ;
#9612 = VERTEX_POINT ( 'NONE', #9211 ) ;
#9613 = ORIENTED_EDGE ( 'NONE', *, *, #4972, .T. ) ;
#9614 =( NAMED_UNIT ( * ) SI_UNIT ( $, .STERADIAN. ) SOLID_ANGLE_UNIT ( ) );
#9615 =( GEOMETRIC_REPRESENTATION_CONTEXT ( 3 ) GLOBAL_UNCERTAINTY_ASSIGNED_CONTEXT ( ( #2276 ) ) GLOBAL_UNIT_ASSIGNED_CONTEXT ( ( #7033, #4449, #6130 ) ) REPRESENTATION_CONTEXT ( 'NONE', 'WORKASPACE' ) );
#9616 = SPHERICAL_SURFACE ( 'NONE', #8895, 0.07499999999999999722 ) ;
#9617 = CYLINDRICAL_SURFACE ( 'NONE', #6422, 0.07499999999999998335 ) ;
#9618 = SURFACE_SIDE_STYLE ('',( #10472 ) ) ;
#9619 = CARTESIAN_POINT ( 'NONE',  ( 2.329999999999999627, -2.481923391582665950, -0.6429911470448941291 ) ) ;
#9620 = CARTESIAN_POINT ( 'NONE',  ( -3.600000000000000977, 2.350974876014612747, -0.9546157422084604605 ) ) ;
#9621 = DIRECTION ( 'NONE',  ( 1.000000000000000000, 0.000000000000000000, 0.000000000000000000 ) ) ;
#9622 = LINE ( 'NONE', #1871, #8758 ) ;
#9623 = UNCERTAINTY_MEASURE_WITH_UNIT (LENGTH_MEASURE( 1.000000000000000082E-05 ), #2620, 'distance_accuracy_value', 'NONE');
#9624 = VERTEX_POINT ( 'NONE', #8363 ) ;
#9625 = FACE_OUTER_BOUND ( 'NONE', #1160, .T. ) ;
#9626 = DIRECTION ( 'NONE',  ( 0.000000000000000000, 0.000000000000000000, 1.000000000000000000 ) ) ;
#9627 = MECHANICAL_DESIGN_GEOMETRIC_PRESENTATION_REPRESENTATION (  '', ( #2032 ), #3116 ) ;
#9628 = VECTOR ( 'NONE', #3973, 1000.000000000000000 ) ;
#9629 = ORIENTED_EDGE ( 'NONE', *, *, #6598, .T. ) ;
#9630 = MECHANICAL_DESIGN_GEOMETRIC_PRESENTATION_REPRESENTATION (  '', ( #7636 ), #10709 ) ;
#9631 = DIRECTION ( 'NONE',  ( 1.000000000000000000, 0.000000000000000000, 0.000000000000000000 ) ) ;
#9632 =( LENGTH_UNIT ( ) NAMED_UNIT ( * ) SI_UNIT ( .MILLI., .METRE. ) );
#9633 = FILL_AREA_STYLE_COLOUR ( '', #10719 ) ;
#9634 = ORIENTED_EDGE ( 'NONE', *, *, #6834, .T. ) ;
#9635 =( NAMED_UNIT ( * ) SI_UNIT ( $, .STERADIAN. ) SOLID_ANGLE_UNIT ( ) );
#9636 = VECTOR ( 'NONE', #5211, 1000.000000000000000 ) ;
#9637 = DIRECTION ( 'NONE',  ( 0.000000000000000000, 0.000000000000000000, 1.000000000000000000 ) ) ;
#9638 = AXIS2_PLACEMENT_3D ( 'NONE', #895, #3240, #2442 ) ;
#9639 = UNCERTAINTY_MEASURE_WITH_UNIT (LENGTH_MEASURE( 1.000000000000000082E-05 ), #10096, 'distance_accuracy_value', 'NONE');
#9640 = DIRECTION ( 'NONE',  ( 0.000000000000000000, 0.06975647374412501101, -0.9975640502598243087 ) ) ;
#9641 = SURFACE_STYLE_FILL_AREA ( #3540 ) ;
#9642 = CARTESIAN_POINT ( 'NONE',  ( -1.480000000000000870, 2.050000000000000266, -0.2100000000000000200 ) ) ;
#9643 = FILL_AREA_STYLE_COLOUR ( '', #10971 ) ;
#9644 = DIRECTION ( 'NONE',  ( 0.000000000000000000, 0.000000000000000000, -1.000000000000000000 ) ) ;
#9645 = EDGE_CURVE ( 'NONE', #738, #4179, #5062, .T. ) ;
#9646 = FILL_AREA_STYLE_COLOUR ( '', #3741 ) ;
#9647 = COLOUR_RGB ( '',0.8039215686274510109, 0.8039215686274510109, 0.8039215686274510109 ) ;
#9648 = DIRECTION ( 'NONE',  ( 1.000000000000000000, 0.000000000000000000, 0.000000000000000000 ) ) ;
#9649 = STYLED_ITEM ( 'NONE', ( #1606 ), #7585 ) ;
#9650 = ORIENTED_EDGE ( 'NONE', *, *, #9184, .T. ) ;
#9651 = FILL_AREA_STYLE_COLOUR ( '', #10631 ) ;
#9652 =( LENGTH_UNIT ( ) NAMED_UNIT ( * ) SI_UNIT ( .MILLI., .METRE. ) );
#9653 = VERTEX_POINT ( 'NONE', #11066 ) ;
#9654 = CARTESIAN_POINT ( 'NONE',  ( -2.330000000000001403, 2.166782826543157903, -0.09000000000000002442 ) ) ;
#9655 = AXIS2_PLACEMENT_3D ( 'NONE', #1474, #10294, #4243 ) ;
#9656 = CARTESIAN_POINT ( 'NONE',  ( 1.059999999999999387, -2.381960306200947564, -0.6457080498711260663 ) ) ;
#9657 = PRESENTATION_LAYER_ASSIGNMENT (  '', '', ( #10381 ) ) ;
#9658 = UNCERTAINTY_MEASURE_WITH_UNIT (LENGTH_MEASURE( 1.000000000000000082E-05 ), #7591, 'distance_accuracy_value', 'NONE');
#9659 = PRESENTATION_STYLE_ASSIGNMENT (( #9718 ) ) ;
#9660 = ORIENTED_EDGE ( 'NONE', *, *, #5306, .T. ) ;
#9661 = PLANE ( 'NONE',  #2537 ) ;
#9662 =( LENGTH_UNIT ( ) NAMED_UNIT ( * ) SI_UNIT ( .MILLI., .METRE. ) );
#9663 = LINE ( 'NONE', #24, #9494 ) ;
#9664 = EDGE_CURVE ( 'NONE', #7653, #4235, #4121, .T. ) ;
#9665 = CARTESIAN_POINT ( 'NONE',  ( -4.250273160256225147, 1.949999626916908202, 0.1100035496485075592 ) ) ;
#9666 = PRESENTATION_LAYER_ASSIGNMENT (  '', '', ( #3335 ) ) ;
#9667 =( NAMED_UNIT ( * ) SI_UNIT ( $, .STERADIAN. ) SOLID_ANGLE_UNIT ( ) );
#9668 = CARTESIAN_POINT ( 'NONE',  ( 1.479999999999999094, 3.000000000000000000, -0.7794627824221421752 ) ) ;
#9669 = EDGE_CURVE ( 'NONE', #4250, #7680, #6705, .T. ) ;
#9670 = COLOUR_RGB ( '',0.8039215686274510109, 0.8039215686274510109, 0.8039215686274510109 ) ;
#9671 = CARTESIAN_POINT ( 'NONE',  ( 0.2099999999999992428, 3.000000000000000000, -0.7794627824221421752 ) ) ;
#9672 = COLOUR_RGB ( '',0.8039215686274510109, 0.8039215686274510109, 0.8039215686274510109 ) ;
#9673 = ORIENTED_EDGE ( 'NONE', *, *, #9202, .T. ) ;
#9674 = ORIENTED_EDGE ( 'NONE', *, *, #10912, .F. ) ;
#9675 = FILL_AREA_STYLE ('',( #2766 ) ) ;
#9676 = COLOUR_RGB ( '',0.8039215686274510109, 0.8039215686274510109, 0.8039215686274510109 ) ;
#9677 =( LENGTH_UNIT ( ) NAMED_UNIT ( * ) SI_UNIT ( .MILLI., .METRE. ) );
#9678 = ADVANCED_FACE ( 'NONE', ( #5818 ), #10166, .T. ) ;
#9679 =( NAMED_UNIT ( * ) SI_UNIT ( $, .STERADIAN. ) SOLID_ANGLE_UNIT ( ) );
#9680 = UNCERTAINTY_MEASURE_WITH_UNIT (LENGTH_MEASURE( 1.000000000000000082E-05 ), #461, 'distance_accuracy_value', 'NONE');
#9681 = AXIS2_PLACEMENT_3D ( 'NONE', #3882, #3120, #7416 ) ;
#9682 = DIRECTION ( 'NONE',  ( 0.000000000000000000, 0.000000000000000000, -1.000000000000000000 ) ) ;
#9683 = EDGE_CURVE ( 'NONE', #5214, #6349, #5011, .T. ) ;
#9684 = ORIENTED_EDGE ( 'NONE', *, *, #2948, .F. ) ;
#9685 = FACE_OUTER_BOUND ( 'NONE', #9821, .T. ) ;
#9686 = VECTOR ( 'NONE', #8658, 1000.000000000000000 ) ;
#9687 = ORIENTED_EDGE ( 'NONE', *, *, #29, .T. ) ;
#9688 = DIRECTION ( 'NONE',  ( -1.000000000000000000, -0.000000000000000000, -0.000000000000000000 ) ) ;
#9689 = PLANE ( 'NONE',  #8161 ) ;
#9690 = SURFACE_STYLE_FILL_AREA ( #6298 ) ;
#9691 = DIRECTION ( 'NONE',  ( 1.000000000000000000, 0.000000000000000000, 0.000000000000000000 ) ) ;
#9692 = STYLED_ITEM ( 'NONE', ( #8182 ), #3609 ) ;
#9693 = CIRCLE ( 'NONE', #7706, 0.09999999999999982514 ) ;
#9694 = LINE ( 'NONE', #1945, #7741 ) ;
#9695 = VECTOR ( 'NONE', #1939, 1000.000000000000000 ) ;
#9696 = VERTEX_POINT ( 'NONE', #2234 ) ;
#9697 = DIRECTION ( 'NONE',  ( 1.000000000000000000, 0.000000000000000000, 0.000000000000000000 ) ) ;
#9698 = AXIS2_PLACEMENT_3D ( 'NONE', #2383, #724, #4162 ) ;
#9699 = MECHANICAL_DESIGN_GEOMETRIC_PRESENTATION_REPRESENTATION (  '', ( #862 ), #1044 ) ;
#9700 = DIRECTION ( 'NONE',  ( 0.000000000000000000, -0.02716902826231849810, -0.9996308538171886360 ) ) ;
#9701 =( GEOMETRIC_REPRESENTATION_CONTEXT ( 3 ) GLOBAL_UNCERTAINTY_ASSIGNED_CONTEXT ( ( #9831 ) ) GLOBAL_UNIT_ASSIGNED_CONTEXT ( ( #1702, #8604, #759 ) ) REPRESENTATION_CONTEXT ( 'NONE', 'WORKASPACE' ) );
#9702 = MECHANICAL_DESIGN_GEOMETRIC_PRESENTATION_REPRESENTATION (  '', ( #1398 ), #10247 ) ;
#9703 = CARTESIAN_POINT ( 'NONE',  ( -1.480000000000000870, -1.950000000000000178, 0.1100000000000000144 ) ) ;
#9704 = DIRECTION ( 'NONE',  ( 1.000000000000000000, 0.000000000000000000, 0.000000000000000000 ) ) ;
#9705 = SURFACE_SIDE_STYLE ('',( #10659 ) ) ;
#9706 = DIRECTION ( 'NONE',  ( 1.000000000000000000, 0.000000000000000000, 0.000000000000000000 ) ) ;
#9707 = VECTOR ( 'NONE', #1762, 1000.000000000000000 ) ;
#9708 =( LENGTH_UNIT ( ) NAMED_UNIT ( * ) SI_UNIT ( .MILLI., .METRE. ) );
#9709 = ORIENTED_EDGE ( 'NONE', *, *, #9097, .F. ) ;
#9710 = ORIENTED_EDGE ( 'NONE', *, *, #1588, .T. ) ;
#9711 = AXIS2_PLACEMENT_3D ( 'NONE', #7127, #6328, #8936 ) ;
#9712 = CARTESIAN_POINT ( 'NONE',  ( 0.2099999999999992428, 2.474947744208253031, -0.7427475520708766155 ) ) ;
#9713 = DIRECTION ( 'NONE',  ( 1.000000000000000000, 0.000000000000000000, 0.000000000000000000 ) ) ;
#9714 = ORIENTED_EDGE ( 'NONE', *, *, #5116, .F. ) ;
#9715 = VECTOR ( 'NONE', #3366, 1000.000000000000227 ) ;
#9716 = FILL_AREA_STYLE ('',( #6263 ) ) ;
#9717 = COLOUR_RGB ( '',0.8039215686274510109, 0.8039215686274510109, 0.8039215686274510109 ) ;
#9718 = SURFACE_STYLE_USAGE ( .BOTH. , #6264 ) ;
#9719 = ORIENTED_EDGE ( 'NONE', *, *, #1520, .F. ) ;
#9720 =( LENGTH_UNIT ( ) NAMED_UNIT ( * ) SI_UNIT ( .MILLI., .METRE. ) );
#9721 = FACE_OUTER_BOUND ( 'NONE', #204, .T. ) ;
#9722 = COLOUR_RGB ( '',0.2862745098039215508, 0.2862745098039215508, 0.2862745098039215508 ) ;
#9723 = PLANE ( 'NONE',  #9464 ) ;
#9724 = AXIS2_PLACEMENT_3D ( 'NONE', #10185, #6611, #3215 ) ;
#9725 = CARTESIAN_POINT ( 'NONE',  ( -2.330000000000001403, -1.950000000000000178, 0.1100000000000000144 ) ) ;
#9726 =( NAMED_UNIT ( * ) SI_UNIT ( $, .STERADIAN. ) SOLID_ANGLE_UNIT ( ) );
#9727 = CARTESIAN_POINT ( 'NONE',  ( -4.250409738600887444, -1.949998880753508468, 0.1100106489190369741 ) ) ;
#9728 = DIRECTION ( 'NONE',  ( 0.000000000000000000, -1.000000000000000000, 0.000000000000000000 ) ) ;
#9729 = FILL_AREA_STYLE_COLOUR ( '', #4851 ) ;
#9730 = PRESENTATION_LAYER_ASSIGNMENT (  '', '', ( #10807 ) ) ;
#9731 = AXIS2_PLACEMENT_3D ( 'NONE', #4963, #9312, #1581 ) ;
#9732 = EDGE_CURVE ( 'NONE', #1298, #2013, #5706, .T. ) ;
#9733 = ORIENTED_EDGE ( 'NONE', *, *, #11145, .F. ) ;
#9734 = EDGE_LOOP ( 'NONE', ( #6601, #4319, #7503, #8171 ) ) ;
#9735 = FILL_AREA_STYLE_COLOUR ( '', #6944 ) ;
#9736 = CARTESIAN_POINT ( 'NONE',  ( -0.2100000000000005473, 2.166782826543157903, 0.1100000000000000144 ) ) ;
#9737 = MECHANICAL_DESIGN_GEOMETRIC_PRESENTATION_REPRESENTATION (  '', ( #6844 ), #8472 ) ;
#9738 = FILL_AREA_STYLE_COLOUR ( '', #2434 ) ;
#9739 =( GEOMETRIC_REPRESENTATION_CONTEXT ( 3 ) GLOBAL_UNCERTAINTY_ASSIGNED_CONTEXT ( ( #2446 ) ) GLOBAL_UNIT_ASSIGNED_CONTEXT ( ( #8840, #6121, #4439 ) ) REPRESENTATION_CONTEXT ( 'NONE', 'WORKASPACE' ) );
#9740 =( NAMED_UNIT ( * ) SI_UNIT ( $, .STERADIAN. ) SOLID_ANGLE_UNIT ( ) );
#9741 = SURFACE_STYLE_USAGE ( .BOTH. , #6659 ) ;
#9742 = CLOSED_SHELL ( 'NONE', ( #9402, #10563, #4612, #1508, #4519, #9475, #7050, #4214, #6759, #486, #4295, #8777, #10086, #279 ) ) ;
#9743 = DIRECTION ( 'NONE',  ( 0.1039620511844979445, -0.1039620511844979445, -0.9891328443778539814 ) ) ;
#9744 =( LENGTH_UNIT ( ) NAMED_UNIT ( * ) SI_UNIT ( .MILLI., .METRE. ) );
#9745 = ORIENTED_EDGE ( 'NONE', *, *, #1717, .T. ) ;
#9746 = FILL_AREA_STYLE_COLOUR ( '', #2408 ) ;
#9747 = EDGE_CURVE ( 'NONE', #8348, #8501, #8244, .T. ) ;
#9748 = STYLED_ITEM ( 'NONE', ( #1045 ), #4705 ) ;
#9749 = EDGE_CURVE ( 'NONE', #3659, #8556, #7700, .T. ) ;
#9750 = EDGE_CURVE ( 'NONE', #6425, #10055, #7775, .T. ) ;
#9751 = ORIENTED_EDGE ( 'NONE', *, *, #3216, .T. ) ;
#9752 = EDGE_CURVE ( 'NONE', #11005, #8016, #3373, .T. ) ;
#9753 = CARTESIAN_POINT ( 'NONE',  ( 4.019999999999999574, 1.950000000000000178, -0.1099999999999999867 ) ) ;
#9754 = FACE_OUTER_BOUND ( 'NONE', #4574, .T. ) ;
#9755 = LINE ( 'NONE', #6129, #9534 ) ;
#9756 = SURFACE_SIDE_STYLE ('',( #6919 ) ) ;
#9757 = CIRCLE ( 'NONE', #5599, 0.2000000000000003164 ) ;
#9758 = FACE_OUTER_BOUND ( 'NONE', #4919, .T. ) ;
#9759 = ORIENTED_EDGE ( 'NONE', *, *, #9401, .F. ) ;
#9760 = LINE ( 'NONE', #7043, #9330 ) ;
#9761 = DIRECTION ( 'NONE',  ( -0.000000000000000000, 0.000000000000000000, 1.000000000000000000 ) ) ;
#9762 = CARTESIAN_POINT ( 'NONE',  ( 1.479999999999999094, 1.950000000000000178, 0.1100000000000000144 ) ) ;
#9763 =( LENGTH_UNIT ( ) NAMED_UNIT ( * ) SI_UNIT ( .MILLI., .METRE. ) );
#9764 =( LENGTH_UNIT ( ) NAMED_UNIT ( * ) SI_UNIT ( .MILLI., .METRE. ) );
#9765 = ORIENTED_EDGE ( 'NONE', *, *, #9819, .T. ) ;
#9766 = VERTEX_POINT ( 'NONE', #4462 ) ;
#9767 = DIRECTION ( 'NONE',  ( 1.000000000000000000, 0.000000000000000000, 0.000000000000000000 ) ) ;
#9768 = CARTESIAN_POINT ( 'NONE',  ( 1.479999999999999094, 2.165000000000000036, -0.7605367378089592512 ) ) ;
#9769 = FILL_AREA_STYLE_COLOUR ( '', #10613 ) ;
#9770 = ORIENTED_EDGE ( 'NONE', *, *, #2401, .T. ) ;
#9771 = DIRECTION ( 'NONE',  ( 0.000000000000000000, 0.9996308538171886360, 0.02716902826231849810 ) ) ;
#9772 = PRESENTATION_STYLE_ASSIGNMENT (( #6372 ) ) ;
#9773 =( LENGTH_UNIT ( ) NAMED_UNIT ( * ) SI_UNIT ( .MILLI., .METRE. ) );
#9774 = CARTESIAN_POINT ( 'NONE',  ( 1.059999999999999387, 3.000000000000000000, -1.000000000000000000 ) ) ;
#9775 = PRESENTATION_STYLE_ASSIGNMENT (( #7171 ) ) ;
#9776 =( NAMED_UNIT ( * ) PLANE_ANGLE_UNIT ( ) SI_UNIT ( $, .RADIAN. ) );
#9777 = FILL_AREA_STYLE_COLOUR ( '', #8598 ) ;
#9778 = LINE ( 'NONE', #9668, #7435 ) ;
#9779 = LINE ( 'NONE', #3853, #9010 ) ;
#9780 = STYLED_ITEM ( 'NONE', ( #10671 ), #5432 ) ;
#9781 = ORIENTED_EDGE ( 'NONE', *, *, #10793, .T. ) ;
#9782 = ORIENTED_EDGE ( 'NONE', *, *, #3482, .T. ) ;
#9783 = CARTESIAN_POINT ( 'NONE',  ( 1.059999999999999387, -3.000000000000000000, -0.7794627824221421752 ) ) ;
#9784 = SURFACE_SIDE_STYLE ('',( #8029 ) ) ;
#9785 = SURFACE_SIDE_STYLE ('',( #6163 ) ) ;
#9786 = PRESENTATION_STYLE_ASSIGNMENT (( #8720 ) ) ;
#9787 = CARTESIAN_POINT ( 'NONE',  ( 4.019999999999999574, -2.050000000000000266, -0.2100000000000000200 ) ) ;
#9788 = SURFACE_SIDE_STYLE ('',( #4815 ) ) ;
#9789 = CARTESIAN_POINT ( 'NONE',  ( -1.480000000000000870, 2.381960306200947564, -0.6457080498711260663 ) ) ;
#9790 = ADVANCED_FACE ( 'NONE', ( #4229 ), #2686, .T. ) ;
#9791 =( GEOMETRIC_REPRESENTATION_CONTEXT ( 3 ) GLOBAL_UNCERTAINTY_ASSIGNED_CONTEXT ( ( #5151 ) ) GLOBAL_UNIT_ASSIGNED_CONTEXT ( ( #10825, #2275, #10359 ) ) REPRESENTATION_CONTEXT ( 'NONE', 'WORKASPACE' ) );
#9792 = CARTESIAN_POINT ( 'NONE',  ( -3.600000000000000977, 2.381960306200947564, -0.6457080498711260663 ) ) ;
#9793 = PLANE ( 'NONE',  #9444 ) ;
#9794 = EDGE_CURVE ( 'NONE', #3812, #7238, #6090, .T. ) ;
#9795 = PRESENTATION_LAYER_ASSIGNMENT (  '', '', ( #7984 ) ) ;
#9796 = ORIENTED_EDGE ( 'NONE', *, *, #6688, .F. ) ;
#9797 = DIRECTION ( 'NONE',  ( 0.000000000000000000, -0.9975640502598243087, 0.06975647374412501101 ) ) ;
#9798 =( GEOMETRIC_REPRESENTATION_CONTEXT ( 3 ) GLOBAL_UNCERTAINTY_ASSIGNED_CONTEXT ( ( #4326 ) ) GLOBAL_UNIT_ASSIGNED_CONTEXT ( ( #5601, #8252, #9833 ) ) REPRESENTATION_CONTEXT ( 'NONE', 'WORKASPACE' ) );
#9799 = ORIENTED_EDGE ( 'NONE', *, *, #9585, .F. ) ;
#9800 = LINE ( 'NONE', #4667, #1578 ) ;
#9801 = VECTOR ( 'NONE', #4408, 1000.000000000000000 ) ;
#9802 =( NAMED_UNIT ( * ) SI_UNIT ( $, .STERADIAN. ) SOLID_ANGLE_UNIT ( ) );
#9803 = PRESENTATION_STYLE_ASSIGNMENT (( #9117 ) ) ;
#9804 = EDGE_CURVE ( 'NONE', #2696, #2324, #6345, .T. ) ;
#9805 = DIRECTION ( 'NONE',  ( 0.000000000000000000, 0.000000000000000000, 1.000000000000000000 ) ) ;
#9806 =( GEOMETRIC_REPRESENTATION_CONTEXT ( 3 ) GLOBAL_UNCERTAINTY_ASSIGNED_CONTEXT ( ( #6472 ) ) GLOBAL_UNIT_ASSIGNED_CONTEXT ( ( #2036, #7562, #8035 ) ) REPRESENTATION_CONTEXT ( 'NONE', 'WORKASPACE' ) );
#9807 = ORIENTED_EDGE ( 'NONE', *, *, #7451, .T. ) ;
#9808 = EDGE_CURVE ( 'NONE', #7954, #7610, #7708, .T. ) ;
#9809 = CARTESIAN_POINT ( 'NONE',  ( 1.059999999999999387, -3.000000000000000000, -0.7794627824221421752 ) ) ;
#9810 = PRESENTATION_LAYER_ASSIGNMENT (  '', '', ( #8176 ) ) ;
#9811 = EDGE_CURVE ( 'NONE', #9947, #9766, #5124, .T. ) ;
#9812 = DIRECTION ( 'NONE',  ( -0.000000000000000000, -1.000000000000000000, -0.000000000000000000 ) ) ;
#9813 = DIRECTION ( 'NONE',  ( 1.000000000000000000, 0.000000000000000000, 0.000000000000000000 ) ) ;
#9814 = EDGE_CURVE ( 'NONE', #8891, #679, #9541, .T. ) ;
#9815 = AXIS2_PLACEMENT_3D ( 'NONE', #1571, #5123, #7667 ) ;
#9816 = CARTESIAN_POINT ( 'NONE',  ( -3.600000000000000977, 2.364926170763438140, -0.7551029321564953767 ) ) ;
#9817 = SURFACE_SIDE_STYLE ('',( #2737 ) ) ;
#9818 = ORIENTED_EDGE ( 'NONE', *, *, #2079, .F. ) ;
#9819 = EDGE_CURVE ( 'NONE', #7460, #1861, #1730, .T. ) ;
#9820 = DIRECTION ( 'NONE',  ( 0.1045284632676537068, 0.000000000000000000, -0.9945218953682734009 ) ) ;
#9821 = EDGE_LOOP ( 'NONE', ( #9055, #3219, #8734, #3160 ) ) ;
#9822 =( NAMED_UNIT ( * ) SI_UNIT ( $, .STERADIAN. ) SOLID_ANGLE_UNIT ( ) );
#9823 = SURFACE_STYLE_FILL_AREA ( #9083 ) ;
#9824 = ORIENTED_EDGE ( 'NONE', *, *, #920, .F. ) ;
#9825 = LINE ( 'NONE', #3959, #9058 ) ;
#9826 = STYLED_ITEM ( 'NONE', ( #9575 ), #1563 ) ;
#9827 =( NAMED_UNIT ( * ) PLANE_ANGLE_UNIT ( ) SI_UNIT ( $, .RADIAN. ) );
#9828 = PRESENTATION_STYLE_ASSIGNMENT (( #362 ) ) ;
#9829 =( NAMED_UNIT ( * ) SI_UNIT ( $, .STERADIAN. ) SOLID_ANGLE_UNIT ( ) );
#9830 = SURFACE_STYLE_USAGE ( .BOTH. , #412 ) ;
#9831 = UNCERTAINTY_MEASURE_WITH_UNIT (LENGTH_MEASURE( 1.000000000000000082E-05 ), #1702, 'distance_accuracy_value', 'NONE');
#9832 = AXIS2_PLACEMENT_3D ( 'NONE', #4483, #9498, #7793 ) ;
#9833 =( NAMED_UNIT ( * ) SI_UNIT ( $, .STERADIAN. ) SOLID_ANGLE_UNIT ( ) );
#9834 = CARTESIAN_POINT ( 'NONE',  ( 0.2099999999999992428, 2.350974876014612747, -0.9546157422084604605 ) ) ;
#9835 = PRESENTATION_LAYER_ASSIGNMENT (  '', '', ( #7834 ) ) ;
#9836 = VERTEX_POINT ( 'NONE', #116 ) ;
#9837 = ORIENTED_EDGE ( 'NONE', *, *, #5796, .T. ) ;
#9838 = FACE_OUTER_BOUND ( 'NONE', #4095, .T. ) ;
#9839 = CARTESIAN_POINT ( 'NONE',  ( -1.480000000000000870, -2.166782826543157903, 0.1100000000000000144 ) ) ;
#9840 = FILL_AREA_STYLE_COLOUR ( '', #2759 ) ;
#9841 = LINE ( 'NONE', #2086, #8422 ) ;
#9842 = VECTOR ( 'NONE', #2191, 1000.000000000000000 ) ;
#9843 = EDGE_CURVE ( 'NONE', #1062, #5131, #2491, .T. ) ;
#9844 = FACE_OUTER_BOUND ( 'NONE', #2666, .T. ) ;
#9845 = CARTESIAN_POINT ( 'NONE',  ( -4.250409738600887444, -1.949998880753508468, 0.1100106489190369741 ) ) ;
#9846 = ORIENTED_EDGE ( 'NONE', *, *, #4564, .T. ) ;
#9847 = DIRECTION ( 'NONE',  ( 0.000000000000000000, 0.06975647374412501101, -0.9975640502598243087 ) ) ;
#9848 = VECTOR ( 'NONE', #8243, 1000.000000000000000 ) ;
#9849 = EDGE_CURVE ( 'NONE', #10995, #9134, #59, .T. ) ;
#9850 = MECHANICAL_DESIGN_GEOMETRIC_PRESENTATION_REPRESENTATION (  '', ( #4076 ), #8948 ) ;
#9851 = ORIENTED_EDGE ( 'NONE', *, *, #6849, .T. ) ;
#9852 = VECTOR ( 'NONE', #6001, 1000.000000000000000 ) ;
#9853 = CARTESIAN_POINT ( 'NONE',  ( 2.749999999999999112, 2.050000000000000266, -0.2100000000000000200 ) ) ;
#9854 = FILL_AREA_STYLE ('',( #10648 ) ) ;
#9855 = SURFACE_SIDE_STYLE ('',( #10702 ) ) ;
#9856 =( BOUNDED_CURVE ( )  B_SPLINE_CURVE ( 3, ( #2702, #7008, #9665, #3445 ),
 .UNSPECIFIED., .F., .F. ) 
 B_SPLINE_CURVE_WITH_KNOTS ( ( 4, 4 ),
 ( 0.000000000000000000, 0.005463208521550593291 ),
 .UNSPECIFIED. ) 
 CURVE ( )  GEOMETRIC_REPRESENTATION_ITEM ( )  RATIONAL_B_SPLINE_CURVE ( ( 1.000000000000000000, 0.9999975127809339615, 0.9999975127809339615, 1.000000000000000000 ) ) 
 REPRESENTATION_ITEM ( '' )  );
#9857 =( GEOMETRIC_REPRESENTATION_CONTEXT ( 3 ) GLOBAL_UNCERTAINTY_ASSIGNED_CONTEXT ( ( #7225 ) ) GLOBAL_UNIT_ASSIGNED_CONTEXT ( ( #10973, #5989, #5077 ) ) REPRESENTATION_CONTEXT ( 'NONE', 'WORKASPACE' ) );
#9858 = ORIENTED_EDGE ( 'NONE', *, *, #9598, .T. ) ;
#9859 = AXIS2_PLACEMENT_3D ( 'NONE', #4562, #9640, #8000 ) ;
#9860 = SURFACE_SIDE_STYLE ('',( #10487 ) ) ;
#9861 = AXIS2_PLACEMENT_3D ( 'NONE', #3566, #8766, #4365 ) ;
#9862 = DIRECTION ( 'NONE',  ( 0.000000000000000000, 1.000000000000000000, 0.000000000000000000 ) ) ;
#9863 = STYLED_ITEM ( 'NONE', ( #1579 ), #745 ) ;
#9864 = FILL_AREA_STYLE_COLOUR ( '', #7544 ) ;
#9865 = MECHANICAL_DESIGN_GEOMETRIC_PRESENTATION_REPRESENTATION (  '', ( #6977 ), #168 ) ;
#9866 = PRESENTATION_STYLE_ASSIGNMENT (( #6414 ) ) ;
#9867 = MECHANICAL_DESIGN_GEOMETRIC_PRESENTATION_REPRESENTATION (  '', ( #676 ), #10977 ) ;
#9868 = AXIS2_PLACEMENT_3D ( 'NONE', #6229, #9688, #42 ) ;
#9869 = PRESENTATION_STYLE_ASSIGNMENT (( #452 ) ) ;
#9870 =( LENGTH_UNIT ( ) NAMED_UNIT ( * ) SI_UNIT ( .MILLI., .METRE. ) );
#9871 = PRESENTATION_LAYER_ASSIGNMENT (  '', '', ( #682 ) ) ;
#9872 = MECHANICAL_DESIGN_GEOMETRIC_PRESENTATION_REPRESENTATION (  '', ( #9331 ), #2270 ) ;
#9873 = ORIENTED_EDGE ( 'NONE', *, *, #10565, .F. ) ;
#9874 = SURFACE_STYLE_USAGE ( .BOTH. , #2864 ) ;
#9875 = ORIENTED_EDGE ( 'NONE', *, *, #1056, .F. ) ;
#9876 = PRESENTATION_LAYER_ASSIGNMENT (  '', '', ( #3563 ) ) ;
#9877 = MECHANICAL_DESIGN_GEOMETRIC_PRESENTATION_REPRESENTATION (  '', ( #2644 ), #873 ) ;
#9878 = EDGE_CURVE ( 'NONE', #7407, #6874, #329, .T. ) ;
#9879 = UNCERTAINTY_MEASURE_WITH_UNIT (LENGTH_MEASURE( 1.000000000000000082E-05 ), #5578, 'distance_accuracy_value', 'NONE');
#9880 = ORIENTED_EDGE ( 'NONE', *, *, #2682, .T. ) ;
#9881 = STYLED_ITEM ( 'NONE', ( #10395 ), #10087 ) ;
#9882 = EDGE_CURVE ( 'NONE', #1580, #2705, #7339, .T. ) ;
#9883 = CARTESIAN_POINT ( 'NONE',  ( -2.330000000000001403, -2.165000000000000036, -0.7605367378089592512 ) ) ;
#9884 = DIRECTION ( 'NONE',  ( 1.000000000000000000, 0.000000000000000000, 0.000000000000000000 ) ) ;
#9885 = EDGE_CURVE ( 'NONE', #4650, #9653, #1375, .T. ) ;
#9886 =( NAMED_UNIT ( * ) PLANE_ANGLE_UNIT ( ) SI_UNIT ( $, .RADIAN. ) );
#9887 = LINE ( 'NONE', #10219, #7165 ) ;
#9888 = AXIS2_PLACEMENT_3D ( 'NONE', #1675, #6876, #10216 ) ;
#9889 =( GEOMETRIC_REPRESENTATION_CONTEXT ( 3 ) GLOBAL_UNCERTAINTY_ASSIGNED_CONTEXT ( ( #10840 ) ) GLOBAL_UNIT_ASSIGNED_CONTEXT ( ( #5856, #9130, #4843 ) ) REPRESENTATION_CONTEXT ( 'NONE', 'WORKASPACE' ) );
#9890 = DIRECTION ( 'NONE',  ( 1.000000000000000000, 0.000000000000000000, 0.000000000000000000 ) ) ;
#9891 = VECTOR ( 'NONE', #7720, 1000.000000000000000 ) ;
#9892 = SURFACE_STYLE_FILL_AREA ( #306 ) ;
#9893 = MECHANICAL_DESIGN_GEOMETRIC_PRESENTATION_REPRESENTATION (  '', ( #1065 ), #703 ) ;
#9894 = AXIS2_PLACEMENT_3D ( 'NONE', #528, #359, #5476 ) ;
#9895 = ORIENTED_EDGE ( 'NONE', *, *, #7819, .F. ) ;
#9896 = EDGE_LOOP ( 'NONE', ( #7069, #291, #9759, #884 ) ) ;
#9897 = LINE ( 'NONE', #10000, #8032 ) ;
#9898 = LINE ( 'NONE', #10684, #10599 ) ;
#9899 = FACE_OUTER_BOUND ( 'NONE', #1396, .T. ) ;
#9900 = SURFACE_STYLE_USAGE ( .BOTH. , #8938 ) ;
#9901 =( NAMED_UNIT ( * ) SI_UNIT ( $, .STERADIAN. ) SOLID_ANGLE_UNIT ( ) );
#9902 = FILL_AREA_STYLE_COLOUR ( '', #4858 ) ;
#9903 = DIRECTION ( 'NONE',  ( 0.000000000000000000, 0.000000000000000000, -1.000000000000000000 ) ) ;
#9904 =( LENGTH_UNIT ( ) NAMED_UNIT ( * ) SI_UNIT ( .MILLI., .METRE. ) );
#9905 = ORIENTED_EDGE ( 'NONE', *, *, #4750, .T. ) ;
#9906 = FACE_OUTER_BOUND ( 'NONE', #1432, .T. ) ;
#9907 = PRESENTATION_LAYER_ASSIGNMENT (  '', '', ( #10099 ) ) ;
#9908 = UNCERTAINTY_MEASURE_WITH_UNIT (LENGTH_MEASURE( 1.000000000000000082E-05 ), #7849, 'distance_accuracy_value', 'NONE');
#9909 = ORIENTED_EDGE ( 'NONE', *, *, #1468, .F. ) ;
#9910 = FILL_AREA_STYLE_COLOUR ( '', #10784 ) ;
#9911 = CARTESIAN_POINT ( 'NONE',  ( -3.600000000000000977, 3.000000000000000000, -1.000000000000000000 ) ) ;
#9912 = SURFACE_STYLE_FILL_AREA ( #9854 ) ;
#9913 = CARTESIAN_POINT ( 'NONE',  ( -1.060000000000000941, -2.050000000000000266, -0.2100000000000000200 ) ) ;
#9914 =( LENGTH_UNIT ( ) NAMED_UNIT ( * ) SI_UNIT ( .MILLI., .METRE. ) );
#9915 = VECTOR ( 'NONE', #641, 1000.000000000000000 ) ;
#9916 = EDGE_LOOP ( 'NONE', ( #8934, #3754, #8924, #888, #8279, #9873, #8946, #6160, #3833, #4117, #7613, #1838 ) ) ;
#9917 = SURFACE_STYLE_FILL_AREA ( #6467 ) ;
#9918 = PRESENTATION_STYLE_ASSIGNMENT (( #7095 ) ) ;
#9919 = COLOUR_RGB ( '',0.8039215686274510109, 0.8039215686274510109, 0.8039215686274510109 ) ;
#9920 = EDGE_CURVE ( 'NONE', #1177, #7376, #7362, .T. ) ;
#9921 = PRESENTATION_STYLE_ASSIGNMENT (( #10658 ) ) ;
#9922 =( NAMED_UNIT ( * ) PLANE_ANGLE_UNIT ( ) SI_UNIT ( $, .RADIAN. ) );
#9923 = FACE_OUTER_BOUND ( 'NONE', #191, .T. ) ;
#9924 =( NAMED_UNIT ( * ) SI_UNIT ( $, .STERADIAN. ) SOLID_ANGLE_UNIT ( ) );
#9925 = ADVANCED_FACE ( 'NONE', ( #8210 ), #7298, .F. ) ;
#9926 = EDGE_LOOP ( 'NONE', ( #11141, #5389, #8866, #38, #3951, #9824, #986, #6810, #929, #2479, #7146, #1152 ) ) ;
#9927 = ORIENTED_EDGE ( 'NONE', *, *, #8355, .T. ) ;
#9928 = SURFACE_STYLE_USAGE ( .BOTH. , #7548 ) ;
#9929 = ORIENTED_EDGE ( 'NONE', *, *, #8656, .T. ) ;
#9930 = ADVANCED_FACE ( 'NONE', ( #3166 ), #3984, .T. ) ;
#9931 = CARTESIAN_POINT ( 'NONE',  ( -4.325000000000000178, 1.949999999999999734, -0.1100000000000000006 ) ) ;
#9932 = DIRECTION ( 'NONE',  ( -1.000000000000000000, -0.000000000000000000, -0.000000000000000000 ) ) ;
#9933 = ORIENTED_EDGE ( 'NONE', *, *, #7304, .T. ) ;
#9934 =( NAMED_UNIT ( * ) PLANE_ANGLE_UNIT ( ) SI_UNIT ( $, .RADIAN. ) );
#9935 = UNCERTAINTY_MEASURE_WITH_UNIT (LENGTH_MEASURE( 1.000000000000000082E-05 ), #5059, 'distance_accuracy_value', 'NONE');
#9936 = FACE_OUTER_BOUND ( 'NONE', #4331, .T. ) ;
#9937 = CARTESIAN_POINT ( 'NONE',  ( -4.020000000000001350, 3.000000000000000000, -1.000000000000000000 ) ) ;
#9938 = DIRECTION ( 'NONE',  ( 0.000000000000000000, 0.000000000000000000, -1.000000000000000000 ) ) ;
#9939 = DIRECTION ( 'NONE',  ( 1.000000000000000000, 0.000000000000000000, 0.000000000000000000 ) ) ;
#9940 =( NAMED_UNIT ( * ) SI_UNIT ( $, .STERADIAN. ) SOLID_ANGLE_UNIT ( ) );
#9941 = EDGE_CURVE ( 'NONE', #6675, #5566, #4034, .T. ) ;
#9942 = CARTESIAN_POINT ( 'NONE',  ( -4.020000000000001350, 2.381960306200947564, -0.6457080498711260663 ) ) ;
#9943 = ADVANCED_FACE ( 'NONE', ( #6624 ), #10927, .T. ) ;
#9944 = SURFACE_STYLE_USAGE ( .BOTH. , #10797 ) ;
#9945 = ADVANCED_FACE ( 'NONE', ( #8551 ), #4328, .T. ) ;
#9946 =( GEOMETRIC_REPRESENTATION_CONTEXT ( 3 ) GLOBAL_UNCERTAINTY_ASSIGNED_CONTEXT ( ( #10138 ) ) GLOBAL_UNIT_ASSIGNED_CONTEXT ( ( #3795, #9776, #5542 ) ) REPRESENTATION_CONTEXT ( 'NONE', 'WORKASPACE' ) );
#9947 = VERTEX_POINT ( 'NONE', #3458 ) ;
#9948 = VERTEX_POINT ( 'NONE', #9342 ) ;
#9949 = FILL_AREA_STYLE_COLOUR ( '', #475 ) ;
#9950 =( NAMED_UNIT ( * ) SI_UNIT ( $, .STERADIAN. ) SOLID_ANGLE_UNIT ( ) );
#9951 = DIRECTION ( 'NONE',  ( 0.000000000000000000, 0.000000000000000000, -1.000000000000000000 ) ) ;
#9952 = DIRECTION ( 'NONE',  ( 0.000000000000000000, -0.9975640502598243087, 0.06975647374412501101 ) ) ;
#9953 = VECTOR ( 'NONE', #3368, 1000.000000000000000 ) ;
#9954 = VERTEX_POINT ( 'NONE', #7635 ) ;
#9955 = SURFACE_STYLE_USAGE ( .BOTH. , #7193 ) ;
#9956 = EDGE_CURVE ( 'NONE', #4425, #1420, #9160, .T. ) ;
#9957 = ORIENTED_EDGE ( 'NONE', *, *, #2591, .T. ) ;
#9958 = CARTESIAN_POINT ( 'NONE',  ( 3.599999999999999645, -2.165000000000000036, -0.7605367378089592512 ) ) ;
#9959 = VECTOR ( 'NONE', #8073, 1000.000000000000000 ) ;
#9960 = CARTESIAN_POINT ( 'NONE',  ( 3.599999999999999645, 1.950000000000000178, 0.1100000000000000144 ) ) ;
#9961 = CYLINDRICAL_SURFACE ( 'NONE', #9124, 0.07499999999999998335 ) ;
#9962 = FILL_AREA_STYLE ('',( #3763 ) ) ;
#9963 =( LENGTH_UNIT ( ) NAMED_UNIT ( * ) SI_UNIT ( .MILLI., .METRE. ) );
#9964 =( GEOMETRIC_REPRESENTATION_CONTEXT ( 3 ) GLOBAL_UNCERTAINTY_ASSIGNED_CONTEXT ( ( #9039 ) ) GLOBAL_UNIT_ASSIGNED_CONTEXT ( ( #6620, #7297, #8151 ) ) REPRESENTATION_CONTEXT ( 'NONE', 'WORKASPACE' ) );
#9965 = PRESENTATION_STYLE_ASSIGNMENT (( #4833 ) ) ;
#9966 = EDGE_LOOP ( 'NONE', ( #7899, #11025, #3242, #4221 ) ) ;
#9967 =( NAMED_UNIT ( * ) PLANE_ANGLE_UNIT ( ) SI_UNIT ( $, .RADIAN. ) );
#9968 = STYLED_ITEM ( 'NONE', ( #4992 ), #5958 ) ;
#9969 =( GEOMETRIC_REPRESENTATION_CONTEXT ( 3 ) GLOBAL_UNCERTAINTY_ASSIGNED_CONTEXT ( ( #2712 ) ) GLOBAL_UNIT_ASSIGNED_CONTEXT ( ( #6663, #6707, #10962 ) ) REPRESENTATION_CONTEXT ( 'NONE', 'WORKASPACE' ) );
#9970 = FILL_AREA_STYLE_COLOUR ( '', #5528 ) ;
#9971 = FILL_AREA_STYLE_COLOUR ( '', #10070 ) ;
#9972 = FACE_OUTER_BOUND ( 'NONE', #2633, .T. ) ;
#9973 = UNCERTAINTY_MEASURE_WITH_UNIT (LENGTH_MEASURE( 1.000000000000000082E-05 ), #651, 'distance_accuracy_value', 'NONE');
#9974 =( LENGTH_UNIT ( ) NAMED_UNIT ( * ) SI_UNIT ( .MILLI., .METRE. ) );
#9975 = PLANE ( 'NONE',  #3503 ) ;
#9976 =( NAMED_UNIT ( * ) SI_UNIT ( $, .STERADIAN. ) SOLID_ANGLE_UNIT ( ) );
#9977 =( NAMED_UNIT ( * ) SI_UNIT ( $, .STERADIAN. ) SOLID_ANGLE_UNIT ( ) );
#9978 = AXIS2_PLACEMENT_3D ( 'NONE', #7071, #258, #3747 ) ;
#9979 = ORIENTED_EDGE ( 'NONE', *, *, #4643, .F. ) ;
#9980 = VERTEX_POINT ( 'NONE', #8390 ) ;
#9981 = ORIENTED_EDGE ( 'NONE', *, *, #7520, .F. ) ;
#9982 = DIRECTION ( 'NONE',  ( 0.000000000000000000, 0.000000000000000000, -1.000000000000000000 ) ) ;
#9983 = FILL_AREA_STYLE ('',( #6366 ) ) ;
#9984 = VECTOR ( 'NONE', #11027, 1000.000000000000000 ) ;
#9985 = LINE ( 'NONE', #9368, #8456 ) ;
#9986 = UNCERTAINTY_MEASURE_WITH_UNIT (LENGTH_MEASURE( 1.000000000000000082E-05 ), #677, 'distance_accuracy_value', 'NONE');
#9987 = ORIENTED_EDGE ( 'NONE', *, *, #6619, .T. ) ;
#9988 = DIRECTION ( 'NONE',  ( 1.000000000000000000, 0.000000000000000000, 0.000000000000000000 ) ) ;
#9989 = CARTESIAN_POINT ( 'NONE',  ( 0.2099999999999992428, 2.474947744208253031, -0.7427475520708763934 ) ) ;
#9990 = CARTESIAN_POINT ( 'NONE',  ( -4.020000000000001350, 2.050000000000000266, -0.2100000000000000200 ) ) ;
#9991 = DIRECTION ( 'NONE',  ( 0.000000000000000000, 0.000000000000000000, -1.000000000000000000 ) ) ;
#9992 = PRESENTATION_LAYER_ASSIGNMENT (  '', '', ( #1693 ) ) ;
#9993 = CARTESIAN_POINT ( 'NONE',  ( -0.2100000000000005473, -2.050000000000000266, -0.1099999999999999867 ) ) ;
#9994 = CARTESIAN_POINT ( 'NONE',  ( 3.599999999999999645, 2.165000000000000036, -0.7605367378089592512 ) ) ;
#9995 = VECTOR ( 'NONE', #8527, 1000.000000000000000 ) ;
#9996 = CARTESIAN_POINT ( 'NONE',  ( -4.190202986107629535, 1.815202986107628647, -0.7500000000000000000 ) ) ;
#9997 = LINE ( 'NONE', #3736, #7915 ) ;
#9998 = VERTEX_POINT ( 'NONE', #1646 ) ;
#9999 = EDGE_LOOP ( 'NONE', ( #11067, #9377, #7629, #2903 ) ) ;
#10000 = CARTESIAN_POINT ( 'NONE',  ( 1.059999999999999387, -3.000000000000000000, -1.000000000000000000 ) ) ;
#10001 = CARTESIAN_POINT ( 'NONE',  ( 4.325806167510463318, -1.876217025357843626, 0.1023298284942926600 ) ) ;
#10002 = ADVANCED_FACE ( 'NONE', ( #6727 ), #652, .T. ) ;
#10003 = SURFACE_STYLE_USAGE ( .BOTH. , #4138 ) ;
#10004 = CARTESIAN_POINT ( 'NONE',  ( 3.599999999999999645, -2.381960306200947564, -0.6457080498711260663 ) ) ;
#10005 = SURFACE_SIDE_STYLE ('',( #3329 ) ) ;
#10006 = ORIENTED_EDGE ( 'NONE', *, *, #2544, .F. ) ;
#10007 = EDGE_CURVE ( 'NONE', #11005, #9365, #8837, .T. ) ;
#10008 = VERTEX_POINT ( 'NONE', #6169 ) ;
#10009 = CARTESIAN_POINT ( 'NONE',  ( 0.2099999999999992428, -1.950000000000000178, -0.1099999999999999867 ) ) ;
#10010 = CARTESIAN_POINT ( 'NONE',  ( 3.599999999999999645, 1.950000000000000178, -0.1099999999999999867 ) ) ;
#10011 = FACE_OUTER_BOUND ( 'NONE', #2222, .T. ) ;
#10012 = EDGE_CURVE ( 'NONE', #7848, #3389, #6057, .T. ) ;
#10013 = ADVANCED_FACE ( 'NONE', ( #4436 ), #3688, .T. ) ;
#10014 = FILL_AREA_STYLE ('',( #1211 ) ) ;
#10015 = DIRECTION ( 'NONE',  ( 0.000000000000000000, 0.000000000000000000, -1.000000000000000000 ) ) ;
#10016 = PRESENTATION_STYLE_ASSIGNMENT (( #10079 ) ) ;
#10017 = CARTESIAN_POINT ( 'NONE',  ( -3.600000000000000977, 2.166782826543157903, 0.1100000000000000144 ) ) ;
#10018 = ORIENTED_EDGE ( 'NONE', *, *, #8916, .T. ) ;
#10019 = AXIS2_PLACEMENT_3D ( 'NONE', #3983, #3010, #3059 ) ;
#10020 = FACE_OUTER_BOUND ( 'NONE', #3952, .T. ) ;
#10021 = PRESENTATION_STYLE_ASSIGNMENT (( #3769 ) ) ;
#10022 =( GEOMETRIC_REPRESENTATION_CONTEXT ( 3 ) GLOBAL_UNCERTAINTY_ASSIGNED_CONTEXT ( ( #5473 ) ) GLOBAL_UNIT_ASSIGNED_CONTEXT ( ( #2935, #11149, #9390 ) ) REPRESENTATION_CONTEXT ( 'NONE', 'WORKASPACE' ) );
#10023 = SURFACE_STYLE_USAGE ( .BOTH. , #3123 ) ;
#10024 = UNCERTAINTY_MEASURE_WITH_UNIT (LENGTH_MEASURE( 1.000000000000000082E-05 ), #6074, 'distance_accuracy_value', 'NONE');
#10025 = CIRCLE ( 'NONE', #5152, 0.2000000000000002054 ) ;
#10026 = PLANE ( 'NONE',  #8384 ) ;
#10027 = CARTESIAN_POINT ( 'NONE',  ( 2.329999999999999627, -3.000000000000000000, -1.000000000000000000 ) ) ;
#10028 = FACE_OUTER_BOUND ( 'NONE', #1333, .T. ) ;
#10029 = MECHANICAL_DESIGN_GEOMETRIC_PRESENTATION_REPRESENTATION (  '', ( #10227 ), #134 ) ;
#10030 = VERTEX_POINT ( 'NONE', #6118 ) ;
#10031 = ORIENTED_EDGE ( 'NONE', *, *, #518, .F. ) ;
#10032 = ORIENTED_EDGE ( 'NONE', *, *, #9794, .T. ) ;
#10033 = DIRECTION ( 'NONE',  ( 1.000000000000000000, 0.000000000000000000, 0.000000000000000000 ) ) ;
#10034 = AXIS2_PLACEMENT_3D ( 'NONE', #4685, #9767, #2175 ) ;
#10035 = MECHANICAL_DESIGN_GEOMETRIC_PRESENTATION_REPRESENTATION (  '', ( #7154 ), #8803 ) ;
#10036 = CARTESIAN_POINT ( 'NONE',  ( 3.599999999999999645, 3.000000000000000000, -0.7794627824221421752 ) ) ;
#10037 = FILL_AREA_STYLE ('',( #1401 ) ) ;
#10038 = VERTEX_POINT ( 'NONE', #10474 ) ;
#10039 = FILL_AREA_STYLE ('',( #9374 ) ) ;
#10040 =( LENGTH_UNIT ( ) NAMED_UNIT ( * ) SI_UNIT ( .MILLI., .METRE. ) );
#10041 = CARTESIAN_POINT ( 'NONE',  ( 2.749999999999999112, -1.950000000000000178, -0.1099999999999999867 ) ) ;
#10042 = PRESENTATION_LAYER_ASSIGNMENT (  '', '', ( #706 ) ) ;
#10043 = COLOUR_RGB ( '',0.8039215686274510109, 0.8039215686274510109, 0.8039215686274510109 ) ;
#10044 = FILL_AREA_STYLE ('',( #8308 ) ) ;
#10045 = LINE ( 'NONE', #8364, #2586 ) ;
#10046 = PRESENTATION_LAYER_ASSIGNMENT (  '', '', ( #6613 ) ) ;
#10047 = STYLED_ITEM ( 'NONE', ( #7525 ), #3090 ) ;
#10048 = CARTESIAN_POINT ( 'NONE',  ( -4.324998880753508246, -1.875409738600887666, 0.1100106489190410680 ) ) ;
#10049 = DIRECTION ( 'NONE',  ( 1.000000000000000000, 0.000000000000000000, 0.000000000000000000 ) ) ;
#10050 = FILL_AREA_STYLE_COLOUR ( '', #6989 ) ;
#10051 = EDGE_LOOP ( 'NONE', ( #10326, #5511, #14, #9295, #10969, #5096, #2407, #9011, #3187, #372, #2669, #4038 ) ) ;
#10052 = MECHANICAL_DESIGN_GEOMETRIC_PRESENTATION_REPRESENTATION (  '', ( #8985 ), #5558 ) ;
#10053 = AXIS2_PLACEMENT_3D ( 'NONE', #2833, #5318, #2660 ) ;
#10054 = ORIENTED_EDGE ( 'NONE', *, *, #3735, .T. ) ;
#10055 = VERTEX_POINT ( 'NONE', #9620 ) ;
#10056 = DIRECTION ( 'NONE',  ( 0.000000000000000000, -0.02716902826231849810, -0.9996308538171886360 ) ) ;
#10057 = STYLED_ITEM ( 'NONE', ( #2506 ), #3947 ) ;
#10058 = CARTESIAN_POINT ( 'NONE',  ( -4.020000000000001350, 3.000000000000000000, -0.7794627824221421752 ) ) ;
#10059 = SURFACE_SIDE_STYLE ('',( #4020 ) ) ;
#10060 = SURFACE_SIDE_STYLE ('',( #10124 ) ) ;
#10061 = DIRECTION ( 'NONE',  ( 0.000000000000000000, 0.9975640502598243087, 0.06975647374412501101 ) ) ;
#10062 = COLOUR_RGB ( '',0.8039215686274510109, 0.8039215686274510109, 0.8039215686274510109 ) ;
#10063 = SURFACE_STYLE_FILL_AREA ( #5028 ) ;
#10064 = PLANE ( 'NONE',  #10886 ) ;
#10065 = EDGE_LOOP ( 'NONE', ( #9072, #3574, #4320, #8537 ) ) ;
#10066 =( NAMED_UNIT ( * ) SI_UNIT ( $, .STERADIAN. ) SOLID_ANGLE_UNIT ( ) );
#10067 = VECTOR ( 'NONE', #1223, 1000.000000000000000 ) ;
#10068 = AXIS2_PLACEMENT_3D ( 'NONE', #4227, #2460, #1405 ) ;
#10069 = EDGE_CURVE ( 'NONE', #2692, #5214, #1869, .T. ) ;
#10070 = COLOUR_RGB ( '',0.8039215686274510109, 0.8039215686274510109, 0.8039215686274510109 ) ;
#10071 = VERTEX_POINT ( 'NONE', #1043 ) ;
#10072 = CARTESIAN_POINT ( 'NONE',  ( 2.749999999999999112, -2.350974876014612747, -0.9546157422084604605 ) ) ;
#10073 = DIRECTION ( 'NONE',  ( 0.000000000000000000, 0.000000000000000000, -1.000000000000000000 ) ) ;
#10074 = CARTESIAN_POINT ( 'NONE',  ( -4.324760935694444974, -1.918963392251840760, 0.1122745449310376537 ) ) ;
#10075 = PRESENTATION_LAYER_ASSIGNMENT (  '', '', ( #9188 ) ) ;
#10076 = DIRECTION ( 'NONE',  ( 0.000000000000000000, -1.000000000000000000, 0.000000000000000000 ) ) ;
#10077 = FILL_AREA_STYLE ('',( #556 ) ) ;
#10078 = VECTOR ( 'NONE', #1915, 1000.000000000000000 ) ;
#10079 = SURFACE_STYLE_USAGE ( .BOTH. , #10870 ) ;
#10080 = SURFACE_STYLE_FILL_AREA ( #1489 ) ;
#10081 = ADVANCED_FACE ( 'NONE', ( #2773 ), #4498, .T. ) ;
#10082 = VERTEX_POINT ( 'NONE', #4360 ) ;
#10083 =( NAMED_UNIT ( * ) SI_UNIT ( $, .STERADIAN. ) SOLID_ANGLE_UNIT ( ) );
#10084 = PRESENTATION_LAYER_ASSIGNMENT (  '', '', ( #9550 ) ) ;
#10085 = EDGE_CURVE ( 'NONE', #10038, #7425, #6036, .T. ) ;
#10086 = ADVANCED_FACE ( 'NONE', ( #3388 ), #4966, .F. ) ;
#10087 = ADVANCED_FACE ( 'NONE', ( #5072 ), #11073, .F. ) ;
#10088 = VECTOR ( 'NONE', #9648, 1000.000000000000000 ) ;
#10089 = MECHANICAL_DESIGN_GEOMETRIC_PRESENTATION_REPRESENTATION (  '', ( #6119 ), #2679 ) ;
#10090 = EDGE_LOOP ( 'NONE', ( #7917, #3248, #8060, #10119 ) ) ;
#10091 = CARTESIAN_POINT ( 'NONE',  ( 2.749999999999999112, 1.950000000000000178, -0.1099999999999999867 ) ) ;
#10092 = DIRECTION ( 'NONE',  ( 0.000000000000000000, 0.02716902826231849810, -0.9996308538171886360 ) ) ;
#10093 = CARTESIAN_POINT ( 'NONE',  ( 4.325000000000000178, 1.875136580382890994, -0.1100000000000039835 ) ) ;
#10094 = UNCERTAINTY_MEASURE_WITH_UNIT (LENGTH_MEASURE( 1.000000000000000082E-05 ), #450, 'distance_accuracy_value', 'NONE');
#10095 = PRESENTATION_LAYER_ASSIGNMENT (  '', '', ( #3778 ) ) ;
#10096 =( LENGTH_UNIT ( ) NAMED_UNIT ( * ) SI_UNIT ( .MILLI., .METRE. ) );
#10097 = DIRECTION ( 'NONE',  ( 0.000000000000000000, 0.000000000000000000, 1.000000000000000000 ) ) ;
#10098 = CARTESIAN_POINT ( 'NONE',  ( 4.019999999999999574, -1.950000000000000178, -0.1099999999999999867 ) ) ;
#10099 = STYLED_ITEM ( 'NONE', ( #4932 ), #4613 ) ;
#10100 = DIRECTION ( 'NONE',  ( 1.000000000000000000, 0.000000000000000000, 0.000000000000000000 ) ) ;
#10101 = CLOSED_SHELL ( 'NONE', ( #9597, #10002, #6753, #1563, #9047, #5037, #4705, #10645, #6078, #1455, #11119, #7367, #6896, #4129 ) ) ;
#10102 = ORIENTED_EDGE ( 'NONE', *, *, #786, .T. ) ;
#10103 = ORIENTED_EDGE ( 'NONE', *, *, #8439, .T. ) ;
#10104 = ORIENTED_EDGE ( 'NONE', *, *, #5387, .T. ) ;
#10105 = DIRECTION ( 'NONE',  ( 0.000000000000000000, 0.000000000000000000, -1.000000000000000000 ) ) ;
#10106 = AXIS2_PLACEMENT_3D ( 'NONE', #6290, #9743, #5433 ) ;
#10107 = CARTESIAN_POINT ( 'NONE',  ( -4.249999999999999112, 1.874999999999999778, 0.1100000000000000006 ) ) ;
#10108 = SURFACE_STYLE_USAGE ( .BOTH. , #2347 ) ;
#10109 = EDGE_LOOP ( 'NONE', ( #6454, #8847, #9450, #10231 ) ) ;
#10110 = DIRECTION ( 'NONE',  ( 1.000000000000000000, 0.000000000000000000, 0.000000000000000000 ) ) ;
#10111 = SURFACE_SIDE_STYLE ('',( #1625 ) ) ;
#10112 = CARTESIAN_POINT ( 'NONE',  ( 2.749999999999999112, -3.000000000000000000, -0.7794627824221421752 ) ) ;
#10113 = CARTESIAN_POINT ( 'NONE',  ( 4.019999999999999574, -2.050000000000000266, -0.1099999999999999867 ) ) ;
#10114 = CARTESIAN_POINT ( 'NONE',  ( 1.059999999999999387, 2.050000000000000266, -0.1099999999999999867 ) ) ;
#10115 = CARTESIAN_POINT ( 'NONE',  ( 2.329999999999999627, 2.050000000000000266, -0.2100000000000000200 ) ) ;
#10116 = DIRECTION ( 'NONE',  ( 0.9945218953682732899, 0.000000000000000000, -0.1045284632676526659 ) ) ;
#10117 = FILL_AREA_STYLE ('',( #3966 ) ) ;
#10118 =( LENGTH_UNIT ( ) NAMED_UNIT ( * ) SI_UNIT ( .MILLI., .METRE. ) );
#10119 = ORIENTED_EDGE ( 'NONE', *, *, #1977, .T. ) ;
#10120 = FILL_AREA_STYLE ('',( #6665 ) ) ;
#10121 = ORIENTED_EDGE ( 'NONE', *, *, #2123, .T. ) ;
#10122 = ORIENTED_EDGE ( 'NONE', *, *, #4359, .T. ) ;
#10123 = DIRECTION ( 'NONE',  ( 0.000000000000000000, 0.000000000000000000, -1.000000000000000000 ) ) ;
#10124 = SURFACE_STYLE_FILL_AREA ( #9324 ) ;
#10125 = SURFACE_STYLE_USAGE ( .BOTH. , #10005 ) ;
#10126 = SURFACE_STYLE_USAGE ( .BOTH. , #6780 ) ;
#10127 = ORIENTED_EDGE ( 'NONE', *, *, #3309, .F. ) ;
#10128 = ORIENTED_EDGE ( 'NONE', *, *, #2063, .T. ) ;
#10129 = EDGE_CURVE ( 'NONE', #1367, #3512, #10966, .T. ) ;
#10130 = FILL_AREA_STYLE ('',( #10362 ) ) ;
#10131 = FACE_OUTER_BOUND ( 'NONE', #10065, .T. ) ;
#10132 = DIRECTION ( 'NONE',  ( 0.000000000000000000, 0.000000000000000000, -1.000000000000000000 ) ) ;
#10133 = STYLED_ITEM ( 'NONE', ( #6377 ), #5236 ) ;
#10134 = CARTESIAN_POINT ( 'NONE',  ( 4.019999999999999574, 2.050000000000000266, -0.2100000000000000200 ) ) ;
#10135 = ORIENTED_EDGE ( 'NONE', *, *, #5181, .T. ) ;
#10136 = PLANE ( 'NONE',  #8188 ) ;
#10137 =( LENGTH_UNIT ( ) NAMED_UNIT ( * ) SI_UNIT ( .MILLI., .METRE. ) );
#10138 = UNCERTAINTY_MEASURE_WITH_UNIT (LENGTH_MEASURE( 1.000000000000000082E-05 ), #3795, 'distance_accuracy_value', 'NONE');
#10139 = VECTOR ( 'NONE', #3707, 1000.000000000000000 ) ;
#10140 = AXIS2_PLACEMENT_3D ( 'NONE', #8633, #6653, #10386 ) ;
#10141 = ORIENTED_EDGE ( 'NONE', *, *, #2621, .T. ) ;
#10142 = EDGE_CURVE ( 'NONE', #4156, #6515, #356, .T. ) ;
#10143 = CARTESIAN_POINT ( 'NONE',  ( -4.020000000000001350, -2.165000000000000036, -0.7605367378089592512 ) ) ;
#10144 = SURFACE_STYLE_FILL_AREA ( #8624 ) ;
#10145 = FACE_OUTER_BOUND ( 'NONE', #998, .T. ) ;
#10146 = FACE_OUTER_BOUND ( 'NONE', #6644, .T. ) ;
#10147 = EDGE_CURVE ( 'NONE', #9653, #3057, #5559, .T. ) ;
#10148 =( NAMED_UNIT ( * ) PLANE_ANGLE_UNIT ( ) SI_UNIT ( $, .RADIAN. ) );
#10149 = SURFACE_SIDE_STYLE ('',( #4165 ) ) ;
#10150 = EDGE_CURVE ( 'NONE', #8601, #6033, #8015, .T. ) ;
#10151 = VECTOR ( 'NONE', #8286, 1000.000000000000000 ) ;
#10152 = VERTEX_POINT ( 'NONE', #1843 ) ;
#10153 = ORIENTED_EDGE ( 'NONE', *, *, #1990, .T. ) ;
#10154 = SURFACE_SIDE_STYLE ('',( #1337 ) ) ;
#10155 = ORIENTED_EDGE ( 'NONE', *, *, #5602, .T. ) ;
#10156 = LINE ( 'NONE', #10275, #2995 ) ;
#10157 = VECTOR ( 'NONE', #1269, 1000.000000000000000 ) ;
#10158 = CARTESIAN_POINT ( 'NONE',  ( -0.2100000000000005473, 2.474947744208253031, -0.7427475520708766155 ) ) ;
#10159 = EDGE_CURVE ( 'NONE', #1525, #620, #8988, .T. ) ;
#10160 = ORIENTED_EDGE ( 'NONE', *, *, #499, .T. ) ;
#10161 = SURFACE_STYLE_USAGE ( .BOTH. , #3369 ) ;
#10162 =( LENGTH_UNIT ( ) NAMED_UNIT ( * ) SI_UNIT ( .MILLI., .METRE. ) );
#10163 = PRESENTATION_LAYER_ASSIGNMENT (  '', '', ( #3854 ) ) ;
#10164 = FILL_AREA_STYLE ('',( #792 ) ) ;
#10165 = FILL_AREA_STYLE_COLOUR ( '', #7332 ) ;
#10166 = PLANE ( 'NONE',  #501 ) ;
#10167 = CARTESIAN_POINT ( 'NONE',  ( -0.2100000000000005473, 2.050000000000000266, -0.1099999999999999867 ) ) ;
#10168 = EDGE_CURVE ( 'NONE', #815, #9555, #8869, .T. ) ;
#10169 = VECTOR ( 'NONE', #8146, 1000.000000000000000 ) ;
#10170 = AXIS2_PLACEMENT_3D ( 'NONE', #3404, #1540, #3165 ) ;
#10171 = SURFACE_SIDE_STYLE ('',( #5016 ) ) ;
#10172 = ORIENTED_EDGE ( 'NONE', *, *, #2342, .T. ) ;
#10173 = CARTESIAN_POINT ( 'NONE',  ( -2.750000000000001332, -2.166782826543157903, -0.09000000000000002442 ) ) ;
#10174 = VERTEX_POINT ( 'NONE', #7836 ) ;
#10175 = SURFACE_STYLE_USAGE ( .BOTH. , #3319 ) ;
#10176 = ORIENTED_EDGE ( 'NONE', *, *, #6694, .F. ) ;
#10177 = DIRECTION ( 'NONE',  ( 1.000000000000000000, 0.000000000000000000, 0.000000000000000000 ) ) ;
#10178 = FACE_OUTER_BOUND ( 'NONE', #10607, .T. ) ;
#10179 = LINE ( 'NONE', #5888, #4802 ) ;
#10180 = CARTESIAN_POINT ( 'NONE',  ( -2.750000000000001332, 2.166782826543157903, -0.09000000000000002442 ) ) ;
#10181 = CARTESIAN_POINT ( 'NONE',  ( 4.019999999999999574, -2.149963085381718209, -0.2072830971737681105 ) ) ;
#10182 =( NAMED_UNIT ( * ) SI_UNIT ( $, .STERADIAN. ) SOLID_ANGLE_UNIT ( ) );
#10183 = CARTESIAN_POINT ( 'NONE',  ( -4.324998880753507358, 1.875409738600887000, 0.1100106489190410680 ) ) ;
#10184 = FILL_AREA_STYLE ('',( #6779 ) ) ;
#10185 = CARTESIAN_POINT ( 'NONE',  ( 2.329999999999999627, -1.950000000000000178, -0.1099999999999999867 ) ) ;
#10186 =( GEOMETRIC_REPRESENTATION_CONTEXT ( 3 ) GLOBAL_UNCERTAINTY_ASSIGNED_CONTEXT ( ( #3686 ) ) GLOBAL_UNIT_ASSIGNED_CONTEXT ( ( #2338, #9069, #5583 ) ) REPRESENTATION_CONTEXT ( 'NONE', 'WORKASPACE' ) );
#10187 = ORIENTED_EDGE ( 'NONE', *, *, #7794, .F. ) ;
#10188 = EDGE_LOOP ( 'NONE', ( #4683, #6325, #5504, #1502 ) ) ;
#10189 = LINE ( 'NONE', #709, #5731 ) ;
#10190 = LINE ( 'NONE', #3336, #3564 ) ;
#10191 = AXIS2_PLACEMENT_3D ( 'NONE', #8186, #9576, #9626 ) ;
#10192 = STYLED_ITEM ( 'NONE', ( #10311 ), #7576 ) ;
#10193 = DIRECTION ( 'NONE',  ( 0.000000000000000000, 0.000000000000000000, -1.000000000000000000 ) ) ;
#10194 = EDGE_LOOP ( 'NONE', ( #7662, #9981, #922, #10662 ) ) ;
#10195 =( NAMED_UNIT ( * ) PLANE_ANGLE_UNIT ( ) SI_UNIT ( $, .RADIAN. ) );
#10196 = CARTESIAN_POINT ( 'NONE',  ( 3.599999999999999645, 1.950000000000000178, -0.1099999999999999867 ) ) ;
#10197 = EDGE_CURVE ( 'NONE', #478, #11005, #8449, .T. ) ;
#10198 = COLOUR_RGB ( '',0.8039215686274510109, 0.8039215686274510109, 0.8039215686274510109 ) ;
#10199 = ORIENTED_EDGE ( 'NONE', *, *, #4284, .F. ) ;
#10200 = FILL_AREA_STYLE_COLOUR ( '', #3364 ) ;
#10201 = FILL_AREA_STYLE ('',( #659 ) ) ;
#10202 =( NAMED_UNIT ( * ) SI_UNIT ( $, .STERADIAN. ) SOLID_ANGLE_UNIT ( ) );
#10203 = FILL_AREA_STYLE ('',( #3239 ) ) ;
#10204 = PLANE ( 'NONE',  #390 ) ;
#10205 = SURFACE_SIDE_STYLE ('',( #11049 ) ) ;
#10206 = AXIS2_PLACEMENT_3D ( 'NONE', #10036, #5529, #4001 ) ;
#10207 = EDGE_LOOP ( 'NONE', ( #2634, #8879, #9076, #83 ) ) ;
#10208 = ORIENTED_EDGE ( 'NONE', *, *, #8275, .T. ) ;
#10209 =( NAMED_UNIT ( * ) PLANE_ANGLE_UNIT ( ) SI_UNIT ( $, .RADIAN. ) );
#10210 = ORIENTED_EDGE ( 'NONE', *, *, #4908, .T. ) ;
#10211 =( NAMED_UNIT ( * ) PLANE_ANGLE_UNIT ( ) SI_UNIT ( $, .RADIAN. ) );
#10212 = STYLED_ITEM ( 'NONE', ( #6330 ), #3286 ) ;
#10213 = DIRECTION ( 'NONE',  ( 1.000000000000000000, 0.000000000000000000, 0.000000000000000000 ) ) ;
#10214 = ORIENTED_EDGE ( 'NONE', *, *, #4564, .F. ) ;
#10215 = DIRECTION ( 'NONE',  ( 0.000000000000000000, -0.02716902826231849810, -0.9996308538171886360 ) ) ;
#10216 = DIRECTION ( 'NONE',  ( 0.000000000000000000, 0.000000000000000000, -1.000000000000000000 ) ) ;
#10217 = DIRECTION ( 'NONE',  ( 0.000000000000000000, 0.02716902826232023976, 0.9996308538171885250 ) ) ;
#10218 = PRESENTATION_LAYER_ASSIGNMENT (  '', '', ( #5520 ) ) ;
#10219 = CARTESIAN_POINT ( 'NONE',  ( 4.251217025357844292, 1.950806167510463540, -0.1023298284942927433 ) ) ;
#10220 = DIRECTION ( 'NONE',  ( 1.000000000000000000, 0.000000000000000000, 0.000000000000000000 ) ) ;
#10221 = ORIENTED_EDGE ( 'NONE', *, *, #8555, .T. ) ;
#10223 = SURFACE_SIDE_STYLE ('',( #9309 ) ) ;
#10222 = MECHANICAL_DESIGN_GEOMETRIC_PRESENTATION_REPRESENTATION (  '', ( #2440 ), #7145 ) ;
#10224 = EDGE_LOOP ( 'NONE', ( #6050, #5410, #8957, #1795 ) ) ;
#10225 = EDGE_CURVE ( 'NONE', #1144, #4127, #10502, .T. ) ;
#10226 = FILL_AREA_STYLE_COLOUR ( '', #6656 ) ;
#10227 = STYLED_ITEM ( 'NONE', ( #2514 ), #7943 ) ;
#10228 = EDGE_CURVE ( 'NONE', #9624, #1359, #3725, .T. ) ;
#10229 = ADVANCED_FACE ( 'NONE', ( #6316 ), #3665, .T. ) ;
#10230 = SURFACE_SIDE_STYLE ('',( #2476 ) ) ;
#10231 = ORIENTED_EDGE ( 'NONE', *, *, #7189, .T. ) ;
#10232 = AXIS2_PLACEMENT_3D ( 'NONE', #3793, #3040, #10558 ) ;
#10233 = LINE ( 'NONE', #8428, #8401 ) ;
#10234 = ORIENTED_EDGE ( 'NONE', *, *, #4624, .F. ) ;
#10235 =( NAMED_UNIT ( * ) SI_UNIT ( $, .STERADIAN. ) SOLID_ANGLE_UNIT ( ) );
#10236 = PRESENTATION_LAYER_ASSIGNMENT (  '', '', ( #3924 ) ) ;
#10237 = CARTESIAN_POINT ( 'NONE',  ( -3.600000000000000977, 2.050000000000000266, -0.2100000000000000200 ) ) ;
#10238 = COLOUR_RGB ( '',0.8039215686274510109, 0.8039215686274510109, 0.8039215686274510109 ) ;
#10239 = CARTESIAN_POINT ( 'NONE',  ( 2.749999999999999112, -2.366708997306596007, -0.08456619434753621933 ) ) ;
#10240 = CARTESIAN_POINT ( 'NONE',  ( 2.749999999999999112, 2.381960306200947564, -0.6457080498711260663 ) ) ;
#10241 = AXIS2_PLACEMENT_3D ( 'NONE', #6343, #2101, #7360 ) ;
#10242 = COLOUR_RGB ( '',0.2862745098039215508, 0.2862745098039215508, 0.2862745098039215508 ) ;
#10243 = DIRECTION ( 'NONE',  ( 0.000000000000000000, 0.02716902826232023976, 0.9996308538171885250 ) ) ;
#10244 = SURFACE_STYLE_USAGE ( .BOTH. , #7744 ) ;
#10245 = MECHANICAL_DESIGN_GEOMETRIC_PRESENTATION_REPRESENTATION (  '', ( #706 ), #5734 ) ;
#10246 =( NAMED_UNIT ( * ) SI_UNIT ( $, .STERADIAN. ) SOLID_ANGLE_UNIT ( ) );
#10247 =( GEOMETRIC_REPRESENTATION_CONTEXT ( 3 ) GLOBAL_UNCERTAINTY_ASSIGNED_CONTEXT ( ( #7294 ) ) GLOBAL_UNIT_ASSIGNED_CONTEXT ( ( #3575, #1924, #9614 ) ) REPRESENTATION_CONTEXT ( 'NONE', 'WORKASPACE' ) );
#10248 = ORIENTED_EDGE ( 'NONE', *, *, #7428, .T. ) ;
#10249 = ORIENTED_EDGE ( 'NONE', *, *, #6404, .F. ) ;
#10250 = LINE ( 'NONE', #7465, #10961 ) ;
#10251 = CARTESIAN_POINT ( 'NONE',  ( 4.249999999999999112, 1.949999999999999734, 0.1100000000000000006 ) ) ;
#10252 =( NAMED_UNIT ( * ) PLANE_ANGLE_UNIT ( ) SI_UNIT ( $, .RADIAN. ) );
#10253 = SURFACE_STYLE_USAGE ( .BOTH. , #2545 ) ;
#10254 = DIRECTION ( 'NONE',  ( -1.000000000000000000, 0.000000000000000000, -0.000000000000000000 ) ) ;
#10255 = CARTESIAN_POINT ( 'NONE',  ( 4.250409738600888332, 1.949998880753508024, -0.1100106489190370990 ) ) ;
#10256 = STYLED_ITEM ( 'NONE', ( #740 ), #8714 ) ;
#10257 =( GEOMETRIC_REPRESENTATION_CONTEXT ( 3 ) GLOBAL_UNCERTAINTY_ASSIGNED_CONTEXT ( ( #9145 ) ) GLOBAL_UNIT_ASSIGNED_CONTEXT ( ( #8971, #8168, #9976 ) ) REPRESENTATION_CONTEXT ( 'NONE', 'WORKASPACE' ) );
#10258 = ORIENTED_EDGE ( 'NONE', *, *, #9611, .F. ) ;
#10259 = CARTESIAN_POINT ( 'NONE',  ( 4.324998880753507358, -1.875409738600887666, -0.1100106489190410958 ) ) ;
#10260 = FACE_OUTER_BOUND ( 'NONE', #648, .T. ) ;
#10261 = UNCERTAINTY_MEASURE_WITH_UNIT (LENGTH_MEASURE( 1.000000000000000082E-05 ), #7458, 'distance_accuracy_value', 'NONE');
#10262 = AXIS2_PLACEMENT_3D ( 'NONE', #11010, #1622, #10213 ) ;
#10263 = CIRCLE ( 'NONE', #9351, 0.09999999999999956146 ) ;
#10264 = ORIENTED_EDGE ( 'NONE', *, *, #8419, .F. ) ;
#10265 =( NAMED_UNIT ( * ) PLANE_ANGLE_UNIT ( ) SI_UNIT ( $, .RADIAN. ) );
#10266 = STYLED_ITEM ( 'NONE', ( #644 ), #1769 ) ;
#10267 = CARTESIAN_POINT ( 'NONE',  ( 4.019999999999999574, 2.474947744208253031, -0.7427475520708766155 ) ) ;
#10268 = LINE ( 'NONE', #610, #3189 ) ;
#10269 = VERTEX_POINT ( 'NONE', #10668 ) ;
#10270 = ORIENTED_EDGE ( 'NONE', *, *, #6597, .F. ) ;
#10271 = FACE_OUTER_BOUND ( 'NONE', #4186, .T. ) ;
#10272 = LINE ( 'NONE', #5969, #3414 ) ;
#10273 = VECTOR ( 'NONE', #5603, 1000.000000000000000 ) ;
#10274 = LINE ( 'NONE', #1671, #10417 ) ;
#10275 = CARTESIAN_POINT ( 'NONE',  ( -2.750000000000001332, -3.000000000000000000, -0.7794627824221421752 ) ) ;
#10276 = LINE ( 'NONE', #6650, #3019 ) ;
#10277 = VERTEX_POINT ( 'NONE', #5243 ) ;
#10278 = LINE ( 'NONE', #2517, #2187 ) ;
#10279 = PRESENTATION_STYLE_ASSIGNMENT (( #8901 ) ) ;
#10280 = EDGE_CURVE ( 'NONE', #5932, #9243, #10614, .T. ) ;
#10281 = CARTESIAN_POINT ( 'NONE',  ( 3.599999999999999645, 2.166782826543157903, -0.09000000000000002442 ) ) ;
#10282 =( LENGTH_UNIT ( ) NAMED_UNIT ( * ) SI_UNIT ( .MILLI., .METRE. ) );
#10283 = CLOSED_SHELL ( 'NONE', ( #10567, #9925, #9187, #7585, #7943, #5503, #2746, #8571, #7660, #8790, #9093, #9930, #9943, #5236, #10013, #3814, #3511, #5958, #9196, #6013, #7044, #10708, #4077, #7156, #10229, #5931, #5432, #2608, #3286, #9099, #4747, #1384, #7939, #836, #6494, #2192, #956, #2473, #10834, #4000, #1234, #6353, #4416, #989, #3515 ) ) ;
#10284 = EDGE_CURVE ( 'NONE', #2283, #6362, #8700, .T. ) ;
#10285 = VERTEX_POINT ( 'NONE', #10454 ) ;
#10286 = LINE ( 'NONE', #7896, #1785 ) ;
#10287 = ORIENTED_EDGE ( 'NONE', *, *, #5171, .T. ) ;
#10288 = VECTOR ( 'NONE', #1199, 1000.000000000000000 ) ;
#10289 = CARTESIAN_POINT ( 'NONE',  ( -4.325000000000000178, -1.875000000000000222, 0.1100000000000000006 ) ) ;
#10290 = UNCERTAINTY_MEASURE_WITH_UNIT (LENGTH_MEASURE( 1.000000000000000082E-05 ), #5029, 'distance_accuracy_value', 'NONE');
#10291 = EDGE_LOOP ( 'NONE', ( #1980, #10018, #8841, #5586, #6095, #6837, #7215, #7262, #9673, #571, #3679, #2714 ) ) ;
#10292 = SURFACE_STYLE_FILL_AREA ( #11142 ) ;
#10293 = ORIENTED_EDGE ( 'NONE', *, *, #7529, .F. ) ;
#10294 = DIRECTION ( 'NONE',  ( 1.000000000000000000, 0.000000000000000000, 0.000000000000000000 ) ) ;
#10295 = DIRECTION ( 'NONE',  ( 0.000000000000000000, 0.000000000000000000, 1.000000000000000000 ) ) ;
#10296 = EDGE_CURVE ( 'NONE', #10380, #9383, #2695, .T. ) ;
#10297 = AXIS2_PLACEMENT_3D ( 'NONE', #9026, #8293, #3887 ) ;
#10298 = DIRECTION ( 'NONE',  ( 0.000000000000000000, 0.000000000000000000, -1.000000000000000000 ) ) ;
#10299 = CARTESIAN_POINT ( 'NONE',  ( 0.2099999999999992428, 1.950000000000000178, -0.1099999999999999867 ) ) ;
#10300 =( BOUNDED_CURVE ( )  B_SPLINE_CURVE ( 3, ( #6297, #1209, #1940, #5974 ),
 .UNSPECIFIED., .F., .F. ) 
 B_SPLINE_CURVE_WITH_KNOTS ( ( 4, 4 ),
 ( 6.277722098658053085, 6.283185307179586232 ),
 .UNSPECIFIED. ) 
 CURVE ( )  GEOMETRIC_REPRESENTATION_ITEM ( )  RATIONAL_B_SPLINE_CURVE ( ( 1.000000000000000000, 0.9999975127809339615, 0.9999975127809339615, 1.000000000000000000 ) ) 
 REPRESENTATION_ITEM ( '' )  );
#10301 = EDGE_CURVE ( 'NONE', #5199, #4503, #1023, .T. ) ;
#10302 = CARTESIAN_POINT ( 'NONE',  ( 2.329999999999999627, -2.364926170763438140, -0.7551029321564953767 ) ) ;
#10303 = EDGE_CURVE ( 'NONE', #11070, #8106, #3133, .T. ) ;
#10304 = DIRECTION ( 'NONE',  ( 0.000000000000000000, -1.000000000000000000, 0.000000000000000000 ) ) ;
#10305 = EDGE_LOOP ( 'NONE', ( #5385, #9264, #5980, #9293 ) ) ;
#10306 = ORIENTED_EDGE ( 'NONE', *, *, #9664, .F. ) ;
#10307 = CARTESIAN_POINT ( 'NONE',  ( -3.600000000000000977, 2.165000000000000036, -0.7605367378089592512 ) ) ;
#10308 =( NAMED_UNIT ( * ) PLANE_ANGLE_UNIT ( ) SI_UNIT ( $, .RADIAN. ) );
#10309 =( NAMED_UNIT ( * ) SI_UNIT ( $, .STERADIAN. ) SOLID_ANGLE_UNIT ( ) );
#10310 = LINE ( 'NONE', #3460, #4515 ) ;
#10311 = PRESENTATION_STYLE_ASSIGNMENT (( #4933 ) ) ;
#10312 = EDGE_CURVE ( 'NONE', #6051, #10571, #2177, .T. ) ;
#10313 = CARTESIAN_POINT ( 'NONE',  ( -4.293963392251840538, 1.949760935694444086, -0.1122745449310452726 ) ) ;
#10314 = ORIENTED_EDGE ( 'NONE', *, *, #5527, .F. ) ;
#10315 = SURFACE_STYLE_FILL_AREA ( #8557 ) ;
#10316 = DIRECTION ( 'NONE',  ( 0.000000000000000000, 0.06975647374412548285, 0.9975640502598243087 ) ) ;
#10317 = VERTEX_POINT ( 'NONE', #2916 ) ;
#10318 = VECTOR ( 'NONE', #4419, 1000.000000000000000 ) ;
#10319 = CARTESIAN_POINT ( 'NONE',  ( -1.060000000000000941, -2.050000000000000266, -0.2100000000000000200 ) ) ;
#10320 = SURFACE_STYLE_FILL_AREA ( #7592 ) ;
#10321 = ORIENTED_EDGE ( 'NONE', *, *, #6906, .F. ) ;
#10322 = COLOUR_RGB ( '',0.2862745098039215508, 0.2862745098039215508, 0.2862745098039215508 ) ;
#10323 = DIRECTION ( 'NONE',  ( 1.000000000000000000, 0.000000000000000000, 0.000000000000000000 ) ) ;
#10324 = FILL_AREA_STYLE_COLOUR ( '', #10762 ) ;
#10325 = CARTESIAN_POINT ( 'NONE',  ( -2.330000000000001403, 3.000000000000000000, -0.7794627824221421752 ) ) ;
#10326 = ORIENTED_EDGE ( 'NONE', *, *, #10431, .T. ) ;
#10327 = CARTESIAN_POINT ( 'NONE',  ( 3.599999999999999645, 1.950000000000000178, -0.1099999999999999867 ) ) ;
#10328 =( NAMED_UNIT ( * ) PLANE_ANGLE_UNIT ( ) SI_UNIT ( $, .RADIAN. ) );
#10329 = VECTOR ( 'NONE', #9704, 1000.000000000000000 ) ;
#10330 = LINE ( 'NONE', #2796, #9322 ) ;
#10331 = DIRECTION ( 'NONE',  ( 0.000000000000000000, -0.9945218953682729568, 0.1045284632676566489 ) ) ;
#10332 = SURFACE_STYLE_FILL_AREA ( #3433 ) ;
#10333 = PRESENTATION_LAYER_ASSIGNMENT (  '', '', ( #1837 ) ) ;
#10334 = ORIENTED_EDGE ( 'NONE', *, *, #5877, .T. ) ;
#10335 = DIRECTION ( 'NONE',  ( 0.000000000000000000, 0.02716902826232023976, 0.9996308538171885250 ) ) ;
#10336 = ORIENTED_EDGE ( 'NONE', *, *, #7286, .F. ) ;
#10337 =( NAMED_UNIT ( * ) PLANE_ANGLE_UNIT ( ) SI_UNIT ( $, .RADIAN. ) );
#10338 = COLOUR_RGB ( '',0.8039215686274510109, 0.8039215686274510109, 0.8039215686274510109 ) ;
#10339 = ADVANCED_FACE ( 'NONE', ( #6584 ), #8983, .T. ) ;
#10340 =( NAMED_UNIT ( * ) SI_UNIT ( $, .STERADIAN. ) SOLID_ANGLE_UNIT ( ) );
#10341 = AXIS2_PLACEMENT_3D ( 'NONE', #8343, #6520, #8111 ) ;
#10342 = ORIENTED_EDGE ( 'NONE', *, *, #8310, .F. ) ;
#10343 = PRESENTATION_STYLE_ASSIGNMENT (( #10175 ) ) ;
#10344 = CARTESIAN_POINT ( 'NONE',  ( -2.330000000000001403, -2.050000000000000266, -0.1099999999999999867 ) ) ;
#10345 = DIRECTION ( 'NONE',  ( 0.000000000000000000, -0.02716902826231849810, -0.9996308538171886360 ) ) ;
#10346 = DIRECTION ( 'NONE',  ( 0.000000000000000000, 1.000000000000000000, 0.000000000000000000 ) ) ;
#10347 = CARTESIAN_POINT ( 'NONE',  ( -4.324999626916907758, -1.875273160256224481, -0.1100035496485116254 ) ) ;
#10348 = AXIS2_PLACEMENT_3D ( 'NONE', #5262, #4497, #6117 ) ;
#10349 = CARTESIAN_POINT ( 'NONE',  ( 1.059999999999999387, -3.000000000000000000, -1.000000000000000000 ) ) ;
#10351 = FILL_AREA_STYLE ('',( #136 ) ) ;
#10350 = AXIS2_PLACEMENT_3D ( 'NONE', #6283, #1925, #2767 ) ;
#10352 = SURFACE_STYLE_FILL_AREA ( #1596 ) ;
#10353 = SURFACE_STYLE_FILL_AREA ( #3677 ) ;
#10354 = AXIS2_PLACEMENT_3D ( 'NONE', #5379, #10410, #8836 ) ;
#10355 = ORIENTED_EDGE ( 'NONE', *, *, #2256, .T. ) ;
#10356 = EDGE_CURVE ( 'NONE', #5726, #5127, #9032, .T. ) ;
#10357 = VERTEX_POINT ( 'NONE', #8354 ) ;
#10358 = CARTESIAN_POINT ( 'NONE',  ( 4.325000000000000178, 1.949999999999999734, 0.1100000000000000006 ) ) ;
#10359 =( NAMED_UNIT ( * ) SI_UNIT ( $, .STERADIAN. ) SOLID_ANGLE_UNIT ( ) );
#10360 = ADVANCED_FACE ( 'NONE', ( #9142 ), #6428, .T. ) ;
#10361 = STYLED_ITEM ( 'NONE', ( #8416 ), #6418 ) ;
#10362 = FILL_AREA_STYLE_COLOUR ( '', #5550 ) ;
#10363 = DIRECTION ( 'NONE',  ( 0.000000000000000000, -1.000000000000000000, 0.000000000000000000 ) ) ;
#10364 = DIRECTION ( 'NONE',  ( 0.000000000000000000, -0.000000000000000000, -1.000000000000000000 ) ) ;
#10365 = DIRECTION ( 'NONE',  ( 0.000000000000000000, 0.000000000000000000, -1.000000000000000000 ) ) ;
#10366 = CARTESIAN_POINT ( 'NONE',  ( 2.329999999999999627, 2.364926170763438140, -0.7551029321564953767 ) ) ;
#10367 = FILL_AREA_STYLE ('',( #4547 ) ) ;
#10368 = MECHANICAL_DESIGN_GEOMETRIC_PRESENTATION_REPRESENTATION (  '', ( #5289 ), #5117 ) ;
#10369 = DIRECTION ( 'NONE',  ( 0.000000000000000000, 0.000000000000000000, -1.000000000000000000 ) ) ;
#10370 = ORIENTED_EDGE ( 'NONE', *, *, #3530, .F. ) ;
#10371 = CARTESIAN_POINT ( 'NONE',  ( 4.190202986107629535, -1.815202986107629091, -0.7500000000000000000 ) ) ;
#10372 = CARTESIAN_POINT ( 'NONE',  ( 4.324998880753508246, 1.875409738600886778, -0.1100106489190410125 ) ) ;
#10373 = EDGE_CURVE ( 'NONE', #8880, #4794, #4904, .T. ) ;
#10374 = CIRCLE ( 'NONE', #6907, 0.09999999999999956146 ) ;
#10375 = EDGE_CURVE ( 'NONE', #3958, #8483, #2486, .T. ) ;
#10376 = ORIENTED_EDGE ( 'NONE', *, *, #9732, .F. ) ;
#10377 = EDGE_CURVE ( 'NONE', #5574, #2448, #9985, .T. ) ;
#10378 = CARTESIAN_POINT ( 'NONE',  ( 2.329999999999999627, 2.050000000000000266, -0.1099999999999999867 ) ) ;
#10379 = PRESENTATION_LAYER_ASSIGNMENT (  '', '', ( #1164 ) ) ;
#10380 = VERTEX_POINT ( 'NONE', #3191 ) ;
#10382 = SURFACE_STYLE_USAGE ( .BOTH. , #7598 ) ;
#10381 = STYLED_ITEM ( 'NONE', ( #4548 ), #7602 ) ;
#10383 = DIRECTION ( 'NONE',  ( 0.000000000000000000, 1.000000000000000000, 0.000000000000000000 ) ) ;
#10384 = CARTESIAN_POINT ( 'NONE',  ( 4.019999999999999574, -2.364926170763438140, -0.7551029321564953767 ) ) ;
#10385 =( NAMED_UNIT ( * ) PLANE_ANGLE_UNIT ( ) SI_UNIT ( $, .RADIAN. ) );
#10386 = DIRECTION ( 'NONE',  ( 0.000000000000000000, 0.000000000000000000, -1.000000000000000000 ) ) ;
#10387 = DIRECTION ( 'NONE',  ( 0.000000000000000000, 0.9996308538171885250, -0.02716902826232023976 ) ) ;
#10388 =( NAMED_UNIT ( * ) SI_UNIT ( $, .STERADIAN. ) SOLID_ANGLE_UNIT ( ) );
#10389 = CARTESIAN_POINT ( 'NONE',  ( -4.020000000000001350, 2.366708997306596007, -0.08456619434753616382 ) ) ;
#10390 = CARTESIAN_POINT ( 'NONE',  ( -4.020000000000001350, 2.366708997306596007, -0.08456619434753616382 ) ) ;
#10391 = FACE_OUTER_BOUND ( 'NONE', #5065, .T. ) ;
#10392 = ORIENTED_EDGE ( 'NONE', *, *, #8635, .F. ) ;
#10393 = ORIENTED_EDGE ( 'NONE', *, *, #8285, .F. ) ;
#10394 = STYLED_ITEM ( 'NONE', ( #8232 ), #979 ) ;
#10395 = PRESENTATION_STYLE_ASSIGNMENT (( #6937 ) ) ;
#10396 = VERTEX_POINT ( 'NONE', #9298 ) ;
#10397 = SURFACE_SIDE_STYLE ('',( #5940 ) ) ;
#10398 = SPHERICAL_SURFACE ( 'NONE', #5340, 0.07499999999999999722 ) ;
#10399 =( GEOMETRIC_REPRESENTATION_CONTEXT ( 3 ) GLOBAL_UNCERTAINTY_ASSIGNED_CONTEXT ( ( #4690 ) ) GLOBAL_UNIT_ASSIGNED_CONTEXT ( ( #6671, #3151, #9167 ) ) REPRESENTATION_CONTEXT ( 'NONE', 'WORKASPACE' ) );
#10400 =( GEOMETRIC_REPRESENTATION_CONTEXT ( 3 ) GLOBAL_UNCERTAINTY_ASSIGNED_CONTEXT ( ( #3581 ) ) GLOBAL_UNIT_ASSIGNED_CONTEXT ( ( #10764, #2272, #9190 ) ) REPRESENTATION_CONTEXT ( 'NONE', 'WORKASPACE' ) );
#10401 = SURFACE_STYLE_USAGE ( .BOTH. , #1810 ) ;
#10402 = DIRECTION ( 'NONE',  ( 1.000000000000000000, 0.000000000000000000, 0.000000000000000000 ) ) ;
#10403 = VECTOR ( 'NONE', #6591, 1000.000000000000000 ) ;
#10404 = COLOUR_RGB ( '',0.8039215686274510109, 0.8039215686274510109, 0.8039215686274510109 ) ;
#10405 =( GEOMETRIC_REPRESENTATION_CONTEXT ( 3 ) GLOBAL_UNCERTAINTY_ASSIGNED_CONTEXT ( ( #10533 ) ) GLOBAL_UNIT_ASSIGNED_CONTEXT ( ( #5345, #1072, #8809 ) ) REPRESENTATION_CONTEXT ( 'NONE', 'WORKASPACE' ) );
#10406 = EDGE_LOOP ( 'NONE', ( #2503, #1313, #6214, #6525, #3717, #1037, #3220, #9030, #62, #2470, #10444, #4720 ) ) ;
#10407 = AXIS2_PLACEMENT_3D ( 'NONE', #1660, #6686, #8514 ) ;
#10408 = ORIENTED_EDGE ( 'NONE', *, *, #7174, .F. ) ;
#10409 = CARTESIAN_POINT ( 'NONE',  ( -4.020000000000001350, -3.000000000000000000, -0.7794627824221421752 ) ) ;
#10410 = DIRECTION ( 'NONE',  ( 1.000000000000000000, 0.000000000000000000, 0.000000000000000000 ) ) ;
#10411 =( GEOMETRIC_REPRESENTATION_CONTEXT ( 3 ) GLOBAL_UNCERTAINTY_ASSIGNED_CONTEXT ( ( #9879 ) ) GLOBAL_UNIT_ASSIGNED_CONTEXT ( ( #5578, #6411, #3988 ) ) REPRESENTATION_CONTEXT ( 'NONE', 'WORKASPACE' ) );
#10412 = COLOUR_RGB ( '',0.2862745098039215508, 0.2862745098039215508, 0.2862745098039215508 ) ;
#10413 = FILL_AREA_STYLE ('',( #4382 ) ) ;
#10414 = FACE_OUTER_BOUND ( 'NONE', #6477, .T. ) ;
#10415 = DIRECTION ( 'NONE',  ( 0.000000000000000000, 0.9975640502598241977, -0.06975647374412546897 ) ) ;
#10416 = EDGE_CURVE ( 'NONE', #3389, #2882, #10276, .T. ) ;
#10417 = VECTOR ( 'NONE', #1886, 1000.000000000000000 ) ;
#10418 = ORIENTED_EDGE ( 'NONE', *, *, #5659, .T. ) ;
#10419 = PRESENTATION_LAYER_ASSIGNMENT (  '', '', ( #9520 ) ) ;
#10420 = CIRCLE ( 'NONE', #870, 0.2000000000000002054 ) ;
#10421 = PRESENTATION_LAYER_ASSIGNMENT (  '', '', ( #5914 ) ) ;
#10422 = VERTEX_POINT ( 'NONE', #6699 ) ;
#10423 = CARTESIAN_POINT ( 'NONE',  ( -2.750000000000001332, -2.366708997306596007, -0.08456619434753621933 ) ) ;
#10424 = SURFACE_SIDE_STYLE ('',( #9690 ) ) ;
#10425 = PRESENTATION_LAYER_ASSIGNMENT (  '', '', ( #4115 ) ) ;
#10426 = PRESENTATION_STYLE_ASSIGNMENT (( #5394 ) ) ;
#10427 = ADVANCED_FACE ( 'NONE', ( #9424 ), #4172, .T. ) ;
#10428 = FILL_AREA_STYLE ('',( #9633 ) ) ;
#10429 = MECHANICAL_DESIGN_GEOMETRIC_PRESENTATION_REPRESENTATION (  '', ( #2850 ), #6097 ) ;
#10430 = ORIENTED_EDGE ( 'NONE', *, *, #2325, .F. ) ;
#10431 = EDGE_CURVE ( 'NONE', #5199, #9100, #5923, .T. ) ;
#10432 = EDGE_CURVE ( 'NONE', #5200, #4967, #11061, .T. ) ;
#10433 = SURFACE_STYLE_FILL_AREA ( #11116 ) ;
#10434 = LINE ( 'NONE', #7657, #5729 ) ;
#10435 = PRESENTATION_LAYER_ASSIGNMENT (  '', '', ( #4124 ) ) ;
#10436 = DIRECTION ( 'NONE',  ( 0.000000000000000000, 0.9975640502598241977, -0.06975647374412546897 ) ) ;
#10437 = VECTOR ( 'NONE', #10092, 999.9999999999998863 ) ;
#10438 = LINE ( 'NONE', #112, #1129 ) ;
#10439 = CARTESIAN_POINT ( 'NONE',  ( -1.480000000000000870, 2.050000000000000266, -0.1099999999999999867 ) ) ;
#10440 = SURFACE_STYLE_FILL_AREA ( #6994 ) ;
#10441 = DIRECTION ( 'NONE',  ( 0.000000000000000000, 0.000000000000000000, -1.000000000000000000 ) ) ;
#10442 = SURFACE_STYLE_USAGE ( .BOTH. , #3606 ) ;
#10443 = COLOUR_RGB ( '',0.8039215686274510109, 0.8039215686274510109, 0.8039215686274510109 ) ;
#10444 = ORIENTED_EDGE ( 'NONE', *, *, #7916, .T. ) ;
#10445 = EDGE_CURVE ( 'NONE', #585, #6307, #7554, .T. ) ;
#10446 = LINE ( 'NONE', #6094, #10875 ) ;
#10447 = EDGE_LOOP ( 'NONE', ( #4086, #7406, #7550, #4026, #3590, #4356, #1709, #4262, #5075, #845, #1169, #7356 ) ) ;
#10448 = DIRECTION ( 'NONE',  ( -1.000000000000000000, -1.215511895599726729E-15, 1.156482317317871764E-14 ) ) ;
#10449 = AXIS2_PLACEMENT_3D ( 'NONE', #6984, #897, #4280 ) ;
#10450 =( GEOMETRIC_REPRESENTATION_CONTEXT ( 3 ) GLOBAL_UNCERTAINTY_ASSIGNED_CONTEXT ( ( #7641 ) ) GLOBAL_UNIT_ASSIGNED_CONTEXT ( ( #11097, #3339, #6791 ) ) REPRESENTATION_CONTEXT ( 'NONE', 'WORKASPACE' ) );
#10451 = DIRECTION ( 'NONE',  ( 1.000000000000000000, 0.000000000000000000, 0.000000000000000000 ) ) ;
#10452 = UNCERTAINTY_MEASURE_WITH_UNIT (LENGTH_MEASURE( 1.000000000000000082E-05 ), #3525, 'distance_accuracy_value', 'NONE');
#10453 = PRODUCT_DEFINITION_CONTEXT ( 'detailed design', #2779, 'design' ) ;
#10454 = CARTESIAN_POINT ( 'NONE',  ( 4.325000000000000178, 1.874999999999999778, 0.1100000000000000006 ) ) ;
#10455 = ORIENTED_EDGE ( 'NONE', *, *, #6348, .T. ) ;
#10456 = CARTESIAN_POINT ( 'NONE',  ( -1.480000000000000870, 2.166782826543157903, -0.09000000000000002442 ) ) ;
#10457 = CARTESIAN_POINT ( 'NONE',  ( 1.479999999999999094, -2.165000000000000036, -0.7605367378089592512 ) ) ;
#10458 = DIRECTION ( 'NONE',  ( 1.000000000000000000, 0.000000000000000000, -0.000000000000000000 ) ) ;
#10459 = DIRECTION ( 'NONE',  ( 0.000000000000000000, 0.000000000000000000, 1.000000000000000000 ) ) ;
#10460 = COLOUR_RGB ( '',0.8039215686274510109, 0.8039215686274510109, 0.8039215686274510109 ) ;
#10461 = AXIS2_PLACEMENT_3D ( 'NONE', #8263, #2890, #2147 ) ;
#10462 =( NAMED_UNIT ( * ) SI_UNIT ( $, .STERADIAN. ) SOLID_ANGLE_UNIT ( ) );
#10463 = DIRECTION ( 'NONE',  ( 1.000000000000000000, 0.000000000000000000, 0.000000000000000000 ) ) ;
#10464 = DIRECTION ( 'NONE',  ( 0.000000000000000000, 0.02716902826232023976, 0.9996308538171885250 ) ) ;
#10465 = PRESENTATION_LAYER_ASSIGNMENT (  '', '', ( #4155 ) ) ;
#10466 = VERTEX_POINT ( 'NONE', #8523 ) ;
#10467 = ORIENTED_EDGE ( 'NONE', *, *, #9804, .F. ) ;
#10468 = DIRECTION ( 'NONE',  ( 0.000000000000000000, 0.000000000000000000, -1.000000000000000000 ) ) ;
#10469 = DIRECTION ( 'NONE',  ( 1.000000000000000000, 0.000000000000000000, 0.000000000000000000 ) ) ;
#10470 = FACE_OUTER_BOUND ( 'NONE', #2801, .T. ) ;
#10471 = UNCERTAINTY_MEASURE_WITH_UNIT (LENGTH_MEASURE( 1.000000000000000082E-05 ), #6517, 'distance_accuracy_value', 'NONE');
#10472 = SURFACE_STYLE_FILL_AREA ( #34 ) ;
#10473 = SURFACE_SIDE_STYLE ('',( #3457 ) ) ;
#10474 = CARTESIAN_POINT ( 'NONE',  ( -0.2100000000000005473, 3.000000000000000000, -0.7794627824221421752 ) ) ;
#10475 = SURFACE_SIDE_STYLE ('',( #3690 ) ) ;
#10476 = CARTESIAN_POINT ( 'NONE',  ( 4.249999999999999112, 1.949999999999999734, 0.1100000000000000006 ) ) ;
#10477 = CARTESIAN_POINT ( 'NONE',  ( 4.019999999999999574, -1.950000000000000178, 0.1100000000000000144 ) ) ;
#10478 = AXIS2_PLACEMENT_3D ( 'NONE', #2849, #5445, #7877 ) ;
#10479 = ORIENTED_EDGE ( 'NONE', *, *, #834, .T. ) ;
#10480 = CARTESIAN_POINT ( 'NONE',  ( -2.750000000000001332, -2.050000000000000266, -0.1099999999999999867 ) ) ;
#10481 = EDGE_CURVE ( 'NONE', #4385, #1490, #4952, .T. ) ;
#10482 = ORIENTED_EDGE ( 'NONE', *, *, #4889, .T. ) ;
#10483 = DIRECTION ( 'NONE',  ( 1.000000000000000000, 0.000000000000000000, 0.000000000000000000 ) ) ;
#10484 = DIRECTION ( 'NONE',  ( 1.000000000000000000, 0.000000000000000000, 0.000000000000000000 ) ) ;
#10485 = DIRECTION ( 'NONE',  ( 0.000000000000000000, 0.000000000000000000, -1.000000000000000000 ) ) ;
#10486 = ORIENTED_EDGE ( 'NONE', *, *, #10979, .F. ) ;
#10487 = SURFACE_STYLE_FILL_AREA ( #7092 ) ;
#10488 =( NAMED_UNIT ( * ) SI_UNIT ( $, .STERADIAN. ) SOLID_ANGLE_UNIT ( ) );
#10489 = FILL_AREA_STYLE ('',( #283 ) ) ;
#10490 = LINE ( 'NONE', #2731, #10958 ) ;
#10491 = DIRECTION ( 'NONE',  ( 0.000000000000000000, 0.000000000000000000, -1.000000000000000000 ) ) ;
#10492 = EDGE_CURVE ( 'NONE', #3823, #4917, #10796, .T. ) ;
#10493 = LINE ( 'NONE', #7051, #8098 ) ;
#10494 = VECTOR ( 'NONE', #4696, 1000.000000000000000 ) ;
#10495 = ORIENTED_EDGE ( 'NONE', *, *, #5448, .T. ) ;
#10496 = SURFACE_SIDE_STYLE ('',( #6255 ) ) ;
#10497 = PLANE ( 'NONE',  #784 ) ;
#10498 = EDGE_LOOP ( 'NONE', ( #420, #9418, #2149, #271 ) ) ;
#10499 = CARTESIAN_POINT ( 'NONE',  ( 4.324760935694444974, -1.918963392251839650, -0.1122745449310452309 ) ) ;
#10500 = EDGE_CURVE ( 'NONE', #1280, #5309, #5920, .T. ) ;
#10501 = CARTESIAN_POINT ( 'NONE',  ( -2.330000000000001403, 2.474947744208253031, -0.7427475520708766155 ) ) ;
#10502 = LINE ( 'NONE', #196, #6452 ) ;
#10503 = MECHANICAL_DESIGN_GEOMETRIC_PRESENTATION_REPRESENTATION (  '', ( #7076 ), #4730 ) ;
#10504 = ORIENTED_EDGE ( 'NONE', *, *, #9531, .T. ) ;
#10505 = EDGE_CURVE ( 'NONE', #5129, #9135, #8576, .T. ) ;
#10506 = SURFACE_STYLE_FILL_AREA ( #2922 ) ;
#10507 = STYLED_ITEM ( 'NONE', ( #6629 ), #2746 ) ;
#10508 = SURFACE_SIDE_STYLE ('',( #7065 ) ) ;
#10509 = FILL_AREA_STYLE_COLOUR ( '', #672 ) ;
#10510 = CARTESIAN_POINT ( 'NONE',  ( 1.479999999999999094, 2.474947744208253031, -0.7427475520708763934 ) ) ;
#10511 = FACE_OUTER_BOUND ( 'NONE', #10224, .T. ) ;
#10512 = AXIS2_PLACEMENT_3D ( 'NONE', #1756, #988, #5797 ) ;
#10513 =( NAMED_UNIT ( * ) SI_UNIT ( $, .STERADIAN. ) SOLID_ANGLE_UNIT ( ) );
#10514 = PRESENTATION_LAYER_ASSIGNMENT (  '', '', ( #2028 ) ) ;
#10515 = VERTEX_POINT ( 'NONE', #10325 ) ;
#10516 = ORIENTED_EDGE ( 'NONE', *, *, #1287, .T. ) ;
#10517 = LINE ( 'NONE', #5311, #5169 ) ;
#10518 = AXIS2_PLACEMENT_3D ( 'NONE', #9913, #3935, #2155 ) ;
#10519 = LINE ( 'NONE', #10685, #2204 ) ;
#10520 =( NAMED_UNIT ( * ) PLANE_ANGLE_UNIT ( ) SI_UNIT ( $, .RADIAN. ) );
#10521 = COLOUR_RGB ( '',0.8039215686274510109, 0.8039215686274510109, 0.8039215686274510109 ) ;
#10522 = VECTOR ( 'NONE', #9539, 1000.000000000000000 ) ;
#10523 =( LENGTH_UNIT ( ) NAMED_UNIT ( * ) SI_UNIT ( .MILLI., .METRE. ) );
#10524 = DIRECTION ( 'NONE',  ( 1.000000000000000000, 0.000000000000000000, 0.000000000000000000 ) ) ;
#10525 = UNCERTAINTY_MEASURE_WITH_UNIT (LENGTH_MEASURE( 1.000000000000000082E-05 ), #4578, 'distance_accuracy_value', 'NONE');
#10526 = DIRECTION ( 'NONE',  ( 1.000000000000000000, -0.000000000000000000, 0.000000000000000000 ) ) ;
#10527 =( GEOMETRIC_REPRESENTATION_CONTEXT ( 3 ) GLOBAL_UNCERTAINTY_ASSIGNED_CONTEXT ( ( #5241 ) ) GLOBAL_UNIT_ASSIGNED_CONTEXT ( ( #3109, #5727, #4879 ) ) REPRESENTATION_CONTEXT ( 'NONE', 'WORKASPACE' ) );
#10528 = VERTEX_POINT ( 'NONE', #787 ) ;
#10529 =( NAMED_UNIT ( * ) PLANE_ANGLE_UNIT ( ) SI_UNIT ( $, .RADIAN. ) );
#10530 = PRESENTATION_LAYER_ASSIGNMENT (  '', '', ( #5469 ) ) ;
#10531 = ORIENTED_EDGE ( 'NONE', *, *, #2413, .F. ) ;
#10532 = FILL_AREA_STYLE_COLOUR ( '', #10242 ) ;
#10533 = UNCERTAINTY_MEASURE_WITH_UNIT (LENGTH_MEASURE( 1.000000000000000082E-05 ), #5345, 'distance_accuracy_value', 'NONE');
#10534 = SURFACE_STYLE_FILL_AREA ( #7995 ) ;
#10535 = VECTOR ( 'NONE', #1626, 1000.000000000000000 ) ;
#10536 = EDGE_LOOP ( 'NONE', ( #3380, #7195, #9183, #6666 ) ) ;
#10537 =( LENGTH_UNIT ( ) NAMED_UNIT ( * ) SI_UNIT ( .MILLI., .METRE. ) );
#10538 = VECTOR ( 'NONE', #10583, 1000.000000000000227 ) ;
#10539 = STYLED_ITEM ( 'NONE', ( #9027 ), #7244 ) ;
#10540 = DIRECTION ( 'NONE',  ( 1.000000000000000000, 0.000000000000000000, 0.000000000000000000 ) ) ;
#10541 =( NAMED_UNIT ( * ) SI_UNIT ( $, .STERADIAN. ) SOLID_ANGLE_UNIT ( ) );
#10542 = PRESENTATION_STYLE_ASSIGNMENT (( #6140 ) ) ;
#10543 = FILL_AREA_STYLE_COLOUR ( '', #3211 ) ;
#10544 = CIRCLE ( 'NONE', #3881, 0.2000000000000003164 ) ;
#10545 = CLOSED_SHELL ( 'NONE', ( #10087, #3269, #6988, #1607, #4146, #852, #73, #5995, #4611, #7731, #3875, #8147, #1303, #5353 ) ) ;
#10546 = ORIENTED_EDGE ( 'NONE', *, *, #9882, .F. ) ;
#10547 = DIRECTION ( 'NONE',  ( 0.000000000000000000, 0.02716902826232023976, 0.9996308538171885250 ) ) ;
#10548 = ORIENTED_EDGE ( 'NONE', *, *, #3799, .T. ) ;
#10549 = EDGE_CURVE ( 'NONE', #1620, #10038, #4223, .T. ) ;
#10550 = AXIS2_PLACEMENT_3D ( 'NONE', #6068, #9525, #1774 ) ;
#10551 = AXIS2_PLACEMENT_3D ( 'NONE', #4363, #6838, #7787 ) ;
#10552 = DIRECTION ( 'NONE',  ( 0.000000000000000000, 0.000000000000000000, -1.000000000000000000 ) ) ;
#10553 = ORIENTED_EDGE ( 'NONE', *, *, #10280, .F. ) ;
#10554 = LINE ( 'NONE', #2810, #8874 ) ;
#10555 = DIRECTION ( 'NONE',  ( -1.000000000000000000, -0.000000000000000000, -0.000000000000000000 ) ) ;
#10556 = SURFACE_SIDE_STYLE ('',( #10506 ) ) ;
#10557 = CARTESIAN_POINT ( 'NONE',  ( -4.020000000000001350, 3.000000000000000000, -0.7794627824221421752 ) ) ;
#10558 = DIRECTION ( 'NONE',  ( 0.000000000000000000, 0.000000000000000000, -1.000000000000000000 ) ) ;
#10559 = EDGE_CURVE ( 'NONE', #1861, #2257, #7184, .T. ) ;
#10560 = CARTESIAN_POINT ( 'NONE',  ( -2.750000000000001332, 3.000000000000000000, -0.7794627824221421752 ) ) ;
#10561 = SURFACE_STYLE_USAGE ( .BOTH. , #7120 ) ;
#10562 = FILL_AREA_STYLE_COLOUR ( '', #2282 ) ;
#10563 = ADVANCED_FACE ( 'NONE', ( #5971 ), #4289, .T. ) ;
#10564 = MECHANICAL_DESIGN_GEOMETRIC_PRESENTATION_REPRESENTATION (  '', ( #8217 ), #6226 ) ;
#10565 = EDGE_CURVE ( 'NONE', #8531, #8356, #10601, .T. ) ;
#10566 = CARTESIAN_POINT ( 'NONE',  ( -2.330000000000001403, 2.050000000000000266, -0.2100000000000000200 ) ) ;
#10567 = ADVANCED_FACE ( 'NONE', ( #182 ), #111, .F. ) ;
#10568 = COLOUR_RGB ( '',0.2862745098039215508, 0.2862745098039215508, 0.2862745098039215508 ) ;
#10569 = ORIENTED_EDGE ( 'NONE', *, *, #3442, .T. ) ;
#10570 = PRESENTATION_LAYER_ASSIGNMENT (  '', '', ( #2438 ) ) ;
#10571 = VERTEX_POINT ( 'NONE', #8910 ) ;
#10572 = CARTESIAN_POINT ( 'NONE',  ( -2.750000000000001332, 2.050000000000000266, -0.1099999999999999867 ) ) ;
#10573 = FACE_OUTER_BOUND ( 'NONE', #10447, .T. ) ;
#10574 = MECHANICAL_DESIGN_GEOMETRIC_PRESENTATION_REPRESENTATION (  '', ( #4976 ), #313 ) ;
#10575 = FACE_OUTER_BOUND ( 'NONE', #298, .T. ) ;
#10576 = FACE_OUTER_BOUND ( 'NONE', #3147, .T. ) ;
#10577 = UNCERTAINTY_MEASURE_WITH_UNIT (LENGTH_MEASURE( 1.000000000000000082E-05 ), #6642, 'distance_accuracy_value', 'NONE');
#10578 = SURFACE_STYLE_USAGE ( .BOTH. , #5207 ) ;
#10579 = CARTESIAN_POINT ( 'NONE',  ( 4.324999626916907758, 1.875273160256224259, 0.1100035496485116115 ) ) ;
#10580 = MECHANICAL_DESIGN_GEOMETRIC_PRESENTATION_REPRESENTATION (  '', ( #6252 ), #318 ) ;
#10581 = ORIENTED_EDGE ( 'NONE', *, *, #5532, .T. ) ;
#10582 = DIRECTION ( 'NONE',  ( 0.000000000000000000, 0.06975647374412501101, -0.9975640502598243087 ) ) ;
#10583 = DIRECTION ( 'NONE',  ( 0.000000000000000000, -0.9975640502598241977, -0.06975647374412546897 ) ) ;
#10584 = MECHANICAL_DESIGN_GEOMETRIC_PRESENTATION_REPRESENTATION (  '', ( #3350 ), #321 ) ;
#10585 = ORIENTED_EDGE ( 'NONE', *, *, #5941, .F. ) ;
#10586 = CARTESIAN_POINT ( 'NONE',  ( -2.750000000000001332, -2.149963085381718209, -0.2072830971737681105 ) ) ;
#10587 =( GEOMETRIC_REPRESENTATION_CONTEXT ( 3 ) GLOBAL_UNCERTAINTY_ASSIGNED_CONTEXT ( ( #7384 ) ) GLOBAL_UNIT_ASSIGNED_CONTEXT ( ( #9963, #1212, #4719 ) ) REPRESENTATION_CONTEXT ( 'NONE', 'WORKASPACE' ) );
#10588 = UNCERTAINTY_MEASURE_WITH_UNIT (LENGTH_MEASURE( 1.000000000000000082E-05 ), #11167, 'distance_accuracy_value', 'NONE');
#10589 = FILL_AREA_STYLE_COLOUR ( '', #8894 ) ;
#10590 = CIRCLE ( 'NONE', #4648, 0.09999999999999956146 ) ;
#10591 = AXIS2_PLACEMENT_3D ( 'NONE', #9037, #1407, #8128 ) ;
#10592 = MECHANICAL_DESIGN_GEOMETRIC_PRESENTATION_REPRESENTATION (  '', ( #5904 ), #6795 ) ;
#10593 = CARTESIAN_POINT ( 'NONE',  ( -4.020000000000001350, 1.950000000000000178, -0.1099999999999999867 ) ) ;
#10594 = SURFACE_SIDE_STYLE ('',( #6304 ) ) ;
#10595 = ORIENTED_EDGE ( 'NONE', *, *, #9255, .T. ) ;
#10596 = LINE ( 'NONE', #9809, #947 ) ;
#10597 = COLOUR_RGB ( '',0.8039215686274510109, 0.8039215686274510109, 0.8039215686274510109 ) ;
#10598 =( GEOMETRIC_REPRESENTATION_CONTEXT ( 3 ) GLOBAL_UNCERTAINTY_ASSIGNED_CONTEXT ( ( #5699 ) ) GLOBAL_UNIT_ASSIGNED_CONTEXT ( ( #8590, #19, #10340 ) ) REPRESENTATION_CONTEXT ( 'NONE', 'WORKASPACE' ) );
#10599 = VECTOR ( 'NONE', #9045, 1000.000000000000000 ) ;
#10600 = MECHANICAL_DESIGN_GEOMETRIC_PRESENTATION_REPRESENTATION (  '', ( #7897 ), #9889 ) ;
#10601 = LINE ( 'NONE', #2853, #7516 ) ;
#10602 = DIRECTION ( 'NONE',  ( 0.000000000000000000, 0.000000000000000000, -1.000000000000000000 ) ) ;
#10603 = FACE_OUTER_BOUND ( 'NONE', #3978, .T. ) ;
#10604 = PRESENTATION_STYLE_ASSIGNMENT (( #2685 ) ) ;
#10605 = DIRECTION ( 'NONE',  ( -1.000000000000000000, -0.000000000000000000, -0.000000000000000000 ) ) ;
#10606 = SURFACE_STYLE_USAGE ( .BOTH. , #9817 ) ;
#10607 = EDGE_LOOP ( 'NONE', ( #1001, #392, #6505, #9595 ) ) ;
#10608 = AXIS2_PLACEMENT_3D ( 'NONE', #2165, #5631, #5799 ) ;
#10609 =( NAMED_UNIT ( * ) SI_UNIT ( $, .STERADIAN. ) SOLID_ANGLE_UNIT ( ) );
#10610 = VECTOR ( 'NONE', #4058, 1000.000000000000000 ) ;
#10611 = ORIENTED_EDGE ( 'NONE', *, *, #3134, .F. ) ;
#10612 = LINE ( 'NONE', #2119, #9321 ) ;
#10613 = COLOUR_RGB ( '',0.2862745098039215508, 0.2862745098039215508, 0.2862745098039215508 ) ;
#10614 = LINE ( 'NONE', #5295, #5374 ) ;
#10615 = EDGE_CURVE ( 'NONE', #1535, #4794, #5454, .T. ) ;
#10616 = ORIENTED_EDGE ( 'NONE', *, *, #3528, .T. ) ;
#10617 = SURFACE_STYLE_USAGE ( .BOTH. , #6318 ) ;
#10618 = FILL_AREA_STYLE_COLOUR ( '', #9178 ) ;
#10619 =( NAMED_UNIT ( * ) SI_UNIT ( $, .STERADIAN. ) SOLID_ANGLE_UNIT ( ) );
#10620 = MECHANICAL_DESIGN_GEOMETRIC_PRESENTATION_REPRESENTATION (  '', ( #5751 ), #3762 ) ;
#10621 = EDGE_CURVE ( 'NONE', #5664, #671, #9760, .T. ) ;
#10622 = SURFACE_STYLE_FILL_AREA ( #1242 ) ;
#10623 = AXIS2_PLACEMENT_3D ( 'NONE', #9096, #3046, #4748 ) ;
#10624 = CARTESIAN_POINT ( 'NONE',  ( -2.330000000000001403, -2.050000000000000266, -0.1099999999999999867 ) ) ;
#10625 = CARTESIAN_POINT ( 'NONE',  ( 1.059999999999999387, 3.000000000000000000, -0.7794627824221421752 ) ) ;
#10626 = PLANE ( 'NONE',  #250 ) ;
#10627 = DIRECTION ( 'NONE',  ( 0.000000000000000000, -1.000000000000000000, 0.000000000000000000 ) ) ;
#10628 = VECTOR ( 'NONE', #7676, 1000.000000000000000 ) ;
#10629 = EDGE_CURVE ( 'NONE', #8501, #3231, #10490, .T. ) ;
#10630 = ORIENTED_EDGE ( 'NONE', *, *, #2489, .T. ) ;
#10631 = COLOUR_RGB ( '',0.8039215686274510109, 0.8039215686274510109, 0.8039215686274510109 ) ;
#10632 = ORIENTED_EDGE ( 'NONE', *, *, #4628, .F. ) ;
#10633 = COLOUR_RGB ( '',0.8039215686274510109, 0.8039215686274510109, 0.8039215686274510109 ) ;
#10634 = DIRECTION ( 'NONE',  ( 0.9945218953682732899, 0.000000000000000000, -0.1045284632676541231 ) ) ;
#10635 = COLOUR_RGB ( '',0.8039215686274510109, 0.8039215686274510109, 0.8039215686274510109 ) ;
#10636 = CYLINDRICAL_SURFACE ( 'NONE', #10941, 0.07499999999999980294 ) ;
#10637 = DIRECTION ( 'NONE',  ( 1.000000000000000000, 0.000000000000000000, 0.000000000000000000 ) ) ;
#10638 = EDGE_CURVE ( 'NONE', #1394, #2765, #6080, .T. ) ;
#10639 = ADVANCED_FACE ( 'NONE', ( #8859 ), #1116, .T. ) ;
#10640 = CLOSED_SHELL ( 'NONE', ( #1575, #1825, #11055, #172, #430, #1181, #9314, #2045, #10756, #8768, #8903, #8141, #6612, #8911 ) ) ;
#10641 = DIRECTION ( 'NONE',  ( 1.000000000000000000, -0.000000000000000000, 0.000000000000000000 ) ) ;
#10642 = FILL_AREA_STYLE ('',( #6394 ) ) ;
#10643 = ORIENTED_EDGE ( 'NONE', *, *, #9051, .T. ) ;
#10644 = COLOUR_RGB ( '',0.2862745098039215508, 0.2862745098039215508, 0.2862745098039215508 ) ;
#10645 = ADVANCED_FACE ( 'NONE', ( #1276 ), #5629, .T. ) ;
#10646 = ORIENTED_EDGE ( 'NONE', *, *, #1438, .F. ) ;
#10647 =( NAMED_UNIT ( * ) SI_UNIT ( $, .STERADIAN. ) SOLID_ANGLE_UNIT ( ) );
#10648 = FILL_AREA_STYLE_COLOUR ( '', #3157 ) ;
#10649 = ADVANCED_FACE ( 'NONE', ( #10877 ), #3826, .T. ) ;
#10650 = PRESENTATION_STYLE_ASSIGNMENT (( #7200 ) ) ;
#10651 = AXIS2_PLACEMENT_3D ( 'NONE', #6576, #3948, #9198 ) ;
#10652 =( NAMED_UNIT ( * ) PLANE_ANGLE_UNIT ( ) SI_UNIT ( $, .RADIAN. ) );
#10653 = DIRECTION ( 'NONE',  ( 1.000000000000000000, 0.000000000000000000, 0.000000000000000000 ) ) ;
#10654 =( BOUNDED_CURVE ( )  B_SPLINE_CURVE ( 3, ( #5293, #8648, #10499, #5187 ),
 .UNSPECIFIED., .F., .F. ) 
 B_SPLINE_CURVE_WITH_KNOTS ( ( 4, 4 ),
 ( 5.503250352303700410, 7.063120262055492482 ),
 .UNSPECIFIED. ) 
 CURVE ( )  GEOMETRIC_REPRESENTATION_ITEM ( )  RATIONAL_B_SPLINE_CURVE ( ( 1.000000000000000000, 0.8073061876036373707, 0.8073061876036373707, 1.000000000000000000 ) ) 
 REPRESENTATION_ITEM ( '' )  );
#10655 = VERTEX_POINT ( 'NONE', #9356 ) ;
#10656 = CARTESIAN_POINT ( 'NONE',  ( 2.329999999999999627, -2.050000000000000266, -0.1099999999999999867 ) ) ;
#10657 = PRESENTATION_STYLE_ASSIGNMENT (( #4614 ) ) ;
#10658 = SURFACE_STYLE_USAGE ( .BOTH. , #10878 ) ;
#10659 = SURFACE_STYLE_FILL_AREA ( #2795 ) ;
#10660 = DIRECTION ( 'NONE',  ( 0.000000000000000000, -0.000000000000000000, -1.000000000000000000 ) ) ;
#10661 = CARTESIAN_POINT ( 'NONE',  ( 2.749999999999999112, 2.366708997306596007, -0.08456619434753616382 ) ) ;
#10662 = ORIENTED_EDGE ( 'NONE', *, *, #5306, .F. ) ;
#10663 = ORIENTED_EDGE ( 'NONE', *, *, #4065, .T. ) ;
#10664 = DIRECTION ( 'NONE',  ( 0.000000000000000000, -0.9975640502598241977, -0.06975647374412546897 ) ) ;
#10665 = DIRECTION ( 'NONE',  ( 0.9945218953682734009, 0.000000000000000000, 0.1045284632676537068 ) ) ;
#10666 = ORIENTED_EDGE ( 'NONE', *, *, #8572, .T. ) ;
#10667 = CARTESIAN_POINT ( 'NONE',  ( 1.479999999999999094, 2.474947744208253031, -0.7427475520708766155 ) ) ;
#10668 = CARTESIAN_POINT ( 'NONE',  ( 2.329999999999999627, -2.165000000000000036, -0.7605367378089592512 ) ) ;
#10669 = UNCERTAINTY_MEASURE_WITH_UNIT (LENGTH_MEASURE( 1.000000000000000082E-05 ), #5188, 'distance_accuracy_value', 'NONE');
#10670 = VERTEX_POINT ( 'NONE', #6801 ) ;
#10671 = PRESENTATION_STYLE_ASSIGNMENT (( #4692 ) ) ;
#10672 = SURFACE_STYLE_FILL_AREA ( #8074 ) ;
#10673 = CYLINDRICAL_SURFACE ( 'NONE', #5878, 0.2000000000000003164 ) ;
#10674 = DIRECTION ( 'NONE',  ( 0.000000000000000000, 0.000000000000000000, -1.000000000000000000 ) ) ;
#10675 = STYLED_ITEM ( 'NONE', ( #4585 ), #5302 ) ;
#10676 = SURFACE_STYLE_FILL_AREA ( #6271 ) ;
#10677 = FILL_AREA_STYLE_COLOUR ( '', #10851 ) ;
#10678 = CARTESIAN_POINT ( 'NONE',  ( -4.250273160256224259, -1.949999626916908646, 0.1100035496485076009 ) ) ;
#10679 = FACE_OUTER_BOUND ( 'NONE', #1123, .T. ) ;
#10680 = LINE ( 'NONE', #6381, #2861 ) ;
#10681 = COLOUR_RGB ( '',0.8039215686274510109, 0.8039215686274510109, 0.8039215686274510109 ) ;
#10682 = ORIENTED_EDGE ( 'NONE', *, *, #1445, .F. ) ;
#10683 = EDGE_LOOP ( 'NONE', ( #8499, #4145, #801, #4134 ) ) ;
#10684 = CARTESIAN_POINT ( 'NONE',  ( 4.019999999999999574, 1.950000000000000178, -0.1099999999999999867 ) ) ;
#10685 = CARTESIAN_POINT ( 'NONE',  ( 4.283654545973160310, 1.834065403820539508, 0.5033757181366588229 ) ) ;
#10686 = MECHANICAL_DESIGN_GEOMETRIC_PRESENTATION_REPRESENTATION (  '', ( #1654 ), #9242 ) ;
#10687 = CARTESIAN_POINT ( 'NONE',  ( 4.324760935694444974, 1.918963392251840094, 0.1122745449310376537 ) ) ;
#10688 = DIRECTION ( 'NONE',  ( 0.000000000000000000, -0.000000000000000000, -1.000000000000000000 ) ) ;
#10689 =( GEOMETRIC_REPRESENTATION_CONTEXT ( 3 ) GLOBAL_UNCERTAINTY_ASSIGNED_CONTEXT ( ( #1047 ) ) GLOBAL_UNIT_ASSIGNED_CONTEXT ( ( #2627, #6087, #10647 ) ) REPRESENTATION_CONTEXT ( 'NONE', 'WORKASPACE' ) );
#10690 = ORIENTED_EDGE ( 'NONE', *, *, #4309, .F. ) ;
#10691 =( LENGTH_UNIT ( ) NAMED_UNIT ( * ) SI_UNIT ( .MILLI., .METRE. ) );
#10692 =( GEOMETRIC_REPRESENTATION_CONTEXT ( 3 ) GLOBAL_UNCERTAINTY_ASSIGNED_CONTEXT ( ( #4891 ) ) GLOBAL_UNIT_ASSIGNED_CONTEXT ( ( #5157, #7542, #9239 ) ) REPRESENTATION_CONTEXT ( 'NONE', 'WORKASPACE' ) );
#10693 = ADVANCED_FACE ( 'NONE', ( #1496 ), #5046, .T. ) ;
#10694 = UNCERTAINTY_MEASURE_WITH_UNIT (LENGTH_MEASURE( 1.000000000000000082E-05 ), #942, 'distance_accuracy_value', 'NONE');
#10695 = EDGE_LOOP ( 'NONE', ( #5836, #3876, #1690, #11033 ) ) ;
#10696 = FILL_AREA_STYLE ('',( #7871 ) ) ;
#10697 = COLOUR_RGB ( '',0.8039215686274510109, 0.8039215686274510109, 0.8039215686274510109 ) ;
#10698 = CARTESIAN_POINT ( 'NONE',  ( 2.329999999999999627, 2.350974876014612747, -0.9546157422084604605 ) ) ;
#10699 = FILL_AREA_STYLE ('',( #9059 ) ) ;
#10700 = CARTESIAN_POINT ( 'NONE',  ( 1.059999999999999387, -2.474947744208253031, -0.7427475520708763934 ) ) ;
#10701 = SURFACE_STYLE_USAGE ( .BOTH. , #4884 ) ;
#10702 = SURFACE_STYLE_FILL_AREA ( #439 ) ;
#10703 = DIRECTION ( 'NONE',  ( 0.000000000000000000, 0.000000000000000000, -1.000000000000000000 ) ) ;
#10704 = AXIS2_PLACEMENT_3D ( 'NONE', #5317, #6056, #10365 ) ;
#10705 = EDGE_CURVE ( 'NONE', #10030, #7810, #8512, .T. ) ;
#10706 = ORIENTED_EDGE ( 'NONE', *, *, #5083, .F. ) ;
#10707 = ADVANCED_FACE ( 'NONE', ( #7646 ), #11107, .T. ) ;
#10708 = ADVANCED_FACE ( 'NONE', ( #1658 ), #5106, .T. ) ;
#10709 =( GEOMETRIC_REPRESENTATION_CONTEXT ( 3 ) GLOBAL_UNCERTAINTY_ASSIGNED_CONTEXT ( ( #11052 ) ) GLOBAL_UNIT_ASSIGNED_CONTEXT ( ( #9744, #2837, #6335 ) ) REPRESENTATION_CONTEXT ( 'NONE', 'WORKASPACE' ) );
#10710 = LINE ( 'NONE', #1326, #6785 ) ;
#10711 = AXIS2_PLACEMENT_3D ( 'NONE', #6333, #3253, #1409 ) ;
#10712 = FILL_AREA_STYLE_COLOUR ( '', #6173 ) ;
#10713 =( NAMED_UNIT ( * ) PLANE_ANGLE_UNIT ( ) SI_UNIT ( $, .RADIAN. ) );
#10714 = SURFACE_SIDE_STYLE ('',( #3885 ) ) ;
#10715 = VECTOR ( 'NONE', #4859, 1000.000000000000000 ) ;
#10716 = FILL_AREA_STYLE_COLOUR ( '', #5565 ) ;
#10717 = ORIENTED_EDGE ( 'NONE', *, *, #2743, .F. ) ;
#10718 = VERTEX_POINT ( 'NONE', #9783 ) ;
#10720 = SURFACE_STYLE_USAGE ( .BOTH. , #10496 ) ;
#10719 = COLOUR_RGB ( '',0.9607843137254902244, 0.9607843137254902244, 0.9607843137254902244 ) ;
#10721 = LINE ( 'NONE', #3658, #5452 ) ;
#10722 = VERTEX_POINT ( 'NONE', #10572 ) ;
#10723 = DIRECTION ( 'NONE',  ( 0.000000000000000000, 0.000000000000000000, -1.000000000000000000 ) ) ;
#10724 = SURFACE_STYLE_USAGE ( .BOTH. , #6583 ) ;
#10725 = CARTESIAN_POINT ( 'NONE',  ( -2.750000000000001332, 2.166782826543157903, 0.1100000000000000144 ) ) ;
#10726 = ORIENTED_EDGE ( 'NONE', *, *, #3094, .T. ) ;
#10727 = STYLED_ITEM ( 'NONE', ( #8614 ), #1508 ) ;
#10728 = DIRECTION ( 'NONE',  ( -0.1039620511844979445, -0.1039620511844979445, -0.9891328443778539814 ) ) ;
#10729 = CARTESIAN_POINT ( 'NONE',  ( -1.060000000000000941, -2.050000000000000266, -0.1099999999999999867 ) ) ;
#10730 = VECTOR ( 'NONE', #10653, 1000.000000000000000 ) ;
#10731 = DIRECTION ( 'NONE',  ( -1.000000000000000000, -0.000000000000000000, -0.000000000000000000 ) ) ;
#10732 =( LENGTH_UNIT ( ) NAMED_UNIT ( * ) SI_UNIT ( .MILLI., .METRE. ) );
#10733 = UNCERTAINTY_MEASURE_WITH_UNIT (LENGTH_MEASURE( 1.000000000000000082E-05 ), #11091, 'distance_accuracy_value', 'NONE');
#10734 = LINE ( 'NONE', #9942, #10494 ) ;
#10735 = FILL_AREA_STYLE ('',( #9777 ) ) ;
#10736 = LINE ( 'NONE', #4746, #2564 ) ;
#10737 = STYLED_ITEM ( 'NONE', ( #72 ), #10965 ) ;
#10738 = DIRECTION ( 'NONE',  ( 0.000000000000000000, 0.000000000000000000, -1.000000000000000000 ) ) ;
#10739 = ORIENTED_EDGE ( 'NONE', *, *, #1167, .F. ) ;
#10740 = ORIENTED_EDGE ( 'NONE', *, *, #368, .T. ) ;
#10741 =( NAMED_UNIT ( * ) SI_UNIT ( $, .STERADIAN. ) SOLID_ANGLE_UNIT ( ) );
#10742 = DIRECTION ( 'NONE',  ( 1.000000000000000000, 0.000000000000000000, 0.000000000000000000 ) ) ;
#10743 = FILL_AREA_STYLE_COLOUR ( '', #3664 ) ;
#10744 = DIRECTION ( 'NONE',  ( 0.1039620511844979445, 0.1039620511844979445, -0.9891328443778539814 ) ) ;
#10745 = CARTESIAN_POINT ( 'NONE',  ( 2.329999999999999627, -2.481923391582665950, -0.6429911470448941291 ) ) ;
#10746 = VECTOR ( 'NONE', #1460, 999.9999999999998863 ) ;
#10747 = DIRECTION ( 'NONE',  ( 0.000000000000000000, 0.000000000000000000, 1.000000000000000000 ) ) ;
#10748 = ORIENTED_EDGE ( 'NONE', *, *, #5100, .T. ) ;
#10749 = DIRECTION ( 'NONE',  ( 1.000000000000000000, 0.000000000000000000, 0.000000000000000000 ) ) ;
#10750 = EDGE_CURVE ( 'NONE', #9100, #9564, #9004, .T. ) ;
#10751 = ORIENTED_EDGE ( 'NONE', *, *, #3029, .T. ) ;
#10752 = LINE ( 'NONE', #9958, #4481 ) ;
#10753 = ADVANCED_FACE ( 'NONE', ( #311 ), #7181, .T. ) ;
#10754 = DIRECTION ( 'NONE',  ( 0.000000000000000000, 0.000000000000000000, 1.000000000000000000 ) ) ;
#10755 = DIRECTION ( 'NONE',  ( 0.000000000000000000, -0.000000000000000000, -1.000000000000000000 ) ) ;
#10756 = ADVANCED_FACE ( 'NONE', ( #9838 ), #43, .T. ) ;
#10757 =( NAMED_UNIT ( * ) PLANE_ANGLE_UNIT ( ) SI_UNIT ( $, .RADIAN. ) );
#10758 = PRESENTATION_STYLE_ASSIGNMENT (( #7813 ) ) ;
#10759 = DIRECTION ( 'NONE',  ( 1.000000000000000000, 0.000000000000000000, 0.000000000000000000 ) ) ;
#10760 = MECHANICAL_DESIGN_GEOMETRIC_PRESENTATION_REPRESENTATION (  '', ( #4266 ), #6065 ) ;
#10761 = ORIENTED_EDGE ( 'NONE', *, *, #3495, .T. ) ;
#10762 = COLOUR_RGB ( '',0.2862745098039215508, 0.2862745098039215508, 0.2862745098039215508 ) ;
#10763 = MECHANICAL_DESIGN_GEOMETRIC_PRESENTATION_REPRESENTATION (  '', ( #8427 ), #2449 ) ;
#10764 =( LENGTH_UNIT ( ) NAMED_UNIT ( * ) SI_UNIT ( .MILLI., .METRE. ) );
#10765 = VECTOR ( 'NONE', #2236, 1000.000000000000000 ) ;
#10766 = EDGE_CURVE ( 'NONE', #8356, #8061, #4541, .T. ) ;
#10767 = PRESENTATION_LAYER_ASSIGNMENT (  '', '', ( #322 ) ) ;
#10768 = VECTOR ( 'NONE', #3846, 1000.000000000000000 ) ;
#10769 = UNCERTAINTY_MEASURE_WITH_UNIT (LENGTH_MEASURE( 1.000000000000000082E-05 ), #2659, 'distance_accuracy_value', 'NONE');
#10770 = VECTOR ( 'NONE', #3532, 1000.000000000000000 ) ;
#10771 = VECTOR ( 'NONE', #6683, 1000.000000000000000 ) ;
#10772 = FILL_AREA_STYLE ('',( #5686 ) ) ;
#10773 = EDGE_CURVE ( 'NONE', #5129, #6676, #9897, .T. ) ;
#10774 = EDGE_CURVE ( 'NONE', #2367, #3812, #7661, .T. ) ;
#10775 =( GEOMETRIC_REPRESENTATION_CONTEXT ( 3 ) GLOBAL_UNCERTAINTY_ASSIGNED_CONTEXT ( ( #9658 ) ) GLOBAL_UNIT_ASSIGNED_CONTEXT ( ( #7591, #9286, #773 ) ) REPRESENTATION_CONTEXT ( 'NONE', 'WORKASPACE' ) );
#10776 = AXIS2_PLACEMENT_3D ( 'NONE', #4258, #762, #2429 ) ;
#10777 = ORIENTED_EDGE ( 'NONE', *, *, #1927, .T. ) ;
#10778 = ORIENTED_EDGE ( 'NONE', *, *, #2948, .T. ) ;
#10779 = ORIENTED_EDGE ( 'NONE', *, *, #2603, .T. ) ;
#10780 = DIRECTION ( 'NONE',  ( -0.000000000000000000, -0.000000000000000000, 1.000000000000000000 ) ) ;
#10781 = VERTEX_POINT ( 'NONE', #1300 ) ;
#10782 = STYLED_ITEM ( 'NONE', ( #9786 ), #3269 ) ;
#10783 = PRESENTATION_STYLE_ASSIGNMENT (( #8921 ) ) ;
#10784 = COLOUR_RGB ( '',0.8039215686274510109, 0.8039215686274510109, 0.8039215686274510109 ) ;
#10785 = CARTESIAN_POINT ( 'NONE',  ( 1.479999999999999094, 2.050000000000000266, -0.2100000000000000200 ) ) ;
#10786 = UNCERTAINTY_MEASURE_WITH_UNIT (LENGTH_MEASURE( 1.000000000000000082E-05 ), #6604, 'distance_accuracy_value', 'NONE');
#10787 = ORIENTED_EDGE ( 'NONE', *, *, #10821, .F. ) ;
#10788 = COLOUR_RGB ( '',0.8039215686274510109, 0.8039215686274510109, 0.8039215686274510109 ) ;
#10789 = DIRECTION ( 'NONE',  ( -1.000000000000000000, -0.000000000000000000, -0.000000000000000000 ) ) ;
#10790 = PRESENTATION_STYLE_ASSIGNMENT (( #5704 ) ) ;
#10791 = FILL_AREA_STYLE_COLOUR ( '', #7872 ) ;
#10792 = VECTOR ( 'NONE', #10742, 1000.000000000000000 ) ;
#10793 = EDGE_CURVE ( 'NONE', #10655, #4732, #6448, .T. ) ;
#10794 = CARTESIAN_POINT ( 'NONE',  ( -1.060000000000000941, 2.050000000000000266, -0.1099999999999999867 ) ) ;
#10795 =( LENGTH_UNIT ( ) NAMED_UNIT ( * ) SI_UNIT ( .MILLI., .METRE. ) );
#10796 = CIRCLE ( 'NONE', #10262, 0.1949999999999998679 ) ;
#10797 = SURFACE_SIDE_STYLE ('',( #9892 ) ) ;
#10798 = AXIS2_PLACEMENT_3D ( 'NONE', #720, #2552, #8616 ) ;
#10799 = VECTOR ( 'NONE', #4105, 1000.000000000000227 ) ;
#10800 = ORIENTED_EDGE ( 'NONE', *, *, #3448, .F. ) ;
#10801 = ORIENTED_EDGE ( 'NONE', *, *, #8085, .T. ) ;
#10802 = SURFACE_STYLE_FILL_AREA ( #7345 ) ;
#10803 = FILL_AREA_STYLE ('',( #2993 ) ) ;
#10804 = CARTESIAN_POINT ( 'NONE',  ( -0.2100000000000005473, 2.166782826543157903, -0.09000000000000002442 ) ) ;
#10805 = DIRECTION ( 'NONE',  ( 0.000000000000000000, -0.02716902826232023976, 0.9996308538171885250 ) ) ;
#10806 = PLANE ( 'NONE',  #7207 ) ;
#10807 = STYLED_ITEM ( 'NONE', ( #8323 ), #4271 ) ;
#10808 = FILL_AREA_STYLE_COLOUR ( '', #7998 ) ;
#10809 = VECTOR ( 'NONE', #1140, 1000.000000000000000 ) ;
#10810 = ORIENTED_EDGE ( 'NONE', *, *, #9111, .F. ) ;
#10811 = UNCERTAINTY_MEASURE_WITH_UNIT (LENGTH_MEASURE( 1.000000000000000082E-05 ), #8834, 'distance_accuracy_value', 'NONE');
#10812 = EDGE_LOOP ( 'NONE', ( #3856, #9370, #1228, #8717 ) ) ;
#10813 = SURFACE_SIDE_STYLE ('',( #7296 ) ) ;
#10814 = FACE_OUTER_BOUND ( 'NONE', #3099, .T. ) ;
#10815 = DIRECTION ( 'NONE',  ( 0.000000000000000000, -0.9975640502598243087, -0.06975647374412548285 ) ) ;
#10816 = FILL_AREA_STYLE ('',( #8154 ) ) ;
#10817 = FILL_AREA_STYLE ('',( #5509 ) ) ;
#10818 = CIRCLE ( 'NONE', #10461, 0.2000000000000003164 ) ;
#10819 = ORIENTED_EDGE ( 'NONE', *, *, #5882, .F. ) ;
#10820 = LINE ( 'NONE', #5745, #376 ) ;
#10821 = EDGE_CURVE ( 'NONE', #8298, #732, #4072, .T. ) ;
#10822 = SURFACE_SIDE_STYLE ('',( #6469 ) ) ;
#10823 = DIRECTION ( 'NONE',  ( 0.000000000000000000, 1.000000000000000000, 0.000000000000000000 ) ) ;
#10824 =( GEOMETRIC_REPRESENTATION_CONTEXT ( 3 ) GLOBAL_UNCERTAINTY_ASSIGNED_CONTEXT ( ( #10024 ) ) GLOBAL_UNIT_ASSIGNED_CONTEXT ( ( #6074, #10148, #8462 ) ) REPRESENTATION_CONTEXT ( 'NONE', 'WORKASPACE' ) );
#10825 =( LENGTH_UNIT ( ) NAMED_UNIT ( * ) SI_UNIT ( .MILLI., .METRE. ) );
#10826 = SURFACE_SIDE_STYLE ('',( #9241 ) ) ;
#10827 = DIRECTION ( 'NONE',  ( 0.000000000000000000, 0.02716902826232023976, 0.9996308538171885250 ) ) ;
#10828 = ORIENTED_EDGE ( 'NONE', *, *, #10432, .T. ) ;
#10829 = EDGE_LOOP ( 'NONE', ( #7375, #9353, #2477, #7377 ) ) ;
#10830 = EDGE_LOOP ( 'NONE', ( #6311, #5916, #5967, #3475 ) ) ;
#10831 = FILL_AREA_STYLE_COLOUR ( '', #5518 ) ;
#10832 = VERTEX_POINT ( 'NONE', #10854 ) ;
#10833 = DIRECTION ( 'NONE',  ( 0.000000000000000000, 0.000000000000000000, -1.000000000000000000 ) ) ;
#10834 = ADVANCED_FACE ( 'NONE', ( #3206 ), #586, .T. ) ;
#10835 = SURFACE_STYLE_FILL_AREA ( #2176 ) ;
#10836 = SURFACE_SIDE_STYLE ('',( #8122 ) ) ;
#10837 = EDGE_CURVE ( 'NONE', #4179, #10832, #9216, .T. ) ;
#10838 = ORIENTED_EDGE ( 'NONE', *, *, #3097, .T. ) ;
#10839 = PRESENTATION_STYLE_ASSIGNMENT (( #8125 ) ) ;
#10840 = UNCERTAINTY_MEASURE_WITH_UNIT (LENGTH_MEASURE( 1.000000000000000082E-05 ), #5856, 'distance_accuracy_value', 'NONE');
#10841 =( NAMED_UNIT ( * ) SI_UNIT ( $, .STERADIAN. ) SOLID_ANGLE_UNIT ( ) );
#10842 =( NAMED_UNIT ( * ) SI_UNIT ( $, .STERADIAN. ) SOLID_ANGLE_UNIT ( ) );
#10843 = LINE ( 'NONE', #9774, #3731 ) ;
#10844 = DIRECTION ( 'NONE',  ( 1.000000000000000000, 0.000000000000000000, 0.000000000000000000 ) ) ;
#10845 = CARTESIAN_POINT ( 'NONE',  ( 4.157726890409721321, -1.782726890409720877, -0.9839894105201074659 ) ) ;
#10846 = LINE ( 'NONE', #3091, #9319 ) ;
#10847 = FILL_AREA_STYLE_COLOUR ( '', #7990 ) ;
#10848 = EDGE_CURVE ( 'NONE', #6012, #2092, #3915, .T. ) ;
#10849 = DIRECTION ( 'NONE',  ( -0.1039620511844982914, -0.1039620511845006368, 0.9891328443778535373 ) ) ;
#10850 = ADVANCED_FACE ( 'NONE', ( #10910 ), #7506, .F. ) ;
#10851 = COLOUR_RGB ( '',0.2862745098039215508, 0.2862745098039215508, 0.2862745098039215508 ) ;
#10852 = ORIENTED_EDGE ( 'NONE', *, *, #8219, .F. ) ;
#10853 = ORIENTED_EDGE ( 'NONE', *, *, #11145, .T. ) ;
#10854 = CARTESIAN_POINT ( 'NONE',  ( 4.249999999999999112, -1.950000000000000178, -0.1100000000000000006 ) ) ;
#10855 = FILL_AREA_STYLE_COLOUR ( '', #6550 ) ;
#10856 = FACE_OUTER_BOUND ( 'NONE', #2068, .T. ) ;
#10857 = LINE ( 'NONE', #8940, #3913 ) ;
#10858 =( NAMED_UNIT ( * ) PLANE_ANGLE_UNIT ( ) SI_UNIT ( $, .RADIAN. ) );
#10859 = CARTESIAN_POINT ( 'NONE',  ( 1.059999999999999387, -2.149963085381718209, -0.2072830971737681105 ) ) ;
#10860 = DIRECTION ( 'NONE',  ( 1.000000000000000000, 0.000000000000000000, 0.000000000000000000 ) ) ;
#10861 = PRESENTATION_LAYER_ASSIGNMENT (  '', '', ( #3088 ) ) ;
#10862 = ORIENTED_EDGE ( 'NONE', *, *, #2063, .F. ) ;
#10863 = ORIENTED_EDGE ( 'NONE', *, *, #10373, .F. ) ;
#10864 = CARTESIAN_POINT ( 'NONE',  ( -2.750000000000001332, -2.364926170763438140, -0.7551029321564953767 ) ) ;
#10865 = STYLED_ITEM ( 'NONE', ( #2732 ), #5749 ) ;
#10866 = SURFACE_STYLE_FILL_AREA ( #5621 ) ;
#10867 = FACE_OUTER_BOUND ( 'NONE', #9057, .T. ) ;
#10868 =( LENGTH_UNIT ( ) NAMED_UNIT ( * ) SI_UNIT ( .MILLI., .METRE. ) );
#10869 = CIRCLE ( 'NONE', #2372, 0.09999999999999982514 ) ;
#10870 = SURFACE_SIDE_STYLE ('',( #3985 ) ) ;
#10871 = DIRECTION ( 'NONE',  ( 0.000000000000000000, 0.000000000000000000, -1.000000000000000000 ) ) ;
#10872 = ORIENTED_EDGE ( 'NONE', *, *, #4836, .T. ) ;
#10873 = STYLED_ITEM ( 'NONE', ( #6387 ), #5995 ) ;
#10874 = AXIS2_PLACEMENT_3D ( 'NONE', #5649, #2134, #3042 ) ;
#10875 = VECTOR ( 'NONE', #4466, 1000.000000000000000 ) ;
#10876 = CARTESIAN_POINT ( 'NONE',  ( 4.325000000000000178, -1.950000000000000178, 0.1100000000000000006 ) ) ;
#10877 = FACE_OUTER_BOUND ( 'NONE', #5915, .T. ) ;
#10878 = SURFACE_SIDE_STYLE ('',( #3541 ) ) ;
#10879 = UNCERTAINTY_MEASURE_WITH_UNIT (LENGTH_MEASURE( 1.000000000000000082E-05 ), #2873, 'distance_accuracy_value', 'NONE');
#10880 = SURFACE_STYLE_FILL_AREA ( #7370 ) ;
#10881 = PRESENTATION_LAYER_ASSIGNMENT (  '', '', ( #4579 ) ) ;
#10882 = LINE ( 'NONE', #9129, #4573 ) ;
#10883 = DIRECTION ( 'NONE',  ( 0.000000000000000000, 1.000000000000000000, 0.000000000000000000 ) ) ;
#10884 = CARTESIAN_POINT ( 'NONE',  ( -2.750000000000001332, -2.381960306200947564, -0.6457080498711260663 ) ) ;
#10885 = FILL_AREA_STYLE ('',( #1500 ) ) ;
#10886 = AXIS2_PLACEMENT_3D ( 'NONE', #2310, #7514, #11030 ) ;
#10887 =( GEOMETRIC_REPRESENTATION_CONTEXT ( 3 ) GLOBAL_UNCERTAINTY_ASSIGNED_CONTEXT ( ( #5044 ) ) GLOBAL_UNIT_ASSIGNED_CONTEXT ( ( #7507, #4136, #925 ) ) REPRESENTATION_CONTEXT ( 'NONE', 'WORKASPACE' ) );
#10888 = ORIENTED_EDGE ( 'NONE', *, *, #7719, .F. ) ;
#10889 = ORIENTED_EDGE ( 'NONE', *, *, #10967, .F. ) ;
#10890 = DIRECTION ( 'NONE',  ( 0.000000000000000000, -1.000000000000000000, 0.000000000000000000 ) ) ;
#10891 = ORIENTED_EDGE ( 'NONE', *, *, #3037, .F. ) ;
#10892 = CARTESIAN_POINT ( 'NONE',  ( -4.249999999999999112, 1.949999999999999734, -0.1100000000000000006 ) ) ;
#10893 = STYLED_ITEM ( 'NONE', ( #4257 ), #6969 ) ;
#10894 = PLANE ( 'NONE',  #10206 ) ;
#10895 = ORIENTED_EDGE ( 'NONE', *, *, #10280, .T. ) ;
#10896 = LINE ( 'NONE', #9144, #6884 ) ;
#10897 = LINE ( 'NONE', #11127, #1764 ) ;
#10898 = CARTESIAN_POINT ( 'NONE',  ( -0.2100000000000005473, -2.366708997306596007, -0.08456619434753616382 ) ) ;
#10899 = FACE_OUTER_BOUND ( 'NONE', #3996, .T. ) ;
#10900 = PLANE ( 'NONE',  #5350 ) ;
#10901 = COLOUR_RGB ( '',0.8039215686274510109, 0.8039215686274510109, 0.8039215686274510109 ) ;
#10902 = EDGE_CURVE ( 'NONE', #64, #126, #2238, .T. ) ;
#10903 = CARTESIAN_POINT ( 'NONE',  ( 1.059999999999999387, -2.050000000000000266, -0.2100000000000000200 ) ) ;
#10904 = LINE ( 'NONE', #9994, #10765 ) ;
#10905 = SURFACE_STYLE_FILL_AREA ( #9561 ) ;
#10906 =( GEOMETRIC_REPRESENTATION_CONTEXT ( 3 ) GLOBAL_UNCERTAINTY_ASSIGNED_CONTEXT ( ( #7369 ) ) GLOBAL_UNIT_ASSIGNED_CONTEXT ( ( #5644, #6487, #10842 ) ) REPRESENTATION_CONTEXT ( 'NONE', 'WORKASPACE' ) );
#10907 =( GEOMETRIC_REPRESENTATION_CONTEXT ( 3 ) GLOBAL_UNCERTAINTY_ASSIGNED_CONTEXT ( ( #4361 ) ) GLOBAL_UNIT_ASSIGNED_CONTEXT ( ( #3755, #10529, #161 ) ) REPRESENTATION_CONTEXT ( 'NONE', 'WORKASPACE' ) );
#10908 = ORIENTED_EDGE ( 'NONE', *, *, #7310, .F. ) ;
#10909 = EDGE_LOOP ( 'NONE', ( #6466, #9136, #9223, #6150 ) ) ;
#10910 = FACE_OUTER_BOUND ( 'NONE', #5937, .T. ) ;
#10911 = PLANE ( 'NONE',  #7267 ) ;
#10912 = EDGE_CURVE ( 'NONE', #9547, #1458, #5132, .T. ) ;
#10913 = DIRECTION ( 'NONE',  ( 0.000000000000000000, 0.000000000000000000, -1.000000000000000000 ) ) ;
#10914 = CARTESIAN_POINT ( 'NONE',  ( -0.2100000000000005473, -2.474947744208253031, -0.7427475520708763934 ) ) ;
#10915 = FACE_OUTER_BOUND ( 'NONE', #3890, .T. ) ;
#10916 = ADVANCED_FACE ( 'NONE', ( #8592 ), #21, .T. ) ;
#10917 = CARTESIAN_POINT ( 'NONE',  ( 2.749999999999999112, 3.000000000000000000, -0.7794627824221421752 ) ) ;
#10918 = EDGE_CURVE ( 'NONE', #7586, #7837, #10922, .T. ) ;
#10919 =( GEOMETRIC_REPRESENTATION_CONTEXT ( 3 ) GLOBAL_UNCERTAINTY_ASSIGNED_CONTEXT ( ( #1985 ) ) GLOBAL_UNIT_ASSIGNED_CONTEXT ( ( #9580, #1005, #1060 ) ) REPRESENTATION_CONTEXT ( 'NONE', 'WORKASPACE' ) );
#10920 = FILL_AREA_STYLE ('',( #4081 ) ) ;
#10921 = ORIENTED_EDGE ( 'NONE', *, *, #9882, .T. ) ;
#10922 = CIRCLE ( 'NONE', #4069, 0.07500000000000002498 ) ;
#10923 = ORIENTED_EDGE ( 'NONE', *, *, #8630, .F. ) ;
#10924 = CARTESIAN_POINT ( 'NONE',  ( 1.479999999999999094, -2.474947744208253031, -0.7427475520708766155 ) ) ;
#10925 = PRESENTATION_STYLE_ASSIGNMENT (( #11092 ) ) ;
#10926 = DIRECTION ( 'NONE',  ( 1.000000000000000000, 0.000000000000000000, 0.000000000000000000 ) ) ;
#10927 = PLANE ( 'NONE',  #10776 ) ;
#10928 =( LENGTH_UNIT ( ) NAMED_UNIT ( * ) SI_UNIT ( .MILLI., .METRE. ) );
#10929 = FILL_AREA_STYLE_COLOUR ( '', #2064 ) ;
#10930 = CIRCLE ( 'NONE', #7675, 0.09999999999999956146 ) ;
#10931 = ORIENTED_EDGE ( 'NONE', *, *, #2530, .F. ) ;
#10932 = CARTESIAN_POINT ( 'NONE',  ( -4.264792128260249449, 1.815202986107628647, -0.6828396347450739201 ) ) ;
#10933 = SURFACE_STYLE_USAGE ( .BOTH. , #560 ) ;
#10934 =( GEOMETRIC_REPRESENTATION_CONTEXT ( 3 ) GLOBAL_UNCERTAINTY_ASSIGNED_CONTEXT ( ( #2202 ) ) GLOBAL_UNIT_ASSIGNED_CONTEXT ( ( #1601, #10252, #2496 ) ) REPRESENTATION_CONTEXT ( 'NONE', 'WORKASPACE' ) );
#10935 = ORIENTED_EDGE ( 'NONE', *, *, #2541, .T. ) ;
#10936 = FILL_AREA_STYLE ('',( #9235 ) ) ;
#10937 = SURFACE_STYLE_FILL_AREA ( #9287 ) ;
#10938 = COLOUR_RGB ( '',0.8039215686274510109, 0.8039215686274510109, 0.8039215686274510109 ) ;
#10939 =( LENGTH_UNIT ( ) NAMED_UNIT ( * ) SI_UNIT ( .MILLI., .METRE. ) );
#10940 = UNCERTAINTY_MEASURE_WITH_UNIT (LENGTH_MEASURE( 1.000000000000000082E-05 ), #2307, 'distance_accuracy_value', 'NONE');
#10941 = AXIS2_PLACEMENT_3D ( 'NONE', #2193, #10744, #8259 ) ;
#10942 = LINE ( 'NONE', #3181, #2848 ) ;
#10943 = EDGE_LOOP ( 'NONE', ( #3986, #1191, #8751, #4173, #5164, #10585, #6280, #9406 ) ) ;
#10944 = EDGE_LOOP ( 'NONE', ( #4784, #1217, #10176, #2843 ) ) ;
#10945 = LINE ( 'NONE', #3243, #2435 ) ;
#10946 = ORIENTED_EDGE ( 'NONE', *, *, #1897, .T. ) ;
#10947 = STYLED_ITEM ( 'NONE', ( #3847 ), #9544 ) ;
#10948 = CARTESIAN_POINT ( 'NONE',  ( 1.479999999999999094, 2.366708997306596007, -0.08456619434753616382 ) ) ;
#10949 = CIRCLE ( 'NONE', #3169, 0.07499999999999998335 ) ;
#10950 = VECTOR ( 'NONE', #4062, 1000.000000000000000 ) ;
#10951 = DIRECTION ( 'NONE',  ( 0.000000000000000000, 0.9945218953682732899, -0.1045284632676538178 ) ) ;
#10952 = DIRECTION ( 'NONE',  ( 1.000000000000000000, -0.000000000000000000, -0.000000000000000000 ) ) ;
#10953 = ORIENTED_EDGE ( 'NONE', *, *, #2340, .F. ) ;
#10954 =( LENGTH_UNIT ( ) NAMED_UNIT ( * ) SI_UNIT ( .MILLI., .METRE. ) );
#10955 =( NAMED_UNIT ( * ) SI_UNIT ( $, .STERADIAN. ) SOLID_ANGLE_UNIT ( ) );
#10956 = FILL_AREA_STYLE_COLOUR ( '', #5513 ) ;
#10957 = CARTESIAN_POINT ( 'NONE',  ( -1.480000000000000870, -2.366708997306596007, -0.08456619434753616382 ) ) ;
#10958 = VECTOR ( 'NONE', #8805, 1000.000000000000000 ) ;
#10959 = FACE_OUTER_BOUND ( 'NONE', #2913, .T. ) ;
#10960 = FILL_AREA_STYLE_COLOUR ( '', #4928 ) ;
#10961 = VECTOR ( 'NONE', #1433, 1000.000000000000000 ) ;
#10962 =( NAMED_UNIT ( * ) SI_UNIT ( $, .STERADIAN. ) SOLID_ANGLE_UNIT ( ) );
#10963 = ORIENTED_EDGE ( 'NONE', *, *, #7632, .F. ) ;
#10964 = SURFACE_SIDE_STYLE ('',( #5879 ) ) ;
#10965 = ADVANCED_FACE ( 'NONE', ( #974 ), #2585, .T. ) ;
#10966 = CIRCLE ( 'NONE', #871, 0.09999999999999956146 ) ;
#10967 = EDGE_CURVE ( 'NONE', #4426, #732, #3322, .T. ) ;
#10968 = ORIENTED_EDGE ( 'NONE', *, *, #500, .T. ) ;
#10969 = ORIENTED_EDGE ( 'NONE', *, *, #81, .T. ) ;
#10971 = COLOUR_RGB ( '',0.8039215686274510109, 0.8039215686274510109, 0.8039215686274510109 ) ;
#10970 = DIRECTION ( 'NONE',  ( 0.000000000000000000, -0.9975640502598241977, -0.06975647374412546897 ) ) ;
#10972 = COLOUR_RGB ( '',0.8039215686274510109, 0.8039215686274510109, 0.8039215686274510109 ) ;
#10973 =( LENGTH_UNIT ( ) NAMED_UNIT ( * ) SI_UNIT ( .MILLI., .METRE. ) );
#10974 = STYLED_ITEM ( 'NONE', ( #5170 ), #10427 ) ;
#10975 = SURFACE_STYLE_USAGE ( .BOTH. , #5947 ) ;
#10976 = DIRECTION ( 'NONE',  ( 0.000000000000000000, 1.000000000000000000, 0.000000000000000000 ) ) ;
#10977 =( GEOMETRIC_REPRESENTATION_CONTEXT ( 3 ) GLOBAL_UNCERTAINTY_ASSIGNED_CONTEXT ( ( #7946 ) ) GLOBAL_UNIT_ASSIGNED_CONTEXT ( ( #830, #4273, #10202 ) ) REPRESENTATION_CONTEXT ( 'NONE', 'WORKASPACE' ) );
#10978 = AXIS2_PLACEMENT_3D ( 'NONE', #1969, #2076, #2019 ) ;
#10979 = EDGE_CURVE ( 'NONE', #5049, #8483, #4414, .T. ) ;
#10980 = ORIENTED_EDGE ( 'NONE', *, *, #3430, .T. ) ;
#10981 = ADVANCED_FACE ( 'NONE', ( #3261 ), #1906, .F. ) ;
#10982 = ORIENTED_EDGE ( 'NONE', *, *, #8846, .F. ) ;
#10983 = PRESENTATION_STYLE_ASSIGNMENT (( #8207 ) ) ;
#10984 = EDGE_CURVE ( 'NONE', #1170, #4528, #8990, .T. ) ;
#10985 = DIRECTION ( 'NONE',  ( -1.000000000000000000, -0.000000000000000000, -0.000000000000000000 ) ) ;
#10986 =( GEOMETRIC_REPRESENTATION_CONTEXT ( 3 ) GLOBAL_UNCERTAINTY_ASSIGNED_CONTEXT ( ( #10940 ) ) GLOBAL_UNIT_ASSIGNED_CONTEXT ( ( #2307, #1477, #3209 ) ) REPRESENTATION_CONTEXT ( 'NONE', 'WORKASPACE' ) );
#10987 =( NAMED_UNIT ( * ) PLANE_ANGLE_UNIT ( ) SI_UNIT ( $, .RADIAN. ) );
#10988 = PRESENTATION_STYLE_ASSIGNMENT (( #7584 ) ) ;
#10989 = VECTOR ( 'NONE', #5893, 1000.000000000000227 ) ;
#10990 = DIRECTION ( 'NONE',  ( -1.000000000000000000, -0.000000000000000000, -0.000000000000000000 ) ) ;
#10991 =( LENGTH_UNIT ( ) NAMED_UNIT ( * ) SI_UNIT ( .MILLI., .METRE. ) );
#10992 = ORIENTED_EDGE ( 'NONE', *, *, #9814, .T. ) ;
#10993 = SURFACE_STYLE_FILL_AREA ( #7476 ) ;
#10994 = EDGE_CURVE ( 'NONE', #6911, #11054, #2614, .T. ) ;
#10995 = VERTEX_POINT ( 'NONE', #1845 ) ;
#10996 = EDGE_CURVE ( 'NONE', #5566, #11006, #2248, .T. ) ;
#10997 = PRESENTATION_STYLE_ASSIGNMENT (( #9237 ) ) ;
#10998 = CARTESIAN_POINT ( 'NONE',  ( 1.059999999999999387, -2.166782826543157903, -0.09000000000000002442 ) ) ;
#10999 = AXIS2_PLACEMENT_3D ( 'NONE', #4721, #603, #4039 ) ;
#11000 = DIRECTION ( 'NONE',  ( 1.000000000000000000, 0.000000000000000000, 0.000000000000000000 ) ) ;
#11001 = CARTESIAN_POINT ( 'NONE',  ( -2.750000000000001332, -2.149963085381718209, -0.2072830971737681105 ) ) ;
#11002 = SURFACE_STYLE_USAGE ( .BOTH. , #46 ) ;
#11003 =( NAMED_UNIT ( * ) PLANE_ANGLE_UNIT ( ) SI_UNIT ( $, .RADIAN. ) );
#11004 = ORIENTED_EDGE ( 'NONE', *, *, #6287, .T. ) ;
#11005 = VERTEX_POINT ( 'NONE', #4694 ) ;
#11006 = VERTEX_POINT ( 'NONE', #7222 ) ;
#11007 = CARTESIAN_POINT ( 'NONE',  ( -2.330000000000001403, 2.381960306200947564, -0.6457080498711260663 ) ) ;
#11008 = CIRCLE ( 'NONE', #1259, 0.09999999999999982514 ) ;
#11009 =( NAMED_UNIT ( * ) PLANE_ANGLE_UNIT ( ) SI_UNIT ( $, .RADIAN. ) );
#11010 = CARTESIAN_POINT ( 'NONE',  ( -3.800202986107628522, -1.425202986107629410, 0.7399999999999999911 ) ) ;
#11011 = ORIENTED_EDGE ( 'NONE', *, *, #6902, .F. ) ;
#11012 = DIRECTION ( 'NONE',  ( 0.000000000000000000, 0.000000000000000000, -1.000000000000000000 ) ) ;
#11013 = CARTESIAN_POINT ( 'NONE',  ( -1.480000000000000870, 3.000000000000000000, -0.7794627824221421752 ) ) ;
#11014 = CARTESIAN_POINT ( 'NONE',  ( -4.190202986107629535, -1.815202986107629091, 0.6749999999999999334 ) ) ;
#11015 = DIRECTION ( 'NONE',  ( -0.1039620511844979306, -0.1039620511844979306, -0.9891328443778538704 ) ) ;
#11016 = DIRECTION ( 'NONE',  ( 0.000000000000000000, 0.000000000000000000, 1.000000000000000000 ) ) ;
#11017 = CARTESIAN_POINT ( 'NONE',  ( 0.2099999999999992428, -2.050000000000000266, -0.1099999999999999867 ) ) ;
#11018 =( BOUNDED_CURVE ( )  B_SPLINE_CURVE ( 3, ( #4007, #7444, #6592, #10048 ),
 .UNSPECIFIED., .F., .F. ) 
 B_SPLINE_CURVE_WITH_KNOTS ( ( 4, 4 ),
 ( 0.000000000000000000, 0.005463208521536137841 ),
 .UNSPECIFIED. ) 
 CURVE ( )  GEOMETRIC_REPRESENTATION_ITEM ( )  RATIONAL_B_SPLINE_CURVE ( ( 1.000000000000000000, 0.9999975127809339615, 0.9999975127809339615, 1.000000000000000000 ) ) 
 REPRESENTATION_ITEM ( '' )  );
#11019 = FACE_OUTER_BOUND ( 'NONE', #8473, .T. ) ;
#11020 = ORIENTED_EDGE ( 'NONE', *, *, #1167, .T. ) ;
#11021 = SURFACE_STYLE_USAGE ( .BOTH. , #10964 ) ;
#11022 = SURFACE_STYLE_FILL_AREA ( #3497 ) ;
#11023 = ORIENTED_EDGE ( 'NONE', *, *, #2401, .F. ) ;
#11024 = CARTESIAN_POINT ( 'NONE',  ( -2.750000000000001332, 2.050000000000000266, -0.2100000000000000200 ) ) ;
#11025 = ORIENTED_EDGE ( 'NONE', *, *, #7094, .F. ) ;
#11026 = DIRECTION ( 'NONE',  ( 1.000000000000000000, 0.000000000000000000, 0.000000000000000000 ) ) ;
#11027 = DIRECTION ( 'NONE',  ( 0.000000000000000000, -0.02716902826232023976, 0.9996308538171885250 ) ) ;
#11028 = LINE ( 'NONE', #3262, #842 ) ;
#11029 = CYLINDRICAL_SURFACE ( 'NONE', #1908, 0.09999999999999956146 ) ;
#11030 = DIRECTION ( 'NONE',  ( 0.000000000000000000, 0.02716902826232023976, 0.9996308538171885250 ) ) ;
#11031 =( NAMED_UNIT ( * ) PLANE_ANGLE_UNIT ( ) SI_UNIT ( $, .RADIAN. ) );
#11032 = ORIENTED_EDGE ( 'NONE', *, *, #8510, .F. ) ;
#11033 = ORIENTED_EDGE ( 'NONE', *, *, #5881, .T. ) ;
#11034 = SURFACE_STYLE_USAGE ( .BOTH. , #710 ) ;
#11035 = LINE ( 'NONE', #3271, #4256 ) ;
#11036 =( NAMED_UNIT ( * ) PLANE_ANGLE_UNIT ( ) SI_UNIT ( $, .RADIAN. ) );
#11037 =( GEOMETRIC_REPRESENTATION_CONTEXT ( 3 ) GLOBAL_UNCERTAINTY_ASSIGNED_CONTEXT ( ( #11169 ) ) GLOBAL_UNIT_ASSIGNED_CONTEXT ( ( #9496, #6273, #9726 ) ) REPRESENTATION_CONTEXT ( 'NONE', 'WORKASPACE' ) );
#11038 = FILL_AREA_STYLE ('',( #717 ) ) ;
#11039 = ORIENTED_EDGE ( 'NONE', *, *, #5254, .T. ) ;
#11040 = CARTESIAN_POINT ( 'NONE',  ( -4.020000000000001350, -3.000000000000000000, -1.000000000000000000 ) ) ;
#11041 =( LENGTH_UNIT ( ) NAMED_UNIT ( * ) SI_UNIT ( .MILLI., .METRE. ) );
#11042 = UNCERTAINTY_MEASURE_WITH_UNIT (LENGTH_MEASURE( 1.000000000000000082E-05 ), #9677, 'distance_accuracy_value', 'NONE');
#11043 = AXIS2_PLACEMENT_3D ( 'NONE', #4057, #10789, #9086 ) ;
#11044 = ORIENTED_EDGE ( 'NONE', *, *, #3577, .F. ) ;
#11045 = DIRECTION ( 'NONE',  ( 0.000000000000000000, 0.000000000000000000, -1.000000000000000000 ) ) ;
#11046 = DIRECTION ( 'NONE',  ( 0.000000000000000000, 0.000000000000000000, -1.000000000000000000 ) ) ;
#11047 = EDGE_CURVE ( 'NONE', #7825, #6020, #10930, .T. ) ;
#11048 = DIRECTION ( 'NONE',  ( 0.000000000000000000, 0.000000000000000000, -1.000000000000000000 ) ) ;
#11049 = SURFACE_STYLE_FILL_AREA ( #3474 ) ;
#11050 = CIRCLE ( 'NONE', #6351, 0.07499999999999998335 ) ;
#11051 = ORIENTED_EDGE ( 'NONE', *, *, #6009, .F. ) ;
#11052 = UNCERTAINTY_MEASURE_WITH_UNIT (LENGTH_MEASURE( 1.000000000000000082E-05 ), #9744, 'distance_accuracy_value', 'NONE');
#11053 = EDGE_CURVE ( 'NONE', #6676, #6911, #2811, .T. ) ;
#11054 = VERTEX_POINT ( 'NONE', #2753 ) ;
#11055 = ADVANCED_FACE ( 'NONE', ( #9721 ), #10673, .T. ) ;
#11056 = PRESENTATION_STYLE_ASSIGNMENT (( #4394 ) ) ;
#11057 = VERTEX_POINT ( 'NONE', #10729 ) ;
#11058 = AXIS2_PLACEMENT_3D ( 'NONE', #9115, #7359, #6402 ) ;
#11059 = SURFACE_SIDE_STYLE ('',( #6648 ) ) ;
#11060 = DIRECTION ( 'NONE',  ( 0.000000000000000000, -0.000000000000000000, 1.000000000000000000 ) ) ;
#11061 = LINE ( 'NONE', #1723, #887 ) ;
#11062 = VERTEX_POINT ( 'NONE', #10898 ) ;
#11063 = LINE ( 'NONE', #905, #3459 ) ;
#11064 = DIRECTION ( 'NONE',  ( 0.000000000000000000, 0.02716902826231849810, -0.9996308538171886360 ) ) ;
#11065 = FILL_AREA_STYLE ('',( #10165 ) ) ;
#11066 = CARTESIAN_POINT ( 'NONE',  ( -1.060000000000000941, 2.381960306200947564, -0.6457080498711260663 ) ) ;
#11067 = ORIENTED_EDGE ( 'NONE', *, *, #1716, .F. ) ;
#11068 = SURFACE_SIDE_STYLE ('',( #3199 ) ) ;
#11069 = SURFACE_STYLE_USAGE ( .BOTH. , #10223 ) ;
#11070 = VERTEX_POINT ( 'NONE', #2979 ) ;
#11071 = AXIS2_PLACEMENT_3D ( 'NONE', #8030, #1983, #10634 ) ;
#11072 = UNCERTAINTY_MEASURE_WITH_UNIT (LENGTH_MEASURE( 1.000000000000000082E-05 ), #1962, 'distance_accuracy_value', 'NONE');
#11073 = CYLINDRICAL_SURFACE ( 'NONE', #8262, 0.09999999999999956146 ) ;
#11074 = COLOUR_RGB ( '',0.8039215686274510109, 0.8039215686274510109, 0.8039215686274510109 ) ;
#11075 = ORIENTED_EDGE ( 'NONE', *, *, #6843, .T. ) ;
#11076 = ORIENTED_EDGE ( 'NONE', *, *, #6211, .T. ) ;
#11077 = FILL_AREA_STYLE_COLOUR ( '', #4429 ) ;
#11078 =( GEOMETRIC_REPRESENTATION_CONTEXT ( 3 ) GLOBAL_UNCERTAINTY_ASSIGNED_CONTEXT ( ( #608 ) ) GLOBAL_UNIT_ASSIGNED_CONTEXT ( ( #2520, #1628, #743 ) ) REPRESENTATION_CONTEXT ( 'NONE', 'WORKASPACE' ) );
#11079 = SURFACE_SIDE_STYLE ('',( #5133 ) ) ;
#11080 = CYLINDRICAL_SURFACE ( 'NONE', #5525, 0.2000000000000002054 ) ;
#11081 = FILL_AREA_STYLE_COLOUR ( '', #10443 ) ;
#11082 = VECTOR ( 'NONE', #5477, 1000.000000000000000 ) ;
#11083 = CARTESIAN_POINT ( 'NONE',  ( -1.480000000000000870, -2.474947744208253031, -0.7427475520708763934 ) ) ;
#11084 = FILL_AREA_STYLE ('',( #3212 ) ) ;
#11085 = PLANE ( 'NONE',  #3183 ) ;
#11086 = COLOUR_RGB ( '',0.8039215686274510109, 0.8039215686274510109, 0.8039215686274510109 ) ;
#11087 = PRESENTATION_LAYER_ASSIGNMENT (  '', '', ( #6924 ) ) ;
#11088 = ORIENTED_EDGE ( 'NONE', *, *, #10979, .T. ) ;
#11089 = ORIENTED_EDGE ( 'NONE', *, *, #8708, .T. ) ;
#11090 = SURFACE_STYLE_USAGE ( .BOTH. , #4030 ) ;
#11091 =( LENGTH_UNIT ( ) NAMED_UNIT ( * ) SI_UNIT ( .MILLI., .METRE. ) );
#11092 = SURFACE_STYLE_USAGE ( .BOTH. , #1644 ) ;
#11093 = COLOUR_RGB ( '',0.8039215686274510109, 0.8039215686274510109, 0.8039215686274510109 ) ;
#11094 = MECHANICAL_DESIGN_GEOMETRIC_PRESENTATION_REPRESENTATION (  '', ( #10192 ), #3317 ) ;
#11095 = SURFACE_STYLE_FILL_AREA ( #2320 ) ;
#11096 =( LENGTH_UNIT ( ) NAMED_UNIT ( * ) SI_UNIT ( .MILLI., .METRE. ) );
#11097 =( LENGTH_UNIT ( ) NAMED_UNIT ( * ) SI_UNIT ( .MILLI., .METRE. ) );
#11098 = EDGE_CURVE ( 'NONE', #7501, #7351, #4615, .T. ) ;
#11099 = VERTEX_POINT ( 'NONE', #3902 ) ;
#11100 = FILL_AREA_STYLE ('',( #3342 ) ) ;
#11101 = PLANE ( 'NONE',  #10191 ) ;
#11102 = COLOUR_RGB ( '',0.2862745098039215508, 0.2862745098039215508, 0.2862745098039215508 ) ;
#11103 = EDGE_CURVE ( 'NONE', #10528, #5907, #2127, .T. ) ;
#11104 = VERTEX_POINT ( 'NONE', #10112 ) ;
#11105 =( LENGTH_UNIT ( ) NAMED_UNIT ( * ) SI_UNIT ( .MILLI., .METRE. ) );
#11106 = EDGE_CURVE ( 'NONE', #6881, #7491, #1464, .T. ) ;
#11107 = PLANE ( 'NONE',  #9698 ) ;
#11108 = CARTESIAN_POINT ( 'NONE',  ( -4.020000000000001350, -3.000000000000000000, -1.000000000000000000 ) ) ;
#11109 = SURFACE_STYLE_FILL_AREA ( #7763 ) ;
#11110 = PRESENTATION_STYLE_ASSIGNMENT (( #6744 ) ) ;
#11111 = VECTOR ( 'NONE', #3839, 1000.000000000000114 ) ;
#11112 = MECHANICAL_DESIGN_GEOMETRIC_PRESENTATION_REPRESENTATION (  '', ( #6587 ), #8039 ) ;
#11113 = ORIENTED_EDGE ( 'NONE', *, *, #6615, .F. ) ;
#11114 = ORIENTED_EDGE ( 'NONE', *, *, #5598, .T. ) ;
#11115 = STYLED_ITEM ( 'NONE', ( #5375 ), #9248 ) ;
#11116 = FILL_AREA_STYLE ('',( #838 ) ) ;
#11117 = VERTEX_POINT ( 'NONE', #9088 ) ;
#11118 = SURFACE_STYLE_FILL_AREA ( #7767 ) ;
#11119 = ADVANCED_FACE ( 'NONE', ( #6486 ), #3036, .T. ) ;
#11120 = SURFACE_SIDE_STYLE ('',( #2346 ) ) ;
#11121 = VECTOR ( 'NONE', #5780, 1000.000000000000114 ) ;
#11122 = CARTESIAN_POINT ( 'NONE',  ( -1.480000000000000870, 3.000000000000000000, -1.000000000000000000 ) ) ;
#11123 = VERTEX_POINT ( 'NONE', #9937 ) ;
#11124 = DIRECTION ( 'NONE',  ( 0.000000000000000000, -0.9945218953682734009, 0.1045284632676537068 ) ) ;
#11125 = FILL_AREA_STYLE_COLOUR ( '', #531 ) ;
#11126 = EDGE_CURVE ( 'NONE', #6897, #5845, #2080, .T. ) ;
#11127 = CARTESIAN_POINT ( 'NONE',  ( -1.480000000000000870, 1.950000000000000178, 0.1100000000000000144 ) ) ;
#11128 = DIRECTION ( 'NONE',  ( 0.000000000000000000, 0.000000000000000000, 1.000000000000000000 ) ) ;
#11129 = FILL_AREA_STYLE ('',( #848 ) ) ;
#11130 = EDGE_CURVE ( 'NONE', #6983, #7037, #9146, .T. ) ;
#11131 = SURFACE_STYLE_USAGE ( .BOTH. , #3764 ) ;
#11132 =( LENGTH_UNIT ( ) NAMED_UNIT ( * ) SI_UNIT ( .MILLI., .METRE. ) );
#11133 = VECTOR ( 'NONE', #6155, 1000.000000000000000 ) ;
#11134 = ORIENTED_EDGE ( 'NONE', *, *, #6630, .F. ) ;
#11135 = CARTESIAN_POINT ( 'NONE',  ( 3.599999999999999645, 2.050000000000000266, -0.1099999999999999867 ) ) ;
#11136 = ORIENTED_EDGE ( 'NONE', *, *, #2895, .F. ) ;
#11137 = VERTEX_POINT ( 'NONE', #3195 ) ;
#11138 = VECTOR ( 'NONE', #6489, 1000.000000000000227 ) ;
#11139 = FACE_OUTER_BOUND ( 'NONE', #7433, .T. ) ;
#11140 = MECHANICAL_DESIGN_GEOMETRIC_PRESENTATION_REPRESENTATION (  '', ( #4824 ), #324 ) ;
#11141 = ORIENTED_EDGE ( 'NONE', *, *, #11126, .F. ) ;
#11142 = FILL_AREA_STYLE ('',( #692 ) ) ;
#11143 = EDGE_LOOP ( 'NONE', ( #8520, #7342, #10862, #2311, #10982, #6816, #5045, #6364, #4946, #3656, #519, #11134 ) ) ;
#11144 = SURFACE_SIDE_STYLE ('',( #808 ) ) ;
#11145 = EDGE_CURVE ( 'NONE', #4825, #8402, #9036, .T. ) ;
#11146 = CIRCLE ( 'NONE', #6258, 0.2000000000000002054 ) ;
#11147 = VECTOR ( 'NONE', #4524, 1000.000000000000000 ) ;
#11148 = PRESENTATION_STYLE_ASSIGNMENT (( #2415 ) ) ;
#11149 =( NAMED_UNIT ( * ) PLANE_ANGLE_UNIT ( ) SI_UNIT ( $, .RADIAN. ) );
#11150 = AXIS2_PLACEMENT_3D ( 'NONE', #7142, #1776, #5329 ) ;
#11151 = CARTESIAN_POINT ( 'NONE',  ( -2.750000000000001332, 2.481923391582665950, -0.6429911470448941291 ) ) ;
#11152 = MECHANICAL_DESIGN_GEOMETRIC_PRESENTATION_REPRESENTATION (  '', ( #9515 ), #3372 ) ;
#11153 = CYLINDRICAL_SURFACE ( 'NONE', #3964, 0.09999999999999956146 ) ;
#11154 = CIRCLE ( 'NONE', #6270, 0.2000000000000003164 ) ;
#11155 = PRESENTATION_LAYER_ASSIGNMENT (  '', '', ( #1051 ) ) ;
#11156 = ORIENTED_EDGE ( 'NONE', *, *, #3071, .T. ) ;
#11157 = ORIENTED_EDGE ( 'NONE', *, *, #10615, .T. ) ;
#11158 = DIRECTION ( 'NONE',  ( 1.000000000000000000, 0.000000000000000000, 0.000000000000000000 ) ) ;
#11159 =( NAMED_UNIT ( * ) PLANE_ANGLE_UNIT ( ) SI_UNIT ( $, .RADIAN. ) );
#11160 = PRESENTATION_LAYER_ASSIGNMENT (  '', '', ( #3384 ) ) ;
#11161 = LINE ( 'NONE', #1485, #9303 ) ;
#11162 =( LENGTH_UNIT ( ) NAMED_UNIT ( * ) SI_UNIT ( .MILLI., .METRE. ) );
#11163 = FILL_AREA_STYLE_COLOUR ( '', #2137 ) ;
#11164 = PRESENTATION_LAYER_ASSIGNMENT (  '', '', ( #10256 ) ) ;
#11165 = PRESENTATION_LAYER_ASSIGNMENT (  '', '', ( #5184 ) ) ;
#11166 = ORIENTED_EDGE ( 'NONE', *, *, #11180, .F. ) ;
#11167 =( LENGTH_UNIT ( ) NAMED_UNIT ( * ) SI_UNIT ( .MILLI., .METRE. ) );
#11168 =( NAMED_UNIT ( * ) PLANE_ANGLE_UNIT ( ) SI_UNIT ( $, .RADIAN. ) );
#11169 = UNCERTAINTY_MEASURE_WITH_UNIT (LENGTH_MEASURE( 1.000000000000000082E-05 ), #9496, 'distance_accuracy_value', 'NONE');
#11170 = STYLED_ITEM ( 'NONE', ( #2122 ), #10360 ) ;
#11171 = STYLED_ITEM ( 'NONE', ( #939 ), #1311 ) ;
#11172 = ORIENTED_EDGE ( 'NONE', *, *, #6352, .F. ) ;
#11173 = FILL_AREA_STYLE ('',( #10200 ) ) ;
#11174 = SURFACE_SIDE_STYLE ('',( #7538 ) ) ;
#11175 = COLOUR_RGB ( '',0.8039215686274510109, 0.8039215686274510109, 0.8039215686274510109 ) ;
#11176 = CARTESIAN_POINT ( 'NONE',  ( 2.329999999999999627, -2.050000000000000266, -0.2100000000000000200 ) ) ;
#11177 = SURFACE_STYLE_FILL_AREA ( #7713 ) ;
#11178 = DIRECTION ( 'NONE',  ( 0.000000000000000000, 0.000000000000000000, -1.000000000000000000 ) ) ;
#11179 = CARTESIAN_POINT ( 'NONE',  ( -0.2100000000000005473, 3.000000000000000000, -0.7794627824221421752 ) ) ;
#11180 = EDGE_CURVE ( 'NONE', #10722, #8231, #8126, .T. ) ;
#11181 = ORIENTED_EDGE ( 'NONE', *, *, #705, .T. ) ;
#11182 = MECHANICAL_DESIGN_GEOMETRIC_PRESENTATION_REPRESENTATION (  '', ( #898 ), #4678 ) ;
#11183 = PRESENTATION_STYLE_ASSIGNMENT (( #3359 ) ) ;
ENDSEC;
END-ISO-10303-21;
