ISO-10303-21;
HEADER;
FILE_DESCRIPTION (( 'STEP AP214' ),
    '1' );
FILE_NAME ('XGL1010.STEP',
    '2025-04-18T12:58:47',
    ( '' ),
    ( '' ),
    'SwSTEP 2.0',
    'SolidWorks 2023',
    '' );
FILE_SCHEMA (( 'AUTOMOTIVE_DESIGN' ));
ENDSEC;

DATA;
#1 = CARTESIAN_POINT ( 'NONE',  ( -5.250000000000000000, 0.000000000000000000, -5.900000000000000355 ) ) ;
#2 = CARTESIAN_POINT ( 'NONE',  ( 1.999651228604592212, 9.900000000000002132, -0.6800603665172983980 ) ) ;
#3 = CARTESIAN_POINT ( 'NONE',  ( 3.594000733682870763, 9.899999999999996803, -1.873140203657680525 ) ) ;
#4 = CARTESIAN_POINT ( 'NONE',  ( -1.044379530314190285, 9.900000000000000355, 1.357630717929626307 ) ) ;
#5 =( NAMED_UNIT ( * ) PLANE_ANGLE_UNIT ( ) SI_UNIT ( $, .RADIAN. ) );
#6 = EDGE_CURVE ( 'NONE', #613, #2394, #1962, .T. ) ;
#7 = ORIENTED_EDGE ( 'NONE', *, *, #863, .F. ) ;
#8 =( NAMED_UNIT ( * ) SI_UNIT ( $, .STERADIAN. ) SOLID_ANGLE_UNIT ( ) );
#9 = CARTESIAN_POINT ( 'NONE',  ( -0.8208460657472710365, 9.900000000000000355, -0.8950850301018700161 ) ) ;
#10 = CARTESIAN_POINT ( 'NONE',  ( 1.999651228604592212, 9.899000000000002686, 1.243016556559625618 ) ) ;
#11 = DIRECTION ( 'NONE',  ( -1.000000000000000000, 0.000000000000000000, 0.000000000000000000 ) ) ;
#12 = CARTESIAN_POINT ( 'NONE',  ( 3.594000733682870763, 9.900000000000000355, 1.973013642496165732 ) ) ;
#13 = DIRECTION ( 'NONE',  ( -0.000000000000000000, 1.000000000000000000, -0.000000000000000000 ) ) ;
#14 = CARTESIAN_POINT ( 'NONE',  ( 1.031653934252735327, 9.900000000000000355, -0.5050338489995117586 ) ) ;
#15 = ORIENTED_EDGE ( 'NONE', *, *, #2467, .T. ) ;
#16 = CARTESIAN_POINT ( 'NONE',  ( 2.014400266732862210, 9.899999999999996803, -0.9499970806486045527 ) ) ;
#17 = PRESENTATION_STYLE_ASSIGNMENT (( #2487 ) ) ;
#18 = LINE ( 'NONE', #1010, #2581 ) ;
#19 = CARTESIAN_POINT ( 'NONE',  ( 2.153524624830120082, 9.900000000000002132, -0.5651951310678569040 ) ) ;
#20 =( LENGTH_UNIT ( ) NAMED_UNIT ( * ) SI_UNIT ( .MILLI., .METRE. ) );
#21 = CARTESIAN_POINT ( 'NONE',  ( 2.236200404777783035, 9.899999999999998579, -2.432196885949307941 ) ) ;
#22 = APPLICATION_CONTEXT ( 'automotive_design' ) ;
#23 = VERTEX_POINT ( 'NONE', #1801 ) ;
#24 = ADVANCED_FACE ( 'NONE', ( #1554 ), #1151, .F. ) ;
#25 = CARTESIAN_POINT ( 'NONE',  ( 3.828472305305705703, 9.900000000000000355, 1.686915418570204439 ) ) ;
#26 = CARTESIAN_POINT ( 'NONE',  ( 3.594000733682870763, 9.899999999999998579, 1.973013642496165732 ) ) ;
#27 = DIRECTION ( 'NONE',  ( 0.000000000000000000, 0.000000000000000000, 1.000000000000000000 ) ) ;
#28 = FILL_AREA_STYLE ('',( #2757 ) ) ;
#29 = ADVANCED_FACE ( 'NONE', ( #356 ), #73, .F. ) ;
#30 = CARTESIAN_POINT ( 'NONE',  ( 2.322505442568229661, 9.899000000000000909, 1.469556472043787698 ) ) ;
#31 = ORIENTED_EDGE ( 'NONE', *, *, #2079, .T. ) ;
#32 = EDGE_CURVE ( 'NONE', #1409, #707, #2200, .T. ) ;
#33 = FACE_OUTER_BOUND ( 'NONE', #740, .T. ) ;
#34 = CARTESIAN_POINT ( 'NONE',  ( 2.096266520123801325, 9.899000000000004462, -2.817572364197159285 ) ) ;
#35 = CARTESIAN_POINT ( 'NONE',  ( 3.108247731221343901, 9.898999999999999133, 1.526261762053819249 ) ) ;
#36 = ORIENTED_EDGE ( 'NONE', *, *, #237, .T. ) ;
#37 = SURFACE_SIDE_STYLE ('',( #235 ) ) ;
#38 = CARTESIAN_POINT ( 'NONE',  ( 0.4259051153550915680, 9.899000000000000909, -1.474869675771165234 ) ) ;
#39 = DIRECTION ( 'NONE',  ( 0.000000000000000000, 0.000000000000000000, 1.000000000000000000 ) ) ;
#40 = VECTOR ( 'NONE', #117, 1000.000000000000000 ) ;
#41 = CARTESIAN_POINT ( 'NONE',  ( 2.698214344442096735, 9.899999999999996803, -2.168063518185379568 ) ) ;
#42 = SURFACE_STYLE_USAGE ( .BOTH. , #2768 ) ;
#43 = EDGE_CURVE ( 'NONE', #959, #3036, #2947, .T. ) ;
#44 = FILL_AREA_STYLE_COLOUR ( '', #1733 ) ;
#45 = PRESENTATION_LAYER_ASSIGNMENT (  '', '', ( #2129 ) ) ;
#46 = PRESENTATION_LAYER_ASSIGNMENT (  '', '', ( #1788 ) ) ;
#47 = ORIENTED_EDGE ( 'NONE', *, *, #3007, .F. ) ;
#48 = CARTESIAN_POINT ( 'NONE',  ( 3.683980207252016470, 9.900000000000000355, 1.989730310335926067 ) ) ;
#49 = LINE ( 'NONE', #2547, #403 ) ;
#50 = DIRECTION ( 'NONE',  ( 1.000000000000000000, 0.000000000000000000, 0.000000000000000000 ) ) ;
#51 = STYLED_ITEM ( 'NONE', ( #914 ), #1833 ) ;
#52 = SURFACE_STYLE_FILL_AREA ( #1449 ) ;
#53 = ORIENTED_EDGE ( 'NONE', *, *, #566, .T. ) ;
#54 = VECTOR ( 'NONE', #2323, 1000.000000000000000 ) ;
#55 = AXIS2_PLACEMENT_3D ( 'NONE', #3078, #384, #1126 ) ;
#56 = CARTESIAN_POINT ( 'NONE',  ( -5.250000000000000000, 9.900000000000000355, -5.900000000000000355 ) ) ;
#57 = CARTESIAN_POINT ( 'NONE',  ( -1.050408664172459927, 9.899000000000000909, 0.8041224502130936980 ) ) ;
#58 = CARTESIAN_POINT ( 'NONE',  ( 3.500122088917339003, 9.899000000000004462, 0.03001671134335237232 ) ) ;
#59 = AXIS2_PLACEMENT_3D ( 'NONE', #2572, #349, #112 ) ;
#60 =( GEOMETRIC_REPRESENTATION_CONTEXT ( 3 ) GLOBAL_UNCERTAINTY_ASSIGNED_CONTEXT ( ( #1639 ) ) GLOBAL_UNIT_ASSIGNED_CONTEXT ( ( #1518, #252, #776 ) ) REPRESENTATION_CONTEXT ( 'NONE', 'WORKASPACE' ) );
#61 = FACE_OUTER_BOUND ( 'NONE', #1369, .T. ) ;
#62 = ORIENTED_EDGE ( 'NONE', *, *, #1862, .F. ) ;
#63 =( GEOMETRIC_REPRESENTATION_CONTEXT ( 3 ) GLOBAL_UNCERTAINTY_ASSIGNED_CONTEXT ( ( #2587 ) ) GLOBAL_UNIT_ASSIGNED_CONTEXT ( ( #993, #1740, #2472 ) ) REPRESENTATION_CONTEXT ( 'NONE', 'WORKASPACE' ) );
#64 = ADVANCED_FACE ( 'NONE', ( #2454 ), #2623, .T. ) ;
#65 = CARTESIAN_POINT ( 'NONE',  ( 2.522423668654680817, 9.899000000000000909, 1.275830135311644575 ) ) ;
#66 =( NAMED_UNIT ( * ) PLANE_ANGLE_UNIT ( ) SI_UNIT ( $, .RADIAN. ) );
#67 = COLOUR_RGB ( '',0.8274509803921568096, 0.8392156862745098200, 0.8274509803921568096 ) ;
#68 = CARTESIAN_POINT ( 'NONE',  ( -0.8208460657472710365, 9.900000000000000355, -0.8950850301018700161 ) ) ;
#69 = CARTESIAN_POINT ( 'NONE',  ( 1.999651228604592212, 9.900000000000000355, -2.603137289594222636 ) ) ;
#70 =( NAMED_UNIT ( * ) PLANE_ANGLE_UNIT ( ) SI_UNIT ( $, .RADIAN. ) );
#71 = DIRECTION ( 'NONE',  ( 1.000000000000000000, 0.000000000000000000, 0.000000000000000000 ) ) ;
#72 = CARTESIAN_POINT ( 'NONE',  ( 4.424999999999998934, -0.1000000000000000056, -4.000000000000000888 ) ) ;
#73 = PLANE ( 'NONE',  #1755 ) ;
#74 = ORIENTED_EDGE ( 'NONE', *, *, #3102, .T. ) ;
#75 = ORIENTED_EDGE ( 'NONE', *, *, #285, .F. ) ;
#76 =( LENGTH_UNIT ( ) NAMED_UNIT ( * ) SI_UNIT ( .MILLI., .METRE. ) );
#77 = CARTESIAN_POINT ( 'NONE',  ( 3.931341668308921733, 9.898999999999999133, 0.09610725143548277949 ) ) ;
#78 = CARTESIAN_POINT ( 'NONE',  ( 1.539456258228857344, 9.900000000000000355, -1.119491769415789539 ) ) ;
#79 = ORIENTED_EDGE ( 'NONE', *, *, #883, .T. ) ;
#80 = EDGE_CURVE ( 'NONE', #1276, #2678, #2447, .T. ) ;
#81 = FILL_AREA_STYLE ('',( #2317 ) ) ;
#82 = CARTESIAN_POINT ( 'NONE',  ( 3.097130752144278798, 9.900000000000000355, -0.08122348854155042597 ) ) ;
#83 = PRESENTATION_STYLE_ASSIGNMENT (( #2543 ) ) ;
#84 = CARTESIAN_POINT ( 'NONE',  ( 4.007404976177575406, 9.900000000000000355, 1.701021051097031167 ) ) ;
#85 = PLANE ( 'NONE',  #55 ) ;
#86 =( NAMED_UNIT ( * ) PLANE_ANGLE_UNIT ( ) SI_UNIT ( $, .RADIAN. ) );
#87 = LINE ( 'NONE', #2053, #1479 ) ;
#88 = CARTESIAN_POINT ( 'NONE',  ( -1.131761026377192003, 9.900000000000000355, -0.4942397545113230706 ) ) ;
#89 = CARTESIAN_POINT ( 'NONE',  ( -1.901340553936240241, 9.900000000000000355, -0.8863279434876945029 ) ) ;
#90 = ORIENTED_EDGE ( 'NONE', *, *, #732, .T. ) ;
#91 = VERTEX_POINT ( 'NONE', #1686 ) ;
#92 = SURFACE_SIDE_STYLE ('',( #828 ) ) ;
#93 = CARTESIAN_POINT ( 'NONE',  ( 1.539456258228857344, 9.900000000000000355, -3.042568692492712223 ) ) ;
#94 = ORIENTED_EDGE ( 'NONE', *, *, #261, .T. ) ;
#95 = SURFACE_STYLE_USAGE ( .BOTH. , #347 ) ;
#96 = CARTESIAN_POINT ( 'NONE',  ( 2.274238898752874771, 9.899000000000000909, 1.139847535929501943 ) ) ;
#97 = UNCERTAINTY_MEASURE_WITH_UNIT (LENGTH_MEASURE( 1.000000000000000082E-05 ), #617, 'distance_accuracy_value', 'NONE');
#98 = SURFACE_STYLE_USAGE ( .BOTH. , #1393 ) ;
#99 = DIRECTION ( 'NONE',  ( -0.000000000000000000, 0.000000000000000000, 1.000000000000000000 ) ) ;
#100 = EDGE_CURVE ( 'NONE', #2811, #1706, #2439, .T. ) ;
#101 = CARTESIAN_POINT ( 'NONE',  ( 0.5668322807094262616, 9.899000000000000909, -0.3954141639601409519 ) ) ;
#102 = LINE ( 'NONE', #3161, #1894 ) ;
#103 = VECTOR ( 'NONE', #1779, 1000.000000000000000 ) ;
#104 = ORIENTED_EDGE ( 'NONE', *, *, #480, .T. ) ;
#105 = COLOUR_RGB ( '',1.000000000000000000, 1.000000000000000000, 1.000000000000000000 ) ;
#106 = CARTESIAN_POINT ( 'NONE',  ( 2.679444982629610728, 9.899999999999996803, 1.355286812517713102 ) ) ;
#107 = SURFACE_STYLE_USAGE ( .BOTH. , #1818 ) ;
#108 = STYLED_ITEM ( 'NONE', ( #17 ), #2455 ) ;
#109 = CARTESIAN_POINT ( 'NONE',  ( -2.260621656298445803, 9.900000000000000355, -0.09455628994437857704 ) ) ;
#110 = AXIS2_PLACEMENT_3D ( 'NONE', #1325, #1832, #2556 ) ;
#111 = DIRECTION ( 'NONE',  ( -0.000000000000000000, 1.000000000000000000, -0.000000000000000000 ) ) ;
#112 = DIRECTION ( 'NONE',  ( -0.000000000000000000, 0.000000000000000000, -1.000000000000000000 ) ) ;
#113 = PRESENTATION_LAYER_ASSIGNMENT (  '', '', ( #3066 ) ) ;
#114 = CARTESIAN_POINT ( 'NONE',  ( 1.859969078741678050, 9.899000000000000909, -2.722055871979891961 ) ) ;
#115 = CARTESIAN_POINT ( 'NONE',  ( 0.5619496035440766368, 9.899000000000000909, -0.04210589624360546596 ) ) ;
#116 = CARTESIAN_POINT ( 'NONE',  ( 4.007404976177575406, 9.900000000000000355, -0.2220558719798921277 ) ) ;
#117 = DIRECTION ( 'NONE',  ( -0.000000000000000000, 1.000000000000000000, -0.000000000000000000 ) ) ;
#118 = EDGE_LOOP ( 'NONE', ( #2464, #2431, #375, #610 ) ) ;
#119 = SURFACE_STYLE_FILL_AREA ( #616 ) ;
#120 = B_SPLINE_CURVE_WITH_KNOTS ( 'NONE', 3,
 ( #272, #2985, #2488, #38 ),
 .UNSPECIFIED., .F., .F.,
 ( 4, 4 ),
 ( 0.000000000000000000, 0.09090909090909091161 ),
 .UNSPECIFIED. ) ;
#121 = PLANE ( 'NONE',  #110 ) ;
#122 = CARTESIAN_POINT ( 'NONE',  ( 2.096266520123800881, 9.899000000000002686, 1.028581481956688082 ) ) ;
#123 = CARTESIAN_POINT ( 'NONE',  ( 3.947081253282668012, 9.898999999999999133, -0.2268113158217549274 ) ) ;
#124 = CARTESIAN_POINT ( 'NONE',  ( 3.327817636433985538, 9.899000000000000909, -0.3327329553132254425 ) ) ;
#125 = CARTESIAN_POINT ( 'NONE',  ( 3.254749212862530161, 9.900000000000000355, -0.3540582172869367050 ) ) ;
#126 = VERTEX_POINT ( 'NONE', #3190 ) ;
#127 = VERTEX_POINT ( 'NONE', #2187 ) ;
#128 = EDGE_CURVE ( 'NONE', #748, #3189, #1447, .T. ) ;
#129 = SURFACE_SIDE_STYLE ('',( #2609 ) ) ;
#130 = DIRECTION ( 'NONE',  ( -0.000000000000000000, 1.000000000000000000, -0.000000000000000000 ) ) ;
#131 = EDGE_CURVE ( 'NONE', #2394, #2577, #1978, .T. ) ;
#132 = DIRECTION ( 'NONE',  ( 0.000000000000000000, 0.000000000000000000, -1.000000000000000000 ) ) ;
#133 = SURFACE_STYLE_FILL_AREA ( #2368 ) ;
#134 = CARTESIAN_POINT ( 'NONE',  ( 1.859969078741678050, 9.899000000000000909, 1.124097974173954295 ) ) ;
#135 =( NAMED_UNIT ( * ) SI_UNIT ( $, .STERADIAN. ) SOLID_ANGLE_UNIT ( ) );
#136 = CARTESIAN_POINT ( 'NONE',  ( 3.380588384908581823, 9.900000000000000355, -0.3189038249140978554 ) ) ;
#137 = CARTESIAN_POINT ( 'NONE',  ( 0.1928775562999714421, 9.900000000000000355, -1.054590935613691327 ) ) ;
#138 = CARTESIAN_POINT ( 'NONE',  ( 1.882342475634342760, 9.899000000000002686, -0.7789237717034394048 ) ) ;
#139 = EDGE_CURVE ( 'NONE', #1276, #2607, #1497, .T. ) ;
#140 = VERTEX_POINT ( 'NONE', #2736 ) ;
#141 = ORIENTED_EDGE ( 'NONE', *, *, #1283, .T. ) ;
#142 = CARTESIAN_POINT ( 'NONE',  ( 1.999651228604592212, 9.900000000000003908, -0.6800603665172983980 ) ) ;
#143 = PRESENTATION_STYLE_ASSIGNMENT (( #1372 ) ) ;
#144 = SURFACE_STYLE_FILL_AREA ( #2856 ) ;
#145 = VECTOR ( 'NONE', #2727, 1000.000000000000000 ) ;
#146 = CARTESIAN_POINT ( 'NONE',  ( 2.895953799279411989, 9.899000000000002686, -2.080332299128503148 ) ) ;
#147 = B_SPLINE_CURVE_WITH_KNOTS ( 'NONE', 3,
 ( #882, #1588, #109, #1106 ),
 .UNSPECIFIED., .F., .F.,
 ( 4, 4 ),
 ( 0.6363636363636364646, 0.7272727272727274039 ),
 .UNSPECIFIED. ) ;
#148 = PRESENTATION_LAYER_ASSIGNMENT (  '', '', ( #3055 ) ) ;
#149 = EDGE_CURVE ( 'NONE', #1706, #1957, #2453, .T. ) ;
#150 = VECTOR ( 'NONE', #2242, 1000.000000000000000 ) ;
#151 = COLOUR_RGB ( '',1.000000000000000000, 1.000000000000000000, 1.000000000000000000 ) ;
#152 = CARTESIAN_POINT ( 'NONE',  ( 4.424999999999998934, -0.1000000000000000056, 4.000000000000000888 ) ) ;
#153 = CARTESIAN_POINT ( 'NONE',  ( -3.635738100735686817, 9.899000000000000909, -4.250000000000000000 ) ) ;
#154 = COLOUR_RGB ( '',1.000000000000000000, 1.000000000000000000, 1.000000000000000000 ) ;
#155 = LINE ( 'NONE', #2071, #1229 ) ;
#156 =( NAMED_UNIT ( * ) SI_UNIT ( $, .STERADIAN. ) SOLID_ANGLE_UNIT ( ) );
#157 = EDGE_LOOP ( 'NONE', ( #79, #471, #141, #31 ) ) ;
#158 = VECTOR ( 'NONE', #813, 1000.000000000000000 ) ;
#159 = ORIENTED_EDGE ( 'NONE', *, *, #405, .F. ) ;
#160 = VERTEX_POINT ( 'NONE', #1926 ) ;
#161 =( NAMED_UNIT ( * ) SI_UNIT ( $, .STERADIAN. ) SOLID_ANGLE_UNIT ( ) );
#162 = ADVANCED_FACE ( 'NONE', ( #2479 ), #1959, .T. ) ;
#163 = B_SPLINE_SURFACE_WITH_KNOTS ( 'NONE', 3, 1, ( 
 ( #1626, #1144 ),
 ( #652, #1378 ),
 ( #3125, #2873 ),
 ( #1125, #3088 ),
 ( #1355, #626 ),
 ( #123, #3110 ),
 ( #2614, #2385 ) ),
 .UNSPECIFIED., .F., .F., .F.,
 ( 4, 1, 1, 1, 4 ),
 ( 2, 2 ),
 ( 0.000000000000000000, 0.2372165186042104190, 0.4825864912431361287, 0.7368469271779307661, 1.000000000000000000 ),
 ( 0.000000000000000000, 1.000000000000000000 ),
 .UNSPECIFIED. ) ;
#164 = EDGE_CURVE ( 'NONE', #3053, #918, #2172, .T. ) ;
#165 = FILL_AREA_STYLE_COLOUR ( '', #1803 ) ;
#166 =( NAMED_UNIT ( * ) PLANE_ANGLE_UNIT ( ) SI_UNIT ( $, .RADIAN. ) );
#167 =( NAMED_UNIT ( * ) SI_UNIT ( $, .STERADIAN. ) SOLID_ANGLE_UNIT ( ) );
#168 = FILL_AREA_STYLE_COLOUR ( '', #1179 ) ;
#169 = ORIENTED_EDGE ( 'NONE', *, *, #2355, .T. ) ;
#170 = ORIENTED_EDGE ( 'NONE', *, *, #2934, .F. ) ;
#171 = ORIENTED_EDGE ( 'NONE', *, *, #458, .T. ) ;
#172 = CARTESIAN_POINT ( 'NONE',  ( 2.236200404777783479, 9.899000000000000909, -0.5091199628723855897 ) ) ;
#173 =( LENGTH_UNIT ( ) NAMED_UNIT ( * ) SI_UNIT ( .MILLI., .METRE. ) );
#174 = CARTESIAN_POINT ( 'NONE',  ( 1.859969078741678050, 9.900000000000000355, -0.7989789489029690550 ) ) ;
#175 = CARTESIAN_POINT ( 'NONE',  ( 2.537592257453080702, 9.899000000000004462, -2.251023697358974118 ) ) ;
#176 =( NAMED_UNIT ( * ) SI_UNIT ( $, .STERADIAN. ) SOLID_ANGLE_UNIT ( ) );
#177 = CARTESIAN_POINT ( 'NONE',  ( 0.5619496035440766368, 9.899000000000000909, -0.04210589624360546596 ) ) ;
#178 = UNCERTAINTY_MEASURE_WITH_UNIT (LENGTH_MEASURE( 1.000000000000000082E-05 ), #3141, 'distance_accuracy_value', 'NONE');
#179 = CARTESIAN_POINT ( 'NONE',  ( 3.267244662403632205, 9.899000000000002686, -0.02895715511207829981 ) ) ;
#180 = EDGE_LOOP ( 'NONE', ( #562, #1922, #2239, #518 ) ) ;
#181 = CARTESIAN_POINT ( 'NONE',  ( 3.931341668308921733, 9.898999999999999133, 2.019184174512406393 ) ) ;
#182 = DIRECTION ( 'NONE',  ( 0.000000000000000000, 1.000000000000000000, 0.000000000000000000 ) ) ;
#183 = DIRECTION ( 'NONE',  ( -0.000000000000000000, 1.000000000000000000, -0.000000000000000000 ) ) ;
#184 = CARTESIAN_POINT ( 'NONE',  ( -0.8208460657472710365, 9.900000000000000355, -0.8950850301018700161 ) ) ;
#185 = VECTOR ( 'NONE', #183, 1000.000000000000000 ) ;
#186 = SURFACE_SIDE_STYLE ('',( #3182 ) ) ;
#187 = MECHANICAL_DESIGN_GEOMETRIC_PRESENTATION_REPRESENTATION (  '', ( #2129 ), #60 ) ;
#188 = ORIENTED_EDGE ( 'NONE', *, *, #369, .T. ) ;
#189 = VECTOR ( 'NONE', #2980, 1000.000000000000000 ) ;
#190 = FACE_OUTER_BOUND ( 'NONE', #421, .T. ) ;
#191 = PRESENTATION_LAYER_ASSIGNMENT (  '', '', ( #3154 ) ) ;
#192 = CARTESIAN_POINT ( 'NONE',  ( -0.2270531523614435498, 9.900000000000000355, -1.474869675771160793 ) ) ;
#193 = CARTESIAN_POINT ( 'NONE',  ( 2.224999999999999201, 0.000000000000000000, -4.000000000000001776 ) ) ;
#194 = PRESENTATION_LAYER_ASSIGNMENT (  '', '', ( #2064 ) ) ;
#195 = PRESENTATION_LAYER_ASSIGNMENT (  '', '', ( #1183 ) ) ;
#196 = ORIENTED_EDGE ( 'NONE', *, *, #736, .T. ) ;
#197 = CARTESIAN_POINT ( 'NONE',  ( -1.050408664172459927, 9.899000000000000909, 0.8041224502130936980 ) ) ;
#198 = CARTESIAN_POINT ( 'NONE',  ( 3.982518742424586922, 9.899000000000002686, 0.09768817955805386699 ) ) ;
#199 =( GEOMETRIC_REPRESENTATION_CONTEXT ( 3 ) GLOBAL_UNCERTAINTY_ASSIGNED_CONTEXT ( ( #2872 ) ) GLOBAL_UNIT_ASSIGNED_CONTEXT ( ( #76, #402, #921 ) ) REPRESENTATION_CONTEXT ( 'NONE', 'WORKASPACE' ) );
#200 =( NAMED_UNIT ( * ) PLANE_ANGLE_UNIT ( ) SI_UNIT ( $, .RADIAN. ) );
#201 = ORIENTED_EDGE ( 'NONE', *, *, #128, .T. ) ;
#202 = SURFACE_SIDE_STYLE ('',( #245 ) ) ;
#203 = DIRECTION ( 'NONE',  ( -0.000000000000000000, 1.000000000000000000, -0.000000000000000000 ) ) ;
#204 = FILL_AREA_STYLE ('',( #2440 ) ) ;
#205 = PRESENTATION_LAYER_ASSIGNMENT (  '', '', ( #1953 ) ) ;
#206 = CARTESIAN_POINT ( 'NONE',  ( 4.007404976177575406, 9.899000000000000909, -2.145132795056815311 ) ) ;
#207 = ORIENTED_EDGE ( 'NONE', *, *, #1189, .F. ) ;
#208 = CARTESIAN_POINT ( 'NONE',  ( 3.380588384908581823, 9.899000000000000909, -2.241980747991021872 ) ) ;
#209 =( NAMED_UNIT ( * ) SI_UNIT ( $, .STERADIAN. ) SOLID_ANGLE_UNIT ( ) );
#210 = UNCERTAINTY_MEASURE_WITH_UNIT (LENGTH_MEASURE( 1.000000000000000082E-05 ), #3089, 'distance_accuracy_value', 'NONE');
#211 = FILL_AREA_STYLE_COLOUR ( '', #1088 ) ;
#212 =( LENGTH_UNIT ( ) NAMED_UNIT ( * ) SI_UNIT ( .MILLI., .METRE. ) );
#213 = CARTESIAN_POINT ( 'NONE',  ( 2.537592257453082034, 9.899000000000002686, 1.595130148794872582 ) ) ;
#214 = B_SPLINE_CURVE_WITH_KNOTS ( 'NONE', 3,
 ( #1624, #381, #2861, #2826, #3123, #3106, #2100, #2613, #1790, #1097, #2846, #2585, #2066, #884, #2084 ),
 .UNSPECIFIED., .F., .F.,
 ( 4, 1, 1, 1, 1, 1, 1, 1, 1, 1, 1, 1, 4 ),
 ( 0.000000000000000000, 0.05027287497458368670, 0.1027903700748774990, 0.1576131012369288709, 0.2146311133156754147, 0.2740612127265389386, 0.3356974550538850410, 0.4000702787165525409, 0.4668267493853399674, 0.6020780869193702589, 0.7357515335047495331, 0.8682046170340284030, 0.9999999999999998890 ),
 .UNSPECIFIED. ) ;
#215 = CARTESIAN_POINT ( 'NONE',  ( 1.859969078741678050, 9.899000000000000909, 0.4830723331483130489 ) ) ;
#216 = FILL_AREA_STYLE_COLOUR ( '', #2061 ) ;
#217 = LINE ( 'NONE', #2720, #1290 ) ;
#218 = FILL_AREA_STYLE ('',( #3002 ) ) ;
#219 = CARTESIAN_POINT ( 'NONE',  ( 1.937897060019536877, 9.899999999999998579, -2.929242134603712966 ) ) ;
#220 = VERTEX_POINT ( 'NONE', #2928 ) ;
#221 = LINE ( 'NONE', #503, #706 ) ;
#222 = ORIENTED_EDGE ( 'NONE', *, *, #6, .F. ) ;
#223 = CARTESIAN_POINT ( 'NONE',  ( 2.413020837767631210, 9.899999999999995026, -2.322727682811485561 ) ) ;
#224 = CARTESIAN_POINT ( 'NONE',  ( -2.535054727164589572, 9.900000000000000355, -0.6680968411254809558 ) ) ;
#225 =( NAMED_UNIT ( * ) SI_UNIT ( $, .STERADIAN. ) SOLID_ANGLE_UNIT ( ) );
#226 = ORIENTED_EDGE ( 'NONE', *, *, #2812, .T. ) ;
#227 = CARTESIAN_POINT ( 'NONE',  ( -2.535054727164589572, 9.900000000000000355, -0.6680968411254809558 ) ) ;
#228 = CARTESIAN_POINT ( 'NONE',  ( 3.852702646889013316, 9.900000000000000355, 2.012193181073960169 ) ) ;
#229 = CARTESIAN_POINT ( 'NONE',  ( 1.859969078741678050, 9.899000000000000909, 1.124097974173954295 ) ) ;
#230 =( NAMED_UNIT ( * ) PLANE_ANGLE_UNIT ( ) SI_UNIT ( $, .RADIAN. ) );
#231 = CARTESIAN_POINT ( 'NONE',  ( 3.770155873744589048, 9.900000000000000355, 2.002881816693467432 ) ) ;
#232 = B_SPLINE_SURFACE_WITH_KNOTS ( 'NONE', 3, 1, ( 
 ( #910, #2644 ),
 ( #667, #428 ),
 ( #1405, #2414 ),
 ( #177, #1168 ) ),
 .UNSPECIFIED., .F., .F., .F.,
 ( 4, 4 ),
 ( 2, 2 ),
 ( 0.8181818181818183433, 0.9090909090909092827 ),
 ( 0.000000000000000000, 1.000000000000000000 ),
 .UNSPECIFIED. ) ;
#233 = CARTESIAN_POINT ( 'NONE',  ( 2.182870226123697410, 9.899999999999998579, -2.762136768214439986 ) ) ;
#234 = ORIENTED_EDGE ( 'NONE', *, *, #696, .F. ) ;
#235 = SURFACE_STYLE_FILL_AREA ( #2711 ) ;
#236 = VECTOR ( 'NONE', #1477, 1000.000000000000000 ) ;
#237 = EDGE_CURVE ( 'NONE', #655, #1757, #1570, .T. ) ;
#238 = CARTESIAN_POINT ( 'NONE',  ( -4.424999999999998934, 0.000000000000000000, 4.000000000000000000 ) ) ;
#239 = COLOUR_RGB ( '',1.000000000000000000, 1.000000000000000000, 1.000000000000000000 ) ;
#240 = CARTESIAN_POINT ( 'NONE',  ( 2.679444982629611172, 9.899000000000000909, -2.490867033636133154 ) ) ;
#241 = CARTESIAN_POINT ( 'NONE',  ( 3.594000733682870763, 9.898999999999999133, -1.873140203657680525 ) ) ;
#242 = CARTESIAN_POINT ( 'NONE',  ( 3.500122088917338115, 9.900000000000000355, -1.893060211733570863 ) ) ;
#243 =( GEOMETRIC_REPRESENTATION_CONTEXT ( 3 ) GLOBAL_UNCERTAINTY_ASSIGNED_CONTEXT ( ( #97 ) ) GLOBAL_UNIT_ASSIGNED_CONTEXT ( ( #617, #2611, #1604 ) ) REPRESENTATION_CONTEXT ( 'NONE', 'WORKASPACE' ) );
#244 = ORIENTED_EDGE ( 'NONE', *, *, #2303, .T. ) ;
#245 = SURFACE_STYLE_FILL_AREA ( #1244 ) ;
#246 = VECTOR ( 'NONE', #1364, 1000.000000000000000 ) ;
#247 =( GEOMETRIC_REPRESENTATION_CONTEXT ( 3 ) GLOBAL_UNCERTAINTY_ASSIGNED_CONTEXT ( ( #210 ) ) GLOBAL_UNIT_ASSIGNED_CONTEXT ( ( #3089, #2483, #1965 ) ) REPRESENTATION_CONTEXT ( 'NONE', 'WORKASPACE' ) );
#248 = FACE_OUTER_BOUND ( 'NONE', #2424, .T. ) ;
#249 = DIRECTION ( 'NONE',  ( 1.000000000000000000, 0.000000000000000000, 0.000000000000000000 ) ) ;
#250 =( LENGTH_UNIT ( ) NAMED_UNIT ( * ) SI_UNIT ( .MILLI., .METRE. ) );
#251 = CARTESIAN_POINT ( 'NONE',  ( 2.537592257453082034, 9.899000000000002686, 1.595130148794872582 ) ) ;
#252 =( NAMED_UNIT ( * ) PLANE_ANGLE_UNIT ( ) SI_UNIT ( $, .RADIAN. ) );
#253 = ORIENTED_EDGE ( 'NONE', *, *, #696, .T. ) ;
#254 = AXIS2_PLACEMENT_3D ( 'NONE', #879, #637, #3149 ) ;
#255 = EDGE_CURVE ( 'NONE', #1659, #633, #542, .T. ) ;
#256 = DIRECTION ( 'NONE',  ( 0.000000000000000000, 0.000000000000000000, 1.000000000000000000 ) ) ;
#257 = ADVANCED_FACE ( 'NONE', ( #1552 ), #822, .T. ) ;
#258 = CARTESIAN_POINT ( 'NONE',  ( -3.635738100735686817, 9.900000000000000355, -4.250000000000000000 ) ) ;
#259 = CARTESIAN_POINT ( 'NONE',  ( -2.793422049999235490, 9.900000000000000355, 0.2299165447012879726 ) ) ;
#260 = CARTESIAN_POINT ( 'NONE',  ( 3.982518742424586922, 9.900000000000002132, -1.825388743518869372 ) ) ;
#261 = EDGE_CURVE ( 'NONE', #1757, #2362, #340, .T. ) ;
#262 = SURFACE_STYLE_USAGE ( .BOTH. , #999 ) ;
#263 = ORIENTED_EDGE ( 'NONE', *, *, #404, .T. ) ;
#264 = CARTESIAN_POINT ( 'NONE',  ( 3.947081253282668012, 9.899999999999998579, 1.696265607255168284 ) ) ;
#265 = CARTESIAN_POINT ( 'NONE',  ( 4.007404976177575406, 9.899000000000000909, -2.145132795056815311 ) ) ;
#266 = LINE ( 'NONE', #2249, #189 ) ;
#267 = CARTESIAN_POINT ( 'NONE',  ( 3.594000733682870763, 9.898999999999999133, 1.973013642496165732 ) ) ;
#268 = VERTEX_POINT ( 'NONE', #2294 ) ;
#269 = CARTESIAN_POINT ( 'NONE',  ( -1.637737404329943081, 9.899000000000000909, 0.5654649698981365491 ) ) ;
#270 = CARTESIAN_POINT ( 'NONE',  ( 2.537592257453082034, 9.899000000000002686, -0.3279467742820512122 ) ) ;
#271 = EDGE_LOOP ( 'NONE', ( #1499, #1558, #2554, #582 ) ) ;
#272 = CARTESIAN_POINT ( 'NONE',  ( 1.045314170473210513, 9.899000000000000909, -0.07946810096801441847 ) ) ;
#273 = CARTESIAN_POINT ( 'NONE',  ( 3.327817636433985538, 9.899000000000000909, -2.255809878390148349 ) ) ;
#274 = CARTESIAN_POINT ( 'NONE',  ( 2.236200404777783035, 9.898999999999999133, -2.432196885949307941 ) ) ;
#275 = SURFACE_STYLE_USAGE ( .BOTH. , #2261 ) ;
#276 = LINE ( 'NONE', #1296, #2167 ) ;
#277 = SURFACE_SIDE_STYLE ('',( #2244 ) ) ;
#278 = VERTEX_POINT ( 'NONE', #281 ) ;
#279 = LINE ( 'NONE', #2018, #2801 ) ;
#280 = FILL_AREA_STYLE ('',( #528 ) ) ;
#281 = CARTESIAN_POINT ( 'NONE',  ( -5.250000000000000000, 0.000000000000000000, -5.900000000000000355 ) ) ;
#282 = LINE ( 'NONE', #1448, #1942 ) ;
#283 = CARTESIAN_POINT ( 'NONE',  ( 3.683980207252016470, 9.900000000000002132, 1.989730310335926067 ) ) ;
#284 = ORIENTED_EDGE ( 'NONE', *, *, #2366, .T. ) ;
#285 = EDGE_CURVE ( 'NONE', #1190, #268, #1038, .T. ) ;
#286 = SURFACE_SIDE_STYLE ('',( #1006 ) ) ;
#287 = CARTESIAN_POINT ( 'NONE',  ( 3.852702646889013316, 9.900000000000003908, 0.08911625799703674911 ) ) ;
#288 = CARTESIAN_POINT ( 'NONE',  ( -2.224999999999998312, -0.1000000000000000056, 4.000000000000000000 ) ) ;
#289 = ORIENTED_EDGE ( 'NONE', *, *, #2106, .T. ) ;
#290 =( LENGTH_UNIT ( ) NAMED_UNIT ( * ) SI_UNIT ( .MILLI., .METRE. ) );
#291 =( NAMED_UNIT ( * ) SI_UNIT ( $, .STERADIAN. ) SOLID_ANGLE_UNIT ( ) );
#292 = CARTESIAN_POINT ( 'NONE',  ( 3.770155873744588604, 9.899999999999998579, 0.07980489361654462266 ) ) ;
#293 =( GEOMETRIC_REPRESENTATION_CONTEXT ( 3 ) GLOBAL_UNCERTAINTY_ASSIGNED_CONTEXT ( ( #1793 ) ) GLOBAL_UNIT_ASSIGNED_CONTEXT ( ( #968, #942, #476 ) ) REPRESENTATION_CONTEXT ( 'NONE', 'WORKASPACE' ) );
#294 = CARTESIAN_POINT ( 'NONE',  ( 3.402538664877624353, 9.900000000000000355, -1.916850885219988143 ) ) ;
#295 = CARTESIAN_POINT ( 'NONE',  ( 1.882342475634342760, 9.900000000000002132, -2.702000694780362089 ) ) ;
#296 = STYLED_ITEM ( 'NONE', ( #2706 ), #1623 ) ;
#297 = FACE_OUTER_BOUND ( 'NONE', #1335, .T. ) ;
#298 = CARTESIAN_POINT ( 'NONE',  ( 4.424999999999998934, -0.1000000000000000056, 4.000000000000000888 ) ) ;
#299 = CARTESIAN_POINT ( 'NONE',  ( -4.035738100735687617, 9.899000000000000909, 4.250000000000000000 ) ) ;
#300 =( NAMED_UNIT ( * ) PLANE_ANGLE_UNIT ( ) SI_UNIT ( $, .RADIAN. ) );
#301 = VECTOR ( 'NONE', #1909, 1000.000000000000000 ) ;
#302 =( NAMED_UNIT ( * ) PLANE_ANGLE_UNIT ( ) SI_UNIT ( $, .RADIAN. ) );
#303 = ORIENTED_EDGE ( 'NONE', *, *, #2189, .F. ) ;
#304 = EDGE_CURVE ( 'NONE', #2193, #1162, #2527, .T. ) ;
#305 = PRESENTATION_LAYER_ASSIGNMENT (  '', '', ( #2390 ) ) ;
#306 = DIRECTION ( 'NONE',  ( 7.350523203291555004E-17, 0.000000000000000000, 1.000000000000000000 ) ) ;
#307 = CARTESIAN_POINT ( 'NONE',  ( 2.506045413310248993, 9.899000000000004462, -2.577695462946343330 ) ) ;
#308 = CARTESIAN_POINT ( 'NONE',  ( 2.892817914572809457, 9.900000000000000355, 1.445950095781888489 ) ) ;
#309 = PRESENTATION_LAYER_ASSIGNMENT (  '', '', ( #2393 ) ) ;
#310 = PRESENTATION_LAYER_ASSIGNMENT (  '', '', ( #1036 ) ) ;
#311 = DIRECTION ( 'NONE',  ( 0.000000000000000000, -1.000000000000000000, -0.000000000000000000 ) ) ;
#312 = ORIENTED_EDGE ( 'NONE', *, *, #3126, .T. ) ;
#313 = COLOUR_RGB ( '',1.000000000000000000, 1.000000000000000000, 1.000000000000000000 ) ;
#314 =( NAMED_UNIT ( * ) SI_UNIT ( $, .STERADIAN. ) SOLID_ANGLE_UNIT ( ) );
#315 = VECTOR ( 'NONE', #1723, 1000.000000000000000 ) ;
#316 = CARTESIAN_POINT ( 'NONE',  ( 3.402538664877622576, 9.899999999999996803, 0.006226037856934851442 ) ) ;
#317 =( LENGTH_UNIT ( ) NAMED_UNIT ( * ) SI_UNIT ( .MILLI., .METRE. ) );
#318 = FILL_AREA_STYLE_COLOUR ( '', #2583 ) ;
#319 = UNCERTAINTY_MEASURE_WITH_UNIT (LENGTH_MEASURE( 1.000000000000000082E-05 ), #1385, 'distance_accuracy_value', 'NONE');
#320 =( NAMED_UNIT ( * ) SI_UNIT ( $, .STERADIAN. ) SOLID_ANGLE_UNIT ( ) );
#321 = CARTESIAN_POINT ( 'NONE',  ( -2.224999999999998312, -0.1000000000000000056, -4.000000000000000000 ) ) ;
#322 = CARTESIAN_POINT ( 'NONE',  ( 3.108247731221343901, 9.898999999999999133, -2.319892084100026342 ) ) ;
#323 = CARTESIAN_POINT ( 'NONE',  ( 4.007404976177575406, 9.900000000000000355, -2.145132795056815311 ) ) ;
#324 = CARTESIAN_POINT ( 'NONE',  ( 3.487943684178945958, 9.899000000000000909, -0.2907702381153060567 ) ) ;
#325 = CARTESIAN_POINT ( 'NONE',  ( -2.059126774408686078, 9.900000000000000355, -0.5386035340388787285 ) ) ;
#326 = ORIENTED_EDGE ( 'NONE', *, *, #2592, .F. ) ;
#327 = ORIENTED_EDGE ( 'NONE', *, *, #2769, .T. ) ;
#328 = CARTESIAN_POINT ( 'NONE',  ( -1.131761026377192003, 9.899000000000000909, -0.4942397545113230706 ) ) ;
#329 = CARTESIAN_POINT ( 'NONE',  ( 3.267244662403632205, 9.899000000000002686, -0.02895715511207829981 ) ) ;
#330 = CARTESIAN_POINT ( 'NONE',  ( 2.224999999999999201, -0.1000000000000000056, 4.000000000000000888 ) ) ;
#331 = ORIENTED_EDGE ( 'NONE', *, *, #1557, .T. ) ;
#332 = CARTESIAN_POINT ( 'NONE',  ( 1.539456258228857344, 9.899000000000000909, 0.4830723331483130489 ) ) ;
#333 = EDGE_CURVE ( 'NONE', #2190, #1647, #49, .T. ) ;
#334 = EDGE_CURVE ( 'NONE', #1162, #2709, #1515, .T. ) ;
#335 = CARTESIAN_POINT ( 'NONE',  ( -0.8208460657472710365, 9.899000000000000909, -0.8950850301018700161 ) ) ;
#336 = SURFACE_STYLE_FILL_AREA ( #3064 ) ;
#337 = CARTESIAN_POINT ( 'NONE',  ( 1.866044462534064197, 9.899999999999996803, 0.8610263115928821209 ) ) ;
#338 = CARTESIAN_POINT ( 'NONE',  ( 2.274238898752875215, 9.900000000000002132, -2.706306310224344980 ) ) ;
#339 = CARTESIAN_POINT ( 'NONE',  ( -4.035738100735687617, 9.900000000000000355, 4.250000000000000000 ) ) ;
#340 = LINE ( 'NONE', #1055, #501 ) ;
#341 = CARTESIAN_POINT ( 'NONE',  ( 3.380588384908581823, 9.899000000000000909, -0.3189038249140978554 ) ) ;
#342 = CARTESIAN_POINT ( 'NONE',  ( -2.059126774408686078, 9.899000000000000909, -0.5386035340388787285 ) ) ;
#343 = ORIENTED_EDGE ( 'NONE', *, *, #2568, .F. ) ;
#344 = ORIENTED_EDGE ( 'NONE', *, *, #334, .F. ) ;
#345 = CARTESIAN_POINT ( 'NONE',  ( 3.500122088917339003, 9.900000000000005684, 0.03001671134335237232 ) ) ;
#346 = SURFACE_SIDE_STYLE ('',( #1563 ) ) ;
#347 = SURFACE_SIDE_STYLE ('',( #393 ) ) ;
#348 = CARTESIAN_POINT ( 'NONE',  ( 2.892817914572809457, 9.899000000000004462, 1.445950095781888489 ) ) ;
#349 = DIRECTION ( 'NONE',  ( 1.000000000000000000, 0.000000000000000000, -0.000000000000000000 ) ) ;
#350 = UNCERTAINTY_MEASURE_WITH_UNIT (LENGTH_MEASURE( 1.000000000000000082E-05 ), #2052, 'distance_accuracy_value', 'NONE');
#351 = COLOUR_RGB ( '',1.000000000000000000, 1.000000000000000000, 1.000000000000000000 ) ;
#352 = CARTESIAN_POINT ( 'NONE',  ( -0.2763968531488329994, 9.899000000000000909, 1.118671269110727895 ) ) ;
#353 = CARTESIAN_POINT ( 'NONE',  ( -4.424999999999998934, -0.1000000000000000056, -4.000000000000000000 ) ) ;
#354 = DIRECTION ( 'NONE',  ( -1.000000000000000000, 0.000000000000000000, 0.000000000000000000 ) ) ;
#355 = DIRECTION ( 'NONE',  ( -0.000000000000000000, -1.000000000000000000, -0.000000000000000000 ) ) ;
#356 = FACE_OUTER_BOUND ( 'NONE', #1048, .T. ) ;
#357 = STYLED_ITEM ( 'NONE', ( #3045 ), #901 ) ;
#358 = ORIENTED_EDGE ( 'NONE', *, *, #2252, .T. ) ;
#359 = AXIS2_PLACEMENT_3D ( 'NONE', #2236, #1992, #71 ) ;
#360 =( NAMED_UNIT ( * ) SI_UNIT ( $, .STERADIAN. ) SOLID_ANGLE_UNIT ( ) );
#361 = PRESENTATION_LAYER_ASSIGNMENT (  '', '', ( #618 ) ) ;
#362 = STYLED_ITEM ( 'NONE', ( #1365 ), #1374 ) ;
#363 = MECHANICAL_DESIGN_GEOMETRIC_PRESENTATION_REPRESENTATION (  '', ( #2393 ), #2009 ) ;
#364 =( GEOMETRIC_REPRESENTATION_CONTEXT ( 3 ) GLOBAL_UNCERTAINTY_ASSIGNED_CONTEXT ( ( #319 ) ) GLOBAL_UNIT_ASSIGNED_CONTEXT ( ( #1385, #435, #161 ) ) REPRESENTATION_CONTEXT ( 'NONE', 'WORKASPACE' ) );
#365 = EDGE_CURVE ( 'NONE', #1661, #2863, #1582, .T. ) ;
#366 =( GEOMETRIC_REPRESENTATION_CONTEXT ( 3 ) GLOBAL_UNCERTAINTY_ASSIGNED_CONTEXT ( ( #862 ) ) GLOBAL_UNIT_ASSIGNED_CONTEXT ( ( #1622, #1062, #1787 ) ) REPRESENTATION_CONTEXT ( 'NONE', 'WORKASPACE' ) );
#367 = CARTESIAN_POINT ( 'NONE',  ( -2.224999999999998312, -0.1000000000000000056, 4.000000000000000000 ) ) ;
#368 =( LENGTH_UNIT ( ) NAMED_UNIT ( * ) SI_UNIT ( .MILLI., .METRE. ) );
#369 = EDGE_CURVE ( 'NONE', #1877, #2190, #1356, .T. ) ;
#370 = CARTESIAN_POINT ( 'NONE',  ( 1.045314170473210513, 9.900000000000000355, -0.07946810096801441847 ) ) ;
#371 = CARTESIAN_POINT ( 'NONE',  ( -5.249999999999999112, 0.000000000000000000, 5.900000000000000355 ) ) ;
#372 = CARTESIAN_POINT ( 'NONE',  ( -2.535054727164589572, 9.899000000000000909, -0.6680968411254809558 ) ) ;
#373 = ORIENTED_EDGE ( 'NONE', *, *, #842, .T. ) ;
#374 = EDGE_CURVE ( 'NONE', #1418, #397, #2020, .T. ) ;
#375 = ORIENTED_EDGE ( 'NONE', *, *, #2252, .F. ) ;
#376 =( NAMED_UNIT ( * ) SI_UNIT ( $, .STERADIAN. ) SOLID_ANGLE_UNIT ( ) );
#377 = PRESENTATION_STYLE_ASSIGNMENT (( #2836 ) ) ;
#378 =( NAMED_UNIT ( * ) SI_UNIT ( $, .STERADIAN. ) SOLID_ANGLE_UNIT ( ) );
#379 = FILL_AREA_STYLE ('',( #848 ) ) ;
#380 = EDGE_CURVE ( 'NONE', #2636, #1751, #3020, .T. ) ;
#381 = CARTESIAN_POINT ( 'NONE',  ( 1.820934012025256399, 9.900000000000002132, 0.8224514213282342334 ) ) ;
#382 = UNCERTAINTY_MEASURE_WITH_UNIT (LENGTH_MEASURE( 1.000000000000000082E-05 ), #1767, 'distance_accuracy_value', 'NONE');
#383 =( NAMED_UNIT ( * ) SI_UNIT ( $, .STERADIAN. ) SOLID_ANGLE_UNIT ( ) );
#384 = DIRECTION ( 'NONE',  ( 1.000000000000000000, 0.000000000000000000, 0.000000000000000000 ) ) ;
#385 = CARTESIAN_POINT ( 'NONE',  ( 0.4259051153550916791, 9.900000000000000355, -1.474869675771165012 ) ) ;
#386 = CARTESIAN_POINT ( 'NONE',  ( 2.096266520123800881, 9.899000000000002686, -0.8944954411202357125 ) ) ;
#387 = ORIENTED_EDGE ( 'NONE', *, *, #1557, .F. ) ;
#388 = B_SPLINE_CURVE_WITH_KNOTS ( 'NONE', 3,
 ( #3121, #2883, #2173, #3168 ),
 .UNSPECIFIED., .F., .F.,
 ( 4, 4 ),
 ( 0.09090909090909091161, 0.1818181818181818232 ),
 .UNSPECIFIED. ) ;
#389 = EDGE_LOOP ( 'NONE', ( #331, #1720, #2150, #312 ) ) ;
#390 = CARTESIAN_POINT ( 'NONE',  ( 2.074430326976350880, 9.899999999999998579, -0.6217942615557505714 ) ) ;
#391 = FACE_OUTER_BOUND ( 'NONE', #2419, .T. ) ;
#392 = EDGE_CURVE ( 'NONE', #900, #450, #87, .T. ) ;
#393 = SURFACE_STYLE_FILL_AREA ( #379 ) ;
#394 = CARTESIAN_POINT ( 'NONE',  ( 2.679444982629610728, 9.899000000000000909, 1.355286812517713102 ) ) ;
#395 = FILL_AREA_STYLE_COLOUR ( '', #2690 ) ;
#396 =( NAMED_UNIT ( * ) SI_UNIT ( $, .STERADIAN. ) SOLID_ANGLE_UNIT ( ) );
#397 = VERTEX_POINT ( 'NONE', #1259 ) ;
#398 = VERTEX_POINT ( 'NONE', #839 ) ;
#399 = CARTESIAN_POINT ( 'NONE',  ( 2.322505442568229661, 9.899000000000000909, 1.469556472043787698 ) ) ;
#400 =( NAMED_UNIT ( * ) PLANE_ANGLE_UNIT ( ) SI_UNIT ( $, .RADIAN. ) );
#401 = CARTESIAN_POINT ( 'NONE',  ( -4.424999999999998934, -0.1000000000000000056, 4.000000000000000000 ) ) ;
#402 =( NAMED_UNIT ( * ) PLANE_ANGLE_UNIT ( ) SI_UNIT ( $, .RADIAN. ) );
#403 = VECTOR ( 'NONE', #2075, 1000.000000000000000 ) ;
#404 = EDGE_CURVE ( 'NONE', #1683, #2420, #1920, .T. ) ;
#405 = EDGE_CURVE ( 'NONE', #1162, #690, #1596, .T. ) ;
#406 = CARTESIAN_POINT ( 'NONE',  ( 5.250000000000000000, 0.000000000000000000, -5.900000000000000355 ) ) ;
#407 = VECTOR ( 'NONE', #654, 1000.000000000000000 ) ;
#408 = COLOUR_RGB ( '',1.000000000000000000, 1.000000000000000000, 1.000000000000000000 ) ;
#409 = AXIS2_PLACEMENT_3D ( 'NONE', #353, #99, #1812 ) ;
#410 = PRESENTATION_LAYER_ASSIGNMENT (  '', '', ( #2485 ) ) ;
#411 =( NAMED_UNIT ( * ) SI_UNIT ( $, .STERADIAN. ) SOLID_ANGLE_UNIT ( ) );
#412 = UNCERTAINTY_MEASURE_WITH_UNIT (LENGTH_MEASURE( 1.000000000000000082E-05 ), #1493, 'distance_accuracy_value', 'NONE');
#413 =( GEOMETRIC_REPRESENTATION_CONTEXT ( 3 ) GLOBAL_UNCERTAINTY_ASSIGNED_CONTEXT ( ( #2069 ) ) GLOBAL_UNIT_ASSIGNED_CONTEXT ( ( #2672, #166, #1919 ) ) REPRESENTATION_CONTEXT ( 'NONE', 'WORKASPACE' ) );
#414 = FILL_AREA_STYLE ('',( #2630 ) ) ;
#415 = COLOUR_RGB ( '',1.000000000000000000, 1.000000000000000000, 1.000000000000000000 ) ;
#416 = CARTESIAN_POINT ( 'NONE',  ( 3.654652869401912696, 9.898999999999997357, -2.183049548651853744 ) ) ;
#417 = CARTESIAN_POINT ( 'NONE',  ( 1.859969078741678050, 9.899000000000000909, -0.7989789489029690550 ) ) ;
#418 = ORIENTED_EDGE ( 'NONE', *, *, #2094, .T. ) ;
#419 = VECTOR ( 'NONE', #1970, 1000.000000000000000 ) ;
#420 = ORIENTED_EDGE ( 'NONE', *, *, #1297, .T. ) ;
#421 = EDGE_LOOP ( 'NONE', ( #1815, #1911, #159, #2926 ) ) ;
#422 = FILL_AREA_STYLE ('',( #2619 ) ) ;
#423 = FILL_AREA_STYLE ('',( #2639 ) ) ;
#424 = PRESENTATION_STYLE_ASSIGNMENT (( #892 ) ) ;
#425 = CARTESIAN_POINT ( 'NONE',  ( 2.074430326976350880, 9.898999999999997357, -2.544871184632672367 ) ) ;
#426 = B_SPLINE_CURVE_WITH_KNOTS ( 'NONE', 3,
 ( #3196, #670, #2698, #469, #2460, #981, #1657 ),
 .UNSPECIFIED., .F., .F.,
 ( 4, 1, 1, 1, 4 ),
 ( 0.000000000000000000, 0.2372165186042104190, 0.4825864912431361287, 0.7368469271779307661, 1.000000000000000000 ),
 .UNSPECIFIED. ) ;
#427 = B_SPLINE_SURFACE_WITH_KNOTS ( 'NONE', 3, 1, ( 
 ( #3032, #2263 ),
 ( #1777, #2307 ),
 ( #804, #1032 ),
 ( #578, #2015 ),
 ( #3017, #2732 ),
 ( #767, #1256 ),
 ( #1568, #84 ) ),
 .UNSPECIFIED., .F., .F., .F.,
 ( 4, 1, 1, 1, 4 ),
 ( 2, 2 ),
 ( 0.000000000000000000, 0.2372165186042104190, 0.4825864912431361287, 0.7368469271779307661, 1.000000000000000000 ),
 ( 0.000000000000000000, 1.000000000000000000 ),
 .UNSPECIFIED. ) ;
#428 = CARTESIAN_POINT ( 'NONE',  ( 0.1928775562999714421, 9.900000000000000355, -1.054590935613691327 ) ) ;
#429 = VERTEX_POINT ( 'NONE', #1367 ) ;
#430 = SURFACE_STYLE_USAGE ( .BOTH. , #2875 ) ;
#431 = SURFACE_SIDE_STYLE ('',( #2862 ) ) ;
#432 = EDGE_LOOP ( 'NONE', ( #870, #774, #196, #1172 ) ) ;
#433 = CARTESIAN_POINT ( 'NONE',  ( 3.594000733682870763, 9.898999999999999133, 1.973013642496165732 ) ) ;
#434 = FACE_BOUND ( 'NONE', #685, .T. ) ;
#435 =( NAMED_UNIT ( * ) PLANE_ANGLE_UNIT ( ) SI_UNIT ( $, .RADIAN. ) );
#436 = CARTESIAN_POINT ( 'NONE',  ( 3.931341668308921733, 9.898999999999999133, -1.826969671641439863 ) ) ;
#437 = ORIENTED_EDGE ( 'NONE', *, *, #2568, .T. ) ;
#438 =( LENGTH_UNIT ( ) NAMED_UNIT ( * ) SI_UNIT ( .MILLI., .METRE. ) );
#439 = CARTESIAN_POINT ( 'NONE',  ( 1.859969078741678050, 9.899000000000000909, 1.124097974173954295 ) ) ;
#440 = UNCERTAINTY_MEASURE_WITH_UNIT (LENGTH_MEASURE( 1.000000000000000082E-05 ), #1796, 'distance_accuracy_value', 'NONE');
#441 = EDGE_CURVE ( 'NONE', #656, #3159, #2575, .T. ) ;
#442 = VERTEX_POINT ( 'NONE', #868 ) ;
#443 = CARTESIAN_POINT ( 'NONE',  ( 0.5619496035440766368, 9.900000000000000355, -0.04210589624360546596 ) ) ;
#444 = CARTESIAN_POINT ( 'NONE',  ( 3.852702646889013316, 9.899000000000000909, 2.012193181073960169 ) ) ;
#445 =( NAMED_UNIT ( * ) SI_UNIT ( $, .STERADIAN. ) SOLID_ANGLE_UNIT ( ) );
#446 = CARTESIAN_POINT ( 'NONE',  ( 3.828472305305705703, 9.899000000000000909, 1.686915418570204439 ) ) ;
#447 = CARTESIAN_POINT ( 'NONE',  ( 1.798871322331421663, 9.900000000000000355, -3.042568692492712223 ) ) ;
#448 = PRESENTATION_LAYER_ASSIGNMENT (  '', '', ( #2329 ) ) ;
#449 = CARTESIAN_POINT ( 'NONE',  ( 3.594000733682870763, 9.898999999999999133, -1.873140203657680525 ) ) ;
#450 = VERTEX_POINT ( 'NONE', #371 ) ;
#451 = SURFACE_SIDE_STYLE ('',( #1907 ) ) ;
#452 = EDGE_LOOP ( 'NONE', ( #843, #2478, #2550, #201, #2375, #3199, #2493, #2497 ) ) ;
#453 = CARTESIAN_POINT ( 'NONE',  ( 4.007404976177575406, 9.899000000000000909, -1.824619974543994605 ) ) ;
#454 = CARTESIAN_POINT ( 'NONE',  ( -0.2270531523614435498, 9.899000000000000909, -1.474869675771160793 ) ) ;
#455 = COLOUR_RGB ( '',1.000000000000000000, 1.000000000000000000, 1.000000000000000000 ) ;
#456 = CARTESIAN_POINT ( 'NONE',  ( -1.520317719290578129, 9.899000000000000909, -1.298110620653053937 ) ) ;
#457 = EDGE_LOOP ( 'NONE', ( #2930, #1572, #2301, #2983 ) ) ;
#458 = EDGE_CURVE ( 'NONE', #127, #1659, #1358, .T. ) ;
#459 = CARTESIAN_POINT ( 'NONE',  ( 3.654652869401912696, 9.898999999999997357, 1.663104297501991624 ) ) ;
#460 = CARTESIAN_POINT ( 'NONE',  ( -2.535054727164589572, 9.899000000000000909, -0.6680968411254809558 ) ) ;
#461 = CARTESIAN_POINT ( 'NONE',  ( 3.982518742424586922, 9.899000000000002686, 2.020765102634977772 ) ) ;
#462 = VECTOR ( 'NONE', #2766, 1000.000000000000000 ) ;
#463 = CARTESIAN_POINT ( 'NONE',  ( 1.798871322331421663, 9.900000000000002132, -3.042568692492712223 ) ) ;
#464 = ORIENTED_EDGE ( 'NONE', *, *, #1326, .T. ) ;
#465 = B_SPLINE_SURFACE_WITH_KNOTS ( 'NONE', 3, 1, ( 
 ( #1158, #443 ),
 ( #2662, #2151 ),
 ( #1423, #950 ),
 ( #197, #3140 ) ),
 .UNSPECIFIED., .F., .F., .F.,
 ( 4, 4 ),
 ( 2, 2 ),
 ( 0.7272727272727274039, 0.8181818181818183433 ),
 ( 0.000000000000000000, 1.000000000000000000 ),
 .UNSPECIFIED. ) ;
#466 = VECTOR ( 'NONE', #2963, 1000.000000000000000 ) ;
#467 = CARTESIAN_POINT ( 'NONE',  ( 3.487943684178945958, 9.900000000000000355, -2.213847161192229240 ) ) ;
#468 = CARTESIAN_POINT ( 'NONE',  ( -1.637737404329943081, 9.899000000000000909, 0.5654649698981365491 ) ) ;
#469 = CARTESIAN_POINT ( 'NONE',  ( 3.654652869401912696, 9.899999999999996803, -2.183049548651853744 ) ) ;
#470 = EDGE_CURVE ( 'NONE', #2362, #1647, #2519, .T. ) ;
#471 = ORIENTED_EDGE ( 'NONE', *, *, #2660, .T. ) ;
#472 = CARTESIAN_POINT ( 'NONE',  ( 4.007404976177575406, 9.899999999999998579, -1.824619974543994605 ) ) ;
#473 = CARTESIAN_POINT ( 'NONE',  ( 3.402538664877624353, 9.900000000000002132, -1.916850885219988143 ) ) ;
#474 = ORIENTED_EDGE ( 'NONE', *, *, #1533, .F. ) ;
#475 = PLANE ( 'NONE',  #2845 ) ;
#476 =( NAMED_UNIT ( * ) SI_UNIT ( $, .STERADIAN. ) SOLID_ANGLE_UNIT ( ) );
#477 = DIRECTION ( 'NONE',  ( -0.000000000000000000, 0.000000000000000000, -1.000000000000000000 ) ) ;
#478 = CARTESIAN_POINT ( 'NONE',  ( 4.007404976177575406, 9.899000000000000909, 2.021533871609851651 ) ) ;
#479 =( NAMED_UNIT ( * ) SI_UNIT ( $, .STERADIAN. ) SOLID_ANGLE_UNIT ( ) );
#480 = EDGE_CURVE ( 'NONE', #1847, #3189, #2604, .T. ) ;
#481 =( LENGTH_UNIT ( ) NAMED_UNIT ( * ) SI_UNIT ( .MILLI., .METRE. ) );
#482 = VERTEX_POINT ( 'NONE', #2377 ) ;
#483 = CARTESIAN_POINT ( 'NONE',  ( 3.254749212862530161, 9.899000000000000909, -0.3540582172869367050 ) ) ;
#484 =( NAMED_UNIT ( * ) PLANE_ANGLE_UNIT ( ) SI_UNIT ( $, .RADIAN. ) );
#485 = CARTESIAN_POINT ( 'NONE',  ( 2.413020837767631654, 9.900000000000000355, -0.3996507597345627660 ) ) ;
#486 = CARTESIAN_POINT ( 'NONE',  ( 3.683980207252016470, 9.899000000000000909, -1.856423535817919968 ) ) ;
#487 = DIRECTION ( 'NONE',  ( -1.000000000000000000, 0.000000000000000000, 0.000000000000000000 ) ) ;
#488 = CARTESIAN_POINT ( 'NONE',  ( 3.770155873744589048, 9.899999999999998579, -1.843272029460378381 ) ) ;
#489 = VERTEX_POINT ( 'NONE', #1619 ) ;
#490 = FACE_OUTER_BOUND ( 'NONE', #1896, .T. ) ;
#491 = PRESENTATION_STYLE_ASSIGNMENT (( #806 ) ) ;
#492 = CARTESIAN_POINT ( 'NONE',  ( 1.539456258228857344, 9.899000000000000909, -1.440004589928610024 ) ) ;
#493 =( NAMED_UNIT ( * ) SI_UNIT ( $, .STERADIAN. ) SOLID_ANGLE_UNIT ( ) );
#494 = CARTESIAN_POINT ( 'NONE',  ( 3.097130752144279686, 9.900000000000003908, 1.841853434535372980 ) ) ;
#495 = EDGE_CURVE ( 'NONE', #964, #1161, #920, .T. ) ;
#496 = CARTESIAN_POINT ( 'NONE',  ( 1.937897060019536877, 9.898999999999997357, -2.929242134603712966 ) ) ;
#497 = ADVANCED_FACE ( 'NONE', ( #1415 ), #2396, .F. ) ;
#498 = ORIENTED_EDGE ( 'NONE', *, *, #1283, .F. ) ;
#499 = VECTOR ( 'NONE', #203, 1000.000000000000000 ) ;
#500 = CARTESIAN_POINT ( 'NONE',  ( -2.260621656298445803, 9.899000000000000909, -0.09455628994437857704 ) ) ;
#501 = VECTOR ( 'NONE', #2267, 1000.000000000000000 ) ;
#502 = PRODUCT_DEFINITION_CONTEXT ( 'detailed design', #22, 'design' ) ;
#503 = CARTESIAN_POINT ( 'NONE',  ( -1.850788979133095147, 9.899000000000000909, -1.233555896243599737 ) ) ;
#504 =( GEOMETRIC_REPRESENTATION_CONTEXT ( 3 ) GLOBAL_UNCERTAINTY_ASSIGNED_CONTEXT ( ( #2818 ) ) GLOBAL_UNIT_ASSIGNED_CONTEXT ( ( #2956, #484, #1156 ) ) REPRESENTATION_CONTEXT ( 'NONE', 'WORKASPACE' ) );
#505 = CARTESIAN_POINT ( 'NONE',  ( 1.798871322331421663, 9.899000000000000909, -3.042568692492712223 ) ) ;
#506 = FACE_OUTER_BOUND ( 'NONE', #2647, .T. ) ;
#507 = CARTESIAN_POINT ( 'NONE',  ( 3.097130752144279686, 9.900000000000002132, -2.004300411618473277 ) ) ;
#508 = MECHANICAL_DESIGN_GEOMETRIC_PRESENTATION_REPRESENTATION (  '', ( #1231 ), #1598 ) ;
#509 = COLOUR_RGB ( '',0.1921568627450980227, 0.2039215686274509776, 0.2039215686274509776 ) ;
#510 = CARTESIAN_POINT ( 'NONE',  ( 1.820934012025256399, 9.900000000000002132, -3.023702424825612578 ) ) ;
#511 = ORIENTED_EDGE ( 'NONE', *, *, #2810, .F. ) ;
#512 = CARTESIAN_POINT ( 'NONE',  ( -3.635738100735686817, 9.899000000000000909, 4.250000000000000000 ) ) ;
#513 = PRESENTATION_LAYER_ASSIGNMENT (  '', '', ( #1901 ) ) ;
#514 = VECTOR ( 'NONE', #2574, 1000.000000000000000 ) ;
#515 = CARTESIAN_POINT ( 'NONE',  ( 2.537592257453082034, 9.900000000000002132, 1.595130148794872582 ) ) ;
#516 = CARTESIAN_POINT ( 'NONE',  ( 3.487943684178945958, 9.899000000000000909, 1.632306684961617238 ) ) ;
#517 = CARTESIAN_POINT ( 'NONE',  ( 2.014400266732863543, 9.899000000000004462, -2.873074003725528236 ) ) ;
#518 = ORIENTED_EDGE ( 'NONE', *, *, #3181, .T. ) ;
#519 = CARTESIAN_POINT ( 'NONE',  ( 2.182870226123698298, 9.899000000000000909, -0.8390598451375177458 ) ) ;
#520 = SURFACE_STYLE_FILL_AREA ( #1949 ) ;
#521 = DIRECTION ( 'NONE',  ( -0.000000000000000000, 1.000000000000000000, -0.000000000000000000 ) ) ;
#522 = CARTESIAN_POINT ( 'NONE',  ( 3.254749212862530161, 9.900000000000002132, -2.277135140363859556 ) ) ;
#523 = CARTESIAN_POINT ( 'NONE',  ( 2.074430326976350880, 9.898999999999997357, -2.544871184632672367 ) ) ;
#524 = EDGE_CURVE ( 'NONE', #140, #429, #3062, .T. ) ;
#525 = CARTESIAN_POINT ( 'NONE',  ( 1.798871322331421663, 9.900000000000000355, -1.119491769415789539 ) ) ;
#526 = LINE ( 'NONE', #2290, #820 ) ;
#527 = ORIENTED_EDGE ( 'NONE', *, *, #365, .F. ) ;
#528 = FILL_AREA_STYLE_COLOUR ( '', #2633 ) ;
#529 = CARTESIAN_POINT ( 'NONE',  ( 4.007404976177575406, 9.899000000000000909, 1.701021051097031167 ) ) ;
#530 = CARTESIAN_POINT ( 'NONE',  ( 3.402538664877624353, 9.900000000000003908, 1.929302960933858557 ) ) ;
#531 = ORIENTED_EDGE ( 'NONE', *, *, #1212, .F. ) ;
#532 = FILL_AREA_STYLE ('',( #1783 ) ) ;
#533 = FILL_AREA_STYLE ('',( #2331 ) ) ;
#534 = ORIENTED_EDGE ( 'NONE', *, *, #2904, .F. ) ;
#535 = FACE_OUTER_BOUND ( 'NONE', #1937, .T. ) ;
#536 = CARTESIAN_POINT ( 'NONE',  ( 3.254749212862530161, 9.899000000000000909, -2.277135140363859556 ) ) ;
#537 = CARTESIAN_POINT ( 'NONE',  ( 3.097130752144279686, 9.900000000000000355, -2.004300411618473277 ) ) ;
#538 = ADVANCED_FACE ( 'NONE', ( #3084 ), #891, .T. ) ;
#539 = CARTESIAN_POINT ( 'NONE',  ( 2.679444982629611172, 9.900000000000000355, -2.490867033636133154 ) ) ;
#540 = CARTESIAN_POINT ( 'NONE',  ( -1.520317719290578129, 9.899000000000000909, -1.298110620653053937 ) ) ;
#541 = CARTESIAN_POINT ( 'NONE',  ( 3.267244662403631761, 9.900000000000000355, 1.894119767964845158 ) ) ;
#542 = LINE ( 'NONE', #2562, #2114 ) ;
#543 = ORIENTED_EDGE ( 'NONE', *, *, #1270, .T. ) ;
#544 = SURFACE_SIDE_STYLE ('',( #2775 ) ) ;
#545 = CARTESIAN_POINT ( 'NONE',  ( 2.370749291291986971, 9.899999999999996803, -2.650843068009312464 ) ) ;
#546 =( NAMED_UNIT ( * ) PLANE_ANGLE_UNIT ( ) SI_UNIT ( $, .RADIAN. ) );
#547 = DIRECTION ( 'NONE',  ( -0.000000000000000000, 1.000000000000000000, -0.000000000000000000 ) ) ;
#548 = VERTEX_POINT ( 'NONE', #635 ) ;
#549 = CARTESIAN_POINT ( 'NONE',  ( 2.506045413310247660, 9.899000000000000909, -0.6546185398694185364 ) ) ;
#550 = CARTESIAN_POINT ( 'NONE',  ( 3.982518742424586922, 9.900000000000002132, 0.09768817955805386699 ) ) ;
#551 =( GEOMETRIC_REPRESENTATION_CONTEXT ( 3 ) GLOBAL_UNCERTAINTY_ASSIGNED_CONTEXT ( ( #1921 ) ) GLOBAL_UNIT_ASSIGNED_CONTEXT ( ( #1850, #2901, #3147 ) ) REPRESENTATION_CONTEXT ( 'NONE', 'WORKASPACE' ) );
#552 = DIRECTION ( 'NONE',  ( 1.000000000000000000, 0.000000000000000000, 0.000000000000000000 ) ) ;
#553 = SURFACE_STYLE_FILL_AREA ( #1328 ) ;
#554 = CARTESIAN_POINT ( 'NONE',  ( 2.014400266732863543, 9.900000000000003908, -2.873074003725528236 ) ) ;
#555 =( GEOMETRIC_REPRESENTATION_CONTEXT ( 3 ) GLOBAL_UNCERTAINTY_ASSIGNED_CONTEXT ( ( #1186 ) ) GLOBAL_UNIT_ASSIGNED_CONTEXT ( ( #1851, #2599, #2794 ) ) REPRESENTATION_CONTEXT ( 'NONE', 'WORKASPACE' ) );
#556 = PRESENTATION_LAYER_ASSIGNMENT (  '', '', ( #1996 ) ) ;
#557 = SURFACE_STYLE_FILL_AREA ( #2819 ) ;
#558 = CARTESIAN_POINT ( 'NONE',  ( 2.370749291291986971, 9.898999999999995580, -2.650843068009312464 ) ) ;
#559 = SURFACE_SIDE_STYLE ('',( #3050 ) ) ;
#560 = CARTESIAN_POINT ( 'NONE',  ( 5.250000000000000888, 9.900000000000000355, 5.900000000000000355 ) ) ;
#561 = VECTOR ( 'NONE', #355, 1000.000000000000000 ) ;
#562 = ORIENTED_EDGE ( 'NONE', *, *, #719, .T. ) ;
#563 = ORIENTED_EDGE ( 'NONE', *, *, #904, .F. ) ;
#564 = STYLED_ITEM ( 'NONE', ( #83 ), #2351 ) ;
#565 = VECTOR ( 'NONE', #2510, 1000.000000000000000 ) ;
#566 = EDGE_CURVE ( 'NONE', #1230, #1008, #1401, .T. ) ;
#567 = CARTESIAN_POINT ( 'NONE',  ( 5.250000000000000000, 9.900000000000000355, -5.900000000000000355 ) ) ;
#568 = CARTESIAN_POINT ( 'NONE',  ( 3.594000733682871207, 9.900000000000003908, 0.04993671941924254093 ) ) ;
#569 = MECHANICAL_DESIGN_GEOMETRIC_PRESENTATION_REPRESENTATION (  '', ( #564 ), #927 ) ;
#570 = DIRECTION ( 'NONE',  ( -0.000000000000000000, 1.000000000000000000, -0.000000000000000000 ) ) ;
#571 = EDGE_LOOP ( 'NONE', ( #1770, #3165, #2169, #358 ) ) ;
#572 = PRESENTATION_LAYER_ASSIGNMENT (  '', '', ( #2013 ) ) ;
#573 = CARTESIAN_POINT ( 'NONE',  ( -3.635738100735686817, 9.900000000000000355, 4.250000000000000000 ) ) ;
#574 = VECTOR ( 'NONE', #3014, 1000.000000000000000 ) ;
#575 = LINE ( 'NONE', #1566, #2741 ) ;
#576 =( NAMED_UNIT ( * ) PLANE_ANGLE_UNIT ( ) SI_UNIT ( $, .RADIAN. ) );
#577 = CARTESIAN_POINT ( 'NONE',  ( 2.370749291291988303, 9.899000000000002686, 1.195310778144532460 ) ) ;
#578 = CARTESIAN_POINT ( 'NONE',  ( 3.654652869401912696, 9.898999999999997357, 1.663104297501991624 ) ) ;
#579 = CARTESIAN_POINT ( 'NONE',  ( 1.859969078741678050, 9.900000000000000355, -1.440004589928610024 ) ) ;
#580 =( LENGTH_UNIT ( ) NAMED_UNIT ( * ) SI_UNIT ( .MILLI., .METRE. ) );
#581 = FILL_AREA_STYLE ('',( #1071 ) ) ;
#582 = ORIENTED_EDGE ( 'NONE', *, *, #1701, .T. ) ;
#583 = VERTEX_POINT ( 'NONE', #401 ) ;
#584 = PRESENTATION_STYLE_ASSIGNMENT (( #1805 ) ) ;
#585 = CARTESIAN_POINT ( 'NONE',  ( 3.402538664877622576, 9.898999999999997357, 0.006226037856934851442 ) ) ;
#586 = SURFACE_STYLE_USAGE ( .BOTH. , #346 ) ;
#587 = ADVANCED_FACE ( 'NONE', ( #1880 ), #163, .T. ) ;
#588 = CARTESIAN_POINT ( 'NONE',  ( 4.007404976177575406, 9.899000000000000909, 1.701021051097031167 ) ) ;
#589 =( LENGTH_UNIT ( ) NAMED_UNIT ( * ) SI_UNIT ( .MILLI., .METRE. ) );
#590 = CARTESIAN_POINT ( 'NONE',  ( -0.8208460657472710365, 9.899000000000000909, -0.8950850301018700161 ) ) ;
#591 = CARTESIAN_POINT ( 'NONE',  ( 1.798871322331421663, 9.899000000000000909, -3.042568692492712223 ) ) ;
#592 =( NAMED_UNIT ( * ) SI_UNIT ( $, .STERADIAN. ) SOLID_ANGLE_UNIT ( ) );
#593 = CARTESIAN_POINT ( 'NONE',  ( 2.014400266732862210, 9.900000000000000355, -0.9499970806486045527 ) ) ;
#594 = CARTESIAN_POINT ( 'NONE',  ( 1.859969078741678050, 9.899000000000000909, 1.124097974173954295 ) ) ;
#595 = EDGE_LOOP ( 'NONE', ( #825, #814, #1091, #289 ) ) ;
#596 = CARTESIAN_POINT ( 'NONE',  ( -2.059126774408686078, 9.900000000000000355, -0.5386035340388787285 ) ) ;
#597 = DIRECTION ( 'NONE',  ( -1.000000000000000000, 0.000000000000000000, 0.000000000000000000 ) ) ;
#598 = LINE ( 'NONE', #779, #1143 ) ;
#599 = EDGE_CURVE ( 'NONE', #3189, #1033, #155, .T. ) ;
#600 = ADVANCED_FACE ( 'NONE', ( #2139 ), #2370, .T. ) ;
#601 = EDGE_CURVE ( 'NONE', #442, #2549, #897, .T. ) ;
#602 = PLANE ( 'NONE',  #1240 ) ;
#603 = PLANE ( 'NONE',  #59 ) ;
#604 = UNCERTAINTY_MEASURE_WITH_UNIT (LENGTH_MEASURE( 1.000000000000000082E-05 ), #845, 'distance_accuracy_value', 'NONE');
#605 = SURFACE_STYLE_USAGE ( .BOTH. , #1640 ) ;
#606 = CARTESIAN_POINT ( 'NONE',  ( -4.035738100735687617, 9.900000000000000355, 4.250000000000000000 ) ) ;
#607 = PRESENTATION_STYLE_ASSIGNMENT (( #2820 ) ) ;
#608 = CARTESIAN_POINT ( 'NONE',  ( 2.892817914572809457, 9.899000000000004462, -0.4771268272950355271 ) ) ;
#609 = LINE ( 'NONE', #372, #1540 ) ;
#610 = ORIENTED_EDGE ( 'NONE', *, *, #374, .T. ) ;
#611 = COLOUR_RGB ( '',0.1019607843137254888, 0.1019607843137254888, 0.1019607843137254888 ) ;
#612 = VECTOR ( 'NONE', #256, 1000.000000000000000 ) ;
#613 = VERTEX_POINT ( 'NONE', #2087 ) ;
#614 = AXIS2_PLACEMENT_3D ( 'NONE', #2946, #477, #11 ) ;
#615 = VECTOR ( 'NONE', #597, 1000.000000000000000 ) ;
#616 = FILL_AREA_STYLE ('',( #2353 ) ) ;
#617 =( LENGTH_UNIT ( ) NAMED_UNIT ( * ) SI_UNIT ( .MILLI., .METRE. ) );
#618 = STYLED_ITEM ( 'NONE', ( #491 ), #2097 ) ;
#619 = EDGE_CURVE ( 'NONE', #656, #2193, #3077, .T. ) ;
#620 = SHAPE_DEFINITION_REPRESENTATION ( #2400, #2036 ) ;
#621 = PRESENTATION_LAYER_ASSIGNMENT (  '', '', ( #2676 ) ) ;
#622 = COLOUR_RGB ( '',1.000000000000000000, 1.000000000000000000, 1.000000000000000000 ) ;
#623 = CARTESIAN_POINT ( 'NONE',  ( 3.327817636433985538, 9.900000000000000355, 1.590343967763697908 ) ) ;
#624 = CARTESIAN_POINT ( 'NONE',  ( 1.045314170473210513, 9.900000000000000355, -0.07946810096801441847 ) ) ;
#625 = STYLED_ITEM ( 'NONE', ( #1228 ), #2907 ) ;
#626 = CARTESIAN_POINT ( 'NONE',  ( 3.828472305305705703, 9.900000000000000355, -0.2361615045067191609 ) ) ;
#627 = ADVANCED_FACE ( 'NONE', ( #2828 ), #1591, .F. ) ;
#628 = FILL_AREA_STYLE ('',( #3068 ) ) ;
#629 = CARTESIAN_POINT ( 'NONE',  ( 4.424999999999998934, 0.000000000000000000, 4.000000000000000888 ) ) ;
#630 = LINE ( 'NONE', #1864, #2217 ) ;
#631 = ORIENTED_EDGE ( 'NONE', *, *, #1735, .T. ) ;
#632 = APPLICATION_CONTEXT ( 'automotive_design' ) ;
#633 = VERTEX_POINT ( 'NONE', #193 ) ;
#634 = PRESENTATION_STYLE_ASSIGNMENT (( #1648 ) ) ;
#635 = CARTESIAN_POINT ( 'NONE',  ( 1.859969078741678050, 9.899000000000000909, -1.440004589928610024 ) ) ;
#636 = SURFACE_SIDE_STYLE ('',( #144 ) ) ;
#637 = DIRECTION ( 'NONE',  ( 0.000000000000000000, 0.000000000000000000, 1.000000000000000000 ) ) ;
#638 = DIRECTION ( 'NONE',  ( -0.000000000000000000, 1.000000000000000000, -0.000000000000000000 ) ) ;
#639 = CARTESIAN_POINT ( 'NONE',  ( 1.798871322331421663, 9.899000000000000909, 0.8035851536611338108 ) ) ;
#640 = UNCERTAINTY_MEASURE_WITH_UNIT (LENGTH_MEASURE( 1.000000000000000082E-05 ), #580, 'distance_accuracy_value', 'NONE');
#641 =( NAMED_UNIT ( * ) SI_UNIT ( $, .STERADIAN. ) SOLID_ANGLE_UNIT ( ) );
#642 = ADVANCED_FACE ( 'NONE', ( #1421 ), #1636, .F. ) ;
#643 = CARTESIAN_POINT ( 'NONE',  ( -5.249999999999999112, 9.900000000000000355, 5.900000000000000355 ) ) ;
#644 = ORIENTED_EDGE ( 'NONE', *, *, #1324, .F. ) ;
#645 = ORIENTED_EDGE ( 'NONE', *, *, #43, .T. ) ;
#646 = CARTESIAN_POINT ( 'NONE',  ( 2.236200404777783479, 9.900000000000002132, -0.5091199628723855897 ) ) ;
#647 = CARTESIAN_POINT ( 'NONE',  ( 3.097130752144279686, 9.899000000000002686, -2.004300411618473277 ) ) ;
#648 = B_SPLINE_SURFACE_WITH_KNOTS ( 'NONE', 3, 1, ( 
 ( #2516, #2759 ),
 ( #2499, #14 ),
 ( #2220, #1264 ),
 ( #777, #1945 ) ),
 .UNSPECIFIED., .F., .F., .F.,
 ( 4, 4 ),
 ( 2, 2 ),
 ( 0.000000000000000000, 0.09090909090909091161 ),
 ( 0.000000000000000000, 1.000000000000000000 ),
 .UNSPECIFIED. ) ;
#649 = B_SPLINE_CURVE_WITH_KNOTS ( 'NONE', 3,
 ( #2982, #1500, #972, #738 ),
 .UNSPECIFIED., .F., .F.,
 ( 4, 4 ),
 ( 0.5454545454545455252, 0.6363636363636364646 ),
 .UNSPECIFIED. ) ;
#650 = FILL_AREA_STYLE ('',( #165 ) ) ;
#651 = FILL_AREA_STYLE ('',( #1142 ) ) ;
#652 = CARTESIAN_POINT ( 'NONE',  ( 3.380588384908581823, 9.899000000000000909, -0.3189038249140978554 ) ) ;
#653 = FILL_AREA_STYLE ('',( #913 ) ) ;
#654 = DIRECTION ( 'NONE',  ( -0.000000000000000000, -0.000000000000000000, 1.000000000000000000 ) ) ;
#655 = VERTEX_POINT ( 'NONE', #963 ) ;
#656 = VERTEX_POINT ( 'NONE', #2405 ) ;
#657 = VERTEX_POINT ( 'NONE', #1216 ) ;
#658 = CARTESIAN_POINT ( 'NONE',  ( -1.131761026377192003, 9.900000000000000355, -0.4942397545113230706 ) ) ;
#659 = SURFACE_STYLE_FILL_AREA ( #2378 ) ;
#660 = VECTOR ( 'NONE', #687, 1000.000000000000000 ) ;
#661 =( GEOMETRIC_REPRESENTATION_CONTEXT ( 3 ) GLOBAL_UNCERTAINTY_ASSIGNED_CONTEXT ( ( #178 ) ) GLOBAL_UNIT_ASSIGNED_CONTEXT ( ( #3141, #3114, #396 ) ) REPRESENTATION_CONTEXT ( 'NONE', 'WORKASPACE' ) );
#662 = VECTOR ( 'NONE', #1488, 1000.000000000000000 ) ;
#663 = CARTESIAN_POINT ( 'NONE',  ( 1.927686470879948377, 9.899000000000002686, -2.661355017954980084 ) ) ;
#664 = VECTOR ( 'NONE', #3079, 1000.000000000000000 ) ;
#665 = PRESENTATION_LAYER_ASSIGNMENT (  '', '', ( #2893 ) ) ;
#666 = VECTOR ( 'NONE', #2764, 1000.000000000000000 ) ;
#667 = CARTESIAN_POINT ( 'NONE',  ( 0.1928775562999714421, 9.899000000000000909, -1.054590935613691327 ) ) ;
#668 = UNCERTAINTY_MEASURE_WITH_UNIT (LENGTH_MEASURE( 1.000000000000000082E-05 ), #2012, 'distance_accuracy_value', 'NONE');
#669 = AXIS2_PLACEMENT_3D ( 'NONE', #65, #2745, #2005 ) ;
#670 = CARTESIAN_POINT ( 'NONE',  ( 3.380588384908581823, 9.900000000000000355, -2.241980747991021872 ) ) ;
#671 = EDGE_LOOP ( 'NONE', ( #1866, #992, #1974, #2618 ) ) ;
#672 = MECHANICAL_DESIGN_GEOMETRIC_PRESENTATION_REPRESENTATION (  '', ( #1901 ), #3208 ) ;
#673 = FILL_AREA_STYLE ('',( #168 ) ) ;
#674 = EDGE_LOOP ( 'NONE', ( #677, #2655, #1630, #796, #912, #3082, #253, #2606 ) ) ;
#675 = VECTOR ( 'NONE', #2413, 1000.000000000000000 ) ;
#676 = ORIENTED_EDGE ( 'NONE', *, *, #2812, .F. ) ;
#677 = ORIENTED_EDGE ( 'NONE', *, *, #982, .T. ) ;
#678 = PLANE ( 'NONE',  #2387 ) ;
#679 = LINE ( 'NONE', #3148, #2792 ) ;
#680 = CARTESIAN_POINT ( 'NONE',  ( 1.999651228604592212, 9.899000000000002686, -2.603137289594222636 ) ) ;
#681 =( NAMED_UNIT ( * ) PLANE_ANGLE_UNIT ( ) SI_UNIT ( $, .RADIAN. ) );
#682 = EDGE_LOOP ( 'NONE', ( #2017, #326, #3142, #1458 ) ) ;
#683 = CARTESIAN_POINT ( 'NONE',  ( -4.424999999999998934, -0.1000000000000000056, -4.000000000000000000 ) ) ;
#684 = SURFACE_STYLE_USAGE ( .BOTH. , #431 ) ;
#685 = EDGE_LOOP ( 'NONE', ( #2177, #3145, #1061, #2391 ) ) ;
#686 = CARTESIAN_POINT ( 'NONE',  ( 2.236200404777783479, 9.899000000000000909, 1.413956960204537872 ) ) ;
#687 = DIRECTION ( 'NONE',  ( -0.000000000000000000, 1.000000000000000000, -0.000000000000000000 ) ) ;
#688 = FACE_BOUND ( 'NONE', #452, .T. ) ;
#689 =( NAMED_UNIT ( * ) PLANE_ANGLE_UNIT ( ) SI_UNIT ( $, .RADIAN. ) );
#690 = VERTEX_POINT ( 'NONE', #3137 ) ;
#691 = EDGE_CURVE ( 'NONE', #1890, #2863, #2149, .T. ) ;
#692 = FACE_OUTER_BOUND ( 'NONE', #1738, .T. ) ;
#693 = DIRECTION ( 'NONE',  ( 0.000000000000000000, -1.000000000000000000, 0.000000000000000000 ) ) ;
#694 = UNCERTAINTY_MEASURE_WITH_UNIT (LENGTH_MEASURE( 1.000000000000000082E-05 ), #1476, 'distance_accuracy_value', 'NONE');
#695 = DIRECTION ( 'NONE',  ( -0.000000000000000000, 1.000000000000000000, 0.000000000000000000 ) ) ;
#696 = EDGE_CURVE ( 'NONE', #482, #1190, #426, .T. ) ;
#697 = CARTESIAN_POINT ( 'NONE',  ( 3.327817636433985538, 9.899000000000000909, -2.255809878390148349 ) ) ;
#698 = CARTESIAN_POINT ( 'NONE',  ( 4.424999999999998934, -0.1000000000000000056, 4.000000000000000888 ) ) ;
#699 = CARTESIAN_POINT ( 'NONE',  ( 1.882342475634342760, 9.899000000000002686, 1.144153151373483945 ) ) ;
#700 = CARTESIAN_POINT ( 'NONE',  ( 2.074430326976350880, 9.899999999999998579, 1.301282661521172113 ) ) ;
#701 = EDGE_CURVE ( 'NONE', #1113, #655, #120, .T. ) ;
#702 = VECTOR ( 'NONE', #354, 1000.000000000000000 ) ;
#703 = CARTESIAN_POINT ( 'NONE',  ( 3.402538664877624353, 9.899000000000002686, -1.916850885219988143 ) ) ;
#704 = EDGE_CURVE ( 'NONE', #939, #1772, #221, .T. ) ;
#705 = AXIS2_PLACEMENT_3D ( 'NONE', #2654, #2640, #1198 ) ;
#706 = VECTOR ( 'NONE', #1722, 1000.000000000000000 ) ;
#707 = VERTEX_POINT ( 'NONE', #1468 ) ;
#708 = CARTESIAN_POINT ( 'NONE',  ( 3.487943684178945958, 9.899000000000000909, -2.213847161192229240 ) ) ;
#709 = PRESENTATION_LAYER_ASSIGNMENT (  '', '', ( #1943 ) ) ;
#710 = SURFACE_STYLE_FILL_AREA ( #727 ) ;
#711 = PRESENTATION_STYLE_ASSIGNMENT (( #1932 ) ) ;
#712 = VECTOR ( 'NONE', #1977, 1000.000000000000000 ) ;
#713 = ORIENTED_EDGE ( 'NONE', *, *, #2707, .F. ) ;
#714 = CARTESIAN_POINT ( 'NONE',  ( 3.852702646889013316, 9.899000000000000909, -1.833960665079886532 ) ) ;
#715 = FACE_OUTER_BOUND ( 'NONE', #3130, .T. ) ;
#716 = VECTOR ( 'NONE', #1234, 1000.000000000000000 ) ;
#717 = LINE ( 'NONE', #2208, #1541 ) ;
#718 = MECHANICAL_DESIGN_GEOMETRIC_PRESENTATION_REPRESENTATION (  '', ( #775 ), #1187 ) ;
#719 = EDGE_CURVE ( 'NONE', #2822, #3210, #1969, .T. ) ;
#720 = CARTESIAN_POINT ( 'NONE',  ( 3.500122088917338115, 9.899000000000000909, 1.953093634420275837 ) ) ;
#721 =( LENGTH_UNIT ( ) NAMED_UNIT ( * ) SI_UNIT ( .MILLI., .METRE. ) );
#722 = CARTESIAN_POINT ( 'NONE',  ( 3.947081253282668012, 9.898999999999999133, 1.696265607255168284 ) ) ;
#723 = DIRECTION ( 'NONE',  ( 1.000000000000000000, 0.000000000000000000, 0.000000000000000000 ) ) ;
#724 = ORIENTED_EDGE ( 'NONE', *, *, #2531, .T. ) ;
#725 = STYLED_ITEM ( 'NONE', ( #1227 ), #64 ) ;
#726 = CARTESIAN_POINT ( 'NONE',  ( 3.108247731221343901, 9.898999999999999133, -0.3968151610231040460 ) ) ;
#727 = FILL_AREA_STYLE ('',( #757 ) ) ;
#728 = FILL_AREA_STYLE_COLOUR ( '', #3100 ) ;
#729 = CARTESIAN_POINT ( 'NONE',  ( 3.931341668308921733, 9.898999999999999133, -1.826969671641439863 ) ) ;
#730 = SURFACE_STYLE_FILL_AREA ( #1509 ) ;
#731 = EDGE_LOOP ( 'NONE', ( #171, #1147, #2878, #1532 ) ) ;
#732 = EDGE_CURVE ( 'NONE', #1706, #707, #2240, .T. ) ;
#733 = CARTESIAN_POINT ( 'NONE',  ( 3.380588384908581823, 9.900000000000000355, 1.604173098162825717 ) ) ;
#734 = SURFACE_STYLE_FILL_AREA ( #280 ) ;
#735 = CARTESIAN_POINT ( 'NONE',  ( 1.859969078741678050, 9.899000000000000909, 1.124097974173954295 ) ) ;
#736 = EDGE_CURVE ( 'NONE', #2678, #613, #2008, .T. ) ;
#737 = CARTESIAN_POINT ( 'NONE',  ( 3.852702646889013316, 9.899000000000000909, 2.012193181073960169 ) ) ;
#738 = CARTESIAN_POINT ( 'NONE',  ( -1.131761026377192003, 9.899000000000000909, -0.4942397545113230706 ) ) ;
#739 = FACE_OUTER_BOUND ( 'NONE', #1474, .T. ) ;
#740 = EDGE_LOOP ( 'NONE', ( #1440, #1917, #2661, #1267 ) ) ;
#741 = FILL_AREA_STYLE ('',( #2256 ) ) ;
#742 = CARTESIAN_POINT ( 'NONE',  ( 1.539456258228857344, 9.899000000000000909, -3.042568692492712223 ) ) ;
#743 = CARTESIAN_POINT ( 'NONE',  ( -2.224999999999998312, -0.1000000000000000056, -4.000000000000000000 ) ) ;
#744 = CARTESIAN_POINT ( 'NONE',  ( 2.236200404777783035, 9.899999999999996803, -2.432196885949307941 ) ) ;
#745 = SURFACE_STYLE_FILL_AREA ( #1972 ) ;
#746 = CARTESIAN_POINT ( 'NONE',  ( 1.999651228604592212, 9.900000000000002132, -2.603137289594222636 ) ) ;
#747 = FACE_OUTER_BOUND ( 'NONE', #1319, .T. ) ;
#748 = VERTEX_POINT ( 'NONE', #1251 ) ;
#749 = CARTESIAN_POINT ( 'NONE',  ( 1.999651228604592212, 9.900000000000002132, 1.243016556559625618 ) ) ;
#750 = CARTESIAN_POINT ( 'NONE',  ( -4.424999999999998934, -0.1000000000000000056, 4.000000000000000000 ) ) ;
#751 = DIRECTION ( 'NONE',  ( -7.350523203291555004E-17, 0.000000000000000000, -1.000000000000000000 ) ) ;
#752 = PRODUCT ( 'XGL1010', 'XGL1010', '', ( #2857 ) ) ;
#753 = FILL_AREA_STYLE_COLOUR ( '', #151 ) ;
#754 = ORIENTED_EDGE ( 'NONE', *, *, #441, .T. ) ;
#755 = STYLED_ITEM ( 'NONE', ( #377 ), #538 ) ;
#756 = CARTESIAN_POINT ( 'NONE',  ( 2.370749291291988303, 9.899000000000002686, -0.7277661449323910015 ) ) ;
#757 = FILL_AREA_STYLE_COLOUR ( '', #2128 ) ;
#758 = MECHANICAL_DESIGN_GEOMETRIC_PRESENTATION_REPRESENTATION (  '', ( #1429 ), #504 ) ;
#759 = DIRECTION ( 'NONE',  ( -0.000000000000000000, 1.000000000000000000, -0.000000000000000000 ) ) ;
#760 = VECTOR ( 'NONE', #2054, 1000.000000000000000 ) ;
#761 =( GEOMETRIC_REPRESENTATION_CONTEXT ( 3 ) GLOBAL_UNCERTAINTY_ASSIGNED_CONTEXT ( ( #1545 ) ) GLOBAL_UNIT_ASSIGNED_CONTEXT ( ( #2703, #5, #225 ) ) REPRESENTATION_CONTEXT ( 'NONE', 'WORKASPACE' ) );
#762 = LINE ( 'NONE', #505, #574 ) ;
#763 = CARTESIAN_POINT ( 'NONE',  ( 2.895953799279411989, 9.899000000000002686, -2.080332299128503148 ) ) ;
#764 = PRESENTATION_STYLE_ASSIGNMENT (( #1193 ) ) ;
#765 = CARTESIAN_POINT ( 'NONE',  ( 2.074430326976350880, 9.899999999999996803, -2.544871184632672367 ) ) ;
#766 = MECHANICAL_DESIGN_GEOMETRIC_PRESENTATION_REPRESENTATION (  '', ( #362 ), #247 ) ;
#767 = CARTESIAN_POINT ( 'NONE',  ( 3.947081253282668012, 9.898999999999999133, 1.696265607255168284 ) ) ;
#768 = ORIENTED_EDGE ( 'NONE', *, *, #32, .F. ) ;
#769 = FILL_AREA_STYLE ('',( #2246 ) ) ;
#770 = STYLED_ITEM ( 'NONE', ( #3124 ), #2401 ) ;
#771 = STYLED_ITEM ( 'NONE', ( #584 ), #1425 ) ;
#772 = LINE ( 'NONE', #2735, #1236 ) ;
#773 = CARTESIAN_POINT ( 'NONE',  ( -5.250000000000000000, 9.900000000000000355, -5.900000000000000355 ) ) ;
#774 = ORIENTED_EDGE ( 'NONE', *, *, #842, .F. ) ;
#775 = STYLED_ITEM ( 'NONE', ( #1637 ), #2657 ) ;
#776 =( NAMED_UNIT ( * ) SI_UNIT ( $, .STERADIAN. ) SOLID_ANGLE_UNIT ( ) );
#777 = CARTESIAN_POINT ( 'NONE',  ( 0.4259051153550915680, 9.899000000000000909, -1.474869675771165234 ) ) ;
#778 = DIRECTION ( 'NONE',  ( 1.000000000000000000, 0.000000000000000000, 0.000000000000000000 ) ) ;
#779 = CARTESIAN_POINT ( 'NONE',  ( -4.035738100735687617, 9.899000000000000909, 4.250000000000000000 ) ) ;
#780 = ORIENTED_EDGE ( 'NONE', *, *, #2864, .T. ) ;
#781 = CARTESIAN_POINT ( 'NONE',  ( 1.937897060019538875, 9.899000000000000909, -1.006165211526791836 ) ) ;
#782 = CARTESIAN_POINT ( 'NONE',  ( -2.059126774408686078, 9.900000000000000355, -0.5386035340388787285 ) ) ;
#783 = MECHANICAL_DESIGN_GEOMETRIC_PRESENTATION_REPRESENTATION (  '', ( #2814 ), #2027 ) ;
#784 = CARTESIAN_POINT ( 'NONE',  ( 3.931341668308921733, 9.899999999999998579, 0.09610725143548277949 ) ) ;
#785 = CARTESIAN_POINT ( 'NONE',  ( 1.539456258228857344, 9.900000000000000355, 0.8035851536611338108 ) ) ;
#786 = FACE_OUTER_BOUND ( 'NONE', #1130, .T. ) ;
#787 = CARTESIAN_POINT ( 'NONE',  ( 2.182870226123697410, 9.899999999999996803, -2.762136768214439986 ) ) ;
#788 = SURFACE_STYLE_USAGE ( .BOTH. , #1549 ) ;
#789 = CARTESIAN_POINT ( 'NONE',  ( 0.1928775562999714421, 9.899000000000000909, -1.054590935613691327 ) ) ;
#790 = SURFACE_STYLE_FILL_AREA ( #1553 ) ;
#791 = CARTESIAN_POINT ( 'NONE',  ( 2.413020837767631654, 9.900000000000002132, 1.523426163342360473 ) ) ;
#792 = ORIENTED_EDGE ( 'NONE', *, *, #1083, .T. ) ;
#793 = DIRECTION ( 'NONE',  ( 0.000000000000000000, 0.000000000000000000, 1.000000000000000000 ) ) ;
#794 = SURFACE_STYLE_USAGE ( .BOTH. , #3025 ) ;
#795 = PRESENTATION_STYLE_ASSIGNMENT (( #586 ) ) ;
#796 = ORIENTED_EDGE ( 'NONE', *, *, #32, .T. ) ;
#797 = CARTESIAN_POINT ( 'NONE',  ( 2.274238898752874771, 9.899999999999996803, -0.7832293871474215186 ) ) ;
#798 = UNCERTAINTY_MEASURE_WITH_UNIT (LENGTH_MEASURE( 1.000000000000000082E-05 ), #1481, 'distance_accuracy_value', 'NONE');
#799 = CARTESIAN_POINT ( 'NONE',  ( 2.895953799279411989, 9.900000000000000355, -0.1572553760515799093 ) ) ;
#800 = LINE ( 'NONE', #367, #3157 ) ;
#801 = CARTESIAN_POINT ( 'NONE',  ( 1.820934012025256399, 9.899999999999998579, 0.8224514213282342334 ) ) ;
#802 = UNCERTAINTY_MEASURE_WITH_UNIT (LENGTH_MEASURE( 1.000000000000000082E-05 ), #1631, 'distance_accuracy_value', 'NONE');
#803 = EDGE_CURVE ( 'NONE', #1161, #748, #2970, .T. ) ;
#804 = CARTESIAN_POINT ( 'NONE',  ( 3.487943684178945958, 9.899000000000000909, 1.632306684961617238 ) ) ;
#805 = CARTESIAN_POINT ( 'NONE',  ( -1.850788979133095147, 9.899000000000000909, -1.233555896243599737 ) ) ;
#806 = SURFACE_STYLE_USAGE ( .BOTH. , #2494 ) ;
#807 = SURFACE_STYLE_USAGE ( .BOTH. , #559 ) ;
#808 = CARTESIAN_POINT ( 'NONE',  ( 3.327817636433985538, 9.900000000000000355, -0.3327329553132254425 ) ) ;
#809 = ORIENTED_EDGE ( 'NONE', *, *, #691, .T. ) ;
#810 = ORIENTED_EDGE ( 'NONE', *, *, #2555, .T. ) ;
#811 = FILL_AREA_STYLE ('',( #1060 ) ) ;
#812 = CARTESIAN_POINT ( 'NONE',  ( 3.254749212862530161, 9.899999999999996803, 1.569018705789986479 ) ) ;
#813 = DIRECTION ( 'NONE',  ( -0.000000000000000000, 1.000000000000000000, -0.000000000000000000 ) ) ;
#814 = ORIENTED_EDGE ( 'NONE', *, *, #237, .F. ) ;
#815 = CARTESIAN_POINT ( 'NONE',  ( 2.698214344442097179, 9.900000000000000355, -0.2449865951084562732 ) ) ;
#816 = PLANE ( 'NONE',  #1546 ) ;
#817 = CARTESIAN_POINT ( 'NONE',  ( 2.274238898752874771, 9.899000000000000909, 1.139847535929501943 ) ) ;
#818 = DIRECTION ( 'NONE',  ( 1.000000000000000000, -0.000000000000000000, -0.000000000000000000 ) ) ;
#819 = PRESENTATION_LAYER_ASSIGNMENT (  '', '', ( #2682 ) ) ;
#820 = VECTOR ( 'NONE', #1746, 1000.000000000000000 ) ;
#821 = SURFACE_STYLE_FILL_AREA ( #769 ) ;
#822 = PLANE ( 'NONE',  #1379 ) ;
#823 = VECTOR ( 'NONE', #487, 1000.000000000000000 ) ;
#824 = STYLED_ITEM ( 'NONE', ( #1712 ), #1046 ) ;
#825 = ORIENTED_EDGE ( 'NONE', *, *, #2115, .T. ) ;
#826 = EDGE_CURVE ( 'NONE', #2853, #3053, #2474, .T. ) ;
#827 = ORIENTED_EDGE ( 'NONE', *, *, #2030, .T. ) ;
#828 = SURFACE_STYLE_FILL_AREA ( #811 ) ;
#829 = SURFACE_STYLE_FILL_AREA ( #532 ) ;
#830 = COLOUR_RGB ( '',1.000000000000000000, 1.000000000000000000, 1.000000000000000000 ) ;
#831 = VECTOR ( 'NONE', #132, 1000.000000000000000 ) ;
#832 = COLOUR_RGB ( '',0.8274509803921568096, 0.8392156862745098200, 0.8274509803921568096 ) ;
#833 = LINE ( 'NONE', #1809, #246 ) ;
#834 = SURFACE_STYLE_FILL_AREA ( #3030 ) ;
#835 =( NAMED_UNIT ( * ) PLANE_ANGLE_UNIT ( ) SI_UNIT ( $, .RADIAN. ) );
#836 = UNCERTAINTY_MEASURE_WITH_UNIT (LENGTH_MEASURE( 1.000000000000000082E-05 ), #841, 'distance_accuracy_value', 'NONE');
#837 = DIRECTION ( 'NONE',  ( 7.350523203291555004E-17, 0.000000000000000000, 1.000000000000000000 ) ) ;
#838 =( NAMED_UNIT ( * ) SI_UNIT ( $, .STERADIAN. ) SOLID_ANGLE_UNIT ( ) );
#839 = CARTESIAN_POINT ( 'NONE',  ( 1.045314170473210513, 9.900000000000000355, -0.07946810096801441847 ) ) ;
#840 = DIRECTION ( 'NONE',  ( -0.000000000000000000, 1.000000000000000000, -0.000000000000000000 ) ) ;
#841 =( LENGTH_UNIT ( ) NAMED_UNIT ( * ) SI_UNIT ( .MILLI., .METRE. ) );
#842 = EDGE_CURVE ( 'NONE', #2678, #1875, #18, .T. ) ;
#843 = ORIENTED_EDGE ( 'NONE', *, *, #3046, .T. ) ;
#844 = EDGE_CURVE ( 'NONE', #278, #450, #1742, .T. ) ;
#845 =( LENGTH_UNIT ( ) NAMED_UNIT ( * ) SI_UNIT ( .MILLI., .METRE. ) );
#846 = EDGE_CURVE ( 'NONE', #633, #397, #2748, .T. ) ;
#847 = FILL_AREA_STYLE_COLOUR ( '', #832 ) ;
#848 = FILL_AREA_STYLE_COLOUR ( '', #1853 ) ;
#849 = CARTESIAN_POINT ( 'NONE',  ( 1.866044462534064197, 9.899000000000000909, 0.8610263115928821209 ) ) ;
#850 = FILL_AREA_STYLE_COLOUR ( '', #1739 ) ;
#851 = CARTESIAN_POINT ( 'NONE',  ( -4.035738100735687617, 9.899000000000000909, 4.250000000000000000 ) ) ;
#852 = CARTESIAN_POINT ( 'NONE',  ( 1.077353540551949873, 9.900000000000000355, 0.9188960722603322084 ) ) ;
#853 = CARTESIAN_POINT ( 'NONE',  ( 2.506045413310248993, 9.899000000000004462, -2.577695462946343330 ) ) ;
#854 = CARTESIAN_POINT ( 'NONE',  ( 2.014400266732862210, 9.899000000000000909, -0.9499970806486045527 ) ) ;
#855 = CARTESIAN_POINT ( 'NONE',  ( 2.370749291291988303, 9.900000000000002132, -0.7277661449323910015 ) ) ;
#856 = ORIENTED_EDGE ( 'NONE', *, *, #2922, .F. ) ;
#857 = CARTESIAN_POINT ( 'NONE',  ( -2.535054727164589572, 9.900000000000000355, -0.6680968411254809558 ) ) ;
#858 = FILL_AREA_STYLE ('',( #2095 ) ) ;
#859 = CARTESIAN_POINT ( 'NONE',  ( -0.8208460657472710365, 9.900000000000000355, -0.8950850301018700161 ) ) ;
#860 =( LENGTH_UNIT ( ) NAMED_UNIT ( * ) SI_UNIT ( .MILLI., .METRE. ) );
#861 = DIRECTION ( 'NONE',  ( -0.000000000000000000, 0.000000000000000000, 1.000000000000000000 ) ) ;
#862 = UNCERTAINTY_MEASURE_WITH_UNIT (LENGTH_MEASURE( 1.000000000000000082E-05 ), #1622, 'distance_accuracy_value', 'NONE');
#863 = EDGE_CURVE ( 'NONE', #1751, #1418, #1026, .T. ) ;
#864 = LINE ( 'NONE', #1836, #3162 ) ;
#865 =( LENGTH_UNIT ( ) NAMED_UNIT ( * ) SI_UNIT ( .MILLI., .METRE. ) );
#866 = COLOUR_RGB ( '',1.000000000000000000, 1.000000000000000000, 1.000000000000000000 ) ;
#867 = CARTESIAN_POINT ( 'NONE',  ( 2.096266520123801325, 9.899000000000004462, -2.817572364197159285 ) ) ;
#868 = CARTESIAN_POINT ( 'NONE',  ( 1.859969078741678050, 9.899000000000000909, -2.722055871979891961 ) ) ;
#869 = CARTESIAN_POINT ( 'NONE',  ( 2.153524624830120082, 9.899000000000002686, -0.5651951310678569040 ) ) ;
#870 = ORIENTED_EDGE ( 'NONE', *, *, #2961, .F. ) ;
#871 = AXIS2_PLACEMENT_3D ( 'NONE', #1816, #3072, #2551 ) ;
#872 = ORIENTED_EDGE ( 'NONE', *, *, #1157, .F. ) ;
#873 = CARTESIAN_POINT ( 'NONE',  ( 1.882342475634342760, 9.899000000000002686, -0.7789237717034394048 ) ) ;
#874 =( GEOMETRIC_REPRESENTATION_CONTEXT ( 3 ) GLOBAL_UNCERTAINTY_ASSIGNED_CONTEXT ( ( #2910 ) ) GLOBAL_UNIT_ASSIGNED_CONTEXT ( ( #212, #952, #1508 ) ) REPRESENTATION_CONTEXT ( 'NONE', 'WORKASPACE' ) );
#875 =( NAMED_UNIT ( * ) PLANE_ANGLE_UNIT ( ) SI_UNIT ( $, .RADIAN. ) );
#876 = FILL_AREA_STYLE_COLOUR ( '', #3103 ) ;
#877 = VECTOR ( 'NONE', #1205, 1000.000000000000000 ) ;
#878 = STYLED_ITEM ( 'NONE', ( #1748 ), #1312 ) ;
#879 = CARTESIAN_POINT ( 'NONE',  ( 0.000000000000000000, 0.000000000000000000, 0.000000000000000000 ) ) ;
#880 = B_SPLINE_CURVE_WITH_KNOTS ( 'NONE', 3,
 ( #2032, #550, #784, #2542, #292, #1760, #2304, #1295, #316, #2286, #82, #799, #815, #1774, #485, #1470, #2475, #19, #2231, #2, #2971, #995, #2728 ),
 .UNSPECIFIED., .F., .F.,
 ( 4, 1, 1, 1, 1, 1, 1, 1, 1, 1, 1, 1, 1, 1, 1, 1, 1, 1, 1, 1, 4 ),
 ( 0.000000000000000000, 0.03151551312998492060, 0.06480979674365734688, 0.09991169883527550866, 0.1366755286001708758, 0.1751432978746825242, 0.2157650117082456909, 0.2581569125231217843, 0.3022930440652045192, 0.3927408518774002100, 0.4832984694610616416, 0.5744114847371659671, 0.6664774093514971298, 0.7120107481430552054, 0.7563744975915031032, 0.7998154803065208318, 0.8419616993485902201, 0.8828431755911849699, 0.9229180315891946096, 0.9619666184423850686, 1.000000000000000000 ),
 .UNSPECIFIED. ) ;
#881 = PRESENTATION_LAYER_ASSIGNMENT (  '', '', ( #108 ) ) ;
#882 = CARTESIAN_POINT ( 'NONE',  ( -1.050408664172459927, 9.900000000000000355, 0.8041224502130936980 ) ) ;
#883 = EDGE_CURVE ( 'NONE', #160, #1661, #526, .T. ) ;
#884 = CARTESIAN_POINT ( 'NONE',  ( 3.254749212862530161, 9.900000000000000355, 1.569018705789986479 ) ) ;
#885 = COLOUR_RGB ( '',1.000000000000000000, 1.000000000000000000, 1.000000000000000000 ) ;
#886 = CARTESIAN_POINT ( 'NONE',  ( 1.820934012025256399, 9.899000000000002686, -3.023702424825612578 ) ) ;
#887 = FILL_AREA_STYLE_COLOUR ( '', #2941 ) ;
#888 = ORIENTED_EDGE ( 'NONE', *, *, #333, .T. ) ;
#889 = VERTEX_POINT ( 'NONE', #1973 ) ;
#890 = SURFACE_STYLE_USAGE ( .BOTH. , #2421 ) ;
#891 = PLANE ( 'NONE',  #971 ) ;
#892 = SURFACE_STYLE_USAGE ( .BOTH. , #2145 ) ;
#893 = DIRECTION ( 'NONE',  ( -1.000000000000000000, -0.000000000000000000, -0.000000000000000000 ) ) ;
#894 = CARTESIAN_POINT ( 'NONE',  ( 4.007404976177575406, 9.899000000000000909, -2.145132795056815311 ) ) ;
#895 = FACE_OUTER_BOUND ( 'NONE', #2700, .T. ) ;
#896 = UNCERTAINTY_MEASURE_WITH_UNIT (LENGTH_MEASURE( 1.000000000000000082E-05 ), #250, 'distance_accuracy_value', 'NONE');
#897 = LINE ( 'NONE', #114, #2274 ) ;
#898 = CARTESIAN_POINT ( 'NONE',  ( 3.487943684178945958, 9.899000000000000909, -2.213847161192229240 ) ) ;
#899 = CARTESIAN_POINT ( 'NONE',  ( 2.895953799279411989, 9.899000000000000909, -0.1572553760515799093 ) ) ;
#900 = VERTEX_POINT ( 'NONE', #2975 ) ;
#901 = ADVANCED_FACE ( 'NONE', ( #747 ), #427, .T. ) ;
#902 = ORIENTED_EDGE ( 'NONE', *, *, #392, .T. ) ;
#903 = EDGE_LOOP ( 'NONE', ( #915, #3035, #3054, #2694 ) ) ;
#904 = EDGE_CURVE ( 'NONE', #1573, #482, #1585, .T. ) ;
#905 = CARTESIAN_POINT ( 'NONE',  ( 2.074430326976350880, 9.898999999999997357, -0.6217942615557505714 ) ) ;
#906 = CARTESIAN_POINT ( 'NONE',  ( 1.859969078741678050, 9.900000000000000355, 1.124097974173954295 ) ) ;
#907 = APPLICATION_PROTOCOL_DEFINITION ( 'draft international standard', 'automotive_design', 1998, #22 ) ;
#908 = CARTESIAN_POINT ( 'NONE',  ( 2.153524624830120082, 9.899000000000002686, -2.488272054144780476 ) ) ;
#909 =( NAMED_UNIT ( * ) PLANE_ANGLE_UNIT ( ) SI_UNIT ( $, .RADIAN. ) );
#910 = CARTESIAN_POINT ( 'NONE',  ( -0.2270531523614435498, 9.899000000000000909, -1.474869675771160793 ) ) ;
#911 = CARTESIAN_POINT ( 'NONE',  ( 5.250000000000000000, 0.000000000000000000, -5.900000000000000355 ) ) ;
#912 = ORIENTED_EDGE ( 'NONE', *, *, #1064, .T. ) ;
#913 = FILL_AREA_STYLE_COLOUR ( '', #2221 ) ;
#914 = PRESENTATION_STYLE_ASSIGNMENT (( #684 ) ) ;
#915 = ORIENTED_EDGE ( 'NONE', *, *, #1651, .F. ) ;
#916 = VECTOR ( 'NONE', #3069, 1000.000000000000000 ) ;
#917 = VERTEX_POINT ( 'NONE', #2050 ) ;
#918 = VERTEX_POINT ( 'NONE', #1989 ) ;
#919 = CARTESIAN_POINT ( 'NONE',  ( 1.859969078741678050, 9.899000000000000909, -0.7989789489029690550 ) ) ;
#920 = LINE ( 'NONE', #2412, #185 ) ;
#921 =( NAMED_UNIT ( * ) SI_UNIT ( $, .STERADIAN. ) SOLID_ANGLE_UNIT ( ) );
#922 = MECHANICAL_DESIGN_GEOMETRIC_PRESENTATION_REPRESENTATION (  '', ( #975 ), #1837 ) ;
#923 = B_SPLINE_CURVE_WITH_KNOTS ( 'NONE', 3,
 ( #2477, #260, #2731, #1220, #488, #998, #1525, #242, #473, #2959, #507, #2288, #1457, #1726, #2262, #3016, #21, #1763, #765, #746, #2523, #295, #1255 ),
 .UNSPECIFIED., .F., .F.,
 ( 4, 1, 1, 1, 1, 1, 1, 1, 1, 1, 1, 1, 1, 1, 1, 1, 1, 1, 1, 1, 4 ),
 ( 0.000000000000000000, 0.03151551312998492060, 0.06480979674365734688, 0.09991169883527552253, 0.1366755286001709035, 0.1751432978746825797, 0.2157650117082457186, 0.2581569125231218398, 0.3022930440652045747, 0.3927408518774002655, 0.4832984694610617527, 0.5744114847371660781, 0.6664774093514971298, 0.7120107481430553165, 0.7563744975915032143, 0.7998154803065208318, 0.8419616993485902201, 0.8828431755911849699, 0.9229180315891946096, 0.9619666184423850686, 1.000000000000000000 ),
 .UNSPECIFIED. ) ;
#924 = STYLED_ITEM ( 'NONE', ( #2646 ), #627 ) ;
#925 = CARTESIAN_POINT ( 'NONE',  ( 3.500122088917338115, 9.899000000000000909, -1.893060211733570863 ) ) ;
#926 = MECHANICAL_DESIGN_GEOMETRIC_PRESENTATION_REPRESENTATION (  '', ( #2004 ), #1348 ) ;
#927 =( GEOMETRIC_REPRESENTATION_CONTEXT ( 3 ) GLOBAL_UNCERTAINTY_ASSIGNED_CONTEXT ( ( #1155 ) ) GLOBAL_UNIT_ASSIGNED_CONTEXT ( ( #317, #576, #2340 ) ) REPRESENTATION_CONTEXT ( 'NONE', 'WORKASPACE' ) );
#928 =( GEOMETRIC_REPRESENTATION_CONTEXT ( 3 ) GLOBAL_UNCERTAINTY_ASSIGNED_CONTEXT ( ( #2342 ) ) GLOBAL_UNIT_ASSIGNED_CONTEXT ( ( #1797, #1569, #135 ) ) REPRESENTATION_CONTEXT ( 'NONE', 'WORKASPACE' ) );
#929 = SURFACE_SIDE_STYLE ('',( #3153 ) ) ;
#930 = CARTESIAN_POINT ( 'NONE',  ( 3.327817636433985538, 9.899000000000000909, -0.3327329553132254425 ) ) ;
#931 = UNCERTAINTY_MEASURE_WITH_UNIT (LENGTH_MEASURE( 1.000000000000000082E-05 ), #173, 'distance_accuracy_value', 'NONE');
#932 = MECHANICAL_DESIGN_GEOMETRIC_PRESENTATION_REPRESENTATION (  '', ( #2346 ), #1905 ) ;
#933 = SURFACE_STYLE_FILL_AREA ( #2891 ) ;
#934 = ORIENTED_EDGE ( 'NONE', *, *, #2539, .T. ) ;
#935 =( GEOMETRIC_REPRESENTATION_CONTEXT ( 3 ) GLOBAL_UNCERTAINTY_ASSIGNED_CONTEXT ( ( #2336 ) ) GLOBAL_UNIT_ASSIGNED_CONTEXT ( ( #860, #1119, #1855 ) ) REPRESENTATION_CONTEXT ( 'NONE', 'WORKASPACE' ) );
#936 = SURFACE_STYLE_USAGE ( .BOTH. , #2432 ) ;
#937 = CARTESIAN_POINT ( 'NONE',  ( 3.683980207252017358, 9.899000000000000909, 0.06665338725900260552 ) ) ;
#938 = SURFACE_SIDE_STYLE ('',( #953 ) ) ;
#939 = VERTEX_POINT ( 'NONE', #1299 ) ;
#940 = ORIENTED_EDGE ( 'NONE', *, *, #3143, .T. ) ;
#941 = CARTESIAN_POINT ( 'NONE',  ( -1.850788979133095147, 9.900000000000000355, -1.233555896243599737 ) ) ;
#942 =( NAMED_UNIT ( * ) PLANE_ANGLE_UNIT ( ) SI_UNIT ( $, .RADIAN. ) );
#943 = FACE_BOUND ( 'NONE', #2937, .T. ) ;
#944 = ADVANCED_FACE ( 'NONE', ( #2035 ), #2365, .T. ) ;
#945 = DIRECTION ( 'NONE',  ( -0.000000000000000000, 1.000000000000000000, -0.000000000000000000 ) ) ;
#946 = EDGE_CURVE ( 'NONE', #1243, #23, #1852, .T. ) ;
#947 = ORIENTED_EDGE ( 'NONE', *, *, #2844, .T. ) ;
#948 = SURFACE_SIDE_STYLE ('',( #133 ) ) ;
#949 = SURFACE_SIDE_STYLE ('',( #2403 ) ) ;
#950 = CARTESIAN_POINT ( 'NONE',  ( -0.2763968531488329994, 9.900000000000000355, 1.118671269110727895 ) ) ;
#951 = PRODUCT_RELATED_PRODUCT_CATEGORY ( 'part', '', ( #752 ) ) ;
#952 =( NAMED_UNIT ( * ) PLANE_ANGLE_UNIT ( ) SI_UNIT ( $, .RADIAN. ) );
#953 = SURFACE_STYLE_FILL_AREA ( #2096 ) ;
#954 = CARTESIAN_POINT ( 'NONE',  ( 3.402538664877624353, 9.899000000000002686, 1.929302960933858557 ) ) ;
#955 = CARTESIAN_POINT ( 'NONE',  ( 2.522423668654680817, 9.899000000000000909, -0.6472467877652785528 ) ) ;
#956 = ADVANCED_FACE ( 'NONE', ( #2579 ), #1884, .F. ) ;
#957 = CARTESIAN_POINT ( 'NONE',  ( 1.927686470879948377, 9.899000000000002686, 1.184798828198865506 ) ) ;
#958 = PLANE ( 'NONE',  #2215 ) ;
#959 = VERTEX_POINT ( 'NONE', #2664 ) ;
#960 = CARTESIAN_POINT ( 'NONE',  ( 3.327817636433985538, 9.900000000000000355, -2.255809878390148349 ) ) ;
#961 = UNCERTAINTY_MEASURE_WITH_UNIT (LENGTH_MEASURE( 1.000000000000000082E-05 ), #1519, 'distance_accuracy_value', 'NONE');
#962 = ADVANCED_FACE ( 'NONE', ( #391 ), #2183, .T. ) ;
#963 = CARTESIAN_POINT ( 'NONE',  ( 0.4259051153550915680, 9.899000000000000909, -1.474869675771165234 ) ) ;
#964 = VERTEX_POINT ( 'NONE', #2491 ) ;
#965 = CARTESIAN_POINT ( 'NONE',  ( -1.850788979133095147, 9.900000000000000355, -1.233555896243599737 ) ) ;
#966 = ORIENTED_EDGE ( 'NONE', *, *, #3042, .F. ) ;
#967 = LINE ( 'NONE', #215, #1795 ) ;
#968 =( LENGTH_UNIT ( ) NAMED_UNIT ( * ) SI_UNIT ( .MILLI., .METRE. ) );
#969 = SURFACE_SIDE_STYLE ('',( #1731 ) ) ;
#970 = DIRECTION ( 'NONE',  ( 1.000000000000000000, 0.000000000000000000, -7.350523203291555004E-17 ) ) ;
#971 = AXIS2_PLACEMENT_3D ( 'NONE', #2363, #1632, #2867 ) ;
#972 = CARTESIAN_POINT ( 'NONE',  ( -1.412683861022860032, 9.899000000000000909, -0.8137633765585590151 ) ) ;
#973 =( NAMED_UNIT ( * ) PLANE_ANGLE_UNIT ( ) SI_UNIT ( $, .RADIAN. ) );
#974 = PRESENTATION_LAYER_ASSIGNMENT (  '', '', ( #771 ) ) ;
#975 = STYLED_ITEM ( 'NONE', ( #1871 ), #587 ) ;
#976 = ORIENTED_EDGE ( 'NONE', *, *, #3012, .F. ) ;
#977 = AXIS2_PLACEMENT_3D ( 'NONE', #643, #2433, #1671 ) ;
#978 = CARTESIAN_POINT ( 'NONE',  ( 2.892817914572809457, 9.899000000000004462, -0.4771268272950355271 ) ) ;
#979 = COLOUR_RGB ( '',1.000000000000000000, 1.000000000000000000, 1.000000000000000000 ) ;
#980 = EDGE_CURVE ( 'NONE', #2709, #2960, #276, .T. ) ;
#981 = CARTESIAN_POINT ( 'NONE',  ( 3.947081253282668012, 9.899999999999998579, -2.149888238898677528 ) ) ;
#982 = EDGE_CURVE ( 'NONE', #268, #2549, #923, .T. ) ;
#983 = ORIENTED_EDGE ( 'NONE', *, *, #2467, .F. ) ;
#984 = SURFACE_STYLE_FILL_AREA ( #1219 ) ;
#985 = DIRECTION ( 'NONE',  ( -0.000000000000000000, 1.000000000000000000, -0.000000000000000000 ) ) ;
#986 = STYLED_ITEM ( 'NONE', ( #1820 ), #2705 ) ;
#987 = ORIENTED_EDGE ( 'NONE', *, *, #149, .F. ) ;
#988 = SURFACE_STYLE_FILL_AREA ( #1976 ) ;
#989 = CARTESIAN_POINT ( 'NONE',  ( 1.927686470879948377, 9.900000000000002132, 1.184798828198865506 ) ) ;
#990 = CARTESIAN_POINT ( 'NONE',  ( 3.097130752144279686, 9.899000000000002686, 1.841853434535372980 ) ) ;
#991 = CARTESIAN_POINT ( 'NONE',  ( -2.059126774408686078, 9.899000000000000909, -0.5386035340388787285 ) ) ;
#992 = ORIENTED_EDGE ( 'NONE', *, *, #1053, .F. ) ;
#993 =( LENGTH_UNIT ( ) NAMED_UNIT ( * ) SI_UNIT ( .MILLI., .METRE. ) );
#994 = CARTESIAN_POINT ( 'NONE',  ( 4.007404976177575406, 9.899000000000000909, 1.701021051097031167 ) ) ;
#995 = CARTESIAN_POINT ( 'NONE',  ( 1.882342475634342760, 9.900000000000002132, -0.7789237717034394048 ) ) ;
#996 = CARTESIAN_POINT ( 'NONE',  ( 1.927686470879948377, 9.899000000000002686, -2.661355017954980084 ) ) ;
#997 = PLANE ( 'NONE',  #2166 ) ;
#998 = CARTESIAN_POINT ( 'NONE',  ( 3.683980207252016470, 9.900000000000000355, -1.856423535817919968 ) ) ;
#999 = SURFACE_SIDE_STYLE ('',( #2321 ) ) ;
#1000 = EDGE_LOOP ( 'NONE', ( #1076, #344, #2920, #940 ) ) ;
#1001 = CARTESIAN_POINT ( 'NONE',  ( -2.224999999999998312, 0.000000000000000000, 4.000000000000000000 ) ) ;
#1002 = CARTESIAN_POINT ( 'NONE',  ( 1.539456258228857344, 9.900000000000000355, 0.4830723331483130489 ) ) ;
#1003 = CARTESIAN_POINT ( 'NONE',  ( 3.327817636433985538, 9.900000000000000355, -0.3327329553132254425 ) ) ;
#1004 = SURFACE_SIDE_STYLE ('',( #52 ) ) ;
#1005 = B_SPLINE_CURVE_WITH_KNOTS ( 'NONE', 3,
 ( #1527, #2051, #540, #805 ),
 .UNSPECIFIED., .F., .F.,
 ( 4, 4 ),
 ( 0.3636363636363636465, 0.4545454545454545858 ),
 .UNSPECIFIED. ) ;
#1006 = SURFACE_STYLE_FILL_AREA ( #218 ) ;
#1007 = CARTESIAN_POINT ( 'NONE',  ( 1.820934012025256399, 9.900000000000003908, -3.023702424825612578 ) ) ;
#1008 = VERTEX_POINT ( 'NONE', #1241 ) ;
#1009 = CARTESIAN_POINT ( 'NONE',  ( 2.096266520123800881, 9.899000000000002686, -0.8944954411202357125 ) ) ;
#1010 = CARTESIAN_POINT ( 'NONE',  ( 4.007404976177575406, 9.899000000000000909, 1.701021051097031167 ) ) ;
#1011 = CARTESIAN_POINT ( 'NONE',  ( 1.798871322331421663, 9.899000000000000909, 0.8035851536611338108 ) ) ;
#1012 = LINE ( 'NONE', #1955, #823 ) ;
#1013 = EDGE_LOOP ( 'NONE', ( #2108, #1601, #1287, #15, #244, #2809, #1305, #1878 ) ) ;
#1014 = SURFACE_SIDE_STYLE ('',( #557 ) ) ;
#1015 = CARTESIAN_POINT ( 'NONE',  ( 2.153524624830120526, 9.900000000000003908, 1.357881792009066890 ) ) ;
#1016 = PRESENTATION_STYLE_ASSIGNMENT (( #807 ) ) ;
#1017 = PLANE ( 'NONE',  #614 ) ;
#1018 = CARTESIAN_POINT ( 'NONE',  ( 2.322505442568229661, 9.900000000000002132, 1.469556472043787698 ) ) ;
#1019 = ORIENTED_EDGE ( 'NONE', *, *, #1718, .F. ) ;
#1020 = PRESENTATION_STYLE_ASSIGNMENT (( #1704 ) ) ;
#1021 =( NAMED_UNIT ( * ) SI_UNIT ( $, .STERADIAN. ) SOLID_ANGLE_UNIT ( ) );
#1022 = EDGE_LOOP ( 'NONE', ( #3118, #1073, #1435, #2717 ) ) ;
#1023 = PRESENTATION_LAYER_ASSIGNMENT (  '', '', ( #755 ) ) ;
#1024 =( NAMED_UNIT ( * ) PLANE_ANGLE_UNIT ( ) SI_UNIT ( $, .RADIAN. ) );
#1025 = MECHANICAL_DESIGN_GEOMETRIC_PRESENTATION_REPRESENTATION (  '', ( #771 ), #555 ) ;
#1026 = LINE ( 'NONE', #2504, #2335 ) ;
#1027 = PRESENTATION_LAYER_ASSIGNMENT (  '', '', ( #1135 ) ) ;
#1028 = LINE ( 'NONE', #68, #462 ) ;
#1029 = LINE ( 'NONE', #785, #150 ) ;
#1030 =( GEOMETRIC_REPRESENTATION_CONTEXT ( 3 ) GLOBAL_UNCERTAINTY_ASSIGNED_CONTEXT ( ( #1578 ) ) GLOBAL_UNIT_ASSIGNED_CONTEXT ( ( #1146, #1642, #156 ) ) REPRESENTATION_CONTEXT ( 'NONE', 'WORKASPACE' ) );
#1031 = PRESENTATION_LAYER_ASSIGNMENT (  '', '', ( #878 ) ) ;
#1032 = CARTESIAN_POINT ( 'NONE',  ( 3.487943684178945958, 9.900000000000000355, 1.632306684961617238 ) ) ;
#1033 = VERTEX_POINT ( 'NONE', #525 ) ;
#1034 = CARTESIAN_POINT ( 'NONE',  ( 4.007404976177575406, 9.900000000000000355, 1.701021051097031167 ) ) ;
#1035 = MECHANICAL_DESIGN_GEOMETRIC_PRESENTATION_REPRESENTATION (  '', ( #770 ), #1387 ) ;
#1036 = STYLED_ITEM ( 'NONE', ( #3096 ), #1466 ) ;
#1037 = CARTESIAN_POINT ( 'NONE',  ( 3.097130752144279686, 9.900000000000002132, 1.841853434535372980 ) ) ;
#1038 = LINE ( 'NONE', #323, #103 ) ;
#1039 = CARTESIAN_POINT ( 'NONE',  ( 2.224999999999999201, 0.000000000000000000, 4.000000000000000888 ) ) ;
#1040 = CARTESIAN_POINT ( 'NONE',  ( 2.413020837767631654, 9.899000000000000909, 1.523426163342360473 ) ) ;
#1041 = ORIENTED_EDGE ( 'NONE', *, *, #846, .T. ) ;
#1042 = STYLED_ITEM ( 'NONE', ( #2098 ), #2790 ) ;
#1043 = PRESENTATION_LAYER_ASSIGNMENT (  '', '', ( #625 ) ) ;
#1044 =( NAMED_UNIT ( * ) SI_UNIT ( $, .STERADIAN. ) SOLID_ANGLE_UNIT ( ) );
#1045 = CARTESIAN_POINT ( 'NONE',  ( 2.370749291291988303, 9.899999999999998579, 1.195310778144532460 ) ) ;
#1046 = ADVANCED_FACE ( 'NONE', ( #786 ), #2716, .F. ) ;
#1047 = DIRECTION ( 'NONE',  ( 0.000000000000000000, 0.000000000000000000, -1.000000000000000000 ) ) ;
#1048 = EDGE_LOOP ( 'NONE', ( #2942, #1495, #498, #74 ) ) ;
#1049 = LINE ( 'NONE', #1289, #1139 ) ;
#1050 = MECHANICAL_DESIGN_GEOMETRIC_PRESENTATION_REPRESENTATION (  '', ( #1808 ), #2859 ) ;
#1051 = LINE ( 'NONE', #1314, #315 ) ;
#1052 = CARTESIAN_POINT ( 'NONE',  ( 1.077353540551949873, 9.899000000000000909, 0.9188960722603322084 ) ) ;
#1053 = EDGE_CURVE ( 'NONE', #959, #1781, #717, .T. ) ;
#1054 = LINE ( 'NONE', #298, #712 ) ;
#1055 = CARTESIAN_POINT ( 'NONE',  ( -0.2270531523614435498, 9.900000000000000355, -1.474869675771160793 ) ) ;
#1056 = CARTESIAN_POINT ( 'NONE',  ( 2.096266520123800881, 9.900000000000002132, -0.8944954411202357125 ) ) ;
#1057 = ORIENTED_EDGE ( 'NONE', *, *, #3007, .T. ) ;
#1058 = VERTEX_POINT ( 'NONE', #2014 ) ;
#1059 = ADVANCED_FACE ( 'NONE', ( #3202 ), #3150, .T. ) ;
#1060 = FILL_AREA_STYLE_COLOUR ( '', #1302 ) ;
#1061 = ORIENTED_EDGE ( 'NONE', *, *, #846, .F. ) ;
#1062 =( NAMED_UNIT ( * ) PLANE_ANGLE_UNIT ( ) SI_UNIT ( $, .RADIAN. ) );
#1063 = DIRECTION ( 'NONE',  ( -1.000000000000000000, 0.000000000000000000, 0.000000000000000000 ) ) ;
#1064 = EDGE_CURVE ( 'NONE', #707, #1573, #1075, .T. ) ;
#1065 = CARTESIAN_POINT ( 'NONE',  ( 1.798871322331421885, 9.899999999999998579, 0.8035851536611339219 ) ) ;
#1066 = UNCERTAINTY_MEASURE_WITH_UNIT (LENGTH_MEASURE( 1.000000000000000082E-05 ), #1543, 'distance_accuracy_value', 'NONE');
#1067 = CARTESIAN_POINT ( 'NONE',  ( 1.866044462534064419, 9.900000000000000355, -2.985127534560964246 ) ) ;
#1068 =( NAMED_UNIT ( * ) SI_UNIT ( $, .STERADIAN. ) SOLID_ANGLE_UNIT ( ) );
#1069 = CARTESIAN_POINT ( 'NONE',  ( -3.635738100735686817, 9.899000000000000909, 4.250000000000000000 ) ) ;
#1070 = CARTESIAN_POINT ( 'NONE',  ( 3.654652869401912696, 9.898999999999997357, -0.2599726255749311155 ) ) ;
#1071 = FILL_AREA_STYLE_COLOUR ( '', #1565 ) ;
#1072 = ORIENTED_EDGE ( 'NONE', *, *, #619, .T. ) ;
#1073 = ORIENTED_EDGE ( 'NONE', *, *, #1819, .F. ) ;
#1074 = SURFACE_STYLE_FILL_AREA ( #858 ) ;
#1075 = LINE ( 'NONE', #93, #3060 ) ;
#1076 = ORIENTED_EDGE ( 'NONE', *, *, #2184, .T. ) ;
#1077 = LINE ( 'NONE', #2302, #2287 ) ;
#1078 = CARTESIAN_POINT ( 'NONE',  ( 1.937897060019538875, 9.899000000000000909, 0.9169117115501318471 ) ) ;
#1079 = VECTOR ( 'NONE', #3179, 1000.000000000000000 ) ;
#1080 = ADVANCED_FACE ( 'NONE', ( #2760 ), #1450, .T. ) ;
#1081 = CARTESIAN_POINT ( 'NONE',  ( 1.937897060019538875, 9.899999999999996803, 0.9169117115501318471 ) ) ;
#1082 =( GEOMETRIC_REPRESENTATION_CONTEXT ( 3 ) GLOBAL_UNCERTAINTY_ASSIGNED_CONTEXT ( ( #668 ) ) GLOBAL_UNIT_ASSIGNED_CONTEXT ( ( #2012, #1514, #1245 ) ) REPRESENTATION_CONTEXT ( 'NONE', 'WORKASPACE' ) );
#1083 = EDGE_CURVE ( 'NONE', #1412, #1713, #2086, .T. ) ;
#1084 = CARTESIAN_POINT ( 'NONE',  ( 4.007404976177575406, 9.899000000000000909, 0.09845694853292843995 ) ) ;
#1085 = CARTESIAN_POINT ( 'NONE',  ( 0.8201070838590328593, 9.900000000000000355, -0.9868220379758848582 ) ) ;
#1086 = CARTESIAN_POINT ( 'NONE',  ( 2.224999999999999201, -0.1000000000000000056, 4.000000000000000888 ) ) ;
#1087 = CARTESIAN_POINT ( 'NONE',  ( 0.4259051153550916791, 9.900000000000000355, -1.474869675771165012 ) ) ;
#1088 = COLOUR_RGB ( '',1.000000000000000000, 1.000000000000000000, 1.000000000000000000 ) ;
#1089 = CARTESIAN_POINT ( 'NONE',  ( -1.131761026377192003, 9.899000000000000909, -0.4942397545113230706 ) ) ;
#1090 = STYLED_ITEM ( 'NONE', ( #2068 ), #1059 ) ;
#1091 = ORIENTED_EDGE ( 'NONE', *, *, #701, .F. ) ;
#1092 = PRESENTATION_LAYER_ASSIGNMENT (  '', '', ( #1436 ) ) ;
#1093 = PLANE ( 'NONE',  #871 ) ;
#1094 = VECTOR ( 'NONE', #945, 1000.000000000000000 ) ;
#1095 = FILL_AREA_STYLE ('',( #847 ) ) ;
#1096 = FACE_OUTER_BOUND ( 'NONE', #682, .T. ) ;
#1097 = CARTESIAN_POINT ( 'NONE',  ( 2.506045413310247660, 9.900000000000000355, 1.268458383207504703 ) ) ;
#1098 = UNCERTAINTY_MEASURE_WITH_UNIT (LENGTH_MEASURE( 1.000000000000000082E-05 ), #2446, 'distance_accuracy_value', 'NONE');
#1099 = DIRECTION ( 'NONE',  ( -0.000000000000000000, 1.000000000000000000, -0.000000000000000000 ) ) ;
#1100 = CARTESIAN_POINT ( 'NONE',  ( 2.182870226123697410, 9.898999999999997357, -2.762136768214439986 ) ) ;
#1101 = CARTESIAN_POINT ( 'NONE',  ( 1.937897060019538875, 9.899000000000000909, -1.006165211526791836 ) ) ;
#1102 = PLANE ( 'NONE',  #1293 ) ;
#1103 = ORIENTED_EDGE ( 'NONE', *, *, #1402, .F. ) ;
#1104 = DIRECTION ( 'NONE',  ( 0.000000000000000000, 0.000000000000000000, -1.000000000000000000 ) ) ;
#1105 = ADVANCED_FACE ( 'NONE', ( #3083 ), #678, .T. ) ;
#1106 = CARTESIAN_POINT ( 'NONE',  ( -2.059126774408686078, 9.900000000000000355, -0.5386035340388787285 ) ) ;
#1107 = CARTESIAN_POINT ( 'NONE',  ( 3.108247731221343901, 9.898999999999999133, 1.526261762053819249 ) ) ;
#1108 = CARTESIAN_POINT ( 'NONE',  ( 1.077353540551949873, 9.900000000000000355, 0.9188960722603322084 ) ) ;
#1109 = LINE ( 'NONE', #2122, #664 ) ;
#1110 = CARTESIAN_POINT ( 'NONE',  ( -0.2270531523614435498, 9.900000000000000355, -1.474869675771160793 ) ) ;
#1111 = LINE ( 'NONE', #1780, #760 ) ;
#1112 = EDGE_LOOP ( 'NONE', ( #2042, #1929, #2280, #902 ) ) ;
#1113 = VERTEX_POINT ( 'NONE', #2652 ) ;
#1114 = SURFACE_SIDE_STYLE ('',( #1898 ) ) ;
#1115 =( NAMED_UNIT ( * ) SI_UNIT ( $, .STERADIAN. ) SOLID_ANGLE_UNIT ( ) );
#1116 = CARTESIAN_POINT ( 'NONE',  ( 4.424999999999998934, -0.1000000000000000056, -4.000000000000000888 ) ) ;
#1117 = DIRECTION ( 'NONE',  ( 1.000000000000000000, 0.000000000000000000, 0.000000000000000000 ) ) ;
#1118 = ADVANCED_FACE ( 'NONE', ( #434, #2130, #1830 ), #1414, .F. ) ;
#1119 =( NAMED_UNIT ( * ) PLANE_ANGLE_UNIT ( ) SI_UNIT ( $, .RADIAN. ) );
#1120 = B_SPLINE_CURVE_WITH_KNOTS ( 'NONE', 3,
 ( #1842, #1343, #852, #1824 ),
 .UNSPECIFIED., .F., .F.,
 ( 4, 4 ),
 ( 0.09090909090909091161, 0.1818181818181818232 ),
 .UNSPECIFIED. ) ;
#1121 = FACE_OUTER_BOUND ( 'NONE', #180, .T. ) ;
#1122 = CARTESIAN_POINT ( 'NONE',  ( 3.327817636433985538, 9.899000000000000909, -2.255809878390148349 ) ) ;
#1123 = SURFACE_SIDE_STYLE ('',( #2890 ) ) ;
#1124 = UNCERTAINTY_MEASURE_WITH_UNIT (LENGTH_MEASURE( 1.000000000000000082E-05 ), #1439, 'distance_accuracy_value', 'NONE');
#1125 = CARTESIAN_POINT ( 'NONE',  ( 3.654652869401912696, 9.898999999999997357, -0.2599726255749311155 ) ) ;
#1126 = DIRECTION ( 'NONE',  ( 0.000000000000000000, 0.000000000000000000, -1.000000000000000000 ) ) ;
#1127 = CARTESIAN_POINT ( 'NONE',  ( 3.654652869401912696, 9.899999999999996803, -0.2599726255749311155 ) ) ;
#1128 = CARTESIAN_POINT ( 'NONE',  ( 3.254749212862530161, 9.899000000000000909, -0.3540582172869367050 ) ) ;
#1129 = SURFACE_SIDE_STYLE ('',( #1658 ) ) ;
#1130 = EDGE_LOOP ( 'NONE', ( #1370, #676, #511, #2210, #2057, #987, #1564, #47 ) ) ;
#1131 =( GEOMETRIC_REPRESENTATION_CONTEXT ( 3 ) GLOBAL_UNCERTAINTY_ASSIGNED_CONTEXT ( ( #2306 ) ) GLOBAL_UNIT_ASSIGNED_CONTEXT ( ( #2364, #2328, #1321 ) ) REPRESENTATION_CONTEXT ( 'NONE', 'WORKASPACE' ) );
#1132 = VECTOR ( 'NONE', #521, 1000.000000000000000 ) ;
#1133 = ORIENTED_EDGE ( 'NONE', *, *, #1326, .F. ) ;
#1134 = VECTOR ( 'NONE', #2233, 1000.000000000000000 ) ;
#1135 = STYLED_ITEM ( 'NONE', ( #2195 ), #956 ) ;
#1136 = FILL_AREA_STYLE ('',( #2653 ) ) ;
#1137 = VECTOR ( 'NONE', #2560, 1000.000000000000000 ) ;
#1138 = LINE ( 'NONE', #1181, #1606 ) ;
#1139 = VECTOR ( 'NONE', #2725, 1000.000000000000000 ) ;
#1140 = ADVANCED_FACE ( 'NONE', ( #490 ), #1674, .F. ) ;
#1141 = DIRECTION ( 'NONE',  ( -1.000000000000000000, -0.000000000000000000, -0.000000000000000000 ) ) ;
#1142 = FILL_AREA_STYLE_COLOUR ( '', #154 ) ;
#1143 = VECTOR ( 'NONE', #570, 1000.000000000000000 ) ;
#1144 = CARTESIAN_POINT ( 'NONE',  ( 3.327817636433985538, 9.900000000000000355, -0.3327329553132254425 ) ) ;
#1145 = B_SPLINE_SURFACE_WITH_KNOTS ( 'NONE', 3, 1, ( 
 ( #2224, #2763 ),
 ( #2283, #2520 ),
 ( #1707, #1268 ),
 ( #781, #2967 ),
 ( #3212, #16 ),
 ( #1009, #2031 ),
 ( #519, #3028 ),
 ( #2984, #797 ),
 ( #756, #2780 ),
 ( #549, #1539 ),
 ( #1313, #3195 ),
 ( #978, #2954 ),
 ( #726, #2710 ),
 ( #483, #1467 ),
 ( #2062, #1351 ) ),
 .UNSPECIFIED., .F., .F., .F.,
 ( 4, 1, 1, 1, 1, 1, 1, 1, 1, 1, 1, 1, 4 ),
 ( 2, 2 ),
 ( 0.000000000000000000, 0.05027287497458368670, 0.1027903700748774990, 0.1576131012369288709, 0.2146311133156754147, 0.2740612127265389386, 0.3356974550538850410, 0.4000702787165525409, 0.4668267493853399674, 0.6020780869193702589, 0.7357515335047495331, 0.8682046170340284030, 0.9999999999999998890 ),
 ( 0.000000000000000000, 1.000000000000000000 ),
 .UNSPECIFIED. ) ;
#1146 =( LENGTH_UNIT ( ) NAMED_UNIT ( * ) SI_UNIT ( .MILLI., .METRE. ) );
#1147 = ORIENTED_EDGE ( 'NONE', *, *, #1933, .F. ) ;
#1148 = EDGE_LOOP ( 'NONE', ( #3203, #1555, #2376, #2704 ) ) ;
#1149 = CARTESIAN_POINT ( 'NONE',  ( 2.153524624830120526, 9.899000000000004462, 1.357881792009066890 ) ) ;
#1150 = CARTESIAN_POINT ( 'NONE',  ( 4.007404976177575406, 9.899000000000000909, -0.2220558719798921277 ) ) ;
#1151 = B_SPLINE_SURFACE_WITH_KNOTS ( 'NONE', 3, 1, ( 
 ( #342, #325 ),
 ( #2311, #89 ),
 ( #2808, #2773 ),
 ( #1089, #3051 ) ),
 .UNSPECIFIED., .F., .F., .F.,
 ( 4, 4 ),
 ( 2, 2 ),
 ( 0.5454545454545455252, 0.6363636363636364646 ),
 ( 0.000000000000000000, 1.000000000000000000 ),
 .UNSPECIFIED. ) ;
#1152 = CARTESIAN_POINT ( 'NONE',  ( 3.982518742424586922, 9.899000000000002686, -1.825388743518869372 ) ) ;
#1153 = B_SPLINE_CURVE_WITH_KNOTS ( 'NONE', 3,
 ( #591, #886, #2103, #2851, #1863, #867, #1100, #1825, #558, #853, #1595, #3049, #322, #2805, #1551 ),
 .UNSPECIFIED., .F., .F.,
 ( 4, 1, 1, 1, 1, 1, 1, 1, 1, 1, 1, 1, 4 ),
 ( 0.000000000000000000, 0.05027287497458354099, 0.1027903700748775129, 0.1576131012369288154, 0.2146311133156753592, 0.2740612127265389941, 0.3356974550538850410, 0.4000702787165525964, 0.4668267493853400230, 0.6020780869193704810, 0.7357515335047496441, 0.8682046170340285141, 1.000000000000000000 ),
 .UNSPECIFIED. ) ;
#1154 = CARTESIAN_POINT ( 'NONE',  ( 3.380588384908581823, 9.900000000000000355, -2.241980747991021872 ) ) ;
#1155 = UNCERTAINTY_MEASURE_WITH_UNIT (LENGTH_MEASURE( 1.000000000000000082E-05 ), #317, 'distance_accuracy_value', 'NONE');
#1156 =( NAMED_UNIT ( * ) SI_UNIT ( $, .STERADIAN. ) SOLID_ANGLE_UNIT ( ) );
#1157 = EDGE_CURVE ( 'NONE', #1772, #140, #1951, .T. ) ;
#1158 = CARTESIAN_POINT ( 'NONE',  ( 0.5619496035440766368, 9.899000000000000909, -0.04210589624360546596 ) ) ;
#1159 = FILL_AREA_STYLE ('',( #887 ) ) ;
#1160 = ORIENTED_EDGE ( 'NONE', *, *, #1679, .F. ) ;
#1161 = VERTEX_POINT ( 'NONE', #2734 ) ;
#1162 = VERTEX_POINT ( 'NONE', #512 ) ;
#1163 = CARTESIAN_POINT ( 'NONE',  ( -2.059126774408686078, 9.900000000000000355, -0.5386035340388787285 ) ) ;
#1164 = CARTESIAN_POINT ( 'NONE',  ( -1.787375593306315347, 9.900000000000000355, 1.154840954150104126 ) ) ;
#1165 = FILL_AREA_STYLE_COLOUR ( '', #1177 ) ;
#1166 = CARTESIAN_POINT ( 'NONE',  ( 4.007404976177575406, 9.899000000000000909, -1.824619974543994605 ) ) ;
#1167 = CARTESIAN_POINT ( 'NONE',  ( 3.654652869401912696, 9.898999999999997357, -2.183049548651853744 ) ) ;
#1168 = CARTESIAN_POINT ( 'NONE',  ( 0.5619496035440766368, 9.900000000000000355, -0.04210589624360546596 ) ) ;
#1169 = EDGE_CURVE ( 'NONE', #964, #2743, #967, .T. ) ;
#1170 = FACE_OUTER_BOUND ( 'NONE', #271, .T. ) ;
#1171 = EDGE_LOOP ( 'NONE', ( #2456, #976, #1057, #1893 ) ) ;
#1172 = ORIENTED_EDGE ( 'NONE', *, *, #1819, .T. ) ;
#1173 = CARTESIAN_POINT ( 'NONE',  ( -2.181239766534675439, 9.900000000000000355, -1.169006289944391153 ) ) ;
#1174 = ADVANCED_FACE ( 'NONE', ( #3166 ), #475, .T. ) ;
#1175 = DIRECTION ( 'NONE',  ( 0.000000000000000000, 0.000000000000000000, -1.000000000000000000 ) ) ;
#1176 = CARTESIAN_POINT ( 'NONE',  ( -1.850788979133095147, 9.900000000000000355, -1.233555896243599737 ) ) ;
#1177 = COLOUR_RGB ( '',1.000000000000000000, 1.000000000000000000, 1.000000000000000000 ) ;
#1178 = PRESENTATION_LAYER_ASSIGNMENT (  '', '', ( #357 ) ) ;
#1179 = COLOUR_RGB ( '',1.000000000000000000, 1.000000000000000000, 1.000000000000000000 ) ;
#1180 = PRESENTATION_LAYER_ASSIGNMENT (  '', '', ( #1090 ) ) ;
#1181 = CARTESIAN_POINT ( 'NONE',  ( 1.539456258228857344, 9.899000000000000909, 2.406149256225236677 ) ) ;
#1182 = PRESENTATION_LAYER_ASSIGNMENT (  '', '', ( #2799 ) ) ;
#1183 = STYLED_ITEM ( 'NONE', ( #2292 ), #1292 ) ;
#1184 = ORIENTED_EDGE ( 'NONE', *, *, #1559, .F. ) ;
#1185 = COLOUR_RGB ( '',0.8274509803921568096, 0.8392156862745098200, 0.8274509803921568096 ) ;
#1186 = UNCERTAINTY_MEASURE_WITH_UNIT (LENGTH_MEASURE( 1.000000000000000082E-05 ), #1851, 'distance_accuracy_value', 'NONE');
#1187 =( GEOMETRIC_REPRESENTATION_CONTEXT ( 3 ) GLOBAL_UNCERTAINTY_ASSIGNED_CONTEXT ( ( #2645 ) ) GLOBAL_UNIT_ASSIGNED_CONTEXT ( ( #290, #1024, #314 ) ) REPRESENTATION_CONTEXT ( 'NONE', 'WORKASPACE' ) );
#1188 = CARTESIAN_POINT ( 'NONE',  ( -2.535054727164589572, 9.899000000000000909, -0.6680968411254809558 ) ) ;
#1189 = EDGE_CURVE ( 'NONE', #2607, #1875, #2860, .T. ) ;
#1190 = VERTEX_POINT ( 'NONE', #1811 ) ;
#1191 = MECHANICAL_DESIGN_GEOMETRIC_PRESENTATION_REPRESENTATION (  '', ( #625 ), #1307 ) ;
#1192 = SURFACE_STYLE_FILL_AREA ( #2182 ) ;
#1193 = SURFACE_STYLE_USAGE ( .BOTH. , #1129 ) ;
#1194 = CARTESIAN_POINT ( 'NONE',  ( -1.131438585432311239, 9.899000000000000909, -1.210478337188482190 ) ) ;
#1195 = CARTESIAN_POINT ( 'NONE',  ( 1.927686470879948377, 9.899000000000002686, 1.184798828198865506 ) ) ;
#1196 = FILL_AREA_STYLE_COLOUR ( '', #2897 ) ;
#1197 = CARTESIAN_POINT ( 'NONE',  ( 3.380588384908581823, 9.899000000000000909, 1.604173098162825717 ) ) ;
#1198 = DIRECTION ( 'NONE',  ( 0.000000000000000000, 0.000000000000000000, 1.000000000000000000 ) ) ;
#1199 = EDGE_CURVE ( 'NONE', #917, #939, #1005, .T. ) ;
#1200 = CARTESIAN_POINT ( 'NONE',  ( 1.539456258228857344, 9.899000000000000909, 0.8035851536611338108 ) ) ;
#1201 = ORIENTED_EDGE ( 'NONE', *, *, #2539, .F. ) ;
#1202 = SURFACE_STYLE_USAGE ( .BOTH. , #2445 ) ;
#1203 = CARTESIAN_POINT ( 'NONE',  ( -2.181239766534675439, 9.899000000000000909, -1.169006289944391153 ) ) ;
#1204 = ORIENTED_EDGE ( 'NONE', *, *, #2531, .F. ) ;
#1205 = DIRECTION ( 'NONE',  ( 0.000000000000000000, 0.000000000000000000, 1.000000000000000000 ) ) ;
#1206 = CARTESIAN_POINT ( 'NONE',  ( 2.224999999999999201, -0.1000000000000000056, 4.000000000000000888 ) ) ;
#1207 = ORIENTED_EDGE ( 'NONE', *, *, #2227, .T. ) ;
#1208 = PRESENTATION_STYLE_ASSIGNMENT (( #3204 ) ) ;
#1209 = SURFACE_STYLE_FILL_AREA ( #2213 ) ;
#1210 = CARTESIAN_POINT ( 'NONE',  ( 3.267244662403631761, 9.900000000000002132, 1.894119767964845158 ) ) ;
#1211 = PRESENTATION_STYLE_ASSIGNMENT (( #2466 ) ) ;
#1212 = EDGE_CURVE ( 'NONE', #1262, #917, #2754, .T. ) ;
#1213 = CARTESIAN_POINT ( 'NONE',  ( 2.096266520123801325, 9.900000000000005684, -2.817572364197159285 ) ) ;
#1214 = ORIENTED_EDGE ( 'NONE', *, *, #1280, .F. ) ;
#1215 = CARTESIAN_POINT ( 'NONE',  ( -1.637737404329943081, 9.900000000000000355, 0.5654649698981365491 ) ) ;
#1216 = CARTESIAN_POINT ( 'NONE',  ( -1.044379530314190285, 9.899000000000000909, 1.357630717929626307 ) ) ;
#1217 = ORIENTED_EDGE ( 'NONE', *, *, #2569, .F. ) ;
#1218 = CARTESIAN_POINT ( 'NONE',  ( 2.153524624830120082, 9.899000000000002686, -2.488272054144780476 ) ) ;
#1219 = FILL_AREA_STYLE ('',( #2463 ) ) ;
#1220 = CARTESIAN_POINT ( 'NONE',  ( 3.852702646889013316, 9.900000000000000355, -1.833960665079886532 ) ) ;
#1221 = ORIENTED_EDGE ( 'NONE', *, *, #1053, .T. ) ;
#1222 = B_SPLINE_CURVE_WITH_KNOTS ( 'NONE', 3,
 ( #1344, #136, #2347, #1127, #2358, #3112, #116 ),
 .UNSPECIFIED., .F., .F.,
 ( 4, 1, 1, 1, 4 ),
 ( 0.000000000000000000, 0.2372165186042104190, 0.4825864912431361287, 0.7368469271779307661, 1.000000000000000000 ),
 .UNSPECIFIED. ) ;
#1223 = DIRECTION ( 'NONE',  ( 0.000000000000000000, 1.000000000000000000, 0.000000000000000000 ) ) ;
#1224 = CARTESIAN_POINT ( 'NONE',  ( 2.322505442568229661, 9.900000000000000355, 1.469556472043787698 ) ) ;
#1225 = CARTESIAN_POINT ( 'NONE',  ( 1.539456258228857344, 9.899000000000000909, -3.042568692492712223 ) ) ;
#1226 = CARTESIAN_POINT ( 'NONE',  ( -2.535054727164589572, 9.899000000000000909, -0.6680968411254809558 ) ) ;
#1227 = PRESENTATION_STYLE_ASSIGNMENT (( #1961 ) ) ;
#1228 = PRESENTATION_STYLE_ASSIGNMENT (( #1719 ) ) ;
#1229 = VECTOR ( 'NONE', #1839, 1000.000000000000000 ) ;
#1230 = VERTEX_POINT ( 'NONE', #1084 ) ;
#1231 = STYLED_ITEM ( 'NONE', ( #607 ), #2126 ) ;
#1232 = FACE_OUTER_BOUND ( 'NONE', #1747, .T. ) ;
#1233 = MECHANICAL_DESIGN_GEOMETRIC_PRESENTATION_REPRESENTATION (  '', ( #1135 ), #1789 ) ;
#1234 = DIRECTION ( 'NONE',  ( -1.000000000000000000, -0.000000000000000000, -0.000000000000000000 ) ) ;
#1235 = CARTESIAN_POINT ( 'NONE',  ( 1.539456258228857344, 9.899000000000000909, 0.8035851536611338108 ) ) ;
#1236 = VECTOR ( 'NONE', #1958, 1000.000000000000000 ) ;
#1237 = CARTESIAN_POINT ( 'NONE',  ( 2.892817914572809013, 9.899000000000000909, -2.400203750371958655 ) ) ;
#1238 = CARTESIAN_POINT ( 'NONE',  ( 3.852702646889013316, 9.899999999999998579, -1.833960665079886532 ) ) ;
#1239 = DIRECTION ( 'NONE',  ( 0.000000000000000000, 0.000000000000000000, 1.000000000000000000 ) ) ;
#1240 = AXIS2_PLACEMENT_3D ( 'NONE', #335, #3063, #2383 ) ;
#1241 = CARTESIAN_POINT ( 'NONE',  ( 4.007404976177575406, 9.900000000000000355, 0.09845694853292843995 ) ) ;
#1242 = PRESENTATION_LAYER_ASSIGNMENT (  '', '', ( #775 ) ) ;
#1243 = VERTEX_POINT ( 'NONE', #1300 ) ;
#1244 = FILL_AREA_STYLE ('',( #1196 ) ) ;
#1245 =( NAMED_UNIT ( * ) SI_UNIT ( $, .STERADIAN. ) SOLID_ANGLE_UNIT ( ) );
#1246 = DIRECTION ( 'NONE',  ( 0.000000000000000000, 0.000000000000000000, -1.000000000000000000 ) ) ;
#1247 =( NAMED_UNIT ( * ) SI_UNIT ( $, .STERADIAN. ) SOLID_ANGLE_UNIT ( ) );
#1248 = CARTESIAN_POINT ( 'NONE',  ( 2.537592257453082034, 9.900000000000003908, 1.595130148794872582 ) ) ;
#1249 = MECHANICAL_DESIGN_GEOMETRIC_PRESENTATION_REPRESENTATION (  '', ( #1953 ), #2903 ) ;
#1250 = EDGE_LOOP ( 'NONE', ( #2202, #1802, #226, #2865 ) ) ;
#1251 = CARTESIAN_POINT ( 'NONE',  ( 1.539456258228857344, 9.900000000000000355, 0.4830723331483130489 ) ) ;
#1252 = LINE ( 'NONE', #2259, #2953 ) ;
#1253 = FILL_AREA_STYLE_COLOUR ( '', #2389 ) ;
#1254 = CARTESIAN_POINT ( 'NONE',  ( -1.050408664172459927, 9.900000000000000355, 0.8041224502130936980 ) ) ;
#1255 = CARTESIAN_POINT ( 'NONE',  ( 1.859969078741678050, 9.900000000000000355, -2.722055871979891961 ) ) ;
#1256 = CARTESIAN_POINT ( 'NONE',  ( 3.947081253282668012, 9.899999999999998579, 1.696265607255168284 ) ) ;
#1257 = ORIENTED_EDGE ( 'NONE', *, *, #883, .F. ) ;
#1258 = LINE ( 'NONE', #2525, #565 ) ;
#1259 = CARTESIAN_POINT ( 'NONE',  ( 4.424999999999998934, 0.000000000000000000, -4.000000000000000000 ) ) ;
#1260 = DIRECTION ( 'NONE',  ( -1.000000000000000000, -0.000000000000000000, -0.000000000000000000 ) ) ;
#1261 = CARTESIAN_POINT ( 'NONE',  ( 3.500122088917338115, 9.900000000000002132, 1.953093634420275837 ) ) ;
#1262 = VERTEX_POINT ( 'NONE', #1778 ) ;
#1263 = CARTESIAN_POINT ( 'NONE',  ( 1.859969078741678050, 9.899000000000000909, -0.7989789489029690550 ) ) ;
#1264 = CARTESIAN_POINT ( 'NONE',  ( 0.8201070838590328593, 9.900000000000000355, -0.9868220379758848582 ) ) ;
#1265 = CARTESIAN_POINT ( 'NONE',  ( 2.537592257453082034, 9.900000000000003908, -0.3279467742820512122 ) ) ;
#1266 =( NAMED_UNIT ( * ) PLANE_ANGLE_UNIT ( ) SI_UNIT ( $, .RADIAN. ) );
#1267 = ORIENTED_EDGE ( 'NONE', *, *, #365, .T. ) ;
#1268 = CARTESIAN_POINT ( 'NONE',  ( 1.866044462534064197, 9.899999999999996803, -1.062050611484041562 ) ) ;
#1269 = CARTESIAN_POINT ( 'NONE',  ( 1.859969078741678050, 9.900000000000000355, 0.4830723331483130489 ) ) ;
#1270 = EDGE_CURVE ( 'NONE', #3036, #1785, #2072, .T. ) ;
#1271 = CARTESIAN_POINT ( 'NONE',  ( 1.859969078741678050, 9.899000000000000909, -1.440004589928610024 ) ) ;
#1272 = CARTESIAN_POINT ( 'NONE',  ( -1.044379530314190285, 9.899000000000000909, 1.357630717929626307 ) ) ;
#1273 = PRESENTATION_STYLE_ASSIGNMENT (( #275 ) ) ;
#1274 = DIRECTION ( 'NONE',  ( -0.000000000000000000, 0.000000000000000000, -1.000000000000000000 ) ) ;
#1275 = SURFACE_STYLE_USAGE ( .BOTH. , #277 ) ;
#1276 = VERTEX_POINT ( 'NONE', #2786 ) ;
#1277 = FILL_AREA_STYLE_COLOUR ( '', #1691 ) ;
#1278 = FILL_AREA_STYLE_COLOUR ( '', #3097 ) ;
#1279 = CARTESIAN_POINT ( 'NONE',  ( -1.850788979133095147, 9.899000000000000909, -1.233555896243599737 ) ) ;
#1280 = EDGE_CURVE ( 'NONE', #3210, #1781, #1258, .T. ) ;
#1281 = CARTESIAN_POINT ( 'NONE',  ( 2.236200404777783479, 9.900000000000002132, 1.413956960204537872 ) ) ;
#1282 = EDGE_LOOP ( 'NONE', ( #2791, #1207, #645, #2999 ) ) ;
#1283 = EDGE_CURVE ( 'NONE', #1727, #900, #1765, .T. ) ;
#1284 = PLANE ( 'NONE',  #2691 ) ;
#1285 = CARTESIAN_POINT ( 'NONE',  ( 3.770155873744588604, 9.900000000000000355, 0.07980489361654462266 ) ) ;
#1286 = CARTESIAN_POINT ( 'NONE',  ( -2.059126774408686078, 9.899000000000000909, -0.5386035340388787285 ) ) ;
#1287 = ORIENTED_EDGE ( 'NONE', *, *, #946, .T. ) ;
#1288 = MECHANICAL_DESIGN_GEOMETRIC_PRESENTATION_REPRESENTATION (  '', ( #2329 ), #293 ) ;
#1289 = CARTESIAN_POINT ( 'NONE',  ( -5.250000000000000000, 9.900000000000000355, -5.900000000000000355 ) ) ;
#1290 = VECTOR ( 'NONE', #50, 1000.000000000000000 ) ;
#1291 = VECTOR ( 'NONE', #1823, 1000.000000000000000 ) ;
#1292 = ADVANCED_FACE ( 'NONE', ( #1513 ), #3067, .F. ) ;
#1293 = AXIS2_PLACEMENT_3D ( 'NONE', #1800, #2807, #2563 ) ;
#1294 = AXIS2_PLACEMENT_3D ( 'NONE', #2940, #1473, #2507 ) ;
#1295 = CARTESIAN_POINT ( 'NONE',  ( 3.500122088917339003, 9.900000000000003908, 0.03001671134335237232 ) ) ;
#1296 = CARTESIAN_POINT ( 'NONE',  ( -3.635738100735686817, 9.900000000000000355, -4.250000000000000000 ) ) ;
#1297 = EDGE_CURVE ( 'NONE', #657, #429, #279, .T. ) ;
#1298 = AXIS2_PLACEMENT_3D ( 'NONE', #1700, #182, #1938 ) ;
#1299 = CARTESIAN_POINT ( 'NONE',  ( -1.850788979133095147, 9.899000000000000909, -1.233555896243599737 ) ) ;
#1300 = CARTESIAN_POINT ( 'NONE',  ( 1.859969078741678050, 9.900000000000000355, 2.406149256225236677 ) ) ;
#1301 = PRESENTATION_LAYER_ASSIGNMENT (  '', '', ( #770 ) ) ;
#1302 = COLOUR_RGB ( '',0.1921568627450980227, 0.2039215686274509776, 0.2039215686274509776 ) ;
#1303 = CARTESIAN_POINT ( 'NONE',  ( 2.413020837767631654, 9.900000000000000355, 1.523426163342360473 ) ) ;
#1304 = CARTESIAN_POINT ( 'NONE',  ( -0.2270531523614435498, 9.899000000000000909, -1.474869675771160793 ) ) ;
#1305 = ORIENTED_EDGE ( 'NONE', *, *, #1189, .T. ) ;
#1306 = PRESENTATION_LAYER_ASSIGNMENT (  '', '', ( #2346 ) ) ;
#1307 =( GEOMETRIC_REPRESENTATION_CONTEXT ( 3 ) GLOBAL_UNCERTAINTY_ASSIGNED_CONTEXT ( ( #2969 ) ) GLOBAL_UNIT_ASSIGNED_CONTEXT ( ( #481, #3003, #1044 ) ) REPRESENTATION_CONTEXT ( 'NONE', 'WORKASPACE' ) );
#1308 = CARTESIAN_POINT ( 'NONE',  ( 2.506045413310248993, 9.900000000000005684, -2.577695462946343330 ) ) ;
#1309 = CARTESIAN_POINT ( 'NONE',  ( 2.506045413310247660, 9.899000000000000909, 1.268458383207504703 ) ) ;
#1310 = CARTESIAN_POINT ( 'NONE',  ( -0.2763968531488329994, 9.900000000000000355, 1.118671269110727895 ) ) ;
#1311 = ORIENTED_EDGE ( 'NONE', *, *, #1668, .T. ) ;
#1312 = ADVANCED_FACE ( 'NONE', ( #297 ), #85, .T. ) ;
#1313 = CARTESIAN_POINT ( 'NONE',  ( 2.679444982629610728, 9.899000000000000909, -0.5677901105592104702 ) ) ;
#1314 = CARTESIAN_POINT ( 'NONE',  ( 1.859969078741678050, 9.900000000000000355, -0.7989789489029690550 ) ) ;
#1315 = B_SPLINE_CURVE_WITH_KNOTS ( 'NONE', 3,
 ( #2076, #1571, #3070, #1347, #593, #1056, #1317, #3081, #855, #1583, #2576, #2360, #2040, #125, #808 ),
 .UNSPECIFIED., .F., .F.,
 ( 4, 1, 1, 1, 1, 1, 1, 1, 1, 1, 1, 1, 4 ),
 ( 0.000000000000000000, 0.05027287497458368670, 0.1027903700748774990, 0.1576131012369288709, 0.2146311133156754147, 0.2740612127265389386, 0.3356974550538850410, 0.4000702787165525409, 0.4668267493853399674, 0.6020780869193702589, 0.7357515335047495331, 0.8682046170340284030, 0.9999999999999998890 ),
 .UNSPECIFIED. ) ;
#1316 = CARTESIAN_POINT ( 'NONE',  ( 0.5619496035440766368, 9.899000000000000909, -0.04210589624360546596 ) ) ;
#1317 = CARTESIAN_POINT ( 'NONE',  ( 2.182870226123698298, 9.900000000000000355, -0.8390598451375177458 ) ) ;
#1318 = FILL_AREA_STYLE ('',( #2055 ) ) ;
#1319 = EDGE_LOOP ( 'NONE', ( #207, #2029, #3144, #373 ) ) ;
#1320 = ORIENTED_EDGE ( 'NONE', *, *, #701, .T. ) ;
#1321 =( NAMED_UNIT ( * ) SI_UNIT ( $, .STERADIAN. ) SOLID_ANGLE_UNIT ( ) );
#1322 = CARTESIAN_POINT ( 'NONE',  ( 3.594000733682871207, 9.899000000000002686, 0.04993671941924254093 ) ) ;
#1323 = ORIENTED_EDGE ( 'NONE', *, *, #164, .F. ) ;
#1324 = EDGE_CURVE ( 'NONE', #2190, #489, #2289, .T. ) ;
#1325 = CARTESIAN_POINT ( 'NONE',  ( -4.424999999999998934, -0.1000000000000000056, 4.000000000000000000 ) ) ;
#1326 = EDGE_CURVE ( 'NONE', #429, #398, #1120, .T. ) ;
#1327 = CARTESIAN_POINT ( 'NONE',  ( 3.254749212862530161, 9.899000000000000909, 1.569018705789986479 ) ) ;
#1328 = FILL_AREA_STYLE ('',( #318 ) ) ;
#1329 = FILL_AREA_STYLE ('',( #2546 ) ) ;
#1330 = DIRECTION ( 'NONE',  ( 0.6128916609699370799, -0.000000000000000000, -0.7901669519244092221 ) ) ;
#1331 = CARTESIAN_POINT ( 'NONE',  ( 5.250000000000000000, 9.900000000000000355, -5.900000000000000355 ) ) ;
#1332 = CARTESIAN_POINT ( 'NONE',  ( -4.424999999999999822, 0.000000000000000000, -4.000000000000000000 ) ) ;
#1333 = SURFACE_SIDE_STYLE ('',( #2548 ) ) ;
#1334 = ORIENTED_EDGE ( 'NONE', *, *, #470, .F. ) ;
#1335 = EDGE_LOOP ( 'NONE', ( #768, #2264, #3175, #90 ) ) ;
#1336 = SURFACE_SIDE_STYLE ('',( #1074 ) ) ;
#1337 = CARTESIAN_POINT ( 'NONE',  ( 3.931341668308921733, 9.900000000000000355, 0.09610725143548277949 ) ) ;
#1338 = DIRECTION ( 'NONE',  ( 0.000000000000000000, 0.000000000000000000, -1.000000000000000000 ) ) ;
#1339 = PRESENTATION_LAYER_ASSIGNMENT (  '', '', ( #2729 ) ) ;
#1340 = DIRECTION ( 'NONE',  ( -0.000000000000000000, 1.000000000000000000, -0.000000000000000000 ) ) ;
#1341 = FILL_AREA_STYLE_COLOUR ( '', #1946 ) ;
#1342 = MECHANICAL_DESIGN_GEOMETRIC_PRESENTATION_REPRESENTATION (  '', ( #1430 ), #1840 ) ;
#1343 = CARTESIAN_POINT ( 'NONE',  ( 0.2832224381897465171, 9.900000000000000355, 1.720008276984740903 ) ) ;
#1344 = CARTESIAN_POINT ( 'NONE',  ( 3.327817636433985538, 9.900000000000000355, -0.3327329553132254425 ) ) ;
#1345 = EDGE_CURVE ( 'NONE', #2758, #2597, #2088, .T. ) ;
#1346 = CARTESIAN_POINT ( 'NONE',  ( 2.274238898752874771, 9.899000000000000909, -0.7832293871474215186 ) ) ;
#1347 = CARTESIAN_POINT ( 'NONE',  ( 1.937897060019538875, 9.900000000000000355, -1.006165211526791836 ) ) ;
#1348 =( GEOMETRIC_REPRESENTATION_CONTEXT ( 3 ) GLOBAL_UNCERTAINTY_ASSIGNED_CONTEXT ( ( #2161 ) ) GLOBAL_UNIT_ASSIGNED_CONTEXT ( ( #20, #1353, #2357 ) ) REPRESENTATION_CONTEXT ( 'NONE', 'WORKASPACE' ) );
#1349 = B_SPLINE_CURVE_WITH_KNOTS ( 'NONE', 3,
 ( #1166, #1152, #436, #2885, #2176, #2668, #449, #925, #703, #2869, #647, #146, #1375, #175, #3122, #2624, #1928, #908, #425, #680, #663, #3135, #3171 ),
 .UNSPECIFIED., .F., .F.,
 ( 4, 1, 1, 1, 1, 1, 1, 1, 1, 1, 1, 1, 1, 1, 1, 1, 1, 1, 1, 1, 4 ),
 ( 0.000000000000000000, 0.03151551312998492060, 0.06480979674365734688, 0.09991169883527552253, 0.1366755286001709035, 0.1751432978746825797, 0.2157650117082457186, 0.2581569125231218398, 0.3022930440652045747, 0.3927408518774002655, 0.4832984694610617527, 0.5744114847371660781, 0.6664774093514971298, 0.7120107481430553165, 0.7563744975915032143, 0.7998154803065208318, 0.8419616993485902201, 0.8828431755911849699, 0.9229180315891946096, 0.9619666184423850686, 1.000000000000000000 ),
 .UNSPECIFIED. ) ;
#1350 = VERTEX_POINT ( 'NONE', #606 ) ;
#1351 = CARTESIAN_POINT ( 'NONE',  ( 3.327817636433985538, 9.899999999999996803, -0.3327329553132254425 ) ) ;
#1352 = LINE ( 'NONE', #2802, #1743 ) ;
#1353 =( NAMED_UNIT ( * ) PLANE_ANGLE_UNIT ( ) SI_UNIT ( $, .RADIAN. ) );
#1354 = UNCERTAINTY_MEASURE_WITH_UNIT (LENGTH_MEASURE( 1.000000000000000082E-05 ), #865, 'distance_accuracy_value', 'NONE');
#1355 = CARTESIAN_POINT ( 'NONE',  ( 3.828472305305705703, 9.899000000000000909, -0.2361615045067191609 ) ) ;
#1356 = B_SPLINE_CURVE_WITH_KNOTS ( 'NONE', 3,
 ( #1304, #789, #101, #1316 ),
 .UNSPECIFIED., .F., .F.,
 ( 4, 4 ),
 ( 0.8181818181818183433, 0.9090909090909092827 ),
 .UNSPECIFIED. ) ;
#1357 = FILL_AREA_STYLE ('',( #2371 ) ) ;
#1358 = LINE ( 'NONE', #629, #702 ) ;
#1359 = CARTESIAN_POINT ( 'NONE',  ( 1.798871322331421663, 9.899000000000000909, -1.119491769415789539 ) ) ;
#1360 = EDGE_LOOP ( 'NONE', ( #75, #343, #2685, #327 ) ) ;
#1361 = ORIENTED_EDGE ( 'NONE', *, *, #3126, .F. ) ;
#1362 = CARTESIAN_POINT ( 'NONE',  ( 1.882342475634342760, 9.900000000000003908, -0.7789237717034394048 ) ) ;
#1363 = FACE_OUTER_BOUND ( 'NONE', #1828, .T. ) ;
#1364 = DIRECTION ( 'NONE',  ( -0.000000000000000000, 1.000000000000000000, -0.000000000000000000 ) ) ;
#1365 = PRESENTATION_STYLE_ASSIGNMENT (( #2591 ) ) ;
#1366 = SURFACE_STYLE_FILL_AREA ( #628 ) ;
#1367 = CARTESIAN_POINT ( 'NONE',  ( -1.044379530314190285, 9.900000000000000355, 1.357630717929626307 ) ) ;
#1368 = CARTESIAN_POINT ( 'NONE',  ( 2.074430326976350880, 9.898999999999997357, -0.6217942615557505714 ) ) ;
#1369 = EDGE_LOOP ( 'NONE', ( #2297, #1103, #2152, #1465 ) ) ;
#1370 = ORIENTED_EDGE ( 'NONE', *, *, #2570, .F. ) ;
#1371 = CARTESIAN_POINT ( 'NONE',  ( 1.927686470879948377, 9.899000000000002686, -0.7382780948780577335 ) ) ;
#1372 = SURFACE_STYLE_USAGE ( .BOTH. , #129 ) ;
#1373 = DIRECTION ( 'NONE',  ( -1.000000000000000000, 0.000000000000000000, 6.973874670985814828E-15 ) ) ;
#1374 = ADVANCED_FACE ( 'NONE', ( #1581 ), #2024, .F. ) ;
#1375 = CARTESIAN_POINT ( 'NONE',  ( 2.698214344442096735, 9.898999999999999133, -2.168063518185379568 ) ) ;
#1376 = CARTESIAN_POINT ( 'NONE',  ( -4.035738100735687617, 9.899000000000000909, -4.250000000000000000 ) ) ;
#1377 = SURFACE_STYLE_USAGE ( .BOTH. , #1123 ) ;
#1378 = CARTESIAN_POINT ( 'NONE',  ( 3.380588384908581823, 9.900000000000000355, -0.3189038249140978554 ) ) ;
#1379 = AXIS2_PLACEMENT_3D ( 'NONE', #529, #2756, #27 ) ;
#1380 = ORIENTED_EDGE ( 'NONE', *, *, #1848, .F. ) ;
#1381 = B_SPLINE_CURVE_WITH_KNOTS ( 'NONE', 3,
 ( #1226, #1979, #2199, #3207 ),
 .UNSPECIFIED., .F., .F.,
 ( 4, 4 ),
 ( 0.1818181818181818232, 0.2727272727272727071 ),
 .UNSPECIFIED. ) ;
#1382 = EDGE_LOOP ( 'NONE', ( #234, #2154, #2635, #437 ) ) ;
#1383 = ORIENTED_EDGE ( 'NONE', *, *, #131, .F. ) ;
#1384 = MECHANICAL_DESIGN_GEOMETRIC_PRESENTATION_REPRESENTATION (  '', ( #2893 ), #1593 ) ;
#1385 =( LENGTH_UNIT ( ) NAMED_UNIT ( * ) SI_UNIT ( .MILLI., .METRE. ) );
#1386 = STYLED_ITEM ( 'NONE', ( #1020 ), #1403 ) ;
#1387 =( GEOMETRIC_REPRESENTATION_CONTEXT ( 3 ) GLOBAL_UNCERTAINTY_ASSIGNED_CONTEXT ( ( #3044 ) ) GLOBAL_UNIT_ASSIGNED_CONTEXT ( ( #3107, #2179, #411 ) ) REPRESENTATION_CONTEXT ( 'NONE', 'WORKASPACE' ) );
#1388 = LINE ( 'NONE', #2146, #1094 ) ;
#1389 = EDGE_CURVE ( 'NONE', #3115, #1262, #649, .T. ) ;
#1390 = CARTESIAN_POINT ( 'NONE',  ( 3.828472305305705703, 9.899000000000000909, -2.159238427583641595 ) ) ;
#1391 = DIRECTION ( 'NONE',  ( -0.000000000000000000, 1.000000000000000000, -0.000000000000000000 ) ) ;
#1392 =( GEOMETRIC_REPRESENTATION_CONTEXT ( 3 ) GLOBAL_UNCERTAINTY_ASSIGNED_CONTEXT ( ( #961 ) ) GLOBAL_UNIT_ASSIGNED_CONTEXT ( ( #1519, #3008, #2001 ) ) REPRESENTATION_CONTEXT ( 'NONE', 'WORKASPACE' ) );
#1393 = SURFACE_SIDE_STYLE ('',( #2849 ) ) ;
#1394 = PRESENTATION_STYLE_ASSIGNMENT (( #430 ) ) ;
#1395 = CARTESIAN_POINT ( 'NONE',  ( -2.535054727164589572, 9.899000000000000909, -0.6680968411254809558 ) ) ;
#1396 = ORIENTED_EDGE ( 'NONE', *, *, #2684, .F. ) ;
#1397 = ORIENTED_EDGE ( 'NONE', *, *, #2684, .T. ) ;
#1398 = EDGE_LOOP ( 'NONE', ( #1041, #2092, #7, #1990 ) ) ;
#1399 = PRESENTATION_LAYER_ASSIGNMENT (  '', '', ( #1808 ) ) ;
#1400 = CARTESIAN_POINT ( 'NONE',  ( 1.859969078741678050, 9.900000000000002132, -0.7989789489029690550 ) ) ;
#1401 = LINE ( 'NONE', #2620, #2788 ) ;
#1402 = EDGE_CURVE ( 'NONE', #1751, #633, #1717, .T. ) ;
#1403 = ADVANCED_FACE ( 'NONE', ( #2964 ), #1480, .T. ) ;
#1404 = PRESENTATION_STYLE_ASSIGNMENT (( #2908 ) ) ;
#1405 = CARTESIAN_POINT ( 'NONE',  ( 0.5668322807094262616, 9.899000000000000909, -0.3954141639601409519 ) ) ;
#1406 = UNCERTAINTY_MEASURE_WITH_UNIT (LENGTH_MEASURE( 1.000000000000000082E-05 ), #2866, 'distance_accuracy_value', 'NONE');
#1407 = FILL_AREA_STYLE_COLOUR ( '', #2163 ) ;
#1408 = ADVANCED_FACE ( 'NONE', ( #33 ), #1284, .F. ) ;
#1409 = VERTEX_POINT ( 'NONE', #3037 ) ;
#1410 = SURFACE_STYLE_FILL_AREA ( #653 ) ;
#1411 = CARTESIAN_POINT ( 'NONE',  ( 3.770155873744588604, 9.898999999999999133, 0.07980489361654462266 ) ) ;
#1412 = VERTEX_POINT ( 'NONE', #596 ) ;
#1413 = CARTESIAN_POINT ( 'NONE',  ( 2.413020837767631654, 9.899000000000000909, 1.523426163342360473 ) ) ;
#1414 = PLANE ( 'NONE',  #1298 ) ;
#1415 = FACE_OUTER_BOUND ( 'NONE', #2255, .T. ) ;
#1416 = FACE_BOUND ( 'NONE', #2724, .T. ) ;
#1417 = DIRECTION ( 'NONE',  ( 0.000000000000000000, 0.000000000000000000, 1.000000000000000000 ) ) ;
#1418 = VERTEX_POINT ( 'NONE', #1116 ) ;
#1419 =( NAMED_UNIT ( * ) PLANE_ANGLE_UNIT ( ) SI_UNIT ( $, .RADIAN. ) );
#1420 = LINE ( 'NONE', #2119, #1652 ) ;
#1421 = FACE_OUTER_BOUND ( 'NONE', #1897, .T. ) ;
#1422 = ORIENTED_EDGE ( 'NONE', *, *, #1834, .T. ) ;
#1423 = CARTESIAN_POINT ( 'NONE',  ( -0.2763968531488329994, 9.899000000000000909, 1.118671269110727895 ) ) ;
#1424 = VECTOR ( 'NONE', #1246, 1000.000000000000000 ) ;
#1425 = ADVANCED_FACE ( 'NONE', ( #1363 ), #2058, .F. ) ;
#1426 = ORIENTED_EDGE ( 'NONE', *, *, #2106, .F. ) ;
#1427 = CARTESIAN_POINT ( 'NONE',  ( 1.927686470879948377, 9.900000000000003908, 1.184798828198865506 ) ) ;
#1428 = MECHANICAL_DESIGN_GEOMETRIC_PRESENTATION_REPRESENTATION (  '', ( #2429 ), #1835 ) ;
#1429 = STYLED_ITEM ( 'NONE', ( #711 ), #642 ) ;
#1430 = STYLED_ITEM ( 'NONE', ( #764 ), #1872 ) ;
#1431 = AXIS2_PLACEMENT_3D ( 'NONE', #1988, #1274, #2751 ) ;
#1432 = LINE ( 'NONE', #206, #2692 ) ;
#1433 = VECTOR ( 'NONE', #3033, 1000.000000000000000 ) ;
#1434 = MECHANICAL_DESIGN_GEOMETRIC_PRESENTATION_REPRESENTATION (  '', ( #1183 ), #1490 ) ;
#1435 = ORIENTED_EDGE ( 'NONE', *, *, #6, .T. ) ;
#1436 = STYLED_ITEM ( 'NONE', ( #1678 ), #2415 ) ;
#1437 = MECHANICAL_DESIGN_GEOMETRIC_PRESENTATION_REPRESENTATION (  '', ( #2991 ), #364 ) ;
#1438 = SURFACE_STYLE_FILL_AREA ( #650 ) ;
#1439 =( LENGTH_UNIT ( ) NAMED_UNIT ( * ) SI_UNIT ( .MILLI., .METRE. ) );
#1440 = ORIENTED_EDGE ( 'NONE', *, *, #2438, .T. ) ;
#1441 = AXIS2_PLACEMENT_3D ( 'NONE', #330, #311, #1338 ) ;
#1442 = CARTESIAN_POINT ( 'NONE',  ( -0.2270531523614435498, 9.899000000000000909, -1.474869675771160793 ) ) ;
#1443 = DIRECTION ( 'NONE',  ( -1.000000000000000000, 0.000000000000000000, 0.000000000000000000 ) ) ;
#1444 = CARTESIAN_POINT ( 'NONE',  ( -1.850788979133095147, 9.899000000000000909, -1.233555896243599737 ) ) ;
#1445 = CARTESIAN_POINT ( 'NONE',  ( 2.698214344442097179, 9.899000000000000909, 1.678090327968466910 ) ) ;
#1446 = EDGE_CURVE ( 'NONE', #1262, #1713, #1574, .T. ) ;
#1447 = LINE ( 'NONE', #1002, #1079 ) ;
#1448 = CARTESIAN_POINT ( 'NONE',  ( -2.059126774408686078, 9.899000000000000909, -0.5386035340388787285 ) ) ;
#1449 = FILL_AREA_STYLE ('',( #3022 ) ) ;
#1450 = B_SPLINE_SURFACE_WITH_KNOTS ( 'NONE', 3, 1, ( 
 ( #1536, #1998 ),
 ( #2059, #3057 ),
 ( #77, #1337 ),
 ( #3038, #287 ),
 ( #2795, #1285 ),
 ( #1806, #2276 ),
 ( #1322, #568 ),
 ( #58, #345 ),
 ( #585, #1562 ),
 ( #329, #2315 ),
 ( #2330, #2082 ),
 ( #1817, #2824 ),
 ( #1502, #2500 ),
 ( #270, #1265 ),
 ( #1754, #1548 ),
 ( #2608, #1879 ),
 ( #172, #646 ),
 ( #2880, #2411 ),
 ( #905, #390 ),
 ( #3146, #142 ),
 ( #1371, #2835 ),
 ( #873, #1362 ),
 ( #919, #1400 ) ),
 .UNSPECIFIED., .F., .F., .F.,
 ( 4, 1, 1, 1, 1, 1, 1, 1, 1, 1, 1, 1, 1, 1, 1, 1, 1, 1, 1, 1, 4 ),
 ( 2, 2 ),
 ( 0.000000000000000000, 0.03151551312998492060, 0.06480979674365734688, 0.09991169883527550866, 0.1366755286001708758, 0.1751432978746825242, 0.2157650117082456909, 0.2581569125231217843, 0.3022930440652045192, 0.3927408518774002100, 0.4832984694610616416, 0.5744114847371659671, 0.6664774093514971298, 0.7120107481430552054, 0.7563744975915031032, 0.7998154803065208318, 0.8419616993485902201, 0.8828431755911849699, 0.9229180315891946096, 0.9619666184423850686, 1.000000000000000000 ),
 ( 0.000000000000000000, 1.000000000000000000 ),
 .UNSPECIFIED. ) ;
#1451 = COLOUR_RGB ( '',1.000000000000000000, 1.000000000000000000, 1.000000000000000000 ) ;
#1452 = CARTESIAN_POINT ( 'NONE',  ( 1.866044462534064419, 9.899000000000000909, -2.985127534560964246 ) ) ;
#1453 = ORIENTED_EDGE ( 'NONE', *, *, #128, .F. ) ;
#1454 =( NAMED_UNIT ( * ) SI_UNIT ( $, .STERADIAN. ) SOLID_ANGLE_UNIT ( ) );
#1455 = CARTESIAN_POINT ( 'NONE',  ( 3.500122088917338115, 9.899000000000000909, -1.893060211733570863 ) ) ;
#1456 = CARTESIAN_POINT ( 'NONE',  ( -1.044379530314190285, 9.899000000000000909, 1.357630717929626307 ) ) ;
#1457 = CARTESIAN_POINT ( 'NONE',  ( 2.698214344442096735, 9.899999999999998579, -2.168063518185379568 ) ) ;
#1458 = ORIENTED_EDGE ( 'NONE', *, *, #164, .T. ) ;
#1459 = CARTESIAN_POINT ( 'NONE',  ( 0.8783127925204509134, 9.899000000000000909, -0.7537381797081712520 ) ) ;
#1460 = CARTESIAN_POINT ( 'NONE',  ( 3.982518742424586922, 9.900000000000002132, 2.020765102634977772 ) ) ;
#1461 = CARTESIAN_POINT ( 'NONE',  ( 1.882342475634342760, 9.900000000000003908, 1.144153151373483945 ) ) ;
#1462 =( NAMED_UNIT ( * ) PLANE_ANGLE_UNIT ( ) SI_UNIT ( $, .RADIAN. ) );
#1463 = CARTESIAN_POINT ( 'NONE',  ( 4.007404976177575406, 9.900000000000002132, 2.021533871609851651 ) ) ;
#1464 = ADVANCED_FACE ( 'NONE', ( #1560 ), #1093, .T. ) ;
#1465 = ORIENTED_EDGE ( 'NONE', *, *, #1933, .T. ) ;
#1466 = ADVANCED_FACE ( 'NONE', ( #2314 ), #1587, .F. ) ;
#1467 = CARTESIAN_POINT ( 'NONE',  ( 3.254749212862530161, 9.899999999999996803, -0.3540582172869367050 ) ) ;
#1468 = CARTESIAN_POINT ( 'NONE',  ( 1.539456258228857344, 9.900000000000000355, -3.042568692492712223 ) ) ;
#1469 = B_SPLINE_SURFACE_WITH_KNOTS ( 'NONE', 3, 1, ( 
 ( #1771, #463 ),
 ( #2740, #1007 ),
 ( #1452, #2253 ),
 ( #496, #219 ),
 ( #517, #1501 ),
 ( #34, #1213 ),
 ( #2468, #233 ),
 ( #2776, #1535 ),
 ( #2533, #545 ),
 ( #307, #1308 ),
 ( #240, #1506 ),
 ( #1237, #2505 ),
 ( #2781, #2010 ),
 ( #536, #522 ),
 ( #273, #1542 ) ),
 .UNSPECIFIED., .F., .F., .F.,
 ( 4, 1, 1, 1, 1, 1, 1, 1, 1, 1, 1, 1, 4 ),
 ( 2, 2 ),
 ( 0.000000000000000000, 0.05027287497458354099, 0.1027903700748775129, 0.1576131012369288154, 0.2146311133156753592, 0.2740612127265389941, 0.3356974550538850410, 0.4000702787165525964, 0.4668267493853400230, 0.6020780869193704810, 0.7357515335047496441, 0.8682046170340285141, 1.000000000000000000 ),
 ( 0.000000000000000000, 1.000000000000000000 ),
 .UNSPECIFIED. ) ;
#1470 = CARTESIAN_POINT ( 'NONE',  ( 2.322505442568229661, 9.900000000000000355, -0.4535204510331359851 ) ) ;
#1471 = CARTESIAN_POINT ( 'NONE',  ( 2.537592257453080702, 9.899000000000004462, -2.251023697358974118 ) ) ;
#1472 = LINE ( 'NONE', #1206, #1134 ) ;
#1473 = DIRECTION ( 'NONE',  ( -2.137263013400600006E-12, -1.000000000000000000, 2.591317742194439621E-12 ) ) ;
#1474 = EDGE_LOOP ( 'NONE', ( #563, #856, #1600, #418 ) ) ;
#1475 = SURFACE_STYLE_USAGE ( .BOTH. , #2943 ) ;
#1476 =( LENGTH_UNIT ( ) NAMED_UNIT ( * ) SI_UNIT ( .MILLI., .METRE. ) );
#1477 = DIRECTION ( 'NONE',  ( -0.000000000000000000, 1.000000000000000000, -0.000000000000000000 ) ) ;
#1478 = CARTESIAN_POINT ( 'NONE',  ( 2.895953799279411545, 9.900000000000002132, 1.765821547025343774 ) ) ;
#1479 = VECTOR ( 'NONE', #1799, 1000.000000000000000 ) ;
#1480 = PLANE ( 'NONE',  #3198 ) ;
#1481 =( LENGTH_UNIT ( ) NAMED_UNIT ( * ) SI_UNIT ( .MILLI., .METRE. ) );
#1482 = PRESENTATION_LAYER_ASSIGNMENT (  '', '', ( #51 ) ) ;
#1483 = PRESENTATION_LAYER_ASSIGNMENT (  '', '', ( #924 ) ) ;
#1484 = ORIENTED_EDGE ( 'NONE', *, *, #2438, .F. ) ;
#1485 = STYLED_ITEM ( 'NONE', ( #1394 ), #2272 ) ;
#1486 = MECHANICAL_DESIGN_GEOMETRIC_PRESENTATION_REPRESENTATION (  '', ( #1943 ), #1899 ) ;
#1487 =( NAMED_UNIT ( * ) PLANE_ANGLE_UNIT ( ) SI_UNIT ( $, .RADIAN. ) );
#1488 = DIRECTION ( 'NONE',  ( -1.000000000000000000, -0.000000000000000000, -0.000000000000000000 ) ) ;
#1489 = MECHANICAL_DESIGN_GEOMETRIC_PRESENTATION_REPRESENTATION (  '', ( #108 ), #2223 ) ;
#1490 =( GEOMETRIC_REPRESENTATION_CONTEXT ( 3 ) GLOBAL_UNCERTAINTY_ASSIGNED_CONTEXT ( ( #2847 ) ) GLOBAL_UNIT_ASSIGNED_CONTEXT ( ( #2994, #2265, #1068 ) ) REPRESENTATION_CONTEXT ( 'NONE', 'WORKASPACE' ) );
#1491 = LINE ( 'NONE', #2986, #2230 ) ;
#1492 = FILL_AREA_STYLE ('',( #1253 ) ) ;
#1493 =( LENGTH_UNIT ( ) NAMED_UNIT ( * ) SI_UNIT ( .MILLI., .METRE. ) );
#1494 = CARTESIAN_POINT ( 'NONE',  ( 2.892817914572809013, 9.900000000000000355, -2.400203750371958655 ) ) ;
#1495 = ORIENTED_EDGE ( 'NONE', *, *, #392, .F. ) ;
#1496 = PLANE ( 'NONE',  #409 ) ;
#1497 = LINE ( 'NONE', #2979, #499 ) ;
#1498 = CARTESIAN_POINT ( 'NONE',  ( 5.249999999999997335, 9.900000000000000355, 5.900000000000000355 ) ) ;
#1499 = ORIENTED_EDGE ( 'NONE', *, *, #524, .T. ) ;
#1500 = CARTESIAN_POINT ( 'NONE',  ( -1.901340553936240241, 9.899000000000000909, -0.8863279434876945029 ) ) ;
#1501 = CARTESIAN_POINT ( 'NONE',  ( 2.014400266732863543, 9.900000000000005684, -2.873074003725528236 ) ) ;
#1502 = CARTESIAN_POINT ( 'NONE',  ( 2.698214344442097179, 9.899000000000000909, -0.2449865951084562732 ) ) ;
#1503 = ORIENTED_EDGE ( 'NONE', *, *, #1169, .T. ) ;
#1504 = CARTESIAN_POINT ( 'NONE',  ( 4.424999999999998934, 0.000000000000000000, -4.000000000000000888 ) ) ;
#1505 = EDGE_CURVE ( 'NONE', #2597, #2853, #2610, .T. ) ;
#1506 = CARTESIAN_POINT ( 'NONE',  ( 2.679444982629611172, 9.900000000000002132, -2.490867033636133154 ) ) ;
#1507 = CARTESIAN_POINT ( 'NONE',  ( 1.927686470879948377, 9.900000000000000355, -2.661355017954980084 ) ) ;
#1508 =( NAMED_UNIT ( * ) SI_UNIT ( $, .STERADIAN. ) SOLID_ANGLE_UNIT ( ) );
#1509 = FILL_AREA_STYLE ('',( #2990 ) ) ;
#1510 = EDGE_CURVE ( 'NONE', #1877, #2362, #679, .T. ) ;
#1511 = CARTESIAN_POINT ( 'NONE',  ( 1.798871322331421663, 9.900000000000000355, -3.042568692492712223 ) ) ;
#1512 = ORIENTED_EDGE ( 'NONE', *, *, #1635, .T. ) ;
#1513 = FACE_OUTER_BOUND ( 'NONE', #2443, .T. ) ;
#1514 =( NAMED_UNIT ( * ) PLANE_ANGLE_UNIT ( ) SI_UNIT ( $, .RADIAN. ) );
#1515 = LINE ( 'NONE', #1069, #1641 ) ;
#1516 = CARTESIAN_POINT ( 'NONE',  ( 2.236200404777783479, 9.899000000000000909, 1.413956960204537872 ) ) ;
#1517 = ORIENTED_EDGE ( 'NONE', *, *, #704, .T. ) ;
#1518 =( LENGTH_UNIT ( ) NAMED_UNIT ( * ) SI_UNIT ( .MILLI., .METRE. ) );
#1519 =( LENGTH_UNIT ( ) NAMED_UNIT ( * ) SI_UNIT ( .MILLI., .METRE. ) );
#1520 = VERTEX_POINT ( 'NONE', #174 ) ;
#1521 = ADVANCED_FACE ( 'NONE', ( #1664 ), #958, .F. ) ;
#1522 = SURFACE_STYLE_FILL_AREA ( #741 ) ;
#1523 = LINE ( 'NONE', #2713, #419 ) ;
#1524 = CARTESIAN_POINT ( 'NONE',  ( 3.770155873744589048, 9.898999999999999133, -1.843272029460378381 ) ) ;
#1525 = CARTESIAN_POINT ( 'NONE',  ( 3.594000733682870763, 9.899999999999998579, -1.873140203657680525 ) ) ;
#1526 = CARTESIAN_POINT ( 'NONE',  ( 3.108247731221343901, 9.899999999999998579, -2.319892084100026342 ) ) ;
#1527 = CARTESIAN_POINT ( 'NONE',  ( -0.8208460657472710365, 9.899000000000000909, -0.8950850301018700161 ) ) ;
#1528 = CARTESIAN_POINT ( 'NONE',  ( 3.931341668308921733, 9.899999999999998579, 2.019184174512406393 ) ) ;
#1529 = DIRECTION ( 'NONE',  ( 0.000000000000000000, 0.000000000000000000, -1.000000000000000000 ) ) ;
#1530 = LINE ( 'NONE', #560, #561 ) ;
#1531 = PRESENTATION_STYLE_ASSIGNMENT (( #2077 ) ) ;
#1532 = ORIENTED_EDGE ( 'NONE', *, *, #2603, .T. ) ;
#1533 = EDGE_CURVE ( 'NONE', #2577, #1243, #3134, .T. ) ;
#1534 = B_SPLINE_CURVE_WITH_KNOTS ( 'NONE', 3,
 ( #2038, #1460, #1528, #228, #2755, #48, #26, #2978, #3206, #541, #1037, #2019, #2293, #515, #1303, #1224, #3019, #1015, #2212, #749, #989, #1729, #2526 ),
 .UNSPECIFIED., .F., .F.,
 ( 4, 1, 1, 1, 1, 1, 1, 1, 1, 1, 1, 1, 1, 1, 1, 1, 1, 1, 1, 1, 4 ),
 ( 0.000000000000000000, 0.03151551312998492060, 0.06480979674365734688, 0.09991169883527552253, 0.1366755286001709035, 0.1751432978746825797, 0.2157650117082457186, 0.2581569125231218398, 0.3022930440652045747, 0.3927408518774002655, 0.4832984694610617527, 0.5744114847371660781, 0.6664774093514972408, 0.7120107481430553165, 0.7563744975915032143, 0.7998154803065209428, 0.8419616993485902201, 0.8828431755911849699, 0.9229180315891946096, 0.9619666184423850686, 1.000000000000000000 ),
 .UNSPECIFIED. ) ;
#1535 = CARTESIAN_POINT ( 'NONE',  ( 2.274238898752875215, 9.900000000000003908, -2.706306310224344980 ) ) ;
#1536 = CARTESIAN_POINT ( 'NONE',  ( 4.007404976177575406, 9.899000000000000909, 0.09845694853292843995 ) ) ;
#1537 =( LENGTH_UNIT ( ) NAMED_UNIT ( * ) SI_UNIT ( .MILLI., .METRE. ) );
#1538 = EDGE_LOOP ( 'NONE', ( #1912, #2056, #2023, #2435 ) ) ;
#1539 = CARTESIAN_POINT ( 'NONE',  ( 2.506045413310247660, 9.899999999999996803, -0.6546185398694185364 ) ) ;
#1540 = VECTOR ( 'NONE', #840, 1000.000000000000000 ) ;
#1541 = VECTOR ( 'NONE', #985, 1000.000000000000000 ) ;
#1542 = CARTESIAN_POINT ( 'NONE',  ( 3.327817636433985538, 9.900000000000002132, -2.255809878390148349 ) ) ;
#1543 =( LENGTH_UNIT ( ) NAMED_UNIT ( * ) SI_UNIT ( .MILLI., .METRE. ) );
#1544 = CARTESIAN_POINT ( 'NONE',  ( 2.096266520123800881, 9.899999999999998579, 1.028581481956688082 ) ) ;
#1545 = UNCERTAINTY_MEASURE_WITH_UNIT (LENGTH_MEASURE( 1.000000000000000082E-05 ), #2703, 'distance_accuracy_value', 'NONE');
#1546 = AXIS2_PLACEMENT_3D ( 'NONE', #3087, #2033, #552 ) ;
#1547 = VECTOR ( 'NONE', #13, 1000.000000000000000 ) ;
#1548 = CARTESIAN_POINT ( 'NONE',  ( 2.413020837767631654, 9.900000000000002132, -0.3996507597345627660 ) ) ;
#1549 = SURFACE_SIDE_STYLE ('',( #821 ) ) ;
#1550 = VECTOR ( 'NONE', #1667, 1000.000000000000000 ) ;
#1551 = CARTESIAN_POINT ( 'NONE',  ( 3.327817636433985538, 9.899000000000000909, -2.255809878390148349 ) ) ;
#1552 = FACE_OUTER_BOUND ( 'NONE', #432, .T. ) ;
#1553 = FILL_AREA_STYLE ('',( #3021 ) ) ;
#1554 = FACE_OUTER_BOUND ( 'NONE', #2125, .T. ) ;
#1555 = ORIENTED_EDGE ( 'NONE', *, *, #333, .F. ) ;
#1556 = PRESENTATION_LAYER_ASSIGNMENT (  '', '', ( #1042 ) ) ;
#1557 = EDGE_CURVE ( 'NONE', #2080, #1772, #1685, .T. ) ;
#1558 = ORIENTED_EDGE ( 'NONE', *, *, #1297, .F. ) ;
#1559 = EDGE_CURVE ( 'NONE', #657, #1113, #388, .T. ) ;
#1560 = FACE_OUTER_BOUND ( 'NONE', #903, .T. ) ;
#1561 = MECHANICAL_DESIGN_GEOMETRIC_PRESENTATION_REPRESENTATION (  '', ( #3066 ), #1392 ) ;
#1562 = CARTESIAN_POINT ( 'NONE',  ( 3.402538664877622576, 9.899999999999998579, 0.006226037856934851442 ) ) ;
#1563 = SURFACE_STYLE_FILL_AREA ( #533 ) ;
#1564 = ORIENTED_EDGE ( 'NONE', *, *, #100, .F. ) ;
#1565 = COLOUR_RGB ( '',0.1921568627450980227, 0.2039215686274509776, 0.2039215686274509776 ) ;
#1566 = CARTESIAN_POINT ( 'NONE',  ( 1.859969078741678050, 9.899000000000000909, -2.722055871979891961 ) ) ;
#1567 = SURFACE_STYLE_USAGE ( .BOTH. , #2782 ) ;
#1568 = CARTESIAN_POINT ( 'NONE',  ( 4.007404976177575406, 9.899000000000000909, 1.701021051097031167 ) ) ;
#1569 =( NAMED_UNIT ( * ) PLANE_ANGLE_UNIT ( ) SI_UNIT ( $, .RADIAN. ) );
#1570 = LINE ( 'NONE', #2771, #2381 ) ;
#1571 = CARTESIAN_POINT ( 'NONE',  ( 1.820934012025256399, 9.900000000000002132, -1.100625501748689450 ) ) ;
#1572 = ORIENTED_EDGE ( 'NONE', *, *, #2864, .F. ) ;
#1573 = VERTEX_POINT ( 'NONE', #447 ) ;
#1574 = LINE ( 'NONE', #328, #3006 ) ;
#1575 = CARTESIAN_POINT ( 'NONE',  ( 3.254749212862530161, 9.899000000000000909, 1.569018705789986479 ) ) ;
#1576 = LINE ( 'NONE', #1376, #3061 ) ;
#1577 =( NAMED_UNIT ( * ) SI_UNIT ( $, .STERADIAN. ) SOLID_ANGLE_UNIT ( ) );
#1578 = UNCERTAINTY_MEASURE_WITH_UNIT (LENGTH_MEASURE( 1.000000000000000082E-05 ), #1146, 'distance_accuracy_value', 'NONE');
#1579 =( NAMED_UNIT ( * ) PLANE_ANGLE_UNIT ( ) SI_UNIT ( $, .RADIAN. ) );
#1580 = PRODUCT_DEFINITION ( 'UNKNOWN', '', #1856, #502 ) ;
#1581 = FACE_OUTER_BOUND ( 'NONE', #1398, .T. ) ;
#1582 = LINE ( 'NONE', #1331, #2987 ) ;
#1583 = CARTESIAN_POINT ( 'NONE',  ( 2.506045413310247660, 9.900000000000000355, -0.6546185398694185364 ) ) ;
#1584 = SURFACE_SIDE_STYLE ('',( #2350 ) ) ;
#1585 = B_SPLINE_CURVE_WITH_KNOTS ( 'NONE', 3,
 ( #1511, #510, #1067, #2785, #554, #2559, #787, #338, #2752, #1764, #539, #1494, #1526, #2492, #2524 ),
 .UNSPECIFIED., .F., .F.,
 ( 4, 1, 1, 1, 1, 1, 1, 1, 1, 1, 1, 1, 4 ),
 ( 0.000000000000000000, 0.05027287497458354099, 0.1027903700748775129, 0.1576131012369288154, 0.2146311133156753592, 0.2740612127265389941, 0.3356974550538850410, 0.4000702787165525964, 0.4668267493853400230, 0.6020780869193704810, 0.7357515335047496441, 0.8682046170340285141, 1.000000000000000000 ),
 .UNSPECIFIED. ) ;
#1586 = ORIENTED_EDGE ( 'NONE', *, *, #2922, .T. ) ;
#1587 = PLANE ( 'NONE',  #705 ) ;
#1588 = CARTESIAN_POINT ( 'NONE',  ( -1.637737404329943081, 9.900000000000000355, 0.5654649698981365491 ) ) ;
#1589 = CARTESIAN_POINT ( 'NONE',  ( 2.182870226123698298, 9.899000000000000909, 1.084017077939406049 ) ) ;
#1590 = CARTESIAN_POINT ( 'NONE',  ( 1.045314170473210513, 9.899000000000000909, -0.07946810096801441847 ) ) ;
#1591 = PLANE ( 'NONE',  #2118 ) ;
#1592 = MECHANICAL_DESIGN_GEOMETRIC_PRESENTATION_REPRESENTATION (  '', ( #3055 ), #874 ) ;
#1593 =( GEOMETRIC_REPRESENTATION_CONTEXT ( 3 ) GLOBAL_UNCERTAINTY_ASSIGNED_CONTEXT ( ( #604 ) ) GLOBAL_UNIT_ASSIGNED_CONTEXT ( ( #845, #546, #3073 ) ) REPRESENTATION_CONTEXT ( 'NONE', 'WORKASPACE' ) );
#1594 = SURFACE_SIDE_STYLE ('',( #2345 ) ) ;
#1595 = CARTESIAN_POINT ( 'NONE',  ( 2.679444982629611172, 9.899000000000000909, -2.490867033636133154 ) ) ;
#1596 = LINE ( 'NONE', #2104, #1889 ) ;
#1597 = CARTESIAN_POINT ( 'NONE',  ( 3.828472305305705703, 9.899000000000000909, -0.2361615045067191609 ) ) ;
#1598 =( GEOMETRIC_REPRESENTATION_CONTEXT ( 3 ) GLOBAL_UNCERTAINTY_ASSIGNED_CONTEXT ( ( #350 ) ) GLOBAL_UNIT_ASSIGNED_CONTEXT ( ( #2052, #2089, #838 ) ) REPRESENTATION_CONTEXT ( 'NONE', 'WORKASPACE' ) );
#1599 = VECTOR ( 'NONE', #837, 1000.000000000000000 ) ;
#1600 = ORIENTED_EDGE ( 'NONE', *, *, #2136, .T. ) ;
#1601 = ORIENTED_EDGE ( 'NONE', *, *, #1533, .T. ) ;
#1602 = MECHANICAL_DESIGN_GEOMETRIC_PRESENTATION_REPRESENTATION (  '', ( #1436 ), #413 ) ;
#1603 = SURFACE_STYLE_USAGE ( .BOTH. , #2855 ) ;
#1604 =( NAMED_UNIT ( * ) SI_UNIT ( $, .STERADIAN. ) SOLID_ANGLE_UNIT ( ) );
#1605 = AXIS2_PLACEMENT_3D ( 'NONE', #2402, #2147, #2870 ) ;
#1606 = VECTOR ( 'NONE', #1676, 1000.000000000000000 ) ;
#1607 = SURFACE_STYLE_USAGE ( .BOTH. , #2046 ) ;
#1608 = FACE_OUTER_BOUND ( 'NONE', #1382, .T. ) ;
#1609 = UNCERTAINTY_MEASURE_WITH_UNIT (LENGTH_MEASURE( 1.000000000000000082E-05 ), #1814, 'distance_accuracy_value', 'NONE');
#1610 = PRESENTATION_STYLE_ASSIGNMENT (( #98 ) ) ;
#1611 = ADVANCED_FACE ( 'NONE', ( #1416, #943, #1915, #2918, #688, #1633 ), #2621, .T. ) ;
#1612 = SURFACE_SIDE_STYLE ('',( #1366 ) ) ;
#1613 = CARTESIAN_POINT ( 'NONE',  ( 2.506045413310247660, 9.899000000000000909, -0.6546185398694185364 ) ) ;
#1614 = CARTESIAN_POINT ( 'NONE',  ( 3.931341668308921733, 9.898999999999999133, 0.09610725143548277949 ) ) ;
#1615 = ORIENTED_EDGE ( 'NONE', *, *, #2355, .F. ) ;
#1616 = EDGE_CURVE ( 'NONE', #1847, #1683, #217, .T. ) ;
#1617 = EDGE_LOOP ( 'NONE', ( #2327, #1983, #644, #888 ) ) ;
#1618 = B_SPLINE_CURVE_WITH_KNOTS ( 'NONE', 3,
 ( #2165, #198, #1614, #2124, #1411, #937, #2105, #2605, #3128, #179, #2374, #899, #2663, #3091, #2632, #1874, #2876, #869, #1368, #2896, #1643, #138, #417 ),
 .UNSPECIFIED., .F., .F.,
 ( 4, 1, 1, 1, 1, 1, 1, 1, 1, 1, 1, 1, 1, 1, 1, 1, 1, 1, 1, 1, 4 ),
 ( 0.000000000000000000, 0.03151551312998492060, 0.06480979674365734688, 0.09991169883527550866, 0.1366755286001708758, 0.1751432978746825242, 0.2157650117082456909, 0.2581569125231217843, 0.3022930440652045192, 0.3927408518774002100, 0.4832984694610616416, 0.5744114847371659671, 0.6664774093514971298, 0.7120107481430552054, 0.7563744975915031032, 0.7998154803065208318, 0.8419616993485902201, 0.8828431755911849699, 0.9229180315891946096, 0.9619666184423850686, 1.000000000000000000 ),
 .UNSPECIFIED. ) ;
#1619 = CARTESIAN_POINT ( 'NONE',  ( -1.050408664172459927, 9.899000000000000909, 0.8041224502130936980 ) ) ;
#1620 = SURFACE_SIDE_STYLE ('',( #1927 ) ) ;
#1621 = PRESENTATION_STYLE_ASSIGNMENT (( #2838 ) ) ;
#1622 =( LENGTH_UNIT ( ) NAMED_UNIT ( * ) SI_UNIT ( .MILLI., .METRE. ) );
#1623 = ADVANCED_FACE ( 'NONE', ( #2268 ), #1017, .T. ) ;
#1624 = CARTESIAN_POINT ( 'NONE',  ( 1.798871322331421663, 9.900000000000000355, 0.8035851536611338108 ) ) ;
#1625 = LINE ( 'NONE', #1638, #3005 ) ;
#1626 = CARTESIAN_POINT ( 'NONE',  ( 3.327817636433985538, 9.899000000000000909, -0.3327329553132254425 ) ) ;
#1627 = DIRECTION ( 'NONE',  ( -0.000000000000000000, -0.000000000000000000, -1.000000000000000000 ) ) ;
#1628 = CARTESIAN_POINT ( 'NONE',  ( 1.539456258228857344, 9.899000000000000909, -1.119491769415789539 ) ) ;
#1629 = ORIENTED_EDGE ( 'NONE', *, *, #1446, .T. ) ;
#1630 = ORIENTED_EDGE ( 'NONE', *, *, #1904, .T. ) ;
#1631 =( LENGTH_UNIT ( ) NAMED_UNIT ( * ) SI_UNIT ( .MILLI., .METRE. ) );
#1632 = DIRECTION ( 'NONE',  ( -1.000000000000000000, 0.000000000000000000, 0.000000000000000000 ) ) ;
#1633 = FACE_BOUND ( 'NONE', #674, .T. ) ;
#1634 = B_SPLINE_SURFACE_WITH_KNOTS ( 'NONE', 3, 1, ( 
 ( #1395, #224 ),
 ( #1987, #259 ),
 ( #2715, #2989 ),
 ( #1456, #4 ) ),
 .UNSPECIFIED., .F., .F., .F.,
 ( 4, 4 ),
 ( 2, 2 ),
 ( 0.1818181818181818232, 0.2727272727272727071 ),
 ( 0.000000000000000000, 1.000000000000000000 ),
 .UNSPECIFIED. ) ;
#1635 = EDGE_CURVE ( 'NONE', #2894, #657, #1381, .T. ) ;
#1636 = B_SPLINE_SURFACE_WITH_KNOTS ( 'NONE', 3, 1, ( 
 ( #2205, #2712 ),
 ( #1203, #2180 ),
 ( #2428, #2675 ),
 ( #1188, #2192 ) ),
 .UNSPECIFIED., .F., .F., .F.,
 ( 4, 4 ),
 ( 2, 2 ),
 ( 0.2727272727272727071, 0.3636363636363636465 ),
 ( 0.000000000000000000, 1.000000000000000000 ),
 .UNSPECIFIED. ) ;
#1637 = PRESENTATION_STYLE_ASSIGNMENT (( #1202 ) ) ;
#1638 = CARTESIAN_POINT ( 'NONE',  ( 3.327817636433985538, 9.899000000000000909, -0.3327329553132254425 ) ) ;
#1639 = UNCERTAINTY_MEASURE_WITH_UNIT (LENGTH_MEASURE( 1.000000000000000082E-05 ), #1518, 'distance_accuracy_value', 'NONE');
#1640 = SURFACE_SIDE_STYLE ('',( #2900 ) ) ;
#1641 = VECTOR ( 'NONE', #2512, 1000.000000000000000 ) ;
#1642 =( NAMED_UNIT ( * ) PLANE_ANGLE_UNIT ( ) SI_UNIT ( $, .RADIAN. ) );
#1643 = CARTESIAN_POINT ( 'NONE',  ( 1.927686470879948377, 9.899000000000002686, -0.7382780948780577335 ) ) ;
#1644 = VERTEX_POINT ( 'NONE', #1003 ) ;
#1645 = PRESENTATION_LAYER_ASSIGNMENT (  '', '', ( #1430 ) ) ;
#1646 = ORIENTED_EDGE ( 'NONE', *, *, #2189, .T. ) ;
#1647 = VERTEX_POINT ( 'NONE', #1703 ) ;
#1648 = SURFACE_STYLE_USAGE ( .BOTH. , #1114 ) ;
#1649 = MECHANICAL_DESIGN_GEOMETRIC_PRESENTATION_REPRESENTATION (  '', ( #824 ), #761 ) ;
#1650 = PRESENTATION_STYLE_ASSIGNMENT (( #262 ) ) ;
#1651 = EDGE_CURVE ( 'NONE', #2549, #2164, #266, .T. ) ;
#1652 = VECTOR ( 'NONE', #3155, 1000.000000000000000 ) ;
#1653 = EDGE_CURVE ( 'NONE', #2127, #583, #2996, .T. ) ;
#1654 = VECTOR ( 'NONE', #111, 1000.000000000000000 ) ;
#1655 = SURFACE_STYLE_USAGE ( .BOTH. , #949 ) ;
#1656 = AXIS2_PLACEMENT_3D ( 'NONE', #2929, #2693, #2380 ) ;
#1657 = CARTESIAN_POINT ( 'NONE',  ( 4.007404976177575406, 9.900000000000000355, -2.145132795056815311 ) ) ;
#1658 = SURFACE_STYLE_FILL_AREA ( #673 ) ;
#1659 = VERTEX_POINT ( 'NONE', #1039 ) ;
#1660 = ORIENTED_EDGE ( 'NONE', *, *, #2765, .T. ) ;
#1661 = VERTEX_POINT ( 'NONE', #1750 ) ;
#1662 = DIRECTION ( 'NONE',  ( 0.000000000000000000, 0.000000000000000000, 1.000000000000000000 ) ) ;
#1663 = CARTESIAN_POINT ( 'NONE',  ( -1.044379530314190285, 9.900000000000000355, 1.357630717929626307 ) ) ;
#1664 = FACE_OUTER_BOUND ( 'NONE', #2392, .T. ) ;
#1665 = SURFACE_STYLE_USAGE ( .BOTH. , #186 ) ;
#1666 = PLANE ( 'NONE',  #1605 ) ;
#1667 = DIRECTION ( 'NONE',  ( 0.000000000000000000, 0.000000000000000000, 1.000000000000000000 ) ) ;
#1668 = EDGE_CURVE ( 'NONE', #939, #2894, #1870, .T. ) ;
#1669 = ORIENTED_EDGE ( 'NONE', *, *, #1737, .T. ) ;
#1670 = CARTESIAN_POINT ( 'NONE',  ( 4.007404976177575406, 9.899000000000000909, -0.2220558719798921277 ) ) ;
#1671 = DIRECTION ( 'NONE',  ( -1.000000000000000000, 0.000000000000000000, -0.000000000000000000 ) ) ;
#1672 = CARTESIAN_POINT ( 'NONE',  ( -1.520317719290578129, 9.900000000000000355, -1.298110620653053937 ) ) ;
#1673 = CARTESIAN_POINT ( 'NONE',  ( 4.007404976177575406, 9.899000000000000909, 2.021533871609851651 ) ) ;
#1674 = PLANE ( 'NONE',  #2687 ) ;
#1675 = CARTESIAN_POINT ( 'NONE',  ( 1.882342475634342760, 9.899000000000002686, 1.144153151373483945 ) ) ;
#1676 = DIRECTION ( 'NONE',  ( -0.000000000000000000, 1.000000000000000000, -0.000000000000000000 ) ) ;
#1677 = ORIENTED_EDGE ( 'NONE', *, *, #2341, .F. ) ;
#1678 = PRESENTATION_STYLE_ASSIGNMENT (( #1655 ) ) ;
#1679 = EDGE_CURVE ( 'NONE', #3115, #1412, #282, .T. ) ;
#1680 = ORIENTED_EDGE ( 'NONE', *, *, #599, .F. ) ;
#1681 = CARTESIAN_POINT ( 'NONE',  ( -1.131438585432311239, 9.900000000000000355, -1.210478337188482190 ) ) ;
#1682 = MECHANICAL_DESIGN_GEOMETRIC_PRESENTATION_REPRESENTATION (  '', ( #755 ), #551 ) ;
#1683 = VERTEX_POINT ( 'NONE', #1359 ) ;
#1684 = FILL_AREA_STYLE_COLOUR ( '', #3158 ) ;
#1685 = B_SPLINE_CURVE_WITH_KNOTS ( 'NONE', 3,
 ( #184, #3180, #1881, #1176 ),
 .UNSPECIFIED., .F., .F.,
 ( 4, 4 ),
 ( 0.3636363636363636465, 0.4545454545454545858 ),
 .UNSPECIFIED. ) ;
#1686 = CARTESIAN_POINT ( 'NONE',  ( 4.007404976177575406, 9.899000000000000909, -0.2220558719798921277 ) ) ;
#1687 = CARTESIAN_POINT ( 'NONE',  ( -2.453308270471680874, 9.899000000000000909, -0.9522492033302085712 ) ) ;
#1688 = PRESENTATION_LAYER_ASSIGNMENT (  '', '', ( #1429 ) ) ;
#1689 =( LENGTH_UNIT ( ) NAMED_UNIT ( * ) SI_UNIT ( .MILLI., .METRE. ) );
#1690 = COLOUR_RGB ( '',0.7921568627450980005, 0.8196078431372548767, 0.9333333333333333481 ) ;
#1691 = COLOUR_RGB ( '',1.000000000000000000, 1.000000000000000000, 1.000000000000000000 ) ;
#1692 = ORIENTED_EDGE ( 'NONE', *, *, #1862, .T. ) ;
#1693 = AXIS2_PLACEMENT_3D ( 'NONE', #1708, #2932, #2203 ) ;
#1694 = MECHANICAL_DESIGN_GEOMETRIC_PRESENTATION_REPRESENTATION (  '', ( #2676 ), #1131 ) ;
#1695 =( LENGTH_UNIT ( ) NAMED_UNIT ( * ) SI_UNIT ( .MILLI., .METRE. ) );
#1696 = SURFACE_SIDE_STYLE ('',( #710 ) ) ;
#1697 = ORIENTED_EDGE ( 'NONE', *, *, #495, .F. ) ;
#1698 = CARTESIAN_POINT ( 'NONE',  ( 2.153524624830120082, 9.900000000000000355, -2.488272054144780476 ) ) ;
#1699 = CARTESIAN_POINT ( 'NONE',  ( 2.895953799279411545, 9.899000000000000909, 1.765821547025343774 ) ) ;
#1700 = CARTESIAN_POINT ( 'NONE',  ( 5.249999999999997335, 0.000000000000000000, 5.900000000000000355 ) ) ;
#1701 = EDGE_CURVE ( 'NONE', #2894, #140, #609, .T. ) ;
#1702 = SURFACE_STYLE_USAGE ( .BOTH. , #2495 ) ;
#1703 = CARTESIAN_POINT ( 'NONE',  ( 0.5619496035440766368, 9.900000000000000355, -0.04210589624360546596 ) ) ;
#1704 = SURFACE_STYLE_USAGE ( .BOTH. , #544 ) ;
#1705 = SURFACE_SIDE_STYLE ('',( #3193 ) ) ;
#1706 = VERTEX_POINT ( 'NONE', #2832 ) ;
#1707 = CARTESIAN_POINT ( 'NONE',  ( 1.866044462534064197, 9.899000000000000909, -1.062050611484041562 ) ) ;
#1708 = CARTESIAN_POINT ( 'NONE',  ( -4.035738100735687617, 9.899000000000000909, 4.250000000000000000 ) ) ;
#1709 =( NAMED_UNIT ( * ) SI_UNIT ( $, .STERADIAN. ) SOLID_ANGLE_UNIT ( ) );
#1710 = CARTESIAN_POINT ( 'NONE',  ( 2.322505442568230549, 9.900000000000000355, -2.376597374110059668 ) ) ;
#1711 =( NAMED_UNIT ( * ) SI_UNIT ( $, .STERADIAN. ) SOLID_ANGLE_UNIT ( ) );
#1712 = PRESENTATION_STYLE_ASSIGNMENT (( #42 ) ) ;
#1713 = VERTEX_POINT ( 'NONE', #88 ) ;
#1714 = CARTESIAN_POINT ( 'NONE',  ( 3.487943684178945958, 9.900000000000000355, 1.632306684961617238 ) ) ;
#1715 = CARTESIAN_POINT ( 'NONE',  ( 1.539456258228857344, 9.899000000000000909, -1.440004589928610024 ) ) ;
#1716 = SURFACE_STYLE_USAGE ( .BOTH. , #969 ) ;
#1717 = LINE ( 'NONE', #3024, #1547 ) ;
#1718 = EDGE_CURVE ( 'NONE', #2420, #91, #2697, .T. ) ;
#1719 = SURFACE_STYLE_USAGE ( .BOTH. , #1705 ) ;
#1720 = ORIENTED_EDGE ( 'NONE', *, *, #704, .F. ) ;
#1721 = FACE_OUTER_BOUND ( 'NONE', #1000, .T. ) ;
#1722 = DIRECTION ( 'NONE',  ( -0.000000000000000000, 1.000000000000000000, -0.000000000000000000 ) ) ;
#1723 = DIRECTION ( 'NONE',  ( 0.000000000000000000, 0.000000000000000000, 1.000000000000000000 ) ) ;
#1724 = CARTESIAN_POINT ( 'NONE',  ( 2.413020837767631210, 9.898999999999997357, -2.322727682811485561 ) ) ;
#1725 = SURFACE_SIDE_STYLE ('',( #745 ) ) ;
#1726 = CARTESIAN_POINT ( 'NONE',  ( 2.537592257453080702, 9.900000000000003908, -2.251023697358974118 ) ) ;
#1727 = VERTEX_POINT ( 'NONE', #2787 ) ;
#1728 = DIRECTION ( 'NONE',  ( 0.000000000000000000, -3.121544665240847320E-13, -1.000000000000000000 ) ) ;
#1729 = CARTESIAN_POINT ( 'NONE',  ( 1.882342475634342760, 9.900000000000002132, 1.144153151373483945 ) ) ;
#1730 = CARTESIAN_POINT ( 'NONE',  ( 2.074430326976350880, 9.898999999999997357, 1.301282661521172113 ) ) ;
#1731 = SURFACE_STYLE_FILL_AREA ( #28 ) ;
#1732 =( NAMED_UNIT ( * ) SI_UNIT ( $, .STERADIAN. ) SOLID_ANGLE_UNIT ( ) );
#1733 = COLOUR_RGB ( '',1.000000000000000000, 1.000000000000000000, 1.000000000000000000 ) ;
#1734 = DIRECTION ( 'NONE',  ( 0.000000000000000000, 0.000000000000000000, 1.000000000000000000 ) ) ;
#1735 = EDGE_CURVE ( 'NONE', #2394, #2758, #1111, .T. ) ;
#1736 = COLOUR_RGB ( '',0.8274509803921568096, 0.8392156862745098200, 0.8274509803921568096 ) ;
#1737 = EDGE_CURVE ( 'NONE', #160, #1890, #1530, .T. ) ;
#1738 = EDGE_LOOP ( 'NONE', ( #3172, #222, #1934, #2596, #3093, #1967, #2352, #2501 ) ) ;
#1739 = COLOUR_RGB ( '',1.000000000000000000, 1.000000000000000000, 1.000000000000000000 ) ;
#1740 =( NAMED_UNIT ( * ) PLANE_ANGLE_UNIT ( ) SI_UNIT ( $, .RADIAN. ) );
#1741 = SURFACE_STYLE_USAGE ( .BOTH. , #1696 ) ;
#1742 = LINE ( 'NONE', #1, #1895 ) ;
#1743 = VECTOR ( 'NONE', #1340, 1000.000000000000000 ) ;
#1744 = CARTESIAN_POINT ( 'NONE',  ( -5.250000000000000000, 9.900000000000000355, -5.900000000000000355 ) ) ;
#1745 = SURFACE_STYLE_USAGE ( .BOTH. , #2767 ) ;
#1746 = DIRECTION ( 'NONE',  ( -7.350523203291555004E-17, -0.000000000000000000, -1.000000000000000000 ) ) ;
#1747 = EDGE_LOOP ( 'NONE', ( #2141, #2834, #263, #2650 ) ) ;
#1748 = PRESENTATION_STYLE_ASSIGNMENT (( #788 ) ) ;
#1749 = LINE ( 'NONE', #2511, #2892 ) ;
#1750 = CARTESIAN_POINT ( 'NONE',  ( 5.250000000000000000, 9.900000000000000355, -5.900000000000000355 ) ) ;
#1751 = VERTEX_POINT ( 'NONE', #2821 ) ;
#1752 = PRESENTATION_STYLE_ASSIGNMENT (( #3209 ) ) ;
#1753 = B_SPLINE_CURVE_WITH_KNOTS ( 'NONE', 3,
 ( #2761, #3026, #1310, #2825 ),
 .UNSPECIFIED., .F., .F.,
 ( 4, 4 ),
 ( 0.7272727272727274039, 0.8181818181818183433 ),
 .UNSPECIFIED. ) ;
#1754 = CARTESIAN_POINT ( 'NONE',  ( 2.413020837767631654, 9.899000000000000909, -0.3996507597345627660 ) ) ;
#1755 = AXIS2_PLACEMENT_3D ( 'NONE', #773, #970, #751 ) ;
#1756 = CARTESIAN_POINT ( 'NONE',  ( 2.224999999999999201, -0.1000000000000000056, 4.000000000000000888 ) ) ;
#1757 = VERTEX_POINT ( 'NONE', #1087 ) ;
#1758 = CARTESIAN_POINT ( 'NONE',  ( -5.250000000000000000, 0.000000000000000000, -5.900000000000000355 ) ) ;
#1759 = B_SPLINE_CURVE_WITH_KNOTS ( 'NONE', 3,
 ( #697, #3176, #898, #416, #2895, #1908, #2615 ),
 .UNSPECIFIED., .F., .F.,
 ( 4, 1, 1, 1, 4 ),
 ( 0.000000000000000000, 0.2372165186042104190, 0.4825864912431361287, 0.7368469271779307661, 1.000000000000000000 ),
 .UNSPECIFIED. ) ;
#1760 = CARTESIAN_POINT ( 'NONE',  ( 3.683980207252017358, 9.900000000000000355, 0.06665338725900260552 ) ) ;
#1761 = SURFACE_STYLE_FILL_AREA ( #1492 ) ;
#1762 = EDGE_CURVE ( 'NONE', #1033, #1644, #1315, .T. ) ;
#1763 = CARTESIAN_POINT ( 'NONE',  ( 2.153524624830120082, 9.900000000000002132, -2.488272054144780476 ) ) ;
#1764 = CARTESIAN_POINT ( 'NONE',  ( 2.506045413310248993, 9.900000000000003908, -2.577695462946343330 ) ) ;
#1765 = LINE ( 'NONE', #2322, #1599 ) ;
#1766 = PLANE ( 'NONE',  #359 ) ;
#1767 =( LENGTH_UNIT ( ) NAMED_UNIT ( * ) SI_UNIT ( .MILLI., .METRE. ) );
#1768 = SURFACE_SIDE_STYLE ('',( #790 ) ) ;
#1769 = CARTESIAN_POINT ( 'NONE',  ( 2.153524624830120526, 9.899000000000004462, 1.357881792009066890 ) ) ;
#1770 = ORIENTED_EDGE ( 'NONE', *, *, #2003, .T. ) ;
#1771 = CARTESIAN_POINT ( 'NONE',  ( 1.798871322331421663, 9.899000000000000909, -3.042568692492712223 ) ) ;
#1772 = VERTEX_POINT ( 'NONE', #2349 ) ;
#1773 = SURFACE_SIDE_STYLE ('',( #1522 ) ) ;
#1774 = CARTESIAN_POINT ( 'NONE',  ( 2.537592257453082034, 9.900000000000002132, -0.3279467742820512122 ) ) ;
#1775 = ADVANCED_FACE ( 'NONE', ( #1827 ), #1102, .F. ) ;
#1776 = CARTESIAN_POINT ( 'NONE',  ( 2.014400266732862210, 9.899999999999996803, 0.9730798424283186865 ) ) ;
#1777 = CARTESIAN_POINT ( 'NONE',  ( 3.380588384908581823, 9.899000000000000909, 1.604173098162825717 ) ) ;
#1778 = CARTESIAN_POINT ( 'NONE',  ( -1.131761026377192003, 9.899000000000000909, -0.4942397545113230706 ) ) ;
#1779 = DIRECTION ( 'NONE',  ( 0.000000000000000000, 0.000000000000000000, 1.000000000000000000 ) ) ;
#1780 = CARTESIAN_POINT ( 'NONE',  ( 1.859969078741678050, 9.899000000000000909, 1.124097974173954295 ) ) ;
#1781 = VERTEX_POINT ( 'NONE', #1332 ) ;
#1782 = ORIENTED_EDGE ( 'NONE', *, *, #719, .F. ) ;
#1783 = FILL_AREA_STYLE_COLOUR ( '', #979 ) ;
#1784 = PRESENTATION_STYLE_ASSIGNMENT (( #107 ) ) ;
#1785 = VERTEX_POINT ( 'NONE', #2325 ) ;
#1786 = VECTOR ( 'NONE', #2248, 1000.000000000000000 ) ;
#1787 =( NAMED_UNIT ( * ) SI_UNIT ( $, .STERADIAN. ) SOLID_ANGLE_UNIT ( ) );
#1788 = STYLED_ITEM ( 'NONE', ( #1610 ), #600 ) ;
#1789 =( GEOMETRIC_REPRESENTATION_CONTEXT ( 3 ) GLOBAL_UNCERTAINTY_ASSIGNED_CONTEXT ( ( #2138 ) ) GLOBAL_UNIT_ASSIGNED_CONTEXT ( ( #3085, #200, #378 ) ) REPRESENTATION_CONTEXT ( 'NONE', 'WORKASPACE' ) );
#1790 = CARTESIAN_POINT ( 'NONE',  ( 2.370749291291988303, 9.900000000000002132, 1.195310778144532460 ) ) ;
#1791 = CARTESIAN_POINT ( 'NONE',  ( 0.2832224381897465171, 9.899000000000000909, 1.720008276984740903 ) ) ;
#1792 = CARTESIAN_POINT ( 'NONE',  ( 2.274238898752874771, 9.899999999999996803, 1.139847535929501943 ) ) ;
#1793 = UNCERTAINTY_MEASURE_WITH_UNIT (LENGTH_MEASURE( 1.000000000000000082E-05 ), #968, 'distance_accuracy_value', 'NONE');
#1794 = PRESENTATION_LAYER_ASSIGNMENT (  '', '', ( #1485 ) ) ;
#1795 = VECTOR ( 'NONE', #1913, 1000.000000000000000 ) ;
#1796 =( LENGTH_UNIT ( ) NAMED_UNIT ( * ) SI_UNIT ( .MILLI., .METRE. ) );
#1797 =( LENGTH_UNIT ( ) NAMED_UNIT ( * ) SI_UNIT ( .MILLI., .METRE. ) );
#1798 = MECHANICAL_DESIGN_GEOMETRIC_PRESENTATION_REPRESENTATION (  '', ( #2441 ), #2637 ) ;
#1799 = DIRECTION ( 'NONE',  ( -0.000000000000000000, -1.000000000000000000, -0.000000000000000000 ) ) ;
#1800 = CARTESIAN_POINT ( 'NONE',  ( -2.224999999999998312, -0.1000000000000000056, 4.000000000000000000 ) ) ;
#1801 = CARTESIAN_POINT ( 'NONE',  ( 1.539456258228857344, 9.900000000000000355, 2.406149256225236677 ) ) ;
#1802 = ORIENTED_EDGE ( 'NONE', *, *, #2769, .F. ) ;
#1803 = COLOUR_RGB ( '',1.000000000000000000, 1.000000000000000000, 1.000000000000000000 ) ;
#1804 = ORIENTED_EDGE ( 'NONE', *, *, #844, .F. ) ;
#1805 = SURFACE_STYLE_USAGE ( .BOTH. , #92 ) ;
#1806 = CARTESIAN_POINT ( 'NONE',  ( 3.683980207252017358, 9.899000000000000909, 0.06665338725900260552 ) ) ;
#1807 =( LENGTH_UNIT ( ) NAMED_UNIT ( * ) SI_UNIT ( .MILLI., .METRE. ) );
#1808 = STYLED_ITEM ( 'NONE', ( #1531 ), #29 ) ;
#1809 = CARTESIAN_POINT ( 'NONE',  ( 1.539456258228857344, 9.899000000000000909, 0.8035851536611338108 ) ) ;
#1810 = CARTESIAN_POINT ( 'NONE',  ( 1.937897060019538875, 9.899000000000000909, 0.9169117115501318471 ) ) ;
#1811 = CARTESIAN_POINT ( 'NONE',  ( 4.007404976177575406, 9.900000000000000355, -2.145132795056815311 ) ) ;
#1812 = DIRECTION ( 'NONE',  ( 1.000000000000000000, 0.000000000000000000, 0.000000000000000000 ) ) ;
#1813 = CARTESIAN_POINT ( 'NONE',  ( 4.007404976177575406, 9.899000000000000909, -0.2220558719798921277 ) ) ;
#1814 =( LENGTH_UNIT ( ) NAMED_UNIT ( * ) SI_UNIT ( .MILLI., .METRE. ) );
#1815 = ORIENTED_EDGE ( 'NONE', *, *, #980, .T. ) ;
#1816 = CARTESIAN_POINT ( 'NONE',  ( 1.859969078741678050, 9.899000000000000909, -2.722055871979891961 ) ) ;
#1817 = CARTESIAN_POINT ( 'NONE',  ( 2.895953799279411989, 9.899000000000000909, -0.1572553760515799093 ) ) ;
#1818 = SURFACE_SIDE_STYLE ('',( #2044 ) ) ;
#1819 = EDGE_CURVE ( 'NONE', #613, #126, #102, .T. ) ;
#1820 = PRESENTATION_STYLE_ASSIGNMENT (( #95 ) ) ;
#1821 = DIRECTION ( 'NONE',  ( -0.000000000000000000, 1.000000000000000000, -0.000000000000000000 ) ) ;
#1822 = UNCERTAINTY_MEASURE_WITH_UNIT (LENGTH_MEASURE( 1.000000000000000082E-05 ), #1695, 'distance_accuracy_value', 'NONE');
#1823 = DIRECTION ( 'NONE',  ( -0.000000000000000000, -0.000000000000000000, 1.000000000000000000 ) ) ;
#1824 = CARTESIAN_POINT ( 'NONE',  ( 1.045314170473210513, 9.900000000000000355, -0.07946810096801441847 ) ) ;
#1825 = CARTESIAN_POINT ( 'NONE',  ( 2.274238898752875215, 9.899000000000002686, -2.706306310224344980 ) ) ;
#1826 = CARTESIAN_POINT ( 'NONE',  ( 2.370749291291988303, 9.899000000000002686, -0.7277661449323910015 ) ) ;
#1827 = FACE_OUTER_BOUND ( 'NONE', #2898, .T. ) ;
#1828 = EDGE_LOOP ( 'NONE', ( #809, #527, #1257, #1669 ) ) ;
#1829 = ORIENTED_EDGE ( 'NONE', *, *, #139, .T. ) ;
#1830 = FACE_BOUND ( 'NONE', #2251, .T. ) ;
#1831 = DIRECTION ( 'NONE',  ( -0.000000000000000000, 1.000000000000000000, -0.000000000000000000 ) ) ;
#1832 = DIRECTION ( 'NONE',  ( 0.000000000000000000, 0.000000000000000000, -1.000000000000000000 ) ) ;
#1833 = ADVANCED_FACE ( 'NONE', ( #2616 ), #2388, .F. ) ;
#1834 = EDGE_CURVE ( 'NONE', #3159, #1350, #2418, .T. ) ;
#1835 =( GEOMETRIC_REPRESENTATION_CONTEXT ( 3 ) GLOBAL_UNCERTAINTY_ASSIGNED_CONTEXT ( ( #896 ) ) GLOBAL_UNIT_ASSIGNED_CONTEXT ( ( #250, #230, #493 ) ) REPRESENTATION_CONTEXT ( 'NONE', 'WORKASPACE' ) );
#1836 = CARTESIAN_POINT ( 'NONE',  ( 4.424999999999998934, -0.1000000000000000056, 4.000000000000000888 ) ) ;
#1837 =( GEOMETRIC_REPRESENTATION_CONTEXT ( 3 ) GLOBAL_UNCERTAINTY_ASSIGNED_CONTEXT ( ( #1354 ) ) GLOBAL_UNIT_ASSIGNED_CONTEXT ( ( #865, #1861, #641 ) ) REPRESENTATION_CONTEXT ( 'NONE', 'WORKASPACE' ) );
#1838 =( NAMED_UNIT ( * ) PLANE_ANGLE_UNIT ( ) SI_UNIT ( $, .RADIAN. ) );
#1839 = DIRECTION ( 'NONE',  ( 1.000000000000000000, 0.000000000000000000, 0.000000000000000000 ) ) ;
#1840 =( GEOMETRIC_REPRESENTATION_CONTEXT ( 3 ) GLOBAL_UNCERTAINTY_ASSIGNED_CONTEXT ( ( #412 ) ) GLOBAL_UNIT_ASSIGNED_CONTEXT ( ( #1493, #2924, #1711 ) ) REPRESENTATION_CONTEXT ( 'NONE', 'WORKASPACE' ) );
#1841 = PRESENTATION_LAYER_ASSIGNMENT (  '', '', ( #2218 ) ) ;
#1842 = CARTESIAN_POINT ( 'NONE',  ( -1.044379530314190285, 9.900000000000000355, 1.357630717929626307 ) ) ;
#1843 = CARTESIAN_POINT ( 'NONE',  ( 0.5619496035440766368, 9.900000000000000355, -0.04210589624360546596 ) ) ;
#1844 = CARTESIAN_POINT ( 'NONE',  ( 4.007404976177575406, 9.900000000000000355, -0.2220558719798921277 ) ) ;
#1845 = MECHANICAL_DESIGN_GEOMETRIC_PRESENTATION_REPRESENTATION (  '', ( #1485 ), #2337 ) ;
#1846 =( GEOMETRIC_REPRESENTATION_CONTEXT ( 3 ) GLOBAL_UNCERTAINTY_ASSIGNED_CONTEXT ( ( #2558 ) ) GLOBAL_UNIT_ASSIGNED_CONTEXT ( ( #2977, #2235, #8 ) ) REPRESENTATION_CONTEXT ( 'NONE', 'WORKASPACE' ) );
#1847 = VERTEX_POINT ( 'NONE', #1628 ) ;
#1848 = EDGE_CURVE ( 'NONE', #1781, #1785, #630, .T. ) ;
#1849 = ORIENTED_EDGE ( 'NONE', *, *, #2197, .F. ) ;
#1850 =( LENGTH_UNIT ( ) NAMED_UNIT ( * ) SI_UNIT ( .MILLI., .METRE. ) );
#1851 =( LENGTH_UNIT ( ) NAMED_UNIT ( * ) SI_UNIT ( .MILLI., .METRE. ) );
#1852 = LINE ( 'NONE', #3098, #615 ) ;
#1853 = COLOUR_RGB ( '',0.8274509803921568096, 0.8392156862745098200, 0.8274509803921568096 ) ;
#1854 = EDGE_CURVE ( 'NONE', #3009, #1008, #2914, .T. ) ;
#1855 =( NAMED_UNIT ( * ) SI_UNIT ( $, .STERADIAN. ) SOLID_ANGLE_UNIT ( ) );
#1856 = PRODUCT_DEFINITION_FORMATION_WITH_SPECIFIED_SOURCE ( 'ANY', '', #752, .NOT_KNOWN. ) ;
#1857 = SURFACE_STYLE_FILL_AREA ( #81 ) ;
#1858 = CARTESIAN_POINT ( 'NONE',  ( 1.859969078741678050, 9.900000000000000355, -2.722055871979891961 ) ) ;
#1859 = PLANE ( 'NONE',  #2588 ) ;
#1860 = UNCERTAINTY_MEASURE_WITH_UNIT (LENGTH_MEASURE( 1.000000000000000082E-05 ), #2513, 'distance_accuracy_value', 'NONE');
#1861 =( NAMED_UNIT ( * ) PLANE_ANGLE_UNIT ( ) SI_UNIT ( $, .RADIAN. ) );
#1862 = EDGE_CURVE ( 'NONE', #1230, #1948, #1618, .T. ) ;
#1863 = CARTESIAN_POINT ( 'NONE',  ( 2.014400266732863543, 9.899000000000004462, -2.873074003725528236 ) ) ;
#1864 = CARTESIAN_POINT ( 'NONE',  ( -4.424999999999998934, 0.000000000000000000, -4.000000000000000000 ) ) ;
#1865 = EDGE_LOOP ( 'NONE', ( #1453, #1201, #3039, #104 ) ) ;
#1866 = ORIENTED_EDGE ( 'NONE', *, *, #1280, .T. ) ;
#1867 = PRESENTATION_STYLE_ASSIGNMENT (( #890 ) ) ;
#1868 = DIRECTION ( 'NONE',  ( -6.973874670985814828E-15, 0.000000000000000000, -1.000000000000000000 ) ) ;
#1869 = DIRECTION ( 'NONE',  ( 1.000000000000000000, 0.000000000000000000, 0.000000000000000000 ) ) ;
#1870 = B_SPLINE_CURVE_WITH_KNOTS ( 'NONE', 3,
 ( #1279, #2021, #1687, #460 ),
 .UNSPECIFIED., .F., .F.,
 ( 4, 4 ),
 ( 0.2727272727272727071, 0.3636363636363636465 ),
 .UNSPECIFIED. ) ;
#1871 = PRESENTATION_STYLE_ASSIGNMENT (( #605 ) ) ;
#1872 = ADVANCED_FACE ( 'NONE', ( #1170 ), #1634, .F. ) ;
#1873 = FACE_OUTER_BOUND ( 'NONE', #1250, .T. ) ;
#1874 = CARTESIAN_POINT ( 'NONE',  ( 2.322505442568229661, 9.899000000000000909, -0.4535204510331359851 ) ) ;
#1875 = VERTEX_POINT ( 'NONE', #2449 ) ;
#1876 = EDGE_CURVE ( 'NONE', #397, #127, #2476, .T. ) ;
#1877 = VERTEX_POINT ( 'NONE', #454 ) ;
#1878 = ORIENTED_EDGE ( 'NONE', *, *, #2961, .T. ) ;
#1879 = CARTESIAN_POINT ( 'NONE',  ( 2.322505442568229661, 9.900000000000002132, -0.4535204510331359851 ) ) ;
#1880 = FACE_OUTER_BOUND ( 'NONE', #1538, .T. ) ;
#1881 = CARTESIAN_POINT ( 'NONE',  ( -1.520317719290578129, 9.900000000000000355, -1.298110620653053937 ) ) ;
#1882 = CARTESIAN_POINT ( 'NONE',  ( -1.050408664172459927, 9.899000000000000909, 0.8041224502130936980 ) ) ;
#1883 = FILL_AREA_STYLE_COLOUR ( '', #1903 ) ;
#1884 = B_SPLINE_SURFACE_WITH_KNOTS ( 'NONE', 3, 1, ( 
 ( #3188, #859 ),
 ( #1194, #1681 ),
 ( #456, #1672 ),
 ( #1444, #965 ) ),
 .UNSPECIFIED., .F., .F., .F.,
 ( 4, 4 ),
 ( 2, 2 ),
 ( 0.3636363636363636465, 0.4545454545454545858 ),
 ( 0.000000000000000000, 1.000000000000000000 ),
 .UNSPECIFIED. ) ;
#1885 = PRESENTATION_STYLE_ASSIGNMENT (( #3174 ) ) ;
#1886 = VECTOR ( 'NONE', #3113, 1000.000000000000000 ) ;
#1887 = UNCERTAINTY_MEASURE_WITH_UNIT (LENGTH_MEASURE( 1.000000000000000082E-05 ), #438, 'distance_accuracy_value', 'NONE');
#1888 = DIRECTION ( 'NONE',  ( -7.350523203291555004E-17, -0.000000000000000000, -1.000000000000000000 ) ) ;
#1889 = VECTOR ( 'NONE', #2594, 1000.000000000000000 ) ;
#1890 = VERTEX_POINT ( 'NONE', #3177 ) ;
#1891 = LINE ( 'NONE', #683, #3104 ) ;
#1892 = DIRECTION ( 'NONE',  ( -0.000000000000000000, 1.000000000000000000, -0.000000000000000000 ) ) ;
#1893 = ORIENTED_EDGE ( 'NONE', *, *, #1980, .T. ) ;
#1894 = VECTOR ( 'NONE', #1892, 1000.000000000000000 ) ;
#1895 = VECTOR ( 'NONE', #2228, 1000.000000000000000 ) ;
#1896 = EDGE_LOOP ( 'NONE', ( #2245, #62, #1615, #1019, #2733, #2923, #713, #3183 ) ) ;
#1897 = EDGE_LOOP ( 'NONE', ( #2912, #2509, #2617, #1517 ) ) ;
#1898 = SURFACE_STYLE_FILL_AREA ( #2155 ) ;
#1899 =( GEOMETRIC_REPRESENTATION_CONTEXT ( 3 ) GLOBAL_UNCERTAINTY_ASSIGNED_CONTEXT ( ( #802 ) ) GLOBAL_UNIT_ASSIGNED_CONTEXT ( ( #1631, #3132, #376 ) ) REPRESENTATION_CONTEXT ( 'NONE', 'WORKASPACE' ) );
#1900 = CARTESIAN_POINT ( 'NONE',  ( -4.035738100735687617, 9.899000000000000909, -4.250000000000000000 ) ) ;
#1901 = STYLED_ITEM ( 'NONE', ( #1404 ), #2622 ) ;
#1902 = MECHANICAL_DESIGN_GEOMETRIC_PRESENTATION_REPRESENTATION (  '', ( #2390 ), #3001 ) ;
#1903 = COLOUR_RGB ( '',1.000000000000000000, 1.000000000000000000, 1.000000000000000000 ) ;
#1904 = EDGE_CURVE ( 'NONE', #2164, #1409, #1012, .T. ) ;
#1905 =( GEOMETRIC_REPRESENTATION_CONTEXT ( 3 ) GLOBAL_UNCERTAINTY_ASSIGNED_CONTEXT ( ( #2099 ) ) GLOBAL_UNIT_ASSIGNED_CONTEXT ( ( #1689, #689, #2157 ) ) REPRESENTATION_CONTEXT ( 'NONE', 'WORKASPACE' ) );
#1906 = FACE_OUTER_BOUND ( 'NONE', #2774, .T. ) ;
#1907 = SURFACE_STYLE_FILL_AREA ( #3156 ) ;
#1908 = CARTESIAN_POINT ( 'NONE',  ( 3.947081253282668012, 9.898999999999999133, -2.149888238898677528 ) ) ;
#1909 = DIRECTION ( 'NONE',  ( 0.000000000000000000, 0.000000000000000000, 1.000000000000000000 ) ) ;
#1910 = SURFACE_STYLE_USAGE ( .BOTH. , #938 ) ;
#1911 = ORIENTED_EDGE ( 'NONE', *, *, #2366, .F. ) ;
#1912 = ORIENTED_EDGE ( 'NONE', *, *, #2135, .F. ) ;
#1913 = DIRECTION ( 'NONE',  ( -1.000000000000000000, 0.000000000000000000, 0.000000000000000000 ) ) ;
#1914 = CARTESIAN_POINT ( 'NONE',  ( 1.798871322331421663, 9.899000000000000909, 0.8035851536611338108 ) ) ;
#1915 = FACE_OUTER_BOUND ( 'NONE', #157, .T. ) ;
#1916 = CARTESIAN_POINT ( 'NONE',  ( -4.035738100735687617, 9.900000000000000355, -4.250000000000000000 ) ) ;
#1917 = ORIENTED_EDGE ( 'NONE', *, *, #3102, .F. ) ;
#1918 = CARTESIAN_POINT ( 'NONE',  ( 3.828472305305705703, 9.900000000000000355, -2.159238427583641595 ) ) ;
#1919 =( NAMED_UNIT ( * ) SI_UNIT ( $, .STERADIAN. ) SOLID_ANGLE_UNIT ( ) );
#1920 = B_SPLINE_CURVE_WITH_KNOTS ( 'NONE', 3,
 ( #2090, #3080, #2348, #1101, #854, #386, #2123, #1346, #1826, #1613, #2831, #608, #2373, #1128, #124 ),
 .UNSPECIFIED., .F., .F.,
 ( 4, 1, 1, 1, 1, 1, 1, 1, 1, 1, 1, 1, 4 ),
 ( 0.000000000000000000, 0.05027287497458368670, 0.1027903700748774990, 0.1576131012369288709, 0.2146311133156754147, 0.2740612127265389386, 0.3356974550538850410, 0.4000702787165525409, 0.4668267493853399674, 0.6020780869193702589, 0.7357515335047495331, 0.8682046170340284030, 0.9999999999999998890 ),
 .UNSPECIFIED. ) ;
#1921 = UNCERTAINTY_MEASURE_WITH_UNIT (LENGTH_MEASURE( 1.000000000000000082E-05 ), #1850, 'distance_accuracy_value', 'NONE');
#1922 = ORIENTED_EDGE ( 'NONE', *, *, #2656, .F. ) ;
#1923 = LINE ( 'NONE', #1670, #2584 ) ;
#1924 = CARTESIAN_POINT ( 'NONE',  ( 3.982518742424586922, 9.899000000000002686, 2.020765102634977772 ) ) ;
#1925 = CARTESIAN_POINT ( 'NONE',  ( -2.453308270471680874, 9.900000000000000355, -0.9522492033302085712 ) ) ;
#1926 = CARTESIAN_POINT ( 'NONE',  ( 5.250000000000000888, 9.900000000000000355, 5.900000000000000355 ) ) ;
#1927 = SURFACE_STYLE_FILL_AREA ( #204 ) ;
#1928 = CARTESIAN_POINT ( 'NONE',  ( 2.236200404777783035, 9.898999999999999133, -2.432196885949307941 ) ) ;
#1929 = ORIENTED_EDGE ( 'NONE', *, *, #1737, .F. ) ;
#1930 = CARTESIAN_POINT ( 'NONE',  ( 4.007404976177575406, 9.900000000000000355, -2.145132795056815311 ) ) ;
#1931 = PRESENTATION_STYLE_ASSIGNMENT (( #3013 ) ) ;
#1932 = SURFACE_STYLE_USAGE ( .BOTH. , #451 ) ;
#1933 = EDGE_CURVE ( 'NONE', #2636, #1659, #1472, .T. ) ;
#1934 = ORIENTED_EDGE ( 'NONE', *, *, #736, .F. ) ;
#1935 = CARTESIAN_POINT ( 'NONE',  ( 3.267244662403631761, 9.899000000000000909, -1.952034078189001542 ) ) ;
#1936 = VECTOR ( 'NONE', #3167, 1000.000000000000000 ) ;
#1937 = EDGE_LOOP ( 'NONE', ( #2470, #1361, #531, #1629 ) ) ;
#1938 = DIRECTION ( 'NONE',  ( 0.000000000000000000, -0.000000000000000000, 1.000000000000000000 ) ) ;
#1939 = DIRECTION ( 'NONE',  ( 0.000000000000000000, 1.000000000000000000, 0.000000000000000000 ) ) ;
#1940 = CARTESIAN_POINT ( 'NONE',  ( 1.539456258228857344, 9.900000000000000355, -1.440004589928610024 ) ) ;
#1941 =( GEOMETRIC_REPRESENTATION_CONTEXT ( 3 ) GLOBAL_UNCERTAINTY_ASSIGNED_CONTEXT ( ( #440 ) ) GLOBAL_UNIT_ASSIGNED_CONTEXT ( ( #1796, #70, #320 ) ) REPRESENTATION_CONTEXT ( 'NONE', 'WORKASPACE' ) );
#1942 = VECTOR ( 'NONE', #3191, 1000.000000000000000 ) ;
#1943 = STYLED_ITEM ( 'NONE', ( #634 ), #1105 ) ;
#1944 = DIRECTION ( 'NONE',  ( 0.000000000000000000, 0.000000000000000000, 1.000000000000000000 ) ) ;
#1945 = CARTESIAN_POINT ( 'NONE',  ( 0.4259051153550915680, 9.900000000000000355, -1.474869675771165234 ) ) ;
#1946 = COLOUR_RGB ( '',0.8274509803921568096, 0.8392156862745098200, 0.8274509803921568096 ) ;
#1947 = COLOUR_RGB ( '',0.8274509803921568096, 0.8392156862745098200, 0.8274509803921568096 ) ;
#1948 = VERTEX_POINT ( 'NONE', #2207 ) ;
#1949 = FILL_AREA_STYLE ('',( #2225 ) ) ;
#1950 = CARTESIAN_POINT ( 'NONE',  ( -2.224999999999998312, -0.1000000000000000056, 4.000000000000000000 ) ) ;
#1951 = B_SPLINE_CURVE_WITH_KNOTS ( 'NONE', 3,
 ( #941, #1173, #1925, #227 ),
 .UNSPECIFIED., .F., .F.,
 ( 4, 4 ),
 ( 0.2727272727272727071, 0.3636363636363636465 ),
 .UNSPECIFIED. ) ;
#1952 = VERTEX_POINT ( 'NONE', #1254 ) ;
#1953 = STYLED_ITEM ( 'NONE', ( #1784 ), #3105 ) ;
#1954 = CARTESIAN_POINT ( 'NONE',  ( 2.895953799279411989, 9.900000000000000355, -2.080332299128503148 ) ) ;
#1955 = CARTESIAN_POINT ( 'NONE',  ( 1.859969078741678050, 9.900000000000000355, -1.440004589928610024 ) ) ;
#1956 = ADVANCED_FACE ( 'NONE', ( #2973 ), #997, .F. ) ;
#1957 = VERTEX_POINT ( 'NONE', #2702 ) ;
#1958 = DIRECTION ( 'NONE',  ( -0.000000000000000000, 1.000000000000000000, -0.000000000000000000 ) ) ;
#1959 = PLANE ( 'NONE',  #2160 ) ;
#1960 = PRESENTATION_STYLE_ASSIGNMENT (( #2689 ) ) ;
#1961 = SURFACE_STYLE_USAGE ( .BOTH. , #1004 ) ;
#1962 = B_SPLINE_CURVE_WITH_KNOTS ( 'NONE', 3,
 ( #1673, #1924, #181, #444, #2879, #2651, #433, #720, #954, #2451, #2916, #1699, #1445, #213, #1413, #399, #686, #1149, #2665, #2196, #1195, #699, #594 ),
 .UNSPECIFIED., .F., .F.,
 ( 4, 1, 1, 1, 1, 1, 1, 1, 1, 1, 1, 1, 1, 1, 1, 1, 1, 1, 1, 1, 4 ),
 ( 0.000000000000000000, 0.03151551312998492060, 0.06480979674365734688, 0.09991169883527552253, 0.1366755286001709035, 0.1751432978746825797, 0.2157650117082457186, 0.2581569125231218398, 0.3022930440652045747, 0.3927408518774002655, 0.4832984694610617527, 0.5744114847371660781, 0.6664774093514972408, 0.7120107481430553165, 0.7563744975915032143, 0.7998154803065209428, 0.8419616993485902201, 0.8828431755911849699, 0.9229180315891946096, 0.9619666184423850686, 1.000000000000000000 ),
 .UNSPECIFIED. ) ;
#1963 = B_SPLINE_SURFACE_WITH_KNOTS ( 'NONE', 3, 1, ( 
 ( #1122, #960 ),
 ( #208, #1154 ),
 ( #708, #467 ),
 ( #1167, #2158 ),
 ( #1390, #1918 ),
 ( #2643, #2457 ),
 ( #894, #1930 ) ),
 .UNSPECIFIED., .F., .F., .F.,
 ( 4, 1, 1, 1, 4 ),
 ( 2, 2 ),
 ( 0.000000000000000000, 0.2372165186042104190, 0.4825864912431361287, 0.7368469271779307661, 1.000000000000000000 ),
 ( 0.000000000000000000, 1.000000000000000000 ),
 .UNSPECIFIED. ) ;
#1964 = PRESENTATION_LAYER_ASSIGNMENT (  '', '', ( #2814 ) ) ;
#1965 =( NAMED_UNIT ( * ) SI_UNIT ( $, .STERADIAN. ) SOLID_ANGLE_UNIT ( ) );
#1966 = CARTESIAN_POINT ( 'NONE',  ( -2.260621656298445803, 9.899000000000000909, -0.09455628994437857704 ) ) ;
#1967 = ORIENTED_EDGE ( 'NONE', *, *, #826, .F. ) ;
#1968 = SURFACE_SIDE_STYLE ('',( #520 ) ) ;
#1969 = LINE ( 'NONE', #238, #662 ) ;
#1970 = DIRECTION ( 'NONE',  ( 1.000000000000000000, 0.000000000000000000, 0.000000000000000000 ) ) ;
#1971 = CARTESIAN_POINT ( 'NONE',  ( 1.859969078741678050, 9.899000000000000909, -2.722055871979891961 ) ) ;
#1972 = FILL_AREA_STYLE ('',( #3201 ) ) ;
#1973 = CARTESIAN_POINT ( 'NONE',  ( 3.327817636433985538, 9.899000000000000909, -2.255809878390148349 ) ) ;
#1974 = ORIENTED_EDGE ( 'NONE', *, *, #2227, .F. ) ;
#1975 = ADVANCED_FACE ( 'NONE', ( #715 ), #1766, .T. ) ;
#1976 = FILL_AREA_STYLE ('',( #1684 ) ) ;
#1977 = DIRECTION ( 'NONE',  ( -1.000000000000000000, 0.000000000000000000, 0.000000000000000000 ) ) ;
#1978 = LINE ( 'NONE', #735, #236 ) ;
#1979 = CARTESIAN_POINT ( 'NONE',  ( -2.793422049999235490, 9.899000000000000909, 0.2299165447012879726 ) ) ;
#1980 = EDGE_CURVE ( 'NONE', #2811, #1409, #2266, .T. ) ;
#1981 = CARTESIAN_POINT ( 'NONE',  ( 3.931341668308921733, 9.898999999999999133, 2.019184174512406393 ) ) ;
#1982 = FILL_AREA_STYLE ('',( #2025 ) ) ;
#1983 = ORIENTED_EDGE ( 'NONE', *, *, #3197, .F. ) ;
#1984 = DIRECTION ( 'NONE',  ( -1.000000000000000000, 0.000000000000000000, 0.000000000000000000 ) ) ;
#1985 = LINE ( 'NONE', #1744, #2291 ) ;
#1986 = CARTESIAN_POINT ( 'NONE',  ( 3.683980207252016470, 9.899999999999998579, -1.856423535817919968 ) ) ;
#1987 = CARTESIAN_POINT ( 'NONE',  ( -2.793422049999235490, 9.899000000000000909, 0.2299165447012879726 ) ) ;
#1988 = CARTESIAN_POINT ( 'NONE',  ( 1.859969078741678050, 9.899000000000000909, 0.4830723331483130489 ) ) ;
#1989 = CARTESIAN_POINT ( 'NONE',  ( 1.798871322331421663, 9.900000000000000355, 0.8035851536611338108 ) ) ;
#1990 = ORIENTED_EDGE ( 'NONE', *, *, #1402, .T. ) ;
#1991 = SURFACE_STYLE_USAGE ( .BOTH. , #1014 ) ;
#1992 = DIRECTION ( 'NONE',  ( -0.000000000000000000, 0.000000000000000000, 1.000000000000000000 ) ) ;
#1993 = CARTESIAN_POINT ( 'NONE',  ( 3.931341668308921733, 9.900000000000000355, 2.019184174512406393 ) ) ;
#1994 = AXIS2_PLACEMENT_3D ( 'NONE', #1900, #3133, #3120 ) ;
#1995 = ORIENTED_EDGE ( 'NONE', *, *, #261, .F. ) ;
#1996 = STYLED_ITEM ( 'NONE', ( #1650 ), #944 ) ;
#1997 = FACE_OUTER_BOUND ( 'NONE', #595, .T. ) ;
#1998 = CARTESIAN_POINT ( 'NONE',  ( 4.007404976177575406, 9.900000000000002132, 0.09845694853292843995 ) ) ;
#1999 =( GEOMETRIC_REPRESENTATION_CONTEXT ( 3 ) GLOBAL_UNCERTAINTY_ASSIGNED_CONTEXT ( ( #640 ) ) GLOBAL_UNIT_ASSIGNED_CONTEXT ( ( #580, #300, #2295 ) ) REPRESENTATION_CONTEXT ( 'NONE', 'WORKASPACE' ) );
#2000 = MECHANICAL_DESIGN_GEOMETRIC_PRESENTATION_REPRESENTATION (  '', ( #3154 ), #2437 ) ;
#2001 =( NAMED_UNIT ( * ) SI_UNIT ( $, .STERADIAN. ) SOLID_ANGLE_UNIT ( ) );
#2002 = VERTEX_POINT ( 'NONE', #265 ) ;
#2003 = EDGE_CURVE ( 'NONE', #2530, #2636, #1054, .T. ) ;
#2004 = STYLED_ITEM ( 'NONE', ( #2490 ), #2319 ) ;
#2005 = DIRECTION ( 'NONE',  ( 0.000000000000000000, -3.121544665240787745E-13, -1.000000000000000000 ) ) ;
#2006 = COLOUR_RGB ( '',1.000000000000000000, 1.000000000000000000, 1.000000000000000000 ) ;
#2007 =( NAMED_UNIT ( * ) PLANE_ANGLE_UNIT ( ) SI_UNIT ( $, .RADIAN. ) );
#2008 = LINE ( 'NONE', #994, #612 ) ;
#2009 =( GEOMETRIC_REPRESENTATION_CONTEXT ( 3 ) GLOBAL_UNCERTAINTY_ASSIGNED_CONTEXT ( ( #1098 ) ) GLOBAL_UNIT_ASSIGNED_CONTEXT ( ( #2446, #2007, #1454 ) ) REPRESENTATION_CONTEXT ( 'NONE', 'WORKASPACE' ) );
#2010 = CARTESIAN_POINT ( 'NONE',  ( 3.108247731221343901, 9.900000000000000355, -2.319892084100026342 ) ) ;
#2011 = CARTESIAN_POINT ( 'NONE',  ( 3.982518742424586922, 9.899000000000002686, -1.825388743518869372 ) ) ;
#2012 =( LENGTH_UNIT ( ) NAMED_UNIT ( * ) SI_UNIT ( .MILLI., .METRE. ) );
#2013 = STYLED_ITEM ( 'NONE', ( #1885 ), #2642 ) ;
#2014 = CARTESIAN_POINT ( 'NONE',  ( 4.007404976177575406, 9.899000000000000909, -1.824619974543994605 ) ) ;
#2015 = CARTESIAN_POINT ( 'NONE',  ( 3.654652869401912696, 9.899999999999996803, 1.663104297501991624 ) ) ;
#2016 = MECHANICAL_DESIGN_GEOMETRIC_PRESENTATION_REPRESENTATION (  '', ( #2695 ), #2444 ) ;
#2017 = ORIENTED_EDGE ( 'NONE', *, *, #2303, .F. ) ;
#2018 = CARTESIAN_POINT ( 'NONE',  ( -1.044379530314190285, 9.899000000000000909, 1.357630717929626307 ) ) ;
#2019 = CARTESIAN_POINT ( 'NONE',  ( 2.895953799279411545, 9.900000000000000355, 1.765821547025343774 ) ) ;
#2020 = LINE ( 'NONE', #72, #916 ) ;
#2021 = CARTESIAN_POINT ( 'NONE',  ( -2.181239766534675439, 9.899000000000000909, -1.169006289944391153 ) ) ;
#2022 = CARTESIAN_POINT ( 'NONE',  ( 3.267244662403631761, 9.899000000000000909, 1.894119767964845158 ) ) ;
#2023 = ORIENTED_EDGE ( 'NONE', *, *, #1718, .T. ) ;
#2024 = PLANE ( 'NONE',  #2945 ) ;
#2025 = FILL_AREA_STYLE_COLOUR ( '', #2747 ) ;
#2026 = CARTESIAN_POINT ( 'NONE',  ( 2.892817914572809457, 9.899000000000004462, 1.445950095781888489 ) ) ;
#2027 =( GEOMETRIC_REPRESENTATION_CONTEXT ( 3 ) GLOBAL_UNCERTAINTY_ASSIGNED_CONTEXT ( ( #1609 ) ) GLOBAL_UNIT_ASSIGNED_CONTEXT ( ( #1814, #2326, #2564 ) ) REPRESENTATION_CONTEXT ( 'NONE', 'WORKASPACE' ) );
#2028 =( NAMED_UNIT ( * ) SI_UNIT ( $, .STERADIAN. ) SOLID_ANGLE_UNIT ( ) );
#2029 = ORIENTED_EDGE ( 'NONE', *, *, #139, .F. ) ;
#2030 = EDGE_CURVE ( 'NONE', #1785, #2822, #2247, .T. ) ;
#2031 = CARTESIAN_POINT ( 'NONE',  ( 2.096266520123800881, 9.899999999999998579, -0.8944954411202357125 ) ) ;
#2032 = CARTESIAN_POINT ( 'NONE',  ( 4.007404976177575406, 9.900000000000000355, 0.09845694853292843995 ) ) ;
#2033 = DIRECTION ( 'NONE',  ( -0.000000000000000000, 0.000000000000000000, 1.000000000000000000 ) ) ;
#2034 = CARTESIAN_POINT ( 'NONE',  ( 1.820934012025256399, 9.899000000000002686, 0.8224514213282342334 ) ) ;
#2035 = FACE_OUTER_BOUND ( 'NONE', #1865, .T. ) ;
#2036 = ADVANCED_BREP_SHAPE_REPRESENTATION ( 'XGL1010', ( #2126, #254 ), #935 ) ;
#2037 = DIRECTION ( 'NONE',  ( -0.000000000000000000, 0.000000000000000000, 1.000000000000000000 ) ) ;
#2038 = CARTESIAN_POINT ( 'NONE',  ( 4.007404976177575406, 9.900000000000000355, 2.021533871609851651 ) ) ;
#2039 = FILL_AREA_STYLE ('',( #1278 ) ) ;
#2040 = CARTESIAN_POINT ( 'NONE',  ( 3.108247731221343901, 9.899999999999998579, -0.3968151610231040460 ) ) ;
#2041 = PRESENTATION_STYLE_ASSIGNMENT (( #2529 ) ) ;
#2042 = ORIENTED_EDGE ( 'NONE', *, *, #2934, .T. ) ;
#2043 = ORIENTED_EDGE ( 'NONE', *, *, #2884, .F. ) ;
#2044 = SURFACE_STYLE_FILL_AREA ( #1095 ) ;
#2045 = ORIENTED_EDGE ( 'NONE', *, *, #2844, .F. ) ;
#2046 = SURFACE_SIDE_STYLE ('',( #1857 ) ) ;
#2047 = CARTESIAN_POINT ( 'NONE',  ( 4.007404976177575406, 9.900000000000000355, -0.2220558719798921277 ) ) ;
#2048 = CARTESIAN_POINT ( 'NONE',  ( 2.182870226123698298, 9.899000000000000909, 1.084017077939406049 ) ) ;
#2049 = EDGE_CURVE ( 'NONE', #126, #2577, #1534, .T. ) ;
#2050 = CARTESIAN_POINT ( 'NONE',  ( -0.8208460657472710365, 9.899000000000000909, -0.8950850301018700161 ) ) ;
#2051 = CARTESIAN_POINT ( 'NONE',  ( -1.131438585432311239, 9.899000000000000909, -1.210478337188482190 ) ) ;
#2052 =( LENGTH_UNIT ( ) NAMED_UNIT ( * ) SI_UNIT ( .MILLI., .METRE. ) );
#2053 = CARTESIAN_POINT ( 'NONE',  ( -5.249999999999999112, 9.900000000000000355, 5.900000000000000355 ) ) ;
#2054 = DIRECTION ( 'NONE',  ( 0.000000000000000000, 0.000000000000000000, 1.000000000000000000 ) ) ;
#2055 = FILL_AREA_STYLE_COLOUR ( '', #1451 ) ;
#2056 = ORIENTED_EDGE ( 'NONE', *, *, #2379, .F. ) ;
#2057 = ORIENTED_EDGE ( 'NONE', *, *, #2136, .F. ) ;
#2058 = PLANE ( 'NONE',  #2848 ) ;
#2059 = CARTESIAN_POINT ( 'NONE',  ( 3.982518742424586922, 9.899000000000002686, 0.09768817955805386699 ) ) ;
#2060 = DIRECTION ( 'NONE',  ( 1.000000000000000000, 0.000000000000000000, 0.000000000000000000 ) ) ;
#2061 = COLOUR_RGB ( '',1.000000000000000000, 1.000000000000000000, 1.000000000000000000 ) ;
#2062 = CARTESIAN_POINT ( 'NONE',  ( 3.327817636433985538, 9.899000000000000909, -0.3327329553132254425 ) ) ;
#2063 = COLOUR_RGB ( '',0.8274509803921568096, 0.8392156862745098200, 0.8274509803921568096 ) ;
#2064 = STYLED_ITEM ( 'NONE', ( #2417 ), #2204 ) ;
#2065 = COLOUR_RGB ( '',1.000000000000000000, 1.000000000000000000, 1.000000000000000000 ) ;
#2066 = CARTESIAN_POINT ( 'NONE',  ( 3.108247731221343901, 9.899999999999998579, 1.526261762053819249 ) ) ;
#2067 = FACE_OUTER_BOUND ( 'NONE', #671, .T. ) ;
#2068 = PRESENTATION_STYLE_ASSIGNMENT (( #2817 ) ) ;
#2069 = UNCERTAINTY_MEASURE_WITH_UNIT (LENGTH_MEASURE( 1.000000000000000082E-05 ), #2672, 'distance_accuracy_value', 'NONE');
#2070 = VECTOR ( 'NONE', #1330, 1000.000000000000000 ) ;
#2071 = CARTESIAN_POINT ( 'NONE',  ( 1.539456258228857344, 9.900000000000000355, -1.119491769415789539 ) ) ;
#2072 = LINE ( 'NONE', #321, #1137 ) ;
#2073 = MECHANICAL_DESIGN_GEOMETRIC_PRESENTATION_REPRESENTATION (  '', ( #2013 ), #2950 ) ;
#2074 = CARTESIAN_POINT ( 'NONE',  ( 1.031653934252735327, 9.900000000000000355, -0.5050338489995117586 ) ) ;
#2075 = DIRECTION ( 'NONE',  ( -0.000000000000000000, 1.000000000000000000, -0.000000000000000000 ) ) ;
#2076 = CARTESIAN_POINT ( 'NONE',  ( 1.798871322331421663, 9.900000000000000355, -1.119491769415789539 ) ) ;
#2077 = SURFACE_STYLE_USAGE ( .BOTH. , #1584 ) ;
#2078 = VECTOR ( 'NONE', #893, 1000.000000000000000 ) ;
#2079 = EDGE_CURVE ( 'NONE', #900, #160, #1749, .T. ) ;
#2080 = VERTEX_POINT ( 'NONE', #9 ) ;
#2081 = PRESENTATION_LAYER_ASSIGNMENT (  '', '', ( #2695 ) ) ;
#2082 = CARTESIAN_POINT ( 'NONE',  ( 3.097130752144278798, 9.900000000000002132, -0.08122348854155042597 ) ) ;
#2083 = PLANE ( 'NONE',  #3065 ) ;
#2084 = CARTESIAN_POINT ( 'NONE',  ( 3.327817636433985538, 9.900000000000000355, 1.590343967763697908 ) ) ;
#2085 = CARTESIAN_POINT ( 'NONE',  ( -1.044379530314190285, 9.900000000000000355, 1.357630717929626307 ) ) ;
#2086 = B_SPLINE_CURVE_WITH_KNOTS ( 'NONE', 3,
 ( #1163, #2093, #2395, #658 ),
 .UNSPECIFIED., .F., .F.,
 ( 4, 4 ),
 ( 0.5454545454545455252, 0.6363636363636364646 ),
 .UNSPECIFIED. ) ;
#2087 = CARTESIAN_POINT ( 'NONE',  ( 4.007404976177575406, 9.899000000000000909, 2.021533871609851651 ) ) ;
#2088 = LINE ( 'NONE', #2850, #514 ) ;
#2089 =( NAMED_UNIT ( * ) PLANE_ANGLE_UNIT ( ) SI_UNIT ( $, .RADIAN. ) );
#2090 = CARTESIAN_POINT ( 'NONE',  ( 1.798871322331421663, 9.899000000000000909, -1.119491769415789539 ) ) ;
#2091 =( NAMED_UNIT ( * ) SI_UNIT ( $, .STERADIAN. ) SOLID_ANGLE_UNIT ( ) );
#2092 = ORIENTED_EDGE ( 'NONE', *, *, #374, .F. ) ;
#2093 = CARTESIAN_POINT ( 'NONE',  ( -1.901340553936240241, 9.900000000000000355, -0.8863279434876945029 ) ) ;
#2094 = EDGE_CURVE ( 'NONE', #889, #482, #772, .T. ) ;
#2095 = FILL_AREA_STYLE_COLOUR ( '', #2175 ) ;
#2096 = FILL_AREA_STYLE ('',( #2681 ) ) ;
#2097 = ADVANCED_FACE ( 'NONE', ( #248 ), #1496, .F. ) ;
#2098 = PRESENTATION_STYLE_ASSIGNMENT (( #1607 ) ) ;
#2099 = UNCERTAINTY_MEASURE_WITH_UNIT (LENGTH_MEASURE( 1.000000000000000082E-05 ), #1689, 'distance_accuracy_value', 'NONE');
#2100 = CARTESIAN_POINT ( 'NONE',  ( 2.182870226123698298, 9.900000000000000355, 1.084017077939406049 ) ) ;
#2101 = FACE_OUTER_BOUND ( 'NONE', #2798, .T. ) ;
#2102 = UNCERTAINTY_MEASURE_WITH_UNIT (LENGTH_MEASURE( 1.000000000000000082E-05 ), #368, 'distance_accuracy_value', 'NONE');
#2103 = CARTESIAN_POINT ( 'NONE',  ( 1.866044462534064419, 9.899000000000000909, -2.985127534560964246 ) ) ;
#2104 = CARTESIAN_POINT ( 'NONE',  ( -3.635738100735686817, 9.899000000000000909, -4.250000000000000000 ) ) ;
#2105 = CARTESIAN_POINT ( 'NONE',  ( 3.594000733682871207, 9.899000000000002686, 0.04993671941924254093 ) ) ;
#2106 = EDGE_CURVE ( 'NONE', #1113, #398, #1109, .T. ) ;
#2107 = ORIENTED_EDGE ( 'NONE', *, *, #566, .F. ) ;
#2108 = ORIENTED_EDGE ( 'NONE', *, *, #2049, .T. ) ;
#2109 = FILL_AREA_STYLE_COLOUR ( '', #2482 ) ;
#2110 = FILL_AREA_STYLE ('',( #2598 ) ) ;
#2111 = CARTESIAN_POINT ( 'NONE',  ( 1.539456258228857344, 9.899000000000000909, 0.4830723331483130489 ) ) ;
#2112 = APPLICATION_PROTOCOL_DEFINITION ( 'draft international standard', 'automotive_design', 1998, #632 ) ;
#2113 = CARTESIAN_POINT ( 'NONE',  ( 1.859969078741678050, 9.899000000000000909, 2.406149256225236677 ) ) ;
#2114 = VECTOR ( 'NONE', #1529, 1000.000000000000000 ) ;
#2115 = EDGE_CURVE ( 'NONE', #398, #1757, #3058, .T. ) ;
#2116 = PRESENTATION_LAYER_ASSIGNMENT (  '', '', ( #296 ) ) ;
#2117 = LINE ( 'NONE', #2137, #1654 ) ;
#2118 = AXIS2_PLACEMENT_3D ( 'NONE', #1950, #695, #2911 ) ;
#2119 = CARTESIAN_POINT ( 'NONE',  ( -3.635738100735686817, 9.899000000000000909, -4.250000000000000000 ) ) ;
#2120 = MECHANICAL_DESIGN_GEOMETRIC_PRESENTATION_REPRESENTATION (  '', ( #2480 ), #1082 ) ;
#2121 = CARTESIAN_POINT ( 'NONE',  ( -1.050408664172459927, 9.899000000000000909, 0.8041224502130936980 ) ) ;
#2122 = CARTESIAN_POINT ( 'NONE',  ( 1.045314170473210513, 9.899000000000000909, -0.07946810096801441847 ) ) ;
#2123 = CARTESIAN_POINT ( 'NONE',  ( 2.182870226123698298, 9.899000000000000909, -0.8390598451375177458 ) ) ;
#2124 = CARTESIAN_POINT ( 'NONE',  ( 3.852702646889013316, 9.899000000000002686, 0.08911625799703674911 ) ) ;
#2125 = EDGE_LOOP ( 'NONE', ( #792, #2168, #2565, #2143 ) ) ;
#2126 = MANIFOLD_SOLID_BREP ( 'Cut-Extrude1', #3173 ) ;
#2127 = VERTEX_POINT ( 'NONE', #2372 ) ;
#2128 = COLOUR_RGB ( '',1.000000000000000000, 1.000000000000000000, 1.000000000000000000 ) ;
#2129 = STYLED_ITEM ( 'NONE', ( #1211 ), #1408 ) ;
#2130 = FACE_OUTER_BOUND ( 'NONE', #2952, .T. ) ;
#2131 = CARTESIAN_POINT ( 'NONE',  ( -0.2270531523614435498, 9.899000000000000909, -1.474869675771160793 ) ) ;
#2132 = VECTOR ( 'NONE', #638, 1000.000000000000000 ) ;
#2133 = CARTESIAN_POINT ( 'NONE',  ( -4.424999999999998046, 0.000000000000000000, 4.000000000000000000 ) ) ;
#2134 = CARTESIAN_POINT ( 'NONE',  ( -2.535054727164589572, 9.899000000000000909, -0.6680968411254809558 ) ) ;
#2135 = EDGE_CURVE ( 'NONE', #1644, #3009, #1222, .T. ) ;
#2136 = EDGE_CURVE ( 'NONE', #1957, #889, #1153, .T. ) ;
#2137 = CARTESIAN_POINT ( 'NONE',  ( 4.007404976177575406, 9.899000000000000909, -2.145132795056815311 ) ) ;
#2138 = UNCERTAINTY_MEASURE_WITH_UNIT (LENGTH_MEASURE( 1.000000000000000082E-05 ), #3085, 'distance_accuracy_value', 'NONE');
#2139 = FACE_OUTER_BOUND ( 'NONE', #2779, .T. ) ;
#2140 = COLOUR_RGB ( '',1.000000000000000000, 1.000000000000000000, 1.000000000000000000 ) ;
#2141 = ORIENTED_EDGE ( 'NONE', *, *, #1762, .F. ) ;
#2142 = ORIENTED_EDGE ( 'NONE', *, *, #2592, .T. ) ;
#2143 = ORIENTED_EDGE ( 'NONE', *, *, #1679, .T. ) ;
#2144 = DIRECTION ( 'NONE',  ( -1.000000000000000000, 0.000000000000000000, 0.000000000000000000 ) ) ;
#2145 = SURFACE_SIDE_STYLE ('',( #659 ) ) ;
#2146 = CARTESIAN_POINT ( 'NONE',  ( 1.859969078741678050, 9.899000000000000909, 2.406149256225236677 ) ) ;
#2147 = DIRECTION ( 'NONE',  ( 1.000000000000000000, 0.000000000000000000, -0.000000000000000000 ) ) ;
#2148 = FILL_AREA_STYLE ('',( #395 ) ) ;
#2149 = LINE ( 'NONE', #911, #2992 ) ;
#2150 = ORIENTED_EDGE ( 'NONE', *, *, #1199, .F. ) ;
#2151 = CARTESIAN_POINT ( 'NONE',  ( 0.5496251940952582293, 9.900000000000000355, 0.8481433163548245391 ) ) ;
#2152 = ORIENTED_EDGE ( 'NONE', *, *, #380, .F. ) ;
#2153 = ORIENTED_EDGE ( 'NONE', *, *, #3139, .T. ) ;
#2154 = ORIENTED_EDGE ( 'NONE', *, *, #2094, .F. ) ;
#2155 = FILL_AREA_STYLE ('',( #2109 ) ) ;
#2156 = SURFACE_STYLE_FILL_AREA ( #2110 ) ;
#2157 =( NAMED_UNIT ( * ) SI_UNIT ( $, .STERADIAN. ) SOLID_ANGLE_UNIT ( ) );
#2158 = CARTESIAN_POINT ( 'NONE',  ( 3.654652869401912696, 9.899999999999996803, -2.183049548651853744 ) ) ;
#2159 = FACE_OUTER_BOUND ( 'NONE', #1148, .T. ) ;
#2160 = AXIS2_PLACEMENT_3D ( 'NONE', #2962, #249, #1175 ) ;
#2161 = UNCERTAINTY_MEASURE_WITH_UNIT (LENGTH_MEASURE( 1.000000000000000082E-05 ), #20, 'distance_accuracy_value', 'NONE');
#2162 = SURFACE_SIDE_STYLE ('',( #933 ) ) ;
#2163 = COLOUR_RGB ( '',1.000000000000000000, 1.000000000000000000, 1.000000000000000000 ) ;
#2164 = VERTEX_POINT ( 'NONE', #579 ) ;
#2165 = CARTESIAN_POINT ( 'NONE',  ( 4.007404976177575406, 9.899000000000000909, 0.09845694853292843995 ) ) ;
#2166 = AXIS2_PLACEMENT_3D ( 'NONE', #698, #2939, #1443 ) ;
#2167 = VECTOR ( 'NONE', #2243, 1000.000000000000000 ) ;
#2168 = ORIENTED_EDGE ( 'NONE', *, *, #1446, .F. ) ;
#2169 = ORIENTED_EDGE ( 'NONE', *, *, #863, .T. ) ;
#2170 = MECHANICAL_DESIGN_GEOMETRIC_PRESENTATION_REPRESENTATION (  '', ( #2064 ), #1030 ) ;
#2171 = PRESENTATION_LAYER_ASSIGNMENT (  '', '', ( #362 ) ) ;
#2172 = LINE ( 'NONE', #1914, #660 ) ;
#2173 = CARTESIAN_POINT ( 'NONE',  ( 1.077353540551949873, 9.899000000000000909, 0.9188960722603322084 ) ) ;
#2174 = COLOUR_RGB ( '',1.000000000000000000, 1.000000000000000000, 1.000000000000000000 ) ;
#2175 = COLOUR_RGB ( '',1.000000000000000000, 1.000000000000000000, 1.000000000000000000 ) ;
#2176 = CARTESIAN_POINT ( 'NONE',  ( 3.770155873744589048, 9.898999999999999133, -1.843272029460378381 ) ) ;
#2177 = ORIENTED_EDGE ( 'NONE', *, *, #458, .F. ) ;
#2178 = CARTESIAN_POINT ( 'NONE',  ( -4.424999999999998934, -0.1000000000000000056, 4.000000000000000000 ) ) ;
#2179 =( NAMED_UNIT ( * ) PLANE_ANGLE_UNIT ( ) SI_UNIT ( $, .RADIAN. ) );
#2180 = CARTESIAN_POINT ( 'NONE',  ( -2.181239766534675439, 9.900000000000000355, -1.169006289944391153 ) ) ;
#2181 = ORIENTED_EDGE ( 'NONE', *, *, #980, .F. ) ;
#2182 = FILL_AREA_STYLE ('',( #211 ) ) ;
#2183 = PLANE ( 'NONE',  #1431 ) ;
#2184 = EDGE_CURVE ( 'NONE', #1350, #2709, #2830, .T. ) ;
#2185 = ORIENTED_EDGE ( 'NONE', *, *, #480, .F. ) ;
#2186 = DIRECTION ( 'NONE',  ( 0.000000000000000000, -0.000000000000000000, 1.000000000000000000 ) ) ;
#2187 = CARTESIAN_POINT ( 'NONE',  ( 4.424999999999998934, 0.000000000000000000, 4.000000000000000888 ) ) ;
#2188 = FACE_OUTER_BOUND ( 'NONE', #1171, .T. ) ;
#2189 = EDGE_CURVE ( 'NONE', #655, #1877, #2593, .T. ) ;
#2190 = VERTEX_POINT ( 'NONE', #2913 ) ;
#2191 = CARTESIAN_POINT ( 'NONE',  ( -2.260621656298445803, 9.900000000000000355, -0.09455628994437857704 ) ) ;
#2192 = CARTESIAN_POINT ( 'NONE',  ( -2.535054727164589572, 9.900000000000000355, -0.6680968411254809558 ) ) ;
#2193 = VERTEX_POINT ( 'NONE', #2631 ) ;
#2194 = DIRECTION ( 'NONE',  ( -0.000000000000000000, 1.000000000000000000, -0.000000000000000000 ) ) ;
#2195 = PRESENTATION_STYLE_ASSIGNMENT (( #1910 ) ) ;
#2196 = CARTESIAN_POINT ( 'NONE',  ( 1.999651228604592212, 9.899000000000002686, 1.243016556559625618 ) ) ;
#2197 = EDGE_CURVE ( 'NONE', #91, #3009, #1923, .T. ) ;
#2198 = PRESENTATION_STYLE_ASSIGNMENT (( #1702 ) ) ;
#2199 = CARTESIAN_POINT ( 'NONE',  ( -1.787375593306315347, 9.899000000000000909, 1.154840954150104126 ) ) ;
#2200 = LINE ( 'NONE', #1940, #466 ) ;
#2201 = DIRECTION ( 'NONE',  ( 1.000000000000000000, 0.000000000000000000, -0.000000000000000000 ) ) ;
#2202 = ORIENTED_EDGE ( 'NONE', *, *, #982, .F. ) ;
#2203 = DIRECTION ( 'NONE',  ( 1.000000000000000000, 0.000000000000000000, 0.000000000000000000 ) ) ;
#2204 = ADVANCED_FACE ( 'NONE', ( #3160 ), #465, .F. ) ;
#2205 = CARTESIAN_POINT ( 'NONE',  ( -1.850788979133095147, 9.899000000000000909, -1.233555896243599737 ) ) ;
#2206 = CARTESIAN_POINT ( 'NONE',  ( 2.698214344442096735, 9.898999999999999133, -2.168063518185379568 ) ) ;
#2207 = CARTESIAN_POINT ( 'NONE',  ( 1.859969078741678050, 9.899000000000000909, -0.7989789489029690550 ) ) ;
#2208 = CARTESIAN_POINT ( 'NONE',  ( -4.424999999999998934, -0.1000000000000000056, -4.000000000000000000 ) ) ;
#2209 = VECTOR ( 'NONE', #2309, 1000.000000000000000 ) ;
#2210 = ORIENTED_EDGE ( 'NONE', *, *, #2229, .F. ) ;
#2211 =( NAMED_UNIT ( * ) PLANE_ANGLE_UNIT ( ) SI_UNIT ( $, .RADIAN. ) );
#2212 = CARTESIAN_POINT ( 'NONE',  ( 2.074430326976350880, 9.899999999999996803, 1.301282661521172113 ) ) ;
#2213 = FILL_AREA_STYLE ('',( #216 ) ) ;
#2214 = DIRECTION ( 'NONE',  ( 0.000000000000000000, -0.000000000000000000, 1.000000000000000000 ) ) ;
#2215 = AXIS2_PLACEMENT_3D ( 'NONE', #2131, #1868, #1373 ) ;
#2216 = CARTESIAN_POINT ( 'NONE',  ( -4.424999999999998934, -0.1000000000000000056, -4.000000000000000000 ) ) ;
#2217 = VECTOR ( 'NONE', #2649, 1000.000000000000000 ) ;
#2218 = STYLED_ITEM ( 'NONE', ( #1621 ), #962 ) ;
#2219 = CARTESIAN_POINT ( 'NONE',  ( 4.424999999999998934, -0.1000000000000000056, -4.000000000000000888 ) ) ;
#2220 = CARTESIAN_POINT ( 'NONE',  ( 0.8201070838590328593, 9.899000000000000909, -0.9868220379758848582 ) ) ;
#2221 = COLOUR_RGB ( '',1.000000000000000000, 1.000000000000000000, 1.000000000000000000 ) ;
#2222 = EDGE_LOOP ( 'NONE', ( #1320, #1646, #188, #2854, #2976, #2410, #2408, #2899, #1311, #1512, #2296 ) ) ;
#2223 =( GEOMETRIC_REPRESENTATION_CONTEXT ( 3 ) GLOBAL_UNCERTAINTY_ASSIGNED_CONTEXT ( ( #3076 ) ) GLOBAL_UNIT_ASSIGNED_CONTEXT ( ( #2746, #1487, #209 ) ) REPRESENTATION_CONTEXT ( 'NONE', 'WORKASPACE' ) );
#2224 = CARTESIAN_POINT ( 'NONE',  ( 1.798871322331421885, 9.899000000000002686, -1.119491769415789761 ) ) ;
#2225 = FILL_AREA_STYLE_COLOUR ( '', #455 ) ;
#2226 = MECHANICAL_DESIGN_GEOMETRIC_PRESENTATION_REPRESENTATION (  '', ( #2744 ), #63 ) ;
#2227 = EDGE_CURVE ( 'NONE', #583, #959, #1891, .T. ) ;
#2228 = DIRECTION ( 'NONE',  ( 7.350523203291555004E-17, 0.000000000000000000, 1.000000000000000000 ) ) ;
#2229 = EDGE_CURVE ( 'NONE', #889, #2002, #1759, .T. ) ;
#2230 = VECTOR ( 'NONE', #39, 1000.000000000000000 ) ;
#2231 = CARTESIAN_POINT ( 'NONE',  ( 2.074430326976350880, 9.899999999999996803, -0.6217942615557505714 ) ) ;
#2232 = CARTESIAN_POINT ( 'NONE',  ( 3.931341668308921733, 9.899999999999996803, -1.826969671641439863 ) ) ;
#2233 = DIRECTION ( 'NONE',  ( -0.000000000000000000, 1.000000000000000000, -0.000000000000000000 ) ) ;
#2234 = ORIENTED_EDGE ( 'NONE', *, *, #495, .T. ) ;
#2235 =( NAMED_UNIT ( * ) PLANE_ANGLE_UNIT ( ) SI_UNIT ( $, .RADIAN. ) );
#2236 = CARTESIAN_POINT ( 'NONE',  ( 1.539456258228857344, 9.899000000000000909, -1.119491769415789539 ) ) ;
#2237 = CARTESIAN_POINT ( 'NONE',  ( 3.327817636433985538, 9.899000000000000909, 1.590343967763697908 ) ) ;
#2238 =( LENGTH_UNIT ( ) NAMED_UNIT ( * ) SI_UNIT ( .MILLI., .METRE. ) );
#2239 = ORIENTED_EDGE ( 'NONE', *, *, #1653, .F. ) ;
#2240 = LINE ( 'NONE', #742, #1132 ) ;
#2241 = DIRECTION ( 'NONE',  ( -0.000000000000000000, 1.000000000000000000, -0.000000000000000000 ) ) ;
#2242 = DIRECTION ( 'NONE',  ( 1.000000000000000000, 0.000000000000000000, 0.000000000000000000 ) ) ;
#2243 = DIRECTION ( 'NONE',  ( -0.000000000000000000, -0.000000000000000000, -1.000000000000000000 ) ) ;
#2244 = SURFACE_STYLE_FILL_AREA ( #2508 ) ;
#2245 = ORIENTED_EDGE ( 'NONE', *, *, #3139, .F. ) ;
#2246 = FILL_AREA_STYLE_COLOUR ( '', #2006 ) ;
#2247 = LINE ( 'NONE', #1001, #1433 ) ;
#2248 = DIRECTION ( 'NONE',  ( 1.000000000000000000, 0.000000000000000000, 0.000000000000000000 ) ) ;
#2249 = CARTESIAN_POINT ( 'NONE',  ( 1.859969078741678050, 9.900000000000000355, -2.722055871979891961 ) ) ;
#2250 = CARTESIAN_POINT ( 'NONE',  ( 2.698214344442097179, 9.900000000000002132, 1.678090327968466910 ) ) ;
#2251 = EDGE_LOOP ( 'NONE', ( #1782, #2518, #1380, #1214 ) ) ;
#2252 = EDGE_CURVE ( 'NONE', #1418, #2530, #3127, .T. ) ;
#2253 = CARTESIAN_POINT ( 'NONE',  ( 1.866044462534064419, 9.900000000000002132, -2.985127534560964246 ) ) ;
#2254 = LINE ( 'NONE', #288, #3169 ) ;
#2255 = EDGE_LOOP ( 'NONE', ( #947, #2537, #1204, #284 ) ) ;
#2256 = FILL_AREA_STYLE_COLOUR ( '', #313 ) ;
#2257 = FACE_OUTER_BOUND ( 'NONE', #571, .T. ) ;
#2258 = DIRECTION ( 'NONE',  ( 1.000000000000000000, -0.000000000000000000, -0.000000000000000000 ) ) ;
#2259 = CARTESIAN_POINT ( 'NONE',  ( 1.798871322331421663, 9.899000000000000909, -1.119491769415789539 ) ) ;
#2260 = CARTESIAN_POINT ( 'NONE',  ( 3.982518742424586922, 9.900000000000000355, -1.825388743518869372 ) ) ;
#2261 = SURFACE_SIDE_STYLE ('',( #984 ) ) ;
#2262 = CARTESIAN_POINT ( 'NONE',  ( 2.413020837767631210, 9.899999999999996803, -2.322727682811485561 ) ) ;
#2263 = CARTESIAN_POINT ( 'NONE',  ( 3.327817636433985538, 9.900000000000000355, 1.590343967763697908 ) ) ;
#2264 = ORIENTED_EDGE ( 'NONE', *, *, #1980, .F. ) ;
#2265 =( NAMED_UNIT ( * ) PLANE_ANGLE_UNIT ( ) SI_UNIT ( $, .RADIAN. ) );
#2266 = LINE ( 'NONE', #1715, #2535 ) ;
#2267 = DIRECTION ( 'NONE',  ( -1.000000000000000000, -0.000000000000000000, 6.973874670985814828E-15 ) ) ;
#2268 = FACE_OUTER_BOUND ( 'NONE', #457, .T. ) ;
#2269 = CARTESIAN_POINT ( 'NONE',  ( 3.683980207252016470, 9.899000000000000909, 1.989730310335926067 ) ) ;
#2270 = STYLED_ITEM ( 'NONE', ( #1016 ), #257 ) ;
#2271 = ORIENTED_EDGE ( 'NONE', *, *, #1510, .F. ) ;
#2272 = ADVANCED_FACE ( 'NONE', ( #1873 ), #2699, .T. ) ;
#2273 = AXIS2_PLACEMENT_3D ( 'NONE', #1498, #1939, #2214 ) ;
#2274 = VECTOR ( 'NONE', #1099, 1000.000000000000000 ) ;
#2275 =( LENGTH_UNIT ( ) NAMED_UNIT ( * ) SI_UNIT ( .MILLI., .METRE. ) );
#2276 = CARTESIAN_POINT ( 'NONE',  ( 3.683980207252017358, 9.900000000000002132, 0.06665338725900260552 ) ) ;
#2277 = VECTOR ( 'NONE', #1260, 1000.000000000000000 ) ;
#2278 = PRESENTATION_LAYER_ASSIGNMENT (  '', '', ( #824 ) ) ;
#2279 = PLANE ( 'NONE',  #3211 ) ;
#2280 = ORIENTED_EDGE ( 'NONE', *, *, #2079, .F. ) ;
#2281 = B_SPLINE_CURVE_WITH_KNOTS ( 'NONE', 3,
 ( #639, #2356, #849, #1078, #2339, #122, #1589, #96, #2571, #3074, #394, #348, #1107, #1327, #2318 ),
 .UNSPECIFIED., .F., .F.,
 ( 4, 1, 1, 1, 1, 1, 1, 1, 1, 1, 1, 1, 4 ),
 ( 0.000000000000000000, 0.05027287497458368670, 0.1027903700748774990, 0.1576131012369288709, 0.2146311133156754147, 0.2740612127265389386, 0.3356974550538850410, 0.4000702787165525409, 0.4668267493853399674, 0.6020780869193702589, 0.7357515335047495331, 0.8682046170340284030, 0.9999999999999998890 ),
 .UNSPECIFIED. ) ;
#2282 = MECHANICAL_DESIGN_GEOMETRIC_PRESENTATION_REPRESENTATION (  '', ( #2799 ), #2944 ) ;
#2283 = CARTESIAN_POINT ( 'NONE',  ( 1.820934012025256399, 9.899000000000002686, -1.100625501748689450 ) ) ;
#2284 = MECHANICAL_DESIGN_GEOMETRIC_PRESENTATION_REPRESENTATION (  '', ( #878 ), #928 ) ;
#2285 = COLOUR_RGB ( '',0.1921568627450980227, 0.2039215686274509776, 0.2039215686274509776 ) ;
#2286 = CARTESIAN_POINT ( 'NONE',  ( 3.267244662403632205, 9.900000000000002132, -0.02895715511207829981 ) ) ;
#2287 = VECTOR ( 'NONE', #3101, 1000.000000000000000 ) ;
#2288 = CARTESIAN_POINT ( 'NONE',  ( 2.895953799279411989, 9.900000000000002132, -2.080332299128503148 ) ) ;
#2289 = B_SPLINE_CURVE_WITH_KNOTS ( 'NONE', 3,
 ( #115, #2829, #352, #2121 ),
 .UNSPECIFIED., .F., .F.,
 ( 4, 4 ),
 ( 0.7272727272727274039, 0.8181818181818183433 ),
 .UNSPECIFIED. ) ;
#2290 = CARTESIAN_POINT ( 'NONE',  ( 5.250000000000000000, 9.900000000000000355, -5.900000000000000355 ) ) ;
#2291 = VECTOR ( 'NONE', #2749, 1000.000000000000000 ) ;
#2292 = PRESENTATION_STYLE_ASSIGNMENT (( #1991 ) ) ;
#2293 = CARTESIAN_POINT ( 'NONE',  ( 2.698214344442097179, 9.900000000000000355, 1.678090327968466910 ) ) ;
#2294 = CARTESIAN_POINT ( 'NONE',  ( 4.007404976177575406, 9.900000000000000355, -1.824619974543994605 ) ) ;
#2295 =( NAMED_UNIT ( * ) SI_UNIT ( $, .STERADIAN. ) SOLID_ANGLE_UNIT ( ) );
#2296 = ORIENTED_EDGE ( 'NONE', *, *, #1559, .T. ) ;
#2297 = ORIENTED_EDGE ( 'NONE', *, *, #255, .T. ) ;
#2298 = CARTESIAN_POINT ( 'NONE',  ( 3.108247731221343901, 9.899999999999995026, 1.526261762053819249 ) ) ;
#2299 = VECTOR ( 'NONE', #723, 1000.000000000000000 ) ;
#2300 = CARTESIAN_POINT ( 'NONE',  ( 1.859969078741678050, 9.899000000000000909, -0.7989789489029690550 ) ) ;
#2301 = ORIENTED_EDGE ( 'NONE', *, *, #1345, .T. ) ;
#2302 = CARTESIAN_POINT ( 'NONE',  ( 4.007404976177575406, 9.899000000000000909, -1.824619974543994605 ) ) ;
#2303 = EDGE_CURVE ( 'NONE', #220, #918, #1029, .T. ) ;
#2304 = CARTESIAN_POINT ( 'NONE',  ( 3.594000733682871207, 9.900000000000002132, 0.04993671941924254093 ) ) ;
#2305 = PRESENTATION_STYLE_ASSIGNMENT (( #1567 ) ) ;
#2306 = UNCERTAINTY_MEASURE_WITH_UNIT (LENGTH_MEASURE( 1.000000000000000082E-05 ), #2364, 'distance_accuracy_value', 'NONE');
#2307 = CARTESIAN_POINT ( 'NONE',  ( 3.380588384908581823, 9.900000000000000355, 1.604173098162825717 ) ) ;
#2308 = DIRECTION ( 'NONE',  ( -1.000000000000000000, 0.000000000000000000, -0.000000000000000000 ) ) ;
#2309 = DIRECTION ( 'NONE',  ( 0.000000000000000000, 0.000000000000000000, -1.000000000000000000 ) ) ;
#2310 = SURFACE_STYLE_USAGE ( .BOTH. , #1768 ) ;
#2311 = CARTESIAN_POINT ( 'NONE',  ( -1.901340553936240241, 9.899000000000000909, -0.8863279434876945029 ) ) ;
#2312 = ORIENTED_EDGE ( 'NONE', *, *, #43, .F. ) ;
#2313 = ORIENTED_EDGE ( 'NONE', *, *, #3046, .F. ) ;
#2314 = FACE_OUTER_BOUND ( 'NONE', #118, .T. ) ;
#2315 = CARTESIAN_POINT ( 'NONE',  ( 3.267244662403632205, 9.900000000000003908, -0.02895715511207829981 ) ) ;
#2316 = EDGE_LOOP ( 'NONE', ( #966, #1396, #2153, #2234 ) ) ;
#2317 = FILL_AREA_STYLE_COLOUR ( '', #622 ) ;
#2318 = CARTESIAN_POINT ( 'NONE',  ( 3.327817636433985538, 9.899000000000000909, 1.590343967763697908 ) ) ;
#2319 = ADVANCED_FACE ( 'NONE', ( #506 ), #2874, .F. ) ;
#2320 = CARTESIAN_POINT ( 'NONE',  ( 1.866044462534064197, 9.899000000000000909, 0.8610263115928821209 ) ) ;
#2321 = SURFACE_STYLE_FILL_AREA ( #1329 ) ;
#2322 = CARTESIAN_POINT ( 'NONE',  ( -5.250000000000000000, 9.900000000000000355, -5.900000000000000355 ) ) ;
#2323 = DIRECTION ( 'NONE',  ( 1.000000000000000000, 0.000000000000000000, 0.000000000000000000 ) ) ;
#2324 = DIRECTION ( 'NONE',  ( -0.000000000000000000, -1.000000000000000000, -0.000000000000000000 ) ) ;
#2325 = CARTESIAN_POINT ( 'NONE',  ( -2.224999999999997868, 0.000000000000000000, -4.000000000000000000 ) ) ;
#2326 =( NAMED_UNIT ( * ) PLANE_ANGLE_UNIT ( ) SI_UNIT ( $, .RADIAN. ) );
#2327 = ORIENTED_EDGE ( 'NONE', *, *, #3117, .T. ) ;
#2328 =( NAMED_UNIT ( * ) PLANE_ANGLE_UNIT ( ) SI_UNIT ( $, .RADIAN. ) );
#2329 = STYLED_ITEM ( 'NONE', ( #2198 ), #162 ) ;
#2330 = CARTESIAN_POINT ( 'NONE',  ( 3.097130752144278798, 9.899000000000000909, -0.08122348854155042597 ) ) ;
#2331 = FILL_AREA_STYLE_COLOUR ( '', #67 ) ;
#2332 = PRESENTATION_LAYER_ASSIGNMENT (  '', '', ( #975 ) ) ;
#2333 = LINE ( 'NONE', #332, #831 ) ;
#2334 = VECTOR ( 'NONE', #1239, 1000.000000000000000 ) ;
#2335 = VECTOR ( 'NONE', #818, 1000.000000000000000 ) ;
#2336 = UNCERTAINTY_MEASURE_WITH_UNIT (LENGTH_MEASURE( 1.000000000000000082E-05 ), #860, 'distance_accuracy_value', 'NONE');
#2337 =( GEOMETRIC_REPRESENTATION_CONTEXT ( 3 ) GLOBAL_UNCERTAINTY_ASSIGNED_CONTEXT ( ( #2404 ) ) GLOBAL_UNIT_ASSIGNED_CONTEXT ( ( #3187, #2406, #167 ) ) REPRESENTATION_CONTEXT ( 'NONE', 'WORKASPACE' ) );
#2338 = MECHANICAL_DESIGN_GEOMETRIC_PRESENTATION_REPRESENTATION (  '', ( #1090 ), #2998 ) ;
#2339 = CARTESIAN_POINT ( 'NONE',  ( 2.014400266732862210, 9.899000000000000909, 0.9730798424283186865 ) ) ;
#2340 =( NAMED_UNIT ( * ) SI_UNIT ( $, .STERADIAN. ) SOLID_ANGLE_UNIT ( ) );
#2341 = EDGE_CURVE ( 'NONE', #3036, #2127, #800, .T. ) ;
#2342 = UNCERTAINTY_MEASURE_WITH_UNIT (LENGTH_MEASURE( 1.000000000000000082E-05 ), #1797, 'distance_accuracy_value', 'NONE');
#2343 = DIRECTION ( 'NONE',  ( -1.000000000000000000, 0.000000000000000000, 0.000000000000000000 ) ) ;
#2344 = ADVANCED_FACE ( 'NONE', ( #2101 ), #816, .T. ) ;
#2345 = SURFACE_STYLE_FILL_AREA ( #1357 ) ;
#2346 = STYLED_ITEM ( 'NONE', ( #2399 ), #2881 ) ;
#2347 = CARTESIAN_POINT ( 'NONE',  ( 3.487943684178945958, 9.900000000000000355, -0.2907702381153060567 ) ) ;
#2348 = CARTESIAN_POINT ( 'NONE',  ( 1.866044462534064197, 9.899000000000000909, -1.062050611484041562 ) ) ;
#2349 = CARTESIAN_POINT ( 'NONE',  ( -1.850788979133095147, 9.900000000000000355, -1.233555896243599737 ) ) ;
#2350 = SURFACE_STYLE_FILL_AREA ( #581 ) ;
#2351 = ADVANCED_FACE ( 'NONE', ( #2067 ), #603, .F. ) ;
#2352 = ORIENTED_EDGE ( 'NONE', *, *, #1505, .F. ) ;
#2353 = FILL_AREA_STYLE_COLOUR ( '', #1185 ) ;
#2354 = CARTESIAN_POINT ( 'NONE',  ( 1.539456258228857344, 9.899000000000000909, 0.8035851536611338108 ) ) ;
#2355 = EDGE_CURVE ( 'NONE', #91, #1230, #2586, .T. ) ;
#2356 = CARTESIAN_POINT ( 'NONE',  ( 1.820934012025256399, 9.899000000000002686, 0.8224514213282342334 ) ) ;
#2357 =( NAMED_UNIT ( * ) SI_UNIT ( $, .STERADIAN. ) SOLID_ANGLE_UNIT ( ) );
#2358 = CARTESIAN_POINT ( 'NONE',  ( 3.828472305305705703, 9.900000000000000355, -0.2361615045067191609 ) ) ;
#2359 = CARTESIAN_POINT ( 'NONE',  ( 0.5668322807094262616, 9.900000000000000355, -0.3954141639601409519 ) ) ;
#2360 = CARTESIAN_POINT ( 'NONE',  ( 2.892817914572809457, 9.900000000000003908, -0.4771268272950355271 ) ) ;
#2361 = ORIENTED_EDGE ( 'NONE', *, *, #405, .T. ) ;
#2362 = VERTEX_POINT ( 'NONE', #192 ) ;
#2363 = CARTESIAN_POINT ( 'NONE',  ( 4.007404976177575406, 9.899000000000000909, -2.145132795056815311 ) ) ;
#2364 =( LENGTH_UNIT ( ) NAMED_UNIT ( * ) SI_UNIT ( .MILLI., .METRE. ) );
#2365 = PLANE ( 'NONE',  #2683 ) ;
#2366 = EDGE_CURVE ( 'NONE', #690, #2960, #1420, .T. ) ;
#2367 = LINE ( 'NONE', #1882, #675 ) ;
#2368 = FILL_AREA_STYLE ('',( #2601 ) ) ;
#2369 = UNCERTAINTY_MEASURE_WITH_UNIT (LENGTH_MEASURE( 1.000000000000000082E-05 ), #2238, 'distance_accuracy_value', 'NONE');
#2370 = PLANE ( 'NONE',  #2677 ) ;
#2371 = FILL_AREA_STYLE_COLOUR ( '', #1947 ) ;
#2372 = CARTESIAN_POINT ( 'NONE',  ( -2.224999999999998312, -0.1000000000000000056, 4.000000000000000000 ) ) ;
#2373 = CARTESIAN_POINT ( 'NONE',  ( 3.108247731221343901, 9.898999999999999133, -0.3968151610231040460 ) ) ;
#2374 = CARTESIAN_POINT ( 'NONE',  ( 3.097130752144278798, 9.899000000000000909, -0.08122348854155042597 ) ) ;
#2375 = ORIENTED_EDGE ( 'NONE', *, *, #599, .T. ) ;
#2376 = ORIENTED_EDGE ( 'NONE', *, *, #369, .F. ) ;
#2377 = CARTESIAN_POINT ( 'NONE',  ( 3.327817636433985538, 9.900000000000000355, -2.255809878390148349 ) ) ;
#2378 = FILL_AREA_STYLE ('',( #1165 ) ) ;
#2379 = EDGE_CURVE ( 'NONE', #2420, #1644, #1625, .T. ) ;
#2380 = DIRECTION ( 'NONE',  ( -1.000000000000000000, 0.000000000000000000, 0.000000000000000000 ) ) ;
#2381 = VECTOR ( 'NONE', #3034, 1000.000000000000000 ) ;
#2382 = VECTOR ( 'NONE', #2667, 1000.000000000000000 ) ;
#2383 = DIRECTION ( 'NONE',  ( 0.6128916609699370799, 0.000000000000000000, -0.7901669519244092221 ) ) ;
#2384 = MECHANICAL_DESIGN_GEOMETRIC_PRESENTATION_REPRESENTATION (  '', ( #1996 ), #243 ) ;
#2385 = CARTESIAN_POINT ( 'NONE',  ( 4.007404976177575406, 9.900000000000000355, -0.2220558719798921277 ) ) ;
#2386 = MECHANICAL_DESIGN_GEOMETRIC_PRESENTATION_REPRESENTATION (  '', ( #51 ), #661 ) ;
#2387 = AXIS2_PLACEMENT_3D ( 'NONE', #1150, #2144, #1662 ) ;
#2388 = PLANE ( 'NONE',  #977 ) ;
#2389 = COLOUR_RGB ( '',1.000000000000000000, 1.000000000000000000, 1.000000000000000000 ) ;
#2390 = STYLED_ITEM ( 'NONE', ( #1208 ), #1174 ) ;
#2391 = ORIENTED_EDGE ( 'NONE', *, *, #255, .F. ) ;
#2392 = EDGE_LOOP ( 'NONE', ( #94, #2271, #303, #36 ) ) ;
#2393 = STYLED_ITEM ( 'NONE', ( #1931 ), #2434 ) ;
#2394 = VERTEX_POINT ( 'NONE', #439 ) ;
#2395 = CARTESIAN_POINT ( 'NONE',  ( -1.412683861022860032, 9.900000000000000355, -0.8137633765585590151 ) ) ;
#2396 = PLANE ( 'NONE',  #1994 ) ;
#2397 = PRESENTATION_LAYER_ASSIGNMENT (  '', '', ( #2744 ) ) ;
#2398 = VECTOR ( 'NONE', #1063, 1000.000000000000000 ) ;
#2399 = PRESENTATION_STYLE_ASSIGNMENT (( #1665 ) ) ;
#2400 = PRODUCT_DEFINITION_SHAPE ( 'NONE', 'NONE',  #1580 ) ;
#2401 = ADVANCED_FACE ( 'NONE', ( #895 ), #1859, .F. ) ;
#2402 = CARTESIAN_POINT ( 'NONE',  ( -3.635738100735686817, 9.899000000000000909, -4.250000000000000000 ) ) ;
#2403 = SURFACE_STYLE_FILL_AREA ( #2148 ) ;
#2404 = UNCERTAINTY_MEASURE_WITH_UNIT (LENGTH_MEASURE( 1.000000000000000082E-05 ), #3187, 'distance_accuracy_value', 'NONE');
#2405 = CARTESIAN_POINT ( 'NONE',  ( -4.035738100735687617, 9.899000000000000909, -4.250000000000000000 ) ) ;
#2406 =( NAMED_UNIT ( * ) PLANE_ANGLE_UNIT ( ) SI_UNIT ( $, .RADIAN. ) );
#2407 = CARTESIAN_POINT ( 'NONE',  ( -4.035738100735687617, 9.900000000000000355, 4.250000000000000000 ) ) ;
#2408 = ORIENTED_EDGE ( 'NONE', *, *, #1212, .T. ) ;
#2409 = EDGE_LOOP ( 'NONE', ( #1217, #1323, #810, #1829 ) ) ;
#2410 = ORIENTED_EDGE ( 'NONE', *, *, #1389, .T. ) ;
#2411 = CARTESIAN_POINT ( 'NONE',  ( 2.153524624830120082, 9.900000000000003908, -0.5651951310678569040 ) ) ;
#2412 = CARTESIAN_POINT ( 'NONE',  ( 1.859969078741678050, 9.899000000000000909, 0.4830723331483130489 ) ) ;
#2413 = DIRECTION ( 'NONE',  ( -0.000000000000000000, 1.000000000000000000, -0.000000000000000000 ) ) ;
#2414 = CARTESIAN_POINT ( 'NONE',  ( 0.5668322807094262616, 9.900000000000000355, -0.3954141639601409519 ) ) ;
#2415 = ADVANCED_FACE ( 'NONE', ( #2159 ), #232, .F. ) ;
#2416 = ORIENTED_EDGE ( 'NONE', *, *, #691, .F. ) ;
#2417 = PRESENTATION_STYLE_ASSIGNMENT (( #936 ) ) ;
#2418 = LINE ( 'NONE', #2407, #407 ) ;
#2419 = EDGE_LOOP ( 'NONE', ( #2515, #1697, #1503, #934 ) ) ;
#2420 = VERTEX_POINT ( 'NONE', #930 ) ;
#2421 = SURFACE_SIDE_STYLE ('',( #3119 ) ) ;
#2422 = DIRECTION ( 'NONE',  ( -0.000000000000000000, 1.000000000000000000, -0.000000000000000000 ) ) ;
#2423 = PLANE ( 'NONE',  #1656 ) ;
#2424 = EDGE_LOOP ( 'NONE', ( #2833, #3194, #2312, #1221 ) ) ;
#2425 = CARTESIAN_POINT ( 'NONE',  ( 2.224999999999999201, -0.1000000000000000056, 4.000000000000000888 ) ) ;
#2426 = MECHANICAL_DESIGN_GEOMETRIC_PRESENTATION_REPRESENTATION (  '', ( #2729 ), #2933 ) ;
#2427 = UNCERTAINTY_MEASURE_WITH_UNIT (LENGTH_MEASURE( 1.000000000000000082E-05 ), #2275, 'distance_accuracy_value', 'NONE');
#2428 = CARTESIAN_POINT ( 'NONE',  ( -2.453308270471680874, 9.899000000000000909, -0.9522492033302085712 ) ) ;
#2429 = STYLED_ITEM ( 'NONE', ( #1960 ), #1611 ) ;
#2430 = MECHANICAL_DESIGN_GEOMETRIC_PRESENTATION_REPRESENTATION (  '', ( #357 ), #1941 ) ;
#2431 = ORIENTED_EDGE ( 'NONE', *, *, #2603, .F. ) ;
#2432 = SURFACE_SIDE_STYLE ('',( #1410 ) ) ;
#2433 = DIRECTION ( 'NONE',  ( 0.000000000000000000, 0.000000000000000000, -1.000000000000000000 ) ) ;
#2434 = ADVANCED_FACE ( 'NONE', ( #1906 ), #2471, .F. ) ;
#2435 = ORIENTED_EDGE ( 'NONE', *, *, #2197, .T. ) ;
#2436 = MECHANICAL_DESIGN_GEOMETRIC_PRESENTATION_REPRESENTATION (  '', ( #618 ), #2538 ) ;
#2437 =( GEOMETRIC_REPRESENTATION_CONTEXT ( 3 ) GLOBAL_UNCERTAINTY_ASSIGNED_CONTEXT ( ( #1406 ) ) GLOBAL_UNIT_ASSIGNED_CONTEXT ( ( #2866, #400, #3094 ) ) REPRESENTATION_CONTEXT ( 'NONE', 'WORKASPACE' ) );
#2438 = EDGE_CURVE ( 'NONE', #2863, #278, #3184, .T. ) ;
#2439 = LINE ( 'NONE', #492, #1424 ) ;
#2440 = FILL_AREA_STYLE_COLOUR ( '', #611 ) ;
#2441 = STYLED_ITEM ( 'NONE', ( #2696 ), #2469 ) ;
#2442 = LINE ( 'NONE', #1916, #2078 ) ;
#2443 = EDGE_LOOP ( 'NONE', ( #1422, #2915, #2566, #754 ) ) ;
#2444 =( GEOMETRIC_REPRESENTATION_CONTEXT ( 3 ) GLOBAL_UNCERTAINTY_ASSIGNED_CONTEXT ( ( #798 ) ) GLOBAL_UNIT_ASSIGNED_CONTEXT ( ( #1481, #973, #1021 ) ) REPRESENTATION_CONTEXT ( 'NONE', 'WORKASPACE' ) );
#2445 = SURFACE_SIDE_STYLE ('',( #1438 ) ) ;
#2446 =( LENGTH_UNIT ( ) NAMED_UNIT ( * ) SI_UNIT ( .MILLI., .METRE. ) );
#2447 = B_SPLINE_CURVE_WITH_KNOTS ( 'NONE', 3,
 ( #2237, #1197, #516, #459, #446, #722, #2688 ),
 .UNSPECIFIED., .F., .F.,
 ( 4, 1, 1, 1, 4 ),
 ( 0.000000000000000000, 0.2372165186042104190, 0.4825864912431361287, 0.7368469271779307661, 1.000000000000000000 ),
 .UNSPECIFIED. ) ;
#2448 = ORIENTED_EDGE ( 'NONE', *, *, #3197, .T. ) ;
#2449 = CARTESIAN_POINT ( 'NONE',  ( 4.007404976177575406, 9.900000000000000355, 1.701021051097031167 ) ) ;
#2450 =( NAMED_UNIT ( * ) PLANE_ANGLE_UNIT ( ) SI_UNIT ( $, .RADIAN. ) );
#2451 = CARTESIAN_POINT ( 'NONE',  ( 3.267244662403631761, 9.899000000000000909, 1.894119767964845158 ) ) ;
#2452 = DIRECTION ( 'NONE',  ( -2.669298168377903625E-13, -1.000000000000000000, 3.121544665240847320E-13 ) ) ;
#2453 = LINE ( 'NONE', #1225, #1936 ) ;
#2454 = FACE_OUTER_BOUND ( 'NONE', #1022, .T. ) ;
#2455 = ADVANCED_FACE ( 'NONE', ( #1721 ), #2726, .F. ) ;
#2456 = ORIENTED_EDGE ( 'NONE', *, *, #1904, .F. ) ;
#2457 = CARTESIAN_POINT ( 'NONE',  ( 3.947081253282668012, 9.899999999999998579, -2.149888238898677528 ) ) ;
#2458 = CARTESIAN_POINT ( 'NONE',  ( -2.059126774408686078, 9.899000000000000909, -0.5386035340388787285 ) ) ;
#2459 = UNCERTAINTY_MEASURE_WITH_UNIT (LENGTH_MEASURE( 1.000000000000000082E-05 ), #1807, 'distance_accuracy_value', 'NONE');
#2460 = CARTESIAN_POINT ( 'NONE',  ( 3.828472305305705703, 9.900000000000000355, -2.159238427583641595 ) ) ;
#2461 = ORIENTED_EDGE ( 'NONE', *, *, #524, .F. ) ;
#2462 = CARTESIAN_POINT ( 'NONE',  ( 2.537592257453080702, 9.900000000000002132, -2.251023697358974118 ) ) ;
#2463 = FILL_AREA_STYLE_COLOUR ( '', #239 ) ;
#2464 = ORIENTED_EDGE ( 'NONE', *, *, #1876, .T. ) ;
#2465 = CARTESIAN_POINT ( 'NONE',  ( 3.770155873744589048, 9.898999999999999133, 2.002881816693467432 ) ) ;
#2466 = SURFACE_STYLE_USAGE ( .BOTH. , #286 ) ;
#2467 = EDGE_CURVE ( 'NONE', #23, #220, #2955, .T. ) ;
#2468 = CARTESIAN_POINT ( 'NONE',  ( 2.182870226123697410, 9.898999999999997357, -2.762136768214439986 ) ) ;
#2469 = ADVANCED_FACE ( 'NONE', ( #535 ), #602, .F. ) ;
#2470 = ORIENTED_EDGE ( 'NONE', *, *, #2917, .T. ) ;
#2471 = B_SPLINE_SURFACE_WITH_KNOTS ( 'NONE', 3, 1, ( 
 ( #2909, #2503 ),
 ( #468, #1215 ),
 ( #500, #2191 ),
 ( #2458, #782 ) ),
 .UNSPECIFIED., .F., .F., .F.,
 ( 4, 4 ),
 ( 2, 2 ),
 ( 0.6363636363636364646, 0.7272727272727274039 ),
 ( 0.000000000000000000, 1.000000000000000000 ),
 .UNSPECIFIED. ) ;
#2472 =( NAMED_UNIT ( * ) SI_UNIT ( $, .STERADIAN. ) SOLID_ANGLE_UNIT ( ) );
#2473 = CARTESIAN_POINT ( 'NONE',  ( 1.539456258228857344, 9.900000000000000355, 2.406149256225236677 ) ) ;
#2474 = LINE ( 'NONE', #1235, #145 ) ;
#2475 = CARTESIAN_POINT ( 'NONE',  ( 2.236200404777783479, 9.900000000000000355, -0.5091199628723855897 ) ) ;
#2476 = LINE ( 'NONE', #2750, #2334 ) ;
#2477 = CARTESIAN_POINT ( 'NONE',  ( 4.007404976177575406, 9.900000000000000355, -1.824619974543994605 ) ) ;
#2478 = ORIENTED_EDGE ( 'NONE', *, *, #3042, .T. ) ;
#2479 = FACE_OUTER_BOUND ( 'NONE', #3027, .T. ) ;
#2480 = STYLED_ITEM ( 'NONE', ( #1273 ), #1975 ) ;
#2481 = CARTESIAN_POINT ( 'NONE',  ( 2.698214344442097179, 9.899000000000000909, 1.678090327968466910 ) ) ;
#2482 = COLOUR_RGB ( '',1.000000000000000000, 1.000000000000000000, 1.000000000000000000 ) ;
#2483 =( NAMED_UNIT ( * ) PLANE_ANGLE_UNIT ( ) SI_UNIT ( $, .RADIAN. ) );
#2484 = SURFACE_SIDE_STYLE ('',( #2951 ) ) ;
#2485 = STYLED_ITEM ( 'NONE', ( #2686 ), #1140 ) ;
#2486 = ORIENTED_EDGE ( 'NONE', *, *, #2917, .F. ) ;
#2487 = SURFACE_STYLE_USAGE ( .BOTH. , #1968 ) ;
#2488 = CARTESIAN_POINT ( 'NONE',  ( 0.8201070838590328593, 9.899000000000000909, -0.9868220379758848582 ) ) ;
#2489 = LINE ( 'NONE', #1271, #2398 ) ;
#2490 = PRESENTATION_STYLE_ASSIGNMENT (( #1745 ) ) ;
#2491 = CARTESIAN_POINT ( 'NONE',  ( 1.859969078741678050, 9.899000000000000909, 0.4830723331483130489 ) ) ;
#2492 = CARTESIAN_POINT ( 'NONE',  ( 3.254749212862530161, 9.900000000000000355, -2.277135140363859556 ) ) ;
#2493 = ORIENTED_EDGE ( 'NONE', *, *, #2135, .T. ) ;
#2494 = SURFACE_SIDE_STYLE ('',( #734 ) ) ;
#2495 = SURFACE_SIDE_STYLE ('',( #1209 ) ) ;
#2496 =( NAMED_UNIT ( * ) PLANE_ANGLE_UNIT ( ) SI_UNIT ( $, .RADIAN. ) );
#2497 = ORIENTED_EDGE ( 'NONE', *, *, #1854, .T. ) ;
#2498 =( NAMED_UNIT ( * ) PLANE_ANGLE_UNIT ( ) SI_UNIT ( $, .RADIAN. ) );
#2499 = CARTESIAN_POINT ( 'NONE',  ( 1.031653934252735327, 9.899000000000000909, -0.5050338489995117586 ) ) ;
#2500 = CARTESIAN_POINT ( 'NONE',  ( 2.698214344442097179, 9.900000000000002132, -0.2449865951084562732 ) ) ;
#2501 = ORIENTED_EDGE ( 'NONE', *, *, #1345, .F. ) ;
#2502 = PRESENTATION_STYLE_ASSIGNMENT (( #3011 ) ) ;
#2503 = CARTESIAN_POINT ( 'NONE',  ( -1.050408664172459927, 9.900000000000000355, 0.8041224502130936980 ) ) ;
#2504 = CARTESIAN_POINT ( 'NONE',  ( 4.424999999999998934, -0.1000000000000000056, -4.000000000000000888 ) ) ;
#2505 = CARTESIAN_POINT ( 'NONE',  ( 2.892817914572809013, 9.900000000000002132, -2.400203750371958655 ) ) ;
#2506 = CARTESIAN_POINT ( 'NONE',  ( 3.097130752144279686, 9.899000000000002686, -2.004300411618473277 ) ) ;
#2507 = DIRECTION ( 'NONE',  ( 0.000000000000000000, -2.591317742194439621E-12, -1.000000000000000000 ) ) ;
#2508 = FILL_AREA_STYLE ('',( #44 ) ) ;
#2509 = ORIENTED_EDGE ( 'NONE', *, *, #1701, .F. ) ;
#2510 = DIRECTION ( 'NONE',  ( -0.000000000000000000, -0.000000000000000000, -1.000000000000000000 ) ) ;
#2511 = CARTESIAN_POINT ( 'NONE',  ( -5.249999999999999112, 9.900000000000000355, 5.900000000000000355 ) ) ;
#2512 = DIRECTION ( 'NONE',  ( -0.000000000000000000, 1.000000000000000000, -0.000000000000000000 ) ) ;
#2513 =( LENGTH_UNIT ( ) NAMED_UNIT ( * ) SI_UNIT ( .MILLI., .METRE. ) );
#2514 = CARTESIAN_POINT ( 'NONE',  ( 3.852702646889013316, 9.900000000000002132, 2.012193181073960169 ) ) ;
#2515 = ORIENTED_EDGE ( 'NONE', *, *, #803, .F. ) ;
#2516 = CARTESIAN_POINT ( 'NONE',  ( 1.045314170473210513, 9.899000000000000909, -0.07946810096801441847 ) ) ;
#2517 = CARTESIAN_POINT ( 'NONE',  ( -4.035738100735687617, 9.900000000000000355, -4.250000000000000000 ) ) ;
#2518 = ORIENTED_EDGE ( 'NONE', *, *, #2030, .F. ) ;
#2519 = B_SPLINE_CURVE_WITH_KNOTS ( 'NONE', 3,
 ( #1110, #137, #2359, #1843 ),
 .UNSPECIFIED., .F., .F.,
 ( 4, 4 ),
 ( 0.8181818181818183433, 0.9090909090909092827 ),
 .UNSPECIFIED. ) ;
#2520 = CARTESIAN_POINT ( 'NONE',  ( 1.820934012025256399, 9.899999999999998579, -1.100625501748689450 ) ) ;
#2521 = DIRECTION ( 'NONE',  ( -0.000000000000000000, 1.000000000000000000, -0.000000000000000000 ) ) ;
#2522 = CARTESIAN_POINT ( 'NONE',  ( 1.882342475634342760, 9.900000000000000355, -2.702000694780362089 ) ) ;
#2523 = CARTESIAN_POINT ( 'NONE',  ( 1.927686470879948377, 9.900000000000002132, -2.661355017954980084 ) ) ;
#2524 = CARTESIAN_POINT ( 'NONE',  ( 3.327817636433985538, 9.900000000000000355, -2.255809878390148349 ) ) ;
#2525 = CARTESIAN_POINT ( 'NONE',  ( -4.424999999999998934, 0.000000000000000000, -4.000000000000000000 ) ) ;
#2526 = CARTESIAN_POINT ( 'NONE',  ( 1.859969078741678050, 9.900000000000000355, 1.124097974173954295 ) ) ;
#2527 = LINE ( 'NONE', #299, #1786 ) ;
#2528 = CARTESIAN_POINT ( 'NONE',  ( 3.947081253282668012, 9.898999999999999133, -0.2268113158217549274 ) ) ;
#2529 = SURFACE_STYLE_USAGE ( .BOTH. , #1333 ) ;
#2530 = VERTEX_POINT ( 'NONE', #152 ) ;
#2531 = EDGE_CURVE ( 'NONE', #690, #656, #1576, .T. ) ;
#2532 =( GEOMETRIC_REPRESENTATION_CONTEXT ( 3 ) GLOBAL_UNCERTAINTY_ASSIGNED_CONTEXT ( ( #1124 ) ) GLOBAL_UNIT_ASSIGNED_CONTEXT ( ( #1439, #681, #1709 ) ) REPRESENTATION_CONTEXT ( 'NONE', 'WORKASPACE' ) );
#2533 = CARTESIAN_POINT ( 'NONE',  ( 2.370749291291986971, 9.898999999999995580, -2.650843068009312464 ) ) ;
#2534 = CARTESIAN_POINT ( 'NONE',  ( 3.327817636433985538, 9.899999999999996803, 1.590343967763697908 ) ) ;
#2535 = VECTOR ( 'NONE', #2770, 1000.000000000000000 ) ;
#2536 = PLANE ( 'NONE',  #1441 ) ;
#2537 = ORIENTED_EDGE ( 'NONE', *, *, #441, .F. ) ;
#2538 =( GEOMETRIC_REPRESENTATION_CONTEXT ( 3 ) GLOBAL_UNCERTAINTY_ASSIGNED_CONTEXT ( ( #694 ) ) GLOBAL_UNIT_ASSIGNED_CONTEXT ( ( #1476, #86, #2561 ) ) REPRESENTATION_CONTEXT ( 'NONE', 'WORKASPACE' ) );
#2539 = EDGE_CURVE ( 'NONE', #2743, #748, #1352, .T. ) ;
#2540 = PRESENTATION_LAYER_ASSIGNMENT (  '', '', ( #2441 ) ) ;
#2541 = VECTOR ( 'NONE', #2902, 1000.000000000000000 ) ;
#2542 = CARTESIAN_POINT ( 'NONE',  ( 3.852702646889013316, 9.900000000000002132, 0.08911625799703674911 ) ) ;
#2543 = SURFACE_STYLE_USAGE ( .BOTH. , #3075 ) ;
#2544 = PRESENTATION_LAYER_ASSIGNMENT (  '', '', ( #986 ) ) ;
#2545 = CARTESIAN_POINT ( 'NONE',  ( 2.182870226123698298, 9.899999999999996803, 1.084017077939406049 ) ) ;
#2546 = FILL_AREA_STYLE_COLOUR ( '', #3152 ) ;
#2547 = CARTESIAN_POINT ( 'NONE',  ( 0.5619496035440766368, 9.899000000000000909, -0.04210589624360546596 ) ) ;
#2548 = SURFACE_STYLE_FILL_AREA ( #1318 ) ;
#2549 = VERTEX_POINT ( 'NONE', #1858 ) ;
#2550 = ORIENTED_EDGE ( 'NONE', *, *, #803, .T. ) ;
#2551 = DIRECTION ( 'NONE',  ( 0.000000000000000000, 0.000000000000000000, 1.000000000000000000 ) ) ;
#2552 = CARTESIAN_POINT ( 'NONE',  ( 3.327817636433985538, 9.899000000000000909, 1.590343967763697908 ) ) ;
#2553 = PRESENTATION_LAYER_ASSIGNMENT (  '', '', ( #725 ) ) ;
#2554 = ORIENTED_EDGE ( 'NONE', *, *, #1635, .F. ) ;
#2555 = EDGE_CURVE ( 'NONE', #3053, #1276, #2281, .T. ) ;
#2556 = DIRECTION ( 'NONE',  ( -1.000000000000000000, 0.000000000000000000, -0.000000000000000000 ) ) ;
#2557 = DIRECTION ( 'NONE',  ( 0.000000000000000000, 0.000000000000000000, 1.000000000000000000 ) ) ;
#2558 = UNCERTAINTY_MEASURE_WITH_UNIT (LENGTH_MEASURE( 1.000000000000000082E-05 ), #2977, 'distance_accuracy_value', 'NONE');
#2559 = CARTESIAN_POINT ( 'NONE',  ( 2.096266520123801325, 9.900000000000003908, -2.817572364197159285 ) ) ;
#2560 = DIRECTION ( 'NONE',  ( -0.000000000000000000, 1.000000000000000000, -0.000000000000000000 ) ) ;
#2561 =( NAMED_UNIT ( * ) SI_UNIT ( $, .STERADIAN. ) SOLID_ANGLE_UNIT ( ) );
#2562 = CARTESIAN_POINT ( 'NONE',  ( 2.224999999999999201, 0.000000000000000000, 4.000000000000000888 ) ) ;
#2563 = DIRECTION ( 'NONE',  ( -0.000000000000000000, 0.000000000000000000, 1.000000000000000000 ) ) ;
#2564 =( NAMED_UNIT ( * ) SI_UNIT ( $, .STERADIAN. ) SOLID_ANGLE_UNIT ( ) );
#2565 = ORIENTED_EDGE ( 'NONE', *, *, #1389, .F. ) ;
#2566 = ORIENTED_EDGE ( 'NONE', *, *, #619, .F. ) ;
#2567 = PRESENTATION_STYLE_ASSIGNMENT (( #794 ) ) ;
#2568 = EDGE_CURVE ( 'NONE', #2002, #1190, #2117, .T. ) ;
#2569 = EDGE_CURVE ( 'NONE', #918, #2607, #214, .T. ) ;
#2570 = EDGE_CURVE ( 'NONE', #442, #548, #575, .T. ) ;
#2571 = CARTESIAN_POINT ( 'NONE',  ( 2.370749291291988303, 9.899000000000002686, 1.195310778144532460 ) ) ;
#2572 = CARTESIAN_POINT ( 'NONE',  ( -4.424999999999998934, -0.1000000000000000056, -4.000000000000000000 ) ) ;
#2573 = SURFACE_SIDE_STYLE ('',( #553 ) ) ;
#2574 = DIRECTION ( 'NONE',  ( -1.000000000000000000, 0.000000000000000000, 0.000000000000000000 ) ) ;
#2575 = LINE ( 'NONE', #2852, #40 ) ;
#2576 = CARTESIAN_POINT ( 'NONE',  ( 2.679444982629610728, 9.900000000000000355, -0.5677901105592104702 ) ) ;
#2577 = VERTEX_POINT ( 'NONE', #3086 ) ;
#2578 = PRESENTATION_STYLE_ASSIGNMENT (( #2823 ) ) ;
#2579 = FACE_OUTER_BOUND ( 'NONE', #389, .T. ) ;
#2580 = LINE ( 'NONE', #2300, #3116 ) ;
#2581 = VECTOR ( 'NONE', #759, 1000.000000000000000 ) ;
#2582 =( NAMED_UNIT ( * ) SI_UNIT ( $, .STERADIAN. ) SOLID_ANGLE_UNIT ( ) );
#2583 = COLOUR_RGB ( '',1.000000000000000000, 1.000000000000000000, 1.000000000000000000 ) ;
#2584 = VECTOR ( 'NONE', #2194, 1000.000000000000000 ) ;
#2585 = CARTESIAN_POINT ( 'NONE',  ( 2.892817914572809457, 9.900000000000003908, 1.445950095781888489 ) ) ;
#2586 = LINE ( 'NONE', #2871, #1550 ) ;
#2587 = UNCERTAINTY_MEASURE_WITH_UNIT (LENGTH_MEASURE( 1.000000000000000082E-05 ), #993, 'distance_accuracy_value', 'NONE');
#2588 = AXIS2_PLACEMENT_3D ( 'NONE', #153, #693, #2629 ) ;
#2589 = MECHANICAL_DESIGN_GEOMETRIC_PRESENTATION_REPRESENTATION (  '', ( #1036 ), #199 ) ;
#2590 = DIRECTION ( 'NONE',  ( 0.000000000000000000, 0.000000000000000000, 1.000000000000000000 ) ) ;
#2591 = SURFACE_STYLE_USAGE ( .BOTH. , #1594 ) ;
#2592 = EDGE_CURVE ( 'NONE', #2853, #220, #833, .T. ) ;
#2593 = LINE ( 'NONE', #1442, #3059 ) ;
#2594 = DIRECTION ( 'NONE',  ( -0.000000000000000000, -0.000000000000000000, -1.000000000000000000 ) ) ;
#2595 = CARTESIAN_POINT ( 'NONE',  ( 3.327817636433985538, 9.899000000000000909, -0.3327329553132254425 ) ) ;
#2596 = ORIENTED_EDGE ( 'NONE', *, *, #80, .F. ) ;
#2597 = VERTEX_POINT ( 'NONE', #2816 ) ;
#2598 = FILL_AREA_STYLE_COLOUR ( '', #351 ) ;
#2599 =( NAMED_UNIT ( * ) PLANE_ANGLE_UNIT ( ) SI_UNIT ( $, .RADIAN. ) );
#2600 = CARTESIAN_POINT ( 'NONE',  ( 1.859969078741678050, 9.899000000000000909, -0.7989789489029690550 ) ) ;
#2601 = FILL_AREA_STYLE_COLOUR ( '', #2174 ) ;
#2602 = CARTESIAN_POINT ( 'NONE',  ( 0.2832224381897465171, 9.900000000000000355, 1.720008276984740903 ) ) ;
#2603 = EDGE_CURVE ( 'NONE', #2530, #127, #864, .T. ) ;
#2604 = LINE ( 'NONE', #3090, #1886 ) ;
#2605 = CARTESIAN_POINT ( 'NONE',  ( 3.500122088917339003, 9.899000000000004462, 0.03001671134335237232 ) ) ;
#2606 = ORIENTED_EDGE ( 'NONE', *, *, #285, .T. ) ;
#2607 = VERTEX_POINT ( 'NONE', #623 ) ;
#2608 = CARTESIAN_POINT ( 'NONE',  ( 2.322505442568229661, 9.899000000000000909, -0.4535204510331359851 ) ) ;
#2609 = SURFACE_STYLE_FILL_AREA ( #1136 ) ;
#2610 = LINE ( 'NONE', #2868, #2541 ) ;
#2611 =( NAMED_UNIT ( * ) PLANE_ANGLE_UNIT ( ) SI_UNIT ( $, .RADIAN. ) );
#2612 = CARTESIAN_POINT ( 'NONE',  ( 1.539456258228857344, 9.899000000000000909, 0.4830723331483130489 ) ) ;
#2613 = CARTESIAN_POINT ( 'NONE',  ( 2.274238898752874771, 9.900000000000000355, 1.139847535929501943 ) ) ;
#2614 = CARTESIAN_POINT ( 'NONE',  ( 4.007404976177575406, 9.899000000000000909, -0.2220558719798921277 ) ) ;
#2615 = CARTESIAN_POINT ( 'NONE',  ( 4.007404976177575406, 9.899000000000000909, -2.145132795056815311 ) ) ;
#2616 = FACE_OUTER_BOUND ( 'NONE', #1112, .T. ) ;
#2617 = ORIENTED_EDGE ( 'NONE', *, *, #1668, .F. ) ;
#2618 = ORIENTED_EDGE ( 'NONE', *, *, #2656, .T. ) ;
#2619 = FILL_AREA_STYLE_COLOUR ( '', #509 ) ;
#2620 = CARTESIAN_POINT ( 'NONE',  ( 4.007404976177575406, 9.899000000000000909, 0.09845694853292843995 ) ) ;
#2621 = PLANE ( 'NONE',  #2273 ) ;
#2622 = ADVANCED_FACE ( 'NONE', ( #1608 ), #1963, .T. ) ;
#2623 = B_SPLINE_SURFACE_WITH_KNOTS ( 'NONE', 3, 1, ( 
 ( #478, #1463 ),
 ( #461, #2737 ),
 ( #1981, #1993 ),
 ( #737, #2514 ),
 ( #2465, #231 ),
 ( #2269, #283 ),
 ( #267, #12 ),
 ( #2997, #1261 ),
 ( #2721, #530 ),
 ( #2022, #1210 ),
 ( #990, #494 ),
 ( #2981, #1478 ),
 ( #2481, #2250 ),
 ( #251, #1248 ),
 ( #1040, #791 ),
 ( #30, #1018 ),
 ( #1516, #1281 ),
 ( #1769, #3192 ),
 ( #1730, #700 ),
 ( #10, #2666 ),
 ( #957, #1427 ),
 ( #1675, #1461 ),
 ( #229, #2719 ) ),
 .UNSPECIFIED., .F., .F., .F.,
 ( 4, 1, 1, 1, 1, 1, 1, 1, 1, 1, 1, 1, 1, 1, 1, 1, 1, 1, 1, 1, 4 ),
 ( 2, 2 ),
 ( 0.000000000000000000, 0.03151551312998492060, 0.06480979674365734688, 0.09991169883527552253, 0.1366755286001709035, 0.1751432978746825797, 0.2157650117082457186, 0.2581569125231218398, 0.3022930440652045747, 0.3927408518774002655, 0.4832984694610617527, 0.5744114847371660781, 0.6664774093514972408, 0.7120107481430553165, 0.7563744975915032143, 0.7998154803065209428, 0.8419616993485902201, 0.8828431755911849699, 0.9229180315891946096, 0.9619666184423850686, 1.000000000000000000 ),
 ( 0.000000000000000000, 1.000000000000000000 ),
 .UNSPECIFIED. ) ;
#2624 = CARTESIAN_POINT ( 'NONE',  ( 2.322505442568230549, 9.899000000000002686, -2.376597374110059668 ) ) ;
#2625 =( GEOMETRIC_REPRESENTATION_CONTEXT ( 3 ) GLOBAL_UNCERTAINTY_ASSIGNED_CONTEXT ( ( #2369 ) ) GLOBAL_UNIT_ASSIGNED_CONTEXT ( ( #2238, #2496, #1732 ) ) REPRESENTATION_CONTEXT ( 'NONE', 'WORKASPACE' ) );
#2626 = MECHANICAL_DESIGN_GEOMETRIC_PRESENTATION_REPRESENTATION (  '', ( #2682 ), #1999 ) ;
#2627 =( NAMED_UNIT ( * ) SI_UNIT ( $, .STERADIAN. ) SOLID_ANGLE_UNIT ( ) );
#2628 = COLOUR_RGB ( '',1.000000000000000000, 1.000000000000000000, 1.000000000000000000 ) ;
#2629 = DIRECTION ( 'NONE',  ( 0.000000000000000000, -0.000000000000000000, -1.000000000000000000 ) ) ;
#2630 = FILL_AREA_STYLE_COLOUR ( '', #2628 ) ;
#2631 = CARTESIAN_POINT ( 'NONE',  ( -4.035738100735687617, 9.899000000000000909, 4.250000000000000000 ) ) ;
#2632 = CARTESIAN_POINT ( 'NONE',  ( 2.413020837767631654, 9.899000000000000909, -0.3996507597345627660 ) ) ;
#2633 = COLOUR_RGB ( '',0.8274509803921568096, 0.8392156862745098200, 0.8274509803921568096 ) ;
#2634 = MECHANICAL_DESIGN_GEOMETRIC_PRESENTATION_REPRESENTATION (  '', ( #1386 ), #3109 ) ;
#2635 = ORIENTED_EDGE ( 'NONE', *, *, #2229, .T. ) ;
#2636 = VERTEX_POINT ( 'NONE', #2425 ) ;
#2637 =( GEOMETRIC_REPRESENTATION_CONTEXT ( 3 ) GLOBAL_UNCERTAINTY_ASSIGNED_CONTEXT ( ( #3136 ) ) GLOBAL_UNIT_ASSIGNED_CONTEXT ( ( #2968, #66, #291 ) ) REPRESENTATION_CONTEXT ( 'NONE', 'WORKASPACE' ) );
#2638 = ORIENTED_EDGE ( 'NONE', *, *, #732, .F. ) ;
#2639 = FILL_AREA_STYLE_COLOUR ( '', #105 ) ;
#2640 = DIRECTION ( 'NONE',  ( -1.000000000000000000, 0.000000000000000000, 0.000000000000000000 ) ) ;
#2641 =( GEOMETRIC_REPRESENTATION_CONTEXT ( 3 ) GLOBAL_UNCERTAINTY_ASSIGNED_CONTEXT ( ( #2459 ) ) GLOBAL_UNIT_ASSIGNED_CONTEXT ( ( #1807, #2858, #2582 ) ) REPRESENTATION_CONTEXT ( 'NONE', 'WORKASPACE' ) );
#2642 = ADVANCED_FACE ( 'NONE', ( #190 ), #1666, .F. ) ;
#2643 = CARTESIAN_POINT ( 'NONE',  ( 3.947081253282668012, 9.898999999999999133, -2.149888238898677528 ) ) ;
#2644 = CARTESIAN_POINT ( 'NONE',  ( -0.2270531523614435498, 9.900000000000000355, -1.474869675771160793 ) ) ;
#2645 = UNCERTAINTY_MEASURE_WITH_UNIT (LENGTH_MEASURE( 1.000000000000000082E-05 ), #290, 'distance_accuracy_value', 'NONE');
#2646 = PRESENTATION_STYLE_ASSIGNMENT (( #3185 ) ) ;
#2647 = EDGE_LOOP ( 'NONE', ( #464, #1426, #1184, #420 ) ) ;
#2648 = DIRECTION ( 'NONE',  ( -1.000000000000000000, -0.000000000000000000, 6.973874670985814828E-15 ) ) ;
#2649 = DIRECTION ( 'NONE',  ( 1.000000000000000000, 0.000000000000000000, 0.000000000000000000 ) ) ;
#2650 = ORIENTED_EDGE ( 'NONE', *, *, #2379, .T. ) ;
#2651 = CARTESIAN_POINT ( 'NONE',  ( 3.683980207252016470, 9.899000000000000909, 1.989730310335926067 ) ) ;
#2652 = CARTESIAN_POINT ( 'NONE',  ( 1.045314170473210513, 9.899000000000000909, -0.07946810096801441847 ) ) ;
#2653 = FILL_AREA_STYLE_COLOUR ( '', #866 ) ;
#2654 = CARTESIAN_POINT ( 'NONE',  ( 4.424999999999998934, -0.1000000000000000056, -4.000000000000000888 ) ) ;
#2655 = ORIENTED_EDGE ( 'NONE', *, *, #1651, .T. ) ;
#2656 = EDGE_CURVE ( 'NONE', #583, #3210, #2658, .T. ) ;
#2657 = ADVANCED_FACE ( 'NONE', ( #692 ), #2671, .F. ) ;
#2658 = LINE ( 'NONE', #2178, #3111 ) ;
#2659 = FILL_AREA_STYLE_COLOUR ( '', #830 ) ;
#2660 = EDGE_CURVE ( 'NONE', #1661, #1727, #1049, .T. ) ;
#2661 = ORIENTED_EDGE ( 'NONE', *, *, #2660, .F. ) ;
#2662 = CARTESIAN_POINT ( 'NONE',  ( 0.5496251940952582293, 9.899000000000000909, 0.8481433163548245391 ) ) ;
#2663 = CARTESIAN_POINT ( 'NONE',  ( 2.698214344442097179, 9.899000000000000909, -0.2449865951084562732 ) ) ;
#2664 = CARTESIAN_POINT ( 'NONE',  ( -4.424999999999998934, -0.1000000000000000056, -4.000000000000000000 ) ) ;
#2665 = CARTESIAN_POINT ( 'NONE',  ( 2.074430326976350880, 9.898999999999997357, 1.301282661521172113 ) ) ;
#2666 = CARTESIAN_POINT ( 'NONE',  ( 1.999651228604592212, 9.900000000000003908, 1.243016556559625618 ) ) ;
#2667 = DIRECTION ( 'NONE',  ( 0.000000000000000000, 0.000000000000000000, 1.000000000000000000 ) ) ;
#2668 = CARTESIAN_POINT ( 'NONE',  ( 3.683980207252016470, 9.899000000000000909, -1.856423535817919968 ) ) ;
#2669 = ADVANCED_FACE ( 'NONE', ( #1232 ), #1145, .T. ) ;
#2670 = ORIENTED_EDGE ( 'NONE', *, *, #1505, .T. ) ;
#2671 = PLANE ( 'NONE',  #669 ) ;
#2672 =( LENGTH_UNIT ( ) NAMED_UNIT ( * ) SI_UNIT ( .MILLI., .METRE. ) );
#2673 = MECHANICAL_DESIGN_GEOMETRIC_PRESENTATION_REPRESENTATION (  '', ( #725 ), #2625 ) ;
#2674 = UNCERTAINTY_MEASURE_WITH_UNIT (LENGTH_MEASURE( 1.000000000000000082E-05 ), #589, 'distance_accuracy_value', 'NONE');
#2675 = CARTESIAN_POINT ( 'NONE',  ( -2.453308270471680874, 9.900000000000000355, -0.9522492033302085712 ) ) ;
#2676 = STYLED_ITEM ( 'NONE', ( #2578 ), #1464 ) ;
#2677 = AXIS2_PLACEMENT_3D ( 'NONE', #134, #2343, #2590 ) ;
#2678 = VERTEX_POINT ( 'NONE', #588 ) ;
#2679 = CARTESIAN_POINT ( 'NONE',  ( 4.424999999999998934, -0.1000000000000000056, -4.000000000000000888 ) ) ;
#2680 = SURFACE_STYLE_USAGE ( .BOTH. , #1725 ) ;
#2681 = FILL_AREA_STYLE_COLOUR ( '', #408 ) ;
#2682 = STYLED_ITEM ( 'NONE', ( #2772 ), #1775 ) ;
#2683 = AXIS2_PLACEMENT_3D ( 'NONE', #2111, #1117, #1104 ) ;
#2684 = EDGE_CURVE ( 'NONE', #1948, #1520, #2800, .T. ) ;
#2685 = ORIENTED_EDGE ( 'NONE', *, *, #2810, .T. ) ;
#2686 = PRESENTATION_STYLE_ASSIGNMENT (( #1475 ) ) ;
#2687 = AXIS2_PLACEMENT_3D ( 'NONE', #955, #2452, #1728 ) ;
#2688 = CARTESIAN_POINT ( 'NONE',  ( 4.007404976177575406, 9.899000000000000909, 1.701021051097031167 ) ) ;
#2689 = SURFACE_STYLE_USAGE ( .BOTH. , #1620 ) ;
#2690 = COLOUR_RGB ( '',1.000000000000000000, 1.000000000000000000, 1.000000000000000000 ) ;
#2691 = AXIS2_PLACEMENT_3D ( 'NONE', #56, #793, #2201 ) ;
#2692 = VECTOR ( 'NONE', #1417, 1000.000000000000000 ) ;
#2693 = DIRECTION ( 'NONE',  ( -0.000000000000000000, 0.000000000000000000, -1.000000000000000000 ) ) ;
#2694 = ORIENTED_EDGE ( 'NONE', *, *, #3012, .T. ) ;
#2695 = STYLED_ITEM ( 'NONE', ( #1752 ), #2905 ) ;
#2696 = PRESENTATION_STYLE_ASSIGNMENT (( #1741 ) ) ;
#2697 = B_SPLINE_CURVE_WITH_KNOTS ( 'NONE', 3,
 ( #2595, #341, #324, #1070, #1597, #2528, #1813 ),
 .UNSPECIFIED., .F., .F.,
 ( 4, 1, 1, 1, 4 ),
 ( 0.000000000000000000, 0.2372165186042104190, 0.4825864912431361287, 0.7368469271779307661, 1.000000000000000000 ),
 .UNSPECIFIED. ) ;
#2698 = CARTESIAN_POINT ( 'NONE',  ( 3.487943684178945958, 9.900000000000000355, -2.213847161192229240 ) ) ;
#2699 = B_SPLINE_SURFACE_WITH_KNOTS ( 'NONE', 3, 1, ( 
 ( #453, #472 ),
 ( #2011, #2260 ),
 ( #729, #2232 ),
 ( #714, #1238 ),
 ( #1524, #2701 ),
 ( #486, #1986 ),
 ( #241, #3 ),
 ( #1455, #2988 ),
 ( #2714, #294 ),
 ( #1935, #3015 ),
 ( #2506, #537 ),
 ( #763, #1954 ),
 ( #2206, #41 ),
 ( #1471, #2462 ),
 ( #1724, #223 ),
 ( #2938, #1710 ),
 ( #274, #744 ),
 ( #1218, #1698 ),
 ( #523, #3200 ),
 ( #2730, #69 ),
 ( #996, #1507 ),
 ( #2957, #2522 ),
 ( #1971, #2972 ) ),
 .UNSPECIFIED., .F., .F., .F.,
 ( 4, 1, 1, 1, 1, 1, 1, 1, 1, 1, 1, 1, 1, 1, 1, 1, 1, 1, 1, 1, 4 ),
 ( 2, 2 ),
 ( 0.000000000000000000, 0.03151551312998492060, 0.06480979674365734688, 0.09991169883527552253, 0.1366755286001709035, 0.1751432978746825797, 0.2157650117082457186, 0.2581569125231218398, 0.3022930440652045747, 0.3927408518774002655, 0.4832984694610617527, 0.5744114847371660781, 0.6664774093514971298, 0.7120107481430553165, 0.7563744975915032143, 0.7998154803065208318, 0.8419616993485902201, 0.8828431755911849699, 0.9229180315891946096, 0.9619666184423850686, 1.000000000000000000 ),
 ( 0.000000000000000000, 1.000000000000000000 ),
 .UNSPECIFIED. ) ;
#2700 = EDGE_LOOP ( 'NONE', ( #724, #1072, #3071, #2361 ) ) ;
#2701 = CARTESIAN_POINT ( 'NONE',  ( 3.770155873744589048, 9.899999999999996803, -1.843272029460378381 ) ) ;
#2702 = CARTESIAN_POINT ( 'NONE',  ( 1.798871322331421663, 9.899000000000000909, -3.042568692492712223 ) ) ;
#2703 =( LENGTH_UNIT ( ) NAMED_UNIT ( * ) SI_UNIT ( .MILLI., .METRE. ) );
#2704 = ORIENTED_EDGE ( 'NONE', *, *, #1510, .T. ) ;
#2705 = ADVANCED_FACE ( 'NONE', ( #1121 ), #121, .F. ) ;
#2706 = PRESENTATION_STYLE_ASSIGNMENT (( #1716 ) ) ;
#2707 = EDGE_CURVE ( 'NONE', #2743, #1847, #2333, .T. ) ;
#2708 = DIRECTION ( 'NONE',  ( -1.000000000000000000, 0.000000000000000000, 0.000000000000000000 ) ) ;
#2709 = VERTEX_POINT ( 'NONE', #573 ) ;
#2710 = CARTESIAN_POINT ( 'NONE',  ( 3.108247731221343901, 9.899999999999995026, -0.3968151610231040460 ) ) ;
#2711 = FILL_AREA_STYLE ('',( #2659 ) ) ;
#2712 = CARTESIAN_POINT ( 'NONE',  ( -1.850788979133095147, 9.900000000000000355, -1.233555896243599737 ) ) ;
#2713 = CARTESIAN_POINT ( 'NONE',  ( -5.249999999999999112, 0.000000000000000000, 5.900000000000000355 ) ) ;
#2714 = CARTESIAN_POINT ( 'NONE',  ( 3.402538664877624353, 9.899000000000002686, -1.916850885219988143 ) ) ;
#2715 = CARTESIAN_POINT ( 'NONE',  ( -1.787375593306315347, 9.899000000000000909, 1.154840954150104126 ) ) ;
#2716 = PLANE ( 'NONE',  #1294 ) ;
#2717 = ORIENTED_EDGE ( 'NONE', *, *, #131, .T. ) ;
#2718 = CARTESIAN_POINT ( 'NONE',  ( 3.654652869401912696, 9.899999999999996803, 1.663104297501991624 ) ) ;
#2719 = CARTESIAN_POINT ( 'NONE',  ( 1.859969078741678050, 9.900000000000002132, 1.124097974173954295 ) ) ;
#2720 = CARTESIAN_POINT ( 'NONE',  ( 1.539456258228857344, 9.899000000000000909, -1.119491769415789539 ) ) ;
#2721 = CARTESIAN_POINT ( 'NONE',  ( 3.402538664877624353, 9.899000000000002686, 1.929302960933858557 ) ) ;
#2722 = FILL_AREA_STYLE ('',( #753 ) ) ;
#2723 = FILL_AREA_STYLE_COLOUR ( '', #885 ) ;
#2724 = EDGE_LOOP ( 'NONE', ( #2045, #2181, #2877, #3164 ) ) ;
#2725 = DIRECTION ( 'NONE',  ( -1.000000000000000000, -0.000000000000000000, -0.000000000000000000 ) ) ;
#2726 = PLANE ( 'NONE',  #1693 ) ;
#2727 = DIRECTION ( 'NONE',  ( 1.000000000000000000, 0.000000000000000000, 0.000000000000000000 ) ) ;
#2728 = CARTESIAN_POINT ( 'NONE',  ( 1.859969078741678050, 9.900000000000000355, -0.7989789489029690550 ) ) ;
#2729 = STYLED_ITEM ( 'NONE', ( #143 ), #497 ) ;
#2730 = CARTESIAN_POINT ( 'NONE',  ( 1.999651228604592212, 9.899000000000002686, -2.603137289594222636 ) ) ;
#2731 = CARTESIAN_POINT ( 'NONE',  ( 3.931341668308921733, 9.899999999999998579, -1.826969671641439863 ) ) ;
#2732 = CARTESIAN_POINT ( 'NONE',  ( 3.828472305305705703, 9.900000000000000355, 1.686915418570204439 ) ) ;
#2733 = ORIENTED_EDGE ( 'NONE', *, *, #404, .F. ) ;
#2734 = CARTESIAN_POINT ( 'NONE',  ( 1.859969078741678050, 9.900000000000000355, 0.4830723331483130489 ) ) ;
#2735 = CARTESIAN_POINT ( 'NONE',  ( 3.327817636433985538, 9.899000000000000909, -2.255809878390148349 ) ) ;
#2736 = CARTESIAN_POINT ( 'NONE',  ( -2.535054727164589572, 9.900000000000000355, -0.6680968411254809558 ) ) ;
#2737 = CARTESIAN_POINT ( 'NONE',  ( 3.982518742424586922, 9.900000000000003908, 2.020765102634977772 ) ) ;
#2738 = PRESENTATION_LAYER_ASSIGNMENT (  '', '', ( #2004 ) ) ;
#2739 =( GEOMETRIC_REPRESENTATION_CONTEXT ( 3 ) GLOBAL_UNCERTAINTY_ASSIGNED_CONTEXT ( ( #3108 ) ) GLOBAL_UNIT_ASSIGNED_CONTEXT ( ( #2925, #2450, #360 ) ) REPRESENTATION_CONTEXT ( 'NONE', 'WORKASPACE' ) );
#2740 = CARTESIAN_POINT ( 'NONE',  ( 1.820934012025256399, 9.899000000000002686, -3.023702424825612578 ) ) ;
#2741 = VECTOR ( 'NONE', #2557, 1000.000000000000000 ) ;
#2742 = AXIS2_PLACEMENT_3D ( 'NONE', #3018, #2308, #2037 ) ;
#2743 = VERTEX_POINT ( 'NONE', #2612 ) ;
#2744 = STYLED_ITEM ( 'NONE', ( #2502 ), #2669 ) ;
#2745 = DIRECTION ( 'NONE',  ( -2.669298168377852633E-13, -1.000000000000000000, 3.121544665240787745E-13 ) ) ;
#2746 =( LENGTH_UNIT ( ) NAMED_UNIT ( * ) SI_UNIT ( .MILLI., .METRE. ) );
#2747 = COLOUR_RGB ( '',1.000000000000000000, 1.000000000000000000, 1.000000000000000000 ) ;
#2748 = LINE ( 'NONE', #1504, #2793 ) ;
#2749 = DIRECTION ( 'NONE',  ( -0.000000000000000000, -1.000000000000000000, -0.000000000000000000 ) ) ;
#2750 = CARTESIAN_POINT ( 'NONE',  ( 4.424999999999998934, 0.000000000000000000, -4.000000000000000888 ) ) ;
#2751 = DIRECTION ( 'NONE',  ( -1.000000000000000000, 0.000000000000000000, 0.000000000000000000 ) ) ;
#2752 = CARTESIAN_POINT ( 'NONE',  ( 2.370749291291986971, 9.899999999999995026, -2.650843068009312464 ) ) ;
#2753 = ORIENTED_EDGE ( 'NONE', *, *, #3117, .F. ) ;
#2754 = LINE ( 'NONE', #590, #2070 ) ;
#2755 = CARTESIAN_POINT ( 'NONE',  ( 3.770155873744589048, 9.899999999999998579, 2.002881816693467432 ) ) ;
#2756 = DIRECTION ( 'NONE',  ( -1.000000000000000000, 0.000000000000000000, 0.000000000000000000 ) ) ;
#2757 = FILL_AREA_STYLE_COLOUR ( '', #3099 ) ;
#2758 = VERTEX_POINT ( 'NONE', #2113 ) ;
#2759 = CARTESIAN_POINT ( 'NONE',  ( 1.045314170473210513, 9.900000000000000355, -0.07946810096801441847 ) ) ;
#2760 = FACE_OUTER_BOUND ( 'NONE', #2993, .T. ) ;
#2761 = CARTESIAN_POINT ( 'NONE',  ( 0.5619496035440766368, 9.900000000000000355, -0.04210589624360546596 ) ) ;
#2762 = ORIENTED_EDGE ( 'NONE', *, *, #3181, .F. ) ;
#2763 = CARTESIAN_POINT ( 'NONE',  ( 1.798871322331421885, 9.899999999999998579, -1.119491769415789761 ) ) ;
#2764 = DIRECTION ( 'NONE',  ( 0.000000000000000000, 0.000000000000000000, -1.000000000000000000 ) ) ;
#2765 = EDGE_CURVE ( 'NONE', #1952, #1412, #147, .T. ) ;
#2766 = DIRECTION ( 'NONE',  ( 0.6128916609699370799, -0.000000000000000000, -0.7901669519244092221 ) ) ;
#2767 = SURFACE_SIDE_STYLE ('',( #1761 ) ) ;
#2768 = SURFACE_SIDE_STYLE ('',( #730 ) ) ;
#2769 = EDGE_CURVE ( 'NONE', #1058, #268, #1077, .T. ) ;
#2770 = DIRECTION ( 'NONE',  ( -0.000000000000000000, 1.000000000000000000, -0.000000000000000000 ) ) ;
#2771 = CARTESIAN_POINT ( 'NONE',  ( 0.4259051153550915680, 9.899000000000000909, -1.474869675771165234 ) ) ;
#2772 = PRESENTATION_STYLE_ASSIGNMENT (( #2310 ) ) ;
#2773 = CARTESIAN_POINT ( 'NONE',  ( -1.412683861022860032, 9.900000000000000355, -0.8137633765585590151 ) ) ;
#2774 = EDGE_LOOP ( 'NONE', ( #1660, #1160, #534, #2448 ) ) ;
#2775 = SURFACE_STYLE_FILL_AREA ( #2722 ) ;
#2776 = CARTESIAN_POINT ( 'NONE',  ( 2.274238898752875215, 9.899000000000002686, -2.706306310224344980 ) ) ;
#2777 = CARTESIAN_POINT ( 'NONE',  ( 2.679444982629610728, 9.899000000000000909, 1.355286812517713102 ) ) ;
#2778 = CARTESIAN_POINT ( 'NONE',  ( -0.8208460657472710365, 9.899000000000000909, -0.8950850301018700161 ) ) ;
#2779 = EDGE_LOOP ( 'NONE', ( #474, #1383, #631, #780 ) ) ;
#2780 = CARTESIAN_POINT ( 'NONE',  ( 2.370749291291988303, 9.899999999999998579, -0.7277661449323910015 ) ) ;
#2781 = CARTESIAN_POINT ( 'NONE',  ( 3.108247731221343901, 9.898999999999999133, -2.319892084100026342 ) ) ;
#2782 = SURFACE_SIDE_STYLE ('',( #336 ) ) ;
#2783 = CARTESIAN_POINT ( 'NONE',  ( 2.096266520123800881, 9.899000000000002686, 1.028581481956688082 ) ) ;
#2784 = UNCERTAINTY_MEASURE_WITH_UNIT (LENGTH_MEASURE( 1.000000000000000082E-05 ), #721, 'distance_accuracy_value', 'NONE');
#2785 = CARTESIAN_POINT ( 'NONE',  ( 1.937897060019536877, 9.899999999999996803, -2.929242134603712966 ) ) ;
#2786 = CARTESIAN_POINT ( 'NONE',  ( 3.327817636433985538, 9.899000000000000909, 1.590343967763697908 ) ) ;
#2787 = CARTESIAN_POINT ( 'NONE',  ( -5.250000000000000000, 9.900000000000000355, -5.900000000000000355 ) ) ;
#2788 = VECTOR ( 'NONE', #1831, 1000.000000000000000 ) ;
#2789 = EDGE_LOOP ( 'NONE', ( #2966, #1849, #169, #53 ) ) ;
#2790 = ADVANCED_FACE ( 'NONE', ( #1096 ), #2083, .T. ) ;
#2791 = ORIENTED_EDGE ( 'NONE', *, *, #1653, .T. ) ;
#2792 = VECTOR ( 'NONE', #2422, 1000.000000000000000 ) ;
#2793 = VECTOR ( 'NONE', #2258, 1000.000000000000000 ) ;
#2794 =( NAMED_UNIT ( * ) SI_UNIT ( $, .STERADIAN. ) SOLID_ANGLE_UNIT ( ) );
#2795 = CARTESIAN_POINT ( 'NONE',  ( 3.770155873744588604, 9.898999999999999133, 0.07980489361654462266 ) ) ;
#2796 =( GEOMETRIC_REPRESENTATION_CONTEXT ( 3 ) GLOBAL_UNCERTAINTY_ASSIGNED_CONTEXT ( ( #1860 ) ) GLOBAL_UNIT_ASSIGNED_CONTEXT ( ( #2513, #1462, #1247 ) ) REPRESENTATION_CONTEXT ( 'NONE', 'WORKASPACE' ) );
#2797 = LINE ( 'NONE', #2778, #158 ) ;
#2798 = EDGE_LOOP ( 'NONE', ( #3131, #2638, #3186, #1586 ) ) ;
#2799 = STYLED_ITEM ( 'NONE', ( #2305 ), #2344 ) ;
#2800 = LINE ( 'NONE', #2600, #2132 ) ;
#2801 = VECTOR ( 'NONE', #3048, 1000.000000000000000 ) ;
#2802 = CARTESIAN_POINT ( 'NONE',  ( 1.539456258228857344, 9.899000000000000909, 0.4830723331483130489 ) ) ;
#2803 = MECHANICAL_DESIGN_GEOMETRIC_PRESENTATION_REPRESENTATION (  '', ( #1042 ), #2641 ) ;
#2804 = VECTOR ( 'NONE', #2521, 1000.000000000000000 ) ;
#2805 = CARTESIAN_POINT ( 'NONE',  ( 3.254749212862530161, 9.899000000000000909, -2.277135140363859556 ) ) ;
#2806 =( NAMED_UNIT ( * ) PLANE_ANGLE_UNIT ( ) SI_UNIT ( $, .RADIAN. ) );
#2807 = DIRECTION ( 'NONE',  ( -1.000000000000000000, 0.000000000000000000, -0.000000000000000000 ) ) ;
#2808 = CARTESIAN_POINT ( 'NONE',  ( -1.412683861022860032, 9.899000000000000909, -0.8137633765585590151 ) ) ;
#2809 = ORIENTED_EDGE ( 'NONE', *, *, #2569, .T. ) ;
#2810 = EDGE_CURVE ( 'NONE', #2002, #1058, #1432, .T. ) ;
#2811 = VERTEX_POINT ( 'NONE', #2906 ) ;
#2812 = EDGE_CURVE ( 'NONE', #1058, #442, #1349, .T. ) ;
#2813 = DIRECTION ( 'NONE',  ( -1.000000000000000000, 0.000000000000000000, 7.350523203291555004E-17 ) ) ;
#2814 = STYLED_ITEM ( 'NONE', ( #2041 ), #24 ) ;
#2815 = DIRECTION ( 'NONE',  ( 0.000000000000000000, 0.000000000000000000, 1.000000000000000000 ) ) ;
#2816 = CARTESIAN_POINT ( 'NONE',  ( 1.539456258228857344, 9.899000000000000909, 2.406149256225236677 ) ) ;
#2817 = SURFACE_STYLE_USAGE ( .BOTH. , #2573 ) ;
#2818 = UNCERTAINTY_MEASURE_WITH_UNIT (LENGTH_MEASURE( 1.000000000000000082E-05 ), #2956, 'distance_accuracy_value', 'NONE');
#2819 = FILL_AREA_STYLE ('',( #1277 ) ) ;
#2820 = SURFACE_STYLE_USAGE ( .BOTH. , #1612 ) ;
#2821 = CARTESIAN_POINT ( 'NONE',  ( 2.224999999999999201, -0.1000000000000000056, -4.000000000000000888 ) ) ;
#2822 = VERTEX_POINT ( 'NONE', #3151 ) ;
#2823 = SURFACE_STYLE_USAGE ( .BOTH. , #1336 ) ;
#2824 = CARTESIAN_POINT ( 'NONE',  ( 2.895953799279411989, 9.900000000000002132, -0.1572553760515799093 ) ) ;
#2825 = CARTESIAN_POINT ( 'NONE',  ( -1.050408664172459927, 9.900000000000000355, 0.8041224502130936980 ) ) ;
#2826 = CARTESIAN_POINT ( 'NONE',  ( 1.937897060019538875, 9.900000000000000355, 0.9169117115501318471 ) ) ;
#2827 = DIRECTION ( 'NONE',  ( -0.000000000000000000, -0.000000000000000000, 1.000000000000000000 ) ) ;
#2828 = FACE_OUTER_BOUND ( 'NONE', #1282, .T. ) ;
#2829 = CARTESIAN_POINT ( 'NONE',  ( 0.5496251940952582293, 9.899000000000000909, 0.8481433163548245391 ) ) ;
#2830 = LINE ( 'NONE', #339, #54 ) ;
#2831 = CARTESIAN_POINT ( 'NONE',  ( 2.679444982629610728, 9.899000000000000909, -0.5677901105592104702 ) ) ;
#2832 = CARTESIAN_POINT ( 'NONE',  ( 1.539456258228857344, 9.899000000000000909, -3.042568692492712223 ) ) ;
#2833 = ORIENTED_EDGE ( 'NONE', *, *, #1848, .T. ) ;
#2834 = ORIENTED_EDGE ( 'NONE', *, *, #3031, .F. ) ;
#2835 = CARTESIAN_POINT ( 'NONE',  ( 1.927686470879948377, 9.900000000000003908, -0.7382780948780577335 ) ) ;
#2836 = SURFACE_STYLE_USAGE ( .BOTH. , #3095 ) ;
#2837 = PRESENTATION_LAYER_ASSIGNMENT (  '', '', ( #2270 ) ) ;
#2838 = SURFACE_STYLE_USAGE ( .BOTH. , #636 ) ;
#2839 = PRESENTATION_LAYER_ASSIGNMENT (  '', '', ( #2429 ) ) ;
#2840 =( GEOMETRIC_REPRESENTATION_CONTEXT ( 3 ) GLOBAL_UNCERTAINTY_ASSIGNED_CONTEXT ( ( #2102 ) ) GLOBAL_UNIT_ASSIGNED_CONTEXT ( ( #368, #1579, #383 ) ) REPRESENTATION_CONTEXT ( 'NONE', 'WORKASPACE' ) );
#2841 = MECHANICAL_DESIGN_GEOMETRIC_PRESENTATION_REPRESENTATION (  '', ( #296 ), #2796 ) ;
#2842 = MECHANICAL_DESIGN_GEOMETRIC_PRESENTATION_REPRESENTATION (  '', ( #2218 ), #2739 ) ;
#2843 = UNCERTAINTY_MEASURE_WITH_UNIT (LENGTH_MEASURE( 1.000000000000000082E-05 ), #1537, 'distance_accuracy_value', 'NONE');
#2844 = EDGE_CURVE ( 'NONE', #2960, #3159, #2442, .T. ) ;
#2845 = AXIS2_PLACEMENT_3D ( 'NONE', #1459, #1223, #2186 ) ;
#2846 = CARTESIAN_POINT ( 'NONE',  ( 2.679444982629610728, 9.900000000000000355, 1.355286812517713102 ) ) ;
#2847 = UNCERTAINTY_MEASURE_WITH_UNIT (LENGTH_MEASURE( 1.000000000000000082E-05 ), #2994, 'distance_accuracy_value', 'NONE');
#2848 = AXIS2_PLACEMENT_3D ( 'NONE', #567, #2813, #306 ) ;
#2849 = SURFACE_STYLE_FILL_AREA ( #414 ) ;
#2850 = CARTESIAN_POINT ( 'NONE',  ( 1.859969078741678050, 9.899000000000000909, 2.406149256225236677 ) ) ;
#2851 = CARTESIAN_POINT ( 'NONE',  ( 1.937897060019536877, 9.898999999999997357, -2.929242134603712966 ) ) ;
#2852 = CARTESIAN_POINT ( 'NONE',  ( -4.035738100735687617, 9.899000000000000909, -4.250000000000000000 ) ) ;
#2853 = VERTEX_POINT ( 'NONE', #1200 ) ;
#2854 = ORIENTED_EDGE ( 'NONE', *, *, #1324, .T. ) ;
#2855 = SURFACE_SIDE_STYLE ('',( #119 ) ) ;
#2856 = FILL_AREA_STYLE ('',( #876 ) ) ;
#2857 = PRODUCT_CONTEXT ( 'NONE', #632, 'mechanical' ) ;
#2858 =( NAMED_UNIT ( * ) PLANE_ANGLE_UNIT ( ) SI_UNIT ( $, .RADIAN. ) );
#2859 =( GEOMETRIC_REPRESENTATION_CONTEXT ( 3 ) GLOBAL_UNCERTAINTY_ASSIGNED_CONTEXT ( ( #836 ) ) GLOBAL_UNIT_ASSIGNED_CONTEXT ( ( #841, #302, #2091 ) ) REPRESENTATION_CONTEXT ( 'NONE', 'WORKASPACE' ) );
#2860 = B_SPLINE_CURVE_WITH_KNOTS ( 'NONE', 3,
 ( #2927, #733, #1714, #2718, #25, #264, #1034 ),
 .UNSPECIFIED., .F., .F.,
 ( 4, 1, 1, 1, 4 ),
 ( 0.000000000000000000, 0.2372165186042104190, 0.4825864912431361287, 0.7368469271779307661, 1.000000000000000000 ),
 .UNSPECIFIED. ) ;
#2861 = CARTESIAN_POINT ( 'NONE',  ( 1.866044462534064197, 9.900000000000000355, 0.8610263115928821209 ) ) ;
#2862 = SURFACE_STYLE_FILL_AREA ( #1159 ) ;
#2863 = VERTEX_POINT ( 'NONE', #406 ) ;
#2864 = EDGE_CURVE ( 'NONE', #2758, #1243, #1388, .T. ) ;
#2865 = ORIENTED_EDGE ( 'NONE', *, *, #601, .T. ) ;
#2866 =( LENGTH_UNIT ( ) NAMED_UNIT ( * ) SI_UNIT ( .MILLI., .METRE. ) );
#2867 = DIRECTION ( 'NONE',  ( 0.000000000000000000, 0.000000000000000000, 1.000000000000000000 ) ) ;
#2868 = CARTESIAN_POINT ( 'NONE',  ( 1.539456258228857344, 9.899000000000000909, 2.406149256225236677 ) ) ;
#2869 = CARTESIAN_POINT ( 'NONE',  ( 3.267244662403631761, 9.899000000000000909, -1.952034078189001542 ) ) ;
#2870 = DIRECTION ( 'NONE',  ( -0.000000000000000000, 0.000000000000000000, -1.000000000000000000 ) ) ;
#2871 = CARTESIAN_POINT ( 'NONE',  ( 4.007404976177575406, 9.899000000000000909, -0.2220558719798921277 ) ) ;
#2872 = UNCERTAINTY_MEASURE_WITH_UNIT (LENGTH_MEASURE( 1.000000000000000082E-05 ), #76, 'distance_accuracy_value', 'NONE');
#2873 = CARTESIAN_POINT ( 'NONE',  ( 3.487943684178945958, 9.900000000000000355, -0.2907702381153060567 ) ) ;
#2874 = B_SPLINE_SURFACE_WITH_KNOTS ( 'NONE', 3, 1, ( 
 ( #1272, #2085 ),
 ( #1791, #2602 ),
 ( #1052, #1108 ),
 ( #1590, #624 ) ),
 .UNSPECIFIED., .F., .F., .F.,
 ( 4, 4 ),
 ( 2, 2 ),
 ( 0.09090909090909091161, 0.1818181818181818232 ),
 ( 0.000000000000000000, 1.000000000000000000 ),
 .UNSPECIFIED. ) ;
#2875 = SURFACE_SIDE_STYLE ('',( #1192 ) ) ;
#2876 = CARTESIAN_POINT ( 'NONE',  ( 2.236200404777783479, 9.899000000000000909, -0.5091199628723855897 ) ) ;
#2877 = ORIENTED_EDGE ( 'NONE', *, *, #2184, .F. ) ;
#2878 = ORIENTED_EDGE ( 'NONE', *, *, #2003, .F. ) ;
#2879 = CARTESIAN_POINT ( 'NONE',  ( 3.770155873744589048, 9.898999999999999133, 2.002881816693467432 ) ) ;
#2880 = CARTESIAN_POINT ( 'NONE',  ( 2.153524624830120082, 9.899000000000002686, -0.5651951310678569040 ) ) ;
#2881 = ADVANCED_FACE ( 'NONE', ( #2188 ), #2423, .T. ) ;
#2882 = CARTESIAN_POINT ( 'NONE',  ( -2.793422049999235490, 9.900000000000000355, 0.2299165447012879726 ) ) ;
#2883 = CARTESIAN_POINT ( 'NONE',  ( 0.2832224381897465171, 9.899000000000000909, 1.720008276984740903 ) ) ;
#2884 = EDGE_CURVE ( 'NONE', #2597, #23, #1138, .T. ) ;
#2885 = CARTESIAN_POINT ( 'NONE',  ( 3.852702646889013316, 9.899000000000000909, -1.833960665079886532 ) ) ;
#2886 =( GEOMETRIC_REPRESENTATION_CONTEXT ( 3 ) GLOBAL_UNCERTAINTY_ASSIGNED_CONTEXT ( ( #382 ) ) GLOBAL_UNIT_ASSIGNED_CONTEXT ( ( #1767, #2806, #592 ) ) REPRESENTATION_CONTEXT ( 'NONE', 'WORKASPACE' ) );
#2887 = PRESENTATION_LAYER_ASSIGNMENT (  '', '', ( #2480 ) ) ;
#2888 = FILL_AREA_STYLE_COLOUR ( '', #415 ) ;
#2889 = MECHANICAL_DESIGN_GEOMETRIC_PRESENTATION_REPRESENTATION (  '', ( #1788 ), #2840 ) ;
#2890 = SURFACE_STYLE_FILL_AREA ( #651 ) ;
#2891 = FILL_AREA_STYLE ('',( #728 ) ) ;
#2892 = VECTOR ( 'NONE', #2995, 1000.000000000000000 ) ;
#2893 = STYLED_ITEM ( 'NONE', ( #2567 ), #1080 ) ;
#2894 = VERTEX_POINT ( 'NONE', #2134 ) ;
#2895 = CARTESIAN_POINT ( 'NONE',  ( 3.828472305305705703, 9.899000000000000909, -2.159238427583641595 ) ) ;
#2896 = CARTESIAN_POINT ( 'NONE',  ( 1.999651228604592212, 9.899000000000002686, -0.6800603665172983980 ) ) ;
#2897 = COLOUR_RGB ( '',1.000000000000000000, 1.000000000000000000, 1.000000000000000000 ) ;
#2898 = EDGE_LOOP ( 'NONE', ( #827, #2762, #1677, #543 ) ) ;
#2899 = ORIENTED_EDGE ( 'NONE', *, *, #1199, .T. ) ;
#2900 = SURFACE_STYLE_FILL_AREA ( #423 ) ;
#2901 =( NAMED_UNIT ( * ) PLANE_ANGLE_UNIT ( ) SI_UNIT ( $, .RADIAN. ) );
#2902 = DIRECTION ( 'NONE',  ( 0.000000000000000000, 0.000000000000000000, -1.000000000000000000 ) ) ;
#2903 =( GEOMETRIC_REPRESENTATION_CONTEXT ( 3 ) GLOBAL_UNCERTAINTY_ASSIGNED_CONTEXT ( ( #2843 ) ) GLOBAL_UNIT_ASSIGNED_CONTEXT ( ( #1537, #1266, #2028 ) ) REPRESENTATION_CONTEXT ( 'NONE', 'WORKASPACE' ) );
#2904 = EDGE_CURVE ( 'NONE', #489, #3115, #3047, .T. ) ;
#2905 = ADVANCED_FACE ( 'NONE', ( #1997 ), #648, .F. ) ;
#2906 = CARTESIAN_POINT ( 'NONE',  ( 1.539456258228857344, 9.899000000000000909, -1.440004589928610024 ) ) ;
#2907 = ADVANCED_FACE ( 'NONE', ( #739 ), #1469, .T. ) ;
#2908 = SURFACE_STYLE_USAGE ( .BOTH. , #948 ) ;
#2909 = CARTESIAN_POINT ( 'NONE',  ( -1.050408664172459927, 9.899000000000000909, 0.8041224502130936980 ) ) ;
#2910 = UNCERTAINTY_MEASURE_WITH_UNIT (LENGTH_MEASURE( 1.000000000000000082E-05 ), #212, 'distance_accuracy_value', 'NONE');
#2911 = DIRECTION ( 'NONE',  ( 0.000000000000000000, -0.000000000000000000, 1.000000000000000000 ) ) ;
#2912 = ORIENTED_EDGE ( 'NONE', *, *, #1157, .T. ) ;
#2913 = CARTESIAN_POINT ( 'NONE',  ( 0.5619496035440766368, 9.899000000000000909, -0.04210589624360546596 ) ) ;
#2914 = LINE ( 'NONE', #1844, #301 ) ;
#2915 = ORIENTED_EDGE ( 'NONE', *, *, #3143, .F. ) ;
#2916 = CARTESIAN_POINT ( 'NONE',  ( 3.097130752144279686, 9.899000000000002686, 1.841853434535372980 ) ) ;
#2917 = EDGE_CURVE ( 'NONE', #1713, #2080, #1028, .T. ) ;
#2918 = FACE_BOUND ( 'NONE', #1013, .T. ) ;
#2919 = FILL_AREA_STYLE ('',( #1883 ) ) ;
#2920 = ORIENTED_EDGE ( 'NONE', *, *, #304, .F. ) ;
#2921 = DIRECTION ( 'NONE',  ( -0.000000000000000000, 1.000000000000000000, -0.000000000000000000 ) ) ;
#2922 = EDGE_CURVE ( 'NONE', #1957, #1573, #762, .T. ) ;
#2923 = ORIENTED_EDGE ( 'NONE', *, *, #1616, .F. ) ;
#2924 =( NAMED_UNIT ( * ) PLANE_ANGLE_UNIT ( ) SI_UNIT ( $, .RADIAN. ) );
#2925 =( LENGTH_UNIT ( ) NAMED_UNIT ( * ) SI_UNIT ( .MILLI., .METRE. ) );
#2926 = ORIENTED_EDGE ( 'NONE', *, *, #334, .T. ) ;
#2927 = CARTESIAN_POINT ( 'NONE',  ( 3.327817636433985538, 9.900000000000000355, 1.590343967763697908 ) ) ;
#2928 = CARTESIAN_POINT ( 'NONE',  ( 1.539456258228857344, 9.900000000000000355, 0.8035851536611338108 ) ) ;
#2929 = CARTESIAN_POINT ( 'NONE',  ( 1.859969078741678050, 9.899000000000000909, -1.440004589928610024 ) ) ;
#2930 = ORIENTED_EDGE ( 'NONE', *, *, #946, .F. ) ;
#2931 = FILL_AREA_STYLE ('',( #2888 ) ) ;
#2932 = DIRECTION ( 'NONE',  ( -0.000000000000000000, 0.000000000000000000, 1.000000000000000000 ) ) ;
#2933 =( GEOMETRIC_REPRESENTATION_CONTEXT ( 3 ) GLOBAL_UNCERTAINTY_ASSIGNED_CONTEXT ( ( #931 ) ) GLOBAL_UNIT_ASSIGNED_CONTEXT ( ( #173, #875, #1115 ) ) REPRESENTATION_CONTEXT ( 'NONE', 'WORKASPACE' ) );
#2934 = EDGE_CURVE ( 'NONE', #450, #1890, #1523, .T. ) ;
#2935 = PRESENTATION_LAYER_ASSIGNMENT (  '', '', ( #2991 ) ) ;
#2936 = VECTOR ( 'NONE', #1984, 1000.000000000000000 ) ;
#2937 = EDGE_LOOP ( 'NONE', ( #3023, #1133, #2461, #872, #387, #2486, #3129, #3092, #2753, #1334, #1995 ) ) ;
#2938 = CARTESIAN_POINT ( 'NONE',  ( 2.322505442568230549, 9.899000000000002686, -2.376597374110059668 ) ) ;
#2939 = DIRECTION ( 'NONE',  ( -0.000000000000000000, 0.000000000000000000, -1.000000000000000000 ) ) ;
#2940 = CARTESIAN_POINT ( 'NONE',  ( 2.522423668654681261, 9.899000000000002686, -2.570323710842202569 ) ) ;
#2941 = COLOUR_RGB ( '',0.1921568627450980227, 0.2039215686274509776, 0.2039215686274509776 ) ;
#2942 = ORIENTED_EDGE ( 'NONE', *, *, #844, .T. ) ;
#2943 = SURFACE_SIDE_STYLE ('',( #988 ) ) ;
#2944 =( GEOMETRIC_REPRESENTATION_CONTEXT ( 3 ) GLOBAL_UNCERTAINTY_ASSIGNED_CONTEXT ( ( #1066 ) ) GLOBAL_UNIT_ASSIGNED_CONTEXT ( ( #1543, #1838, #3041 ) ) REPRESENTATION_CONTEXT ( 'NONE', 'WORKASPACE' ) );
#2945 = AXIS2_PLACEMENT_3D ( 'NONE', #2219, #1734, #2949 ) ;
#2946 = CARTESIAN_POINT ( 'NONE',  ( 1.859969078741678050, 9.899000000000000909, 2.406149256225236677 ) ) ;
#2947 = LINE ( 'NONE', #2216, #2299 ) ;
#2948 = PRESENTATION_LAYER_ASSIGNMENT (  '', '', ( #564 ) ) ;
#2949 = DIRECTION ( 'NONE',  ( 1.000000000000000000, 0.000000000000000000, -0.000000000000000000 ) ) ;
#2950 =( GEOMETRIC_REPRESENTATION_CONTEXT ( 3 ) GLOBAL_UNCERTAINTY_ASSIGNED_CONTEXT ( ( #1822 ) ) GLOBAL_UNIT_ASSIGNED_CONTEXT ( ( #1695, #909, #2627 ) ) REPRESENTATION_CONTEXT ( 'NONE', 'WORKASPACE' ) );
#2951 = SURFACE_STYLE_FILL_AREA ( #2965 ) ;
#2952 = EDGE_LOOP ( 'NONE', ( #2416, #170, #1804, #1484 ) ) ;
#2953 = VECTOR ( 'NONE', #2241, 1000.000000000000000 ) ;
#2954 = CARTESIAN_POINT ( 'NONE',  ( 2.892817914572809457, 9.900000000000000355, -0.4771268272950355271 ) ) ;
#2955 = LINE ( 'NONE', #2473, #666 ) ;
#2956 =( LENGTH_UNIT ( ) NAMED_UNIT ( * ) SI_UNIT ( .MILLI., .METRE. ) );
#2957 = CARTESIAN_POINT ( 'NONE',  ( 1.882342475634342760, 9.899000000000002686, -2.702000694780362089 ) ) ;
#2958 = PRESENTATION_STYLE_ASSIGNMENT (( #2680 ) ) ;
#2959 = CARTESIAN_POINT ( 'NONE',  ( 3.267244662403631761, 9.900000000000000355, -1.952034078189001542 ) ) ;
#2960 = VERTEX_POINT ( 'NONE', #258 ) ;
#2961 = EDGE_CURVE ( 'NONE', #1875, #126, #1491, .T. ) ;
#2962 = CARTESIAN_POINT ( 'NONE',  ( 1.539456258228857344, 9.899000000000000909, 2.406149256225236677 ) ) ;
#2963 = DIRECTION ( 'NONE',  ( 0.000000000000000000, 0.000000000000000000, -1.000000000000000000 ) ) ;
#2964 = FACE_OUTER_BOUND ( 'NONE', #2316, .T. ) ;
#2965 = FILL_AREA_STYLE ('',( #2723 ) ) ;
#2966 = ORIENTED_EDGE ( 'NONE', *, *, #1854, .F. ) ;
#2967 = CARTESIAN_POINT ( 'NONE',  ( 1.937897060019538875, 9.899999999999996803, -1.006165211526791836 ) ) ;
#2968 =( LENGTH_UNIT ( ) NAMED_UNIT ( * ) SI_UNIT ( .MILLI., .METRE. ) );
#2969 = UNCERTAINTY_MEASURE_WITH_UNIT (LENGTH_MEASURE( 1.000000000000000082E-05 ), #481, 'distance_accuracy_value', 'NONE');
#2970 = LINE ( 'NONE', #1269, #2936 ) ;
#2971 = CARTESIAN_POINT ( 'NONE',  ( 1.927686470879948377, 9.900000000000002132, -0.7382780948780577335 ) ) ;
#2972 = CARTESIAN_POINT ( 'NONE',  ( 1.859969078741678050, 9.899999999999998579, -2.722055871979891961 ) ) ;
#2973 = FACE_OUTER_BOUND ( 'NONE', #731, .T. ) ;
#2974 = CARTESIAN_POINT ( 'NONE',  ( 1.798871322331421885, 9.899000000000002686, 0.8035851536611339219 ) ) ;
#2975 = CARTESIAN_POINT ( 'NONE',  ( -5.249999999999999112, 9.900000000000000355, 5.900000000000000355 ) ) ;
#2976 = ORIENTED_EDGE ( 'NONE', *, *, #2904, .T. ) ;
#2977 =( LENGTH_UNIT ( ) NAMED_UNIT ( * ) SI_UNIT ( .MILLI., .METRE. ) );
#2978 = CARTESIAN_POINT ( 'NONE',  ( 3.500122088917338115, 9.900000000000000355, 1.953093634420275837 ) ) ;
#2979 = CARTESIAN_POINT ( 'NONE',  ( 3.327817636433985538, 9.899000000000000909, 1.590343967763697908 ) ) ;
#2980 = DIRECTION ( 'NONE',  ( 0.000000000000000000, 0.000000000000000000, 1.000000000000000000 ) ) ;
#2981 = CARTESIAN_POINT ( 'NONE',  ( 2.895953799279411545, 9.899000000000000909, 1.765821547025343774 ) ) ;
#2982 = CARTESIAN_POINT ( 'NONE',  ( -2.059126774408686078, 9.899000000000000909, -0.5386035340388787285 ) ) ;
#2983 = ORIENTED_EDGE ( 'NONE', *, *, #2884, .T. ) ;
#2984 = CARTESIAN_POINT ( 'NONE',  ( 2.274238898752874771, 9.899000000000000909, -0.7832293871474215186 ) ) ;
#2985 = CARTESIAN_POINT ( 'NONE',  ( 1.031653934252735327, 9.899000000000000909, -0.5050338489995117586 ) ) ;
#2986 = CARTESIAN_POINT ( 'NONE',  ( 4.007404976177575406, 9.900000000000000355, 1.701021051097031167 ) ) ;
#2987 = VECTOR ( 'NONE', #2324, 1000.000000000000000 ) ;
#2988 = CARTESIAN_POINT ( 'NONE',  ( 3.500122088917338115, 9.899999999999998579, -1.893060211733570863 ) ) ;
#2989 = CARTESIAN_POINT ( 'NONE',  ( -1.787375593306315347, 9.900000000000000355, 1.154840954150104126 ) ) ;
#2990 = FILL_AREA_STYLE_COLOUR ( '', #2065 ) ;
#2991 = STYLED_ITEM ( 'NONE', ( #424 ), #1521 ) ;
#2992 = VECTOR ( 'NONE', #1888, 1000.000000000000000 ) ;
#2993 = EDGE_LOOP ( 'NONE', ( #2313, #2107, #1692, #1397 ) ) ;
#2994 =( LENGTH_UNIT ( ) NAMED_UNIT ( * ) SI_UNIT ( .MILLI., .METRE. ) );
#2995 = DIRECTION ( 'NONE',  ( 1.000000000000000000, 0.000000000000000000, 0.000000000000000000 ) ) ;
#2996 = LINE ( 'NONE', #750, #2277 ) ;
#2997 = CARTESIAN_POINT ( 'NONE',  ( 3.500122088917338115, 9.899000000000000909, 1.953093634420275837 ) ) ;
#2998 =( GEOMETRIC_REPRESENTATION_CONTEXT ( 3 ) GLOBAL_UNCERTAINTY_ASSIGNED_CONTEXT ( ( #2674 ) ) GLOBAL_UNIT_ASSIGNED_CONTEXT ( ( #589, #835, #1577 ) ) REPRESENTATION_CONTEXT ( 'NONE', 'WORKASPACE' ) );
#2999 = ORIENTED_EDGE ( 'NONE', *, *, #2341, .T. ) ;
#3000 = PRESENTATION_LAYER_ASSIGNMENT (  '', '', ( #1231 ) ) ;
#3001 =( GEOMETRIC_REPRESENTATION_CONTEXT ( 3 ) GLOBAL_UNCERTAINTY_ASSIGNED_CONTEXT ( ( #2784 ) ) GLOBAL_UNIT_ASSIGNED_CONTEXT ( ( #721, #2211, #445 ) ) REPRESENTATION_CONTEXT ( 'NONE', 'WORKASPACE' ) );
#3002 = FILL_AREA_STYLE_COLOUR ( '', #2285 ) ;
#3003 =( NAMED_UNIT ( * ) PLANE_ANGLE_UNIT ( ) SI_UNIT ( $, .RADIAN. ) );
#3004 = CARTESIAN_POINT ( 'NONE',  ( 2.506045413310247660, 9.899999999999996803, 1.268458383207504703 ) ) ;
#3005 = VECTOR ( 'NONE', #1391, 1000.000000000000000 ) ;
#3006 = VECTOR ( 'NONE', #130, 1000.000000000000000 ) ;
#3007 = EDGE_CURVE ( 'NONE', #548, #2811, #2489, .T. ) ;
#3008 =( NAMED_UNIT ( * ) PLANE_ANGLE_UNIT ( ) SI_UNIT ( $, .RADIAN. ) );
#3009 = VERTEX_POINT ( 'NONE', #2047 ) ;
#3010 = MECHANICAL_DESIGN_GEOMETRIC_PRESENTATION_REPRESENTATION (  '', ( #986 ), #366 ) ;
#3011 = SURFACE_STYLE_USAGE ( .BOTH. , #1773 ) ;
#3012 = EDGE_CURVE ( 'NONE', #548, #2164, #3040, .T. ) ;
#3013 = SURFACE_STYLE_USAGE ( .BOTH. , #37 ) ;
#3014 = DIRECTION ( 'NONE',  ( -0.000000000000000000, 1.000000000000000000, -0.000000000000000000 ) ) ;
#3015 = CARTESIAN_POINT ( 'NONE',  ( 3.267244662403631761, 9.899999999999998579, -1.952034078189001542 ) ) ;
#3016 = CARTESIAN_POINT ( 'NONE',  ( 2.322505442568230549, 9.900000000000002132, -2.376597374110059668 ) ) ;
#3017 = CARTESIAN_POINT ( 'NONE',  ( 3.828472305305705703, 9.899000000000000909, 1.686915418570204439 ) ) ;
#3018 = CARTESIAN_POINT ( 'NONE',  ( -4.035738100735687617, 9.899000000000000909, 4.250000000000000000 ) ) ;
#3019 = CARTESIAN_POINT ( 'NONE',  ( 2.236200404777783479, 9.900000000000000355, 1.413956960204537872 ) ) ;
#3020 = LINE ( 'NONE', #1086, #2209 ) ;
#3021 = FILL_AREA_STYLE_COLOUR ( '', #2063 ) ;
#3022 = FILL_AREA_STYLE_COLOUR ( '', #2140 ) ;
#3023 = ORIENTED_EDGE ( 'NONE', *, *, #2115, .F. ) ;
#3024 = CARTESIAN_POINT ( 'NONE',  ( 2.224999999999999201, -0.1000000000000000056, -4.000000000000000888 ) ) ;
#3025 = SURFACE_SIDE_STYLE ('',( #829 ) ) ;
#3026 = CARTESIAN_POINT ( 'NONE',  ( 0.5496251940952582293, 9.900000000000000355, 0.8481433163548245391 ) ) ;
#3027 = EDGE_LOOP ( 'NONE', ( #983, #2043, #2670, #2142 ) ) ;
#3028 = CARTESIAN_POINT ( 'NONE',  ( 2.182870226123698298, 9.899999999999996803, -0.8390598451375177458 ) ) ;
#3029 = CARTESIAN_POINT ( 'NONE',  ( 1.859969078741678050, 9.899000000000000909, -1.440004589928610024 ) ) ;
#3030 = FILL_AREA_STYLE ('',( #1341 ) ) ;
#3031 = EDGE_CURVE ( 'NONE', #1683, #1033, #1252, .T. ) ;
#3032 = CARTESIAN_POINT ( 'NONE',  ( 3.327817636433985538, 9.899000000000000909, 1.590343967763697908 ) ) ;
#3033 = DIRECTION ( 'NONE',  ( -0.000000000000000000, -0.000000000000000000, 1.000000000000000000 ) ) ;
#3034 = DIRECTION ( 'NONE',  ( -0.000000000000000000, 1.000000000000000000, -0.000000000000000000 ) ) ;
#3035 = ORIENTED_EDGE ( 'NONE', *, *, #601, .F. ) ;
#3036 = VERTEX_POINT ( 'NONE', #743 ) ;
#3037 = CARTESIAN_POINT ( 'NONE',  ( 1.539456258228857344, 9.900000000000000355, -1.440004589928610024 ) ) ;
#3038 = CARTESIAN_POINT ( 'NONE',  ( 3.852702646889013316, 9.899000000000002686, 0.08911625799703674911 ) ) ;
#3039 = ORIENTED_EDGE ( 'NONE', *, *, #2707, .T. ) ;
#3040 = LINE ( 'NONE', #3029, #2804 ) ;
#3041 =( NAMED_UNIT ( * ) SI_UNIT ( $, .STERADIAN. ) SOLID_ANGLE_UNIT ( ) );
#3042 = EDGE_CURVE ( 'NONE', #1520, #1161, #1051, .T. ) ;
#3043 = CARTESIAN_POINT ( 'NONE',  ( 2.014400266732862210, 9.899000000000000909, 0.9730798424283186865 ) ) ;
#3044 = UNCERTAINTY_MEASURE_WITH_UNIT (LENGTH_MEASURE( 1.000000000000000082E-05 ), #3107, 'distance_accuracy_value', 'NONE');
#3045 = PRESENTATION_STYLE_ASSIGNMENT (( #1275 ) ) ;
#3046 = EDGE_CURVE ( 'NONE', #1008, #1520, #880, .T. ) ;
#3047 = B_SPLINE_CURVE_WITH_KNOTS ( 'NONE', 3,
 ( #57, #269, #1966, #991 ),
 .UNSPECIFIED., .F., .F.,
 ( 4, 4 ),
 ( 0.6363636363636364646, 0.7272727272727274039 ),
 .UNSPECIFIED. ) ;
#3048 = DIRECTION ( 'NONE',  ( -0.000000000000000000, 1.000000000000000000, -0.000000000000000000 ) ) ;
#3049 = CARTESIAN_POINT ( 'NONE',  ( 2.892817914572809013, 9.899000000000000909, -2.400203750371958655 ) ) ;
#3050 = SURFACE_STYLE_FILL_AREA ( #2039 ) ;
#3051 = CARTESIAN_POINT ( 'NONE',  ( -1.131761026377192003, 9.900000000000000355, -0.4942397545113230706 ) ) ;
#3052 = MECHANICAL_DESIGN_GEOMETRIC_PRESENTATION_REPRESENTATION (  '', ( #2270 ), #2886 ) ;
#3053 = VERTEX_POINT ( 'NONE', #1011 ) ;
#3054 = ORIENTED_EDGE ( 'NONE', *, *, #2570, .T. ) ;
#3055 = STYLED_ITEM ( 'NONE', ( #2958 ), #1956 ) ;
#3056 = MECHANICAL_DESIGN_GEOMETRIC_PRESENTATION_REPRESENTATION (  '', ( #924 ), #2532 ) ;
#3057 = CARTESIAN_POINT ( 'NONE',  ( 3.982518742424586922, 9.900000000000003908, 0.09768817955805386699 ) ) ;
#3058 = B_SPLINE_CURVE_WITH_KNOTS ( 'NONE', 3,
 ( #370, #2074, #1085, #385 ),
 .UNSPECIFIED., .F., .F.,
 ( 4, 4 ),
 ( 0.000000000000000000, 0.09090909090909091161 ),
 .UNSPECIFIED. ) ;
#3059 = VECTOR ( 'NONE', #2648, 1000.000000000000000 ) ;
#3060 = VECTOR ( 'NONE', #778, 1000.000000000000000 ) ;
#3061 = VECTOR ( 'NONE', #1141, 1000.000000000000000 ) ;
#3062 = B_SPLINE_CURVE_WITH_KNOTS ( 'NONE', 3,
 ( #857, #2882, #1164, #1663 ),
 .UNSPECIFIED., .F., .F.,
 ( 4, 4 ),
 ( 0.1818181818181818232, 0.2727272727272727071 ),
 .UNSPECIFIED. ) ;
#3063 = DIRECTION ( 'NONE',  ( 0.7901669519244092221, 0.000000000000000000, 0.6128916609699370799 ) ) ;
#3064 = FILL_AREA_STYLE ('',( #850 ) ) ;
#3065 = AXIS2_PLACEMENT_3D ( 'NONE', #2354, #861, #1869 ) ;
#3066 = STYLED_ITEM ( 'NONE', ( #795 ), #3170 ) ;
#3067 = PLANE ( 'NONE',  #2742 ) ;
#3068 = FILL_AREA_STYLE_COLOUR ( '', #1690 ) ;
#3069 = DIRECTION ( 'NONE',  ( -0.000000000000000000, 1.000000000000000000, -0.000000000000000000 ) ) ;
#3070 = CARTESIAN_POINT ( 'NONE',  ( 1.866044462534064197, 9.900000000000000355, -1.062050611484041562 ) ) ;
#3071 = ORIENTED_EDGE ( 'NONE', *, *, #304, .T. ) ;
#3072 = DIRECTION ( 'NONE',  ( -1.000000000000000000, 0.000000000000000000, 0.000000000000000000 ) ) ;
#3073 =( NAMED_UNIT ( * ) SI_UNIT ( $, .STERADIAN. ) SOLID_ANGLE_UNIT ( ) );
#3074 = CARTESIAN_POINT ( 'NONE',  ( 2.506045413310247660, 9.899000000000000909, 1.268458383207504703 ) ) ;
#3075 = SURFACE_SIDE_STYLE ('',( #834 ) ) ;
#3076 = UNCERTAINTY_MEASURE_WITH_UNIT (LENGTH_MEASURE( 1.000000000000000082E-05 ), #2746, 'distance_accuracy_value', 'NONE');
#3077 = LINE ( 'NONE', #851, #1291 ) ;
#3078 = CARTESIAN_POINT ( 'NONE',  ( 1.539456258228857344, 9.899000000000000909, -1.440004589928610024 ) ) ;
#3079 = DIRECTION ( 'NONE',  ( -0.000000000000000000, 1.000000000000000000, -0.000000000000000000 ) ) ;
#3080 = CARTESIAN_POINT ( 'NONE',  ( 1.820934012025256399, 9.899000000000002686, -1.100625501748689450 ) ) ;
#3081 = CARTESIAN_POINT ( 'NONE',  ( 2.274238898752874771, 9.900000000000000355, -0.7832293871474215186 ) ) ;
#3082 = ORIENTED_EDGE ( 'NONE', *, *, #904, .T. ) ;
#3083 = FACE_OUTER_BOUND ( 'NONE', #2789, .T. ) ;
#3084 = FACE_OUTER_BOUND ( 'NONE', #1360, .T. ) ;
#3085 =( LENGTH_UNIT ( ) NAMED_UNIT ( * ) SI_UNIT ( .MILLI., .METRE. ) );
#3086 = CARTESIAN_POINT ( 'NONE',  ( 1.859969078741678050, 9.900000000000000355, 1.124097974173954295 ) ) ;
#3087 = CARTESIAN_POINT ( 'NONE',  ( 1.539456258228857344, 9.899000000000000909, -3.042568692492712223 ) ) ;
#3088 = CARTESIAN_POINT ( 'NONE',  ( 3.654652869401912696, 9.899999999999996803, -0.2599726255749311155 ) ) ;
#3089 =( LENGTH_UNIT ( ) NAMED_UNIT ( * ) SI_UNIT ( .MILLI., .METRE. ) );
#3090 = CARTESIAN_POINT ( 'NONE',  ( 1.539456258228857344, 9.899000000000000909, -1.119491769415789539 ) ) ;
#3091 = CARTESIAN_POINT ( 'NONE',  ( 2.537592257453082034, 9.899000000000002686, -0.3279467742820512122 ) ) ;
#3092 = ORIENTED_EDGE ( 'NONE', *, *, #2765, .F. ) ;
#3093 = ORIENTED_EDGE ( 'NONE', *, *, #2555, .F. ) ;
#3094 =( NAMED_UNIT ( * ) SI_UNIT ( $, .STERADIAN. ) SOLID_ANGLE_UNIT ( ) );
#3095 = SURFACE_SIDE_STYLE ('',( #2156 ) ) ;
#3096 = PRESENTATION_STYLE_ASSIGNMENT (( #1603 ) ) ;
#3097 = COLOUR_RGB ( '',1.000000000000000000, 1.000000000000000000, 1.000000000000000000 ) ;
#3098 = CARTESIAN_POINT ( 'NONE',  ( 1.859969078741678050, 9.900000000000000355, 2.406149256225236677 ) ) ;
#3099 = COLOUR_RGB ( '',1.000000000000000000, 1.000000000000000000, 1.000000000000000000 ) ;
#3100 = COLOUR_RGB ( '',0.8274509803921568096, 0.8392156862745098200, 0.8274509803921568096 ) ;
#3101 = DIRECTION ( 'NONE',  ( -0.000000000000000000, 1.000000000000000000, -0.000000000000000000 ) ) ;
#3102 = EDGE_CURVE ( 'NONE', #1727, #278, #1985, .T. ) ;
#3103 = COLOUR_RGB ( '',1.000000000000000000, 1.000000000000000000, 1.000000000000000000 ) ;
#3104 = VECTOR ( 'NONE', #1627, 1000.000000000000000 ) ;
#3105 = ADVANCED_FACE ( 'NONE', ( #2257 ), #2536, .T. ) ;
#3106 = CARTESIAN_POINT ( 'NONE',  ( 2.096266520123800881, 9.900000000000002132, 1.028581481956688082 ) ) ;
#3107 =( LENGTH_UNIT ( ) NAMED_UNIT ( * ) SI_UNIT ( .MILLI., .METRE. ) );
#3108 = UNCERTAINTY_MEASURE_WITH_UNIT (LENGTH_MEASURE( 1.000000000000000082E-05 ), #2925, 'distance_accuracy_value', 'NONE');
#3109 =( GEOMETRIC_REPRESENTATION_CONTEXT ( 3 ) GLOBAL_UNCERTAINTY_ASSIGNED_CONTEXT ( ( #2427 ) ) GLOBAL_UNIT_ASSIGNED_CONTEXT ( ( #2275, #2498, #479 ) ) REPRESENTATION_CONTEXT ( 'NONE', 'WORKASPACE' ) );
#3110 = CARTESIAN_POINT ( 'NONE',  ( 3.947081253282668012, 9.899999999999998579, -0.2268113158217549274 ) ) ;
#3111 = VECTOR ( 'NONE', #2921, 1000.000000000000000 ) ;
#3112 = CARTESIAN_POINT ( 'NONE',  ( 3.947081253282668012, 9.899999999999998579, -0.2268113158217549274 ) ) ;
#3113 = DIRECTION ( 'NONE',  ( -0.000000000000000000, 1.000000000000000000, -0.000000000000000000 ) ) ;
#3114 =( NAMED_UNIT ( * ) PLANE_ANGLE_UNIT ( ) SI_UNIT ( $, .RADIAN. ) );
#3115 = VERTEX_POINT ( 'NONE', #1286 ) ;
#3116 = VECTOR ( 'NONE', #2815, 1000.000000000000000 ) ;
#3117 = EDGE_CURVE ( 'NONE', #1647, #1952, #1753, .T. ) ;
#3118 = ORIENTED_EDGE ( 'NONE', *, *, #2049, .F. ) ;
#3119 = SURFACE_STYLE_FILL_AREA ( #422 ) ;
#3120 = DIRECTION ( 'NONE',  ( -1.000000000000000000, 0.000000000000000000, -0.000000000000000000 ) ) ;
#3121 = CARTESIAN_POINT ( 'NONE',  ( -1.044379530314190285, 9.899000000000000909, 1.357630717929626307 ) ) ;
#3122 = CARTESIAN_POINT ( 'NONE',  ( 2.413020837767631210, 9.898999999999997357, -2.322727682811485561 ) ) ;
#3123 = CARTESIAN_POINT ( 'NONE',  ( 2.014400266732862210, 9.900000000000000355, 0.9730798424283186865 ) ) ;
#3124 = PRESENTATION_STYLE_ASSIGNMENT (( #1377 ) ) ;
#3125 = CARTESIAN_POINT ( 'NONE',  ( 3.487943684178945958, 9.899000000000000909, -0.2907702381153060567 ) ) ;
#3126 = EDGE_CURVE ( 'NONE', #917, #2080, #2797, .T. ) ;
#3127 = LINE ( 'NONE', #2679, #877 ) ;
#3128 = CARTESIAN_POINT ( 'NONE',  ( 3.402538664877622576, 9.898999999999997357, 0.006226037856934851442 ) ) ;
#3129 = ORIENTED_EDGE ( 'NONE', *, *, #1083, .F. ) ;
#3130 = EDGE_LOOP ( 'NONE', ( #1680, #2185, #3178, #3138 ) ) ;
#3131 = ORIENTED_EDGE ( 'NONE', *, *, #1064, .F. ) ;
#3132 =( NAMED_UNIT ( * ) PLANE_ANGLE_UNIT ( ) SI_UNIT ( $, .RADIAN. ) );
#3133 = DIRECTION ( 'NONE',  ( 0.000000000000000000, 0.000000000000000000, -1.000000000000000000 ) ) ;
#3134 = LINE ( 'NONE', #906, #2382 ) ;
#3135 = CARTESIAN_POINT ( 'NONE',  ( 1.882342475634342760, 9.899000000000002686, -2.702000694780362089 ) ) ;
#3136 = UNCERTAINTY_MEASURE_WITH_UNIT (LENGTH_MEASURE( 1.000000000000000082E-05 ), #2968, 'distance_accuracy_value', 'NONE');
#3137 = CARTESIAN_POINT ( 'NONE',  ( -3.635738100735686817, 9.899000000000000909, -4.250000000000000000 ) ) ;
#3138 = ORIENTED_EDGE ( 'NONE', *, *, #3031, .T. ) ;
#3139 = EDGE_CURVE ( 'NONE', #1948, #964, #2580, .T. ) ;
#3140 = CARTESIAN_POINT ( 'NONE',  ( -1.050408664172459927, 9.900000000000000355, 0.8041224502130936980 ) ) ;
#3141 =( LENGTH_UNIT ( ) NAMED_UNIT ( * ) SI_UNIT ( .MILLI., .METRE. ) );
#3142 = ORIENTED_EDGE ( 'NONE', *, *, #826, .T. ) ;
#3143 = EDGE_CURVE ( 'NONE', #2193, #1350, #598, .T. ) ;
#3144 = ORIENTED_EDGE ( 'NONE', *, *, #80, .T. ) ;
#3145 = ORIENTED_EDGE ( 'NONE', *, *, #1876, .F. ) ;
#3146 = CARTESIAN_POINT ( 'NONE',  ( 1.999651228604592212, 9.899000000000002686, -0.6800603665172983980 ) ) ;
#3147 =( NAMED_UNIT ( * ) SI_UNIT ( $, .STERADIAN. ) SOLID_ANGLE_UNIT ( ) );
#3148 = CARTESIAN_POINT ( 'NONE',  ( -0.2270531523614435498, 9.899000000000000909, -1.474869675771160793 ) ) ;
#3149 = DIRECTION ( 'NONE',  ( 1.000000000000000000, 0.000000000000000000, 0.000000000000000000 ) ) ;
#3150 = B_SPLINE_SURFACE_WITH_KNOTS ( 'NONE', 3, 1, ( 
 ( #2974, #1065 ),
 ( #2034, #801 ),
 ( #2320, #337 ),
 ( #1810, #1081 ),
 ( #3043, #1776 ),
 ( #2783, #1544 ),
 ( #2048, #2545 ),
 ( #817, #1792 ),
 ( #577, #1045 ),
 ( #1309, #3004 ),
 ( #2777, #106 ),
 ( #2026, #308 ),
 ( #35, #2298 ),
 ( #1575, #812 ),
 ( #2552, #2534 ) ),
 .UNSPECIFIED., .F., .F., .F.,
 ( 4, 1, 1, 1, 1, 1, 1, 1, 1, 1, 1, 1, 4 ),
 ( 2, 2 ),
 ( 0.000000000000000000, 0.05027287497458368670, 0.1027903700748774990, 0.1576131012369288709, 0.2146311133156754147, 0.2740612127265389386, 0.3356974550538850410, 0.4000702787165525409, 0.4668267493853399674, 0.6020780869193702589, 0.7357515335047495331, 0.8682046170340284030, 0.9999999999999998890 ),
 ( 0.000000000000000000, 1.000000000000000000 ),
 .UNSPECIFIED. ) ;
#3151 = CARTESIAN_POINT ( 'NONE',  ( -2.224999999999998312, 0.000000000000000000, 4.000000000000000000 ) ) ;
#3152 = COLOUR_RGB ( '',1.000000000000000000, 1.000000000000000000, 1.000000000000000000 ) ;
#3153 = SURFACE_STYLE_FILL_AREA ( #2931 ) ;
#3154 = STYLED_ITEM ( 'NONE', ( #1867 ), #1118 ) ;
#3155 = DIRECTION ( 'NONE',  ( -0.000000000000000000, 1.000000000000000000, -0.000000000000000000 ) ) ;
#3156 = FILL_AREA_STYLE ('',( #1407 ) ) ;
#3157 = VECTOR ( 'NONE', #2827, 1000.000000000000000 ) ;
#3158 = COLOUR_RGB ( '',1.000000000000000000, 1.000000000000000000, 1.000000000000000000 ) ;
#3159 = VERTEX_POINT ( 'NONE', #2517 ) ;
#3160 = FACE_OUTER_BOUND ( 'NONE', #1617, .T. ) ;
#3161 = CARTESIAN_POINT ( 'NONE',  ( 4.007404976177575406, 9.899000000000000909, 2.021533871609851651 ) ) ;
#3162 = VECTOR ( 'NONE', #1821, 1000.000000000000000 ) ;
#3163 = MECHANICAL_DESIGN_GEOMETRIC_PRESENTATION_REPRESENTATION (  '', ( #2485 ), #1846 ) ;
#3164 = ORIENTED_EDGE ( 'NONE', *, *, #1834, .F. ) ;
#3165 = ORIENTED_EDGE ( 'NONE', *, *, #380, .T. ) ;
#3166 = FACE_OUTER_BOUND ( 'NONE', #2222, .T. ) ;
#3167 = DIRECTION ( 'NONE',  ( 1.000000000000000000, 0.000000000000000000, 0.000000000000000000 ) ) ;
#3168 = CARTESIAN_POINT ( 'NONE',  ( 1.045314170473210513, 9.899000000000000909, -0.07946810096801441847 ) ) ;
#3169 = VECTOR ( 'NONE', #547, 1000.000000000000000 ) ;
#3170 = ADVANCED_FACE ( 'NONE', ( #61 ), #2279, .F. ) ;
#3171 = CARTESIAN_POINT ( 'NONE',  ( 1.859969078741678050, 9.899000000000000909, -2.722055871979891961 ) ) ;
#3172 = ORIENTED_EDGE ( 'NONE', *, *, #1735, .F. ) ;
#3173 = CLOSED_SHELL ( 'NONE', ( #1611, #1118, #1425, #1408, #29, #1833, #1956, #3170, #1374, #1466, #3105, #2705, #2351, #2097, #1775, #627, #600, #1623, #162, #2790, #1059, #901, #257, #64, #2657, #1403, #962, #944, #1975, #2669, #587, #1105, #1080, #1140, #1464, #2881, #1312, #2344, #2907, #2622, #538, #2272, #1046, #2905, #2319, #1872, #642, #956, #2469, #24, #2434, #2204, #2415, #1521, #1174, #497, #2642, #2455, #1292, #2401 ) ) ;
#3174 = SURFACE_STYLE_USAGE ( .BOTH. , #929 ) ;
#3175 = ORIENTED_EDGE ( 'NONE', *, *, #100, .T. ) ;
#3176 = CARTESIAN_POINT ( 'NONE',  ( 3.380588384908581823, 9.899000000000000909, -2.241980747991021872 ) ) ;
#3177 = CARTESIAN_POINT ( 'NONE',  ( 5.250000000000000888, 0.000000000000000000, 5.900000000000000355 ) ) ;
#3178 = ORIENTED_EDGE ( 'NONE', *, *, #1616, .T. ) ;
#3179 = DIRECTION ( 'NONE',  ( 0.000000000000000000, 0.000000000000000000, -1.000000000000000000 ) ) ;
#3180 = CARTESIAN_POINT ( 'NONE',  ( -1.131438585432311239, 9.900000000000000355, -1.210478337188482190 ) ) ;
#3181 = EDGE_CURVE ( 'NONE', #2127, #2822, #2254, .T. ) ;
#3182 = SURFACE_STYLE_FILL_AREA ( #2919 ) ;
#3183 = ORIENTED_EDGE ( 'NONE', *, *, #1169, .F. ) ;
#3184 = LINE ( 'NONE', #1758, #716 ) ;
#3185 = SURFACE_STYLE_USAGE ( .BOTH. , #2162 ) ;
#3186 = ORIENTED_EDGE ( 'NONE', *, *, #149, .T. ) ;
#3187 =( LENGTH_UNIT ( ) NAMED_UNIT ( * ) SI_UNIT ( .MILLI., .METRE. ) );
#3188 = CARTESIAN_POINT ( 'NONE',  ( -0.8208460657472710365, 9.899000000000000909, -0.8950850301018700161 ) ) ;
#3189 = VERTEX_POINT ( 'NONE', #78 ) ;
#3190 = CARTESIAN_POINT ( 'NONE',  ( 4.007404976177575406, 9.900000000000000355, 2.021533871609851651 ) ) ;
#3191 = DIRECTION ( 'NONE',  ( -0.000000000000000000, 1.000000000000000000, -0.000000000000000000 ) ) ;
#3192 = CARTESIAN_POINT ( 'NONE',  ( 2.153524624830120526, 9.900000000000005684, 1.357881792009066890 ) ) ;
#3193 = SURFACE_STYLE_FILL_AREA ( #1982 ) ;
#3194 = ORIENTED_EDGE ( 'NONE', *, *, #1270, .F. ) ;
#3195 = CARTESIAN_POINT ( 'NONE',  ( 2.679444982629610728, 9.899999999999996803, -0.5677901105592104702 ) ) ;
#3196 = CARTESIAN_POINT ( 'NONE',  ( 3.327817636433985538, 9.900000000000000355, -2.255809878390148349 ) ) ;
#3197 = EDGE_CURVE ( 'NONE', #489, #1952, #2367, .T. ) ;
#3198 = AXIS2_PLACEMENT_3D ( 'NONE', #1263, #2708, #1944 ) ;
#3199 = ORIENTED_EDGE ( 'NONE', *, *, #1762, .T. ) ;
#3200 = CARTESIAN_POINT ( 'NONE',  ( 2.074430326976350880, 9.899999999999995026, -2.544871184632672367 ) ) ;
#3201 = FILL_AREA_STYLE_COLOUR ( '', #1736 ) ;
#3202 = FACE_OUTER_BOUND ( 'NONE', #2409, .T. ) ;
#3203 = ORIENTED_EDGE ( 'NONE', *, *, #470, .T. ) ;
#3204 = SURFACE_STYLE_USAGE ( .BOTH. , #202 ) ;
#3205 = PRESENTATION_LAYER_ASSIGNMENT (  '', '', ( #1386 ) ) ;
#3206 = CARTESIAN_POINT ( 'NONE',  ( 3.402538664877624353, 9.900000000000002132, 1.929302960933858557 ) ) ;
#3207 = CARTESIAN_POINT ( 'NONE',  ( -1.044379530314190285, 9.899000000000000909, 1.357630717929626307 ) ) ;
#3208 =( GEOMETRIC_REPRESENTATION_CONTEXT ( 3 ) GLOBAL_UNCERTAINTY_ASSIGNED_CONTEXT ( ( #1887 ) ) GLOBAL_UNIT_ASSIGNED_CONTEXT ( ( #438, #1419, #176 ) ) REPRESENTATION_CONTEXT ( 'NONE', 'WORKASPACE' ) );
#3209 = SURFACE_STYLE_USAGE ( .BOTH. , #2484 ) ;
#3210 = VERTEX_POINT ( 'NONE', #2133 ) ;
#3211 = AXIS2_PLACEMENT_3D ( 'NONE', #1756, #2060, #1047 ) ;
#3212 = CARTESIAN_POINT ( 'NONE',  ( 2.014400266732862210, 9.899000000000000909, -0.9499970806486045527 ) ) ;
ENDSEC;
END-ISO-10303-21;
