ISO-10303-21;
HEADER;
/* Generated by software containing ST-Developer
 * from STEP Tools, Inc. (www.steptools.com) 
 */

FILE_DESCRIPTION(
/* description */ (''),
/* implementation_level */ '2;1');

FILE_NAME(
/* name */ 'F:\\DFP\\3D\X2\57166A94\X0\\\TMPA\\TMPA2313SPV.stp',
/* time_stamp */ '2017-07-28T11:13:02+08:00',
/* author */ ('louklo'),
/* organization */ ('unknown'),
/* preprocessor_version */ 'ST-DEVELOPER v16.1',
/* originating_system */ 'Autodesk Inventor 2016',
/* authorisation */ '');

FILE_SCHEMA (('AUTOMOTIVE_DESIGN { 1 0 10303 214 3 1 1 }'));
ENDSEC;

DATA;
#10=MECHANICAL_DESIGN_GEOMETRIC_PRESENTATION_REPRESENTATION('',(#13,#14,
#15),#10448);
#11=SHAPE_REPRESENTATION_RELATIONSHIP('SRR','None',#10457,#12);
#12=ADVANCED_BREP_SHAPE_REPRESENTATION('',(#16,#17,#18),#10447);
#13=STYLED_ITEM('',(#10467),#16);
#14=STYLED_ITEM('',(#10468),#17);
#15=STYLED_ITEM('',(#10468),#18);
#16=MANIFOLD_SOLID_BREP('\X2\5BE69AD4\X0\1',#4909);
#17=MANIFOLD_SOLID_BREP('\X2\5BE69AD4\X0\2',#4910);
#18=MANIFOLD_SOLID_BREP('\X2\5BE69AD4\X0\3',#4911);
#19=SPHERICAL_SURFACE('',#4964,0.100000000000192);
#20=SPHERICAL_SURFACE('',#4971,0.0999999999999742);
#21=SPHERICAL_SURFACE('',#5081,0.199999999999866);
#22=SPHERICAL_SURFACE('',#5086,0.199999999999023);
#23=SPHERICAL_SURFACE('',#5088,0.200000000000076);
#24=SPHERICAL_SURFACE('',#5090,0.200000000000737);
#25=SPHERICAL_SURFACE('',#5171,0.0999999999997249);
#26=SPHERICAL_SURFACE('',#5177,0.0999999999995426);
#27=SPHERICAL_SURFACE('',#5182,0.0999999999994909);
#28=SPHERICAL_SURFACE('',#5188,0.0999999999997528);
#29=SPHERICAL_SURFACE('',#5193,0.100000000000099);
#30=SPHERICAL_SURFACE('',#5198,0.0999999999998747);
#31=SPHERICAL_SURFACE('',#5203,0.100000000000261);
#32=SPHERICAL_SURFACE('',#5215,0.100000000000874);
#33=SPHERICAL_SURFACE('',#5244,0.100000000000405);
#34=SPHERICAL_SURFACE('',#5254,0.100000000000125);
#35=SPHERICAL_SURFACE('',#5258,0.0999999999997607);
#36=SPHERICAL_SURFACE('',#5264,0.0999999999995671);
#37=SPHERICAL_SURFACE('',#5348,0.099999999999867);
#38=SPHERICAL_SURFACE('',#5354,0.099999999999991);
#39=SPHERICAL_SURFACE('',#5359,0.0999999999999896);
#40=SPHERICAL_SURFACE('',#5365,0.0999999999999076);
#41=SPHERICAL_SURFACE('',#5370,0.0999999999999811);
#42=SPHERICAL_SURFACE('',#5375,0.0999999999994429);
#43=SPHERICAL_SURFACE('',#5380,0.0999999999990134);
#44=SPHERICAL_SURFACE('',#5392,0.100000000000012);
#45=SPHERICAL_SURFACE('',#5421,0.100000000000027);
#46=SPHERICAL_SURFACE('',#5431,0.100000000000979);
#47=SPHERICAL_SURFACE('',#5435,0.100000000000038);
#48=SPHERICAL_SURFACE('',#5441,0.100000000000041);
#49=TOROIDAL_SURFACE('',#4945,0.199999982530002,0.100000000000228);
#50=TOROIDAL_SURFACE('',#4950,0.199999930613253,0.100000000000907);
#51=TOROIDAL_SURFACE('',#4984,0.200000004794597,0.0999999999999336);
#52=TOROIDAL_SURFACE('',#4987,0.20000005589659,0.0999999999992558);
#53=TOROIDAL_SURFACE('',#5005,0.200000012463849,0.0999999999998387);
#54=TOROIDAL_SURFACE('',#5012,0.200000009240696,0.0999999999998698);
#55=TOROIDAL_SURFACE('',#5058,0.200000014295793,0.0999999999998152);
#56=TOROIDAL_SURFACE('',#5063,0.200000012638743,0.0999999999999058);
#57=TOROIDAL_SURFACE('',#5092,0.700000000000245,0.200000000000531);
#58=TOROIDAL_SURFACE('',#5098,0.699999999998162,0.200000000000531);
#59=TOROIDAL_SURFACE('',#5104,0.700000000000552,0.200000000000538);
#60=TOROIDAL_SURFACE('',#5109,0.699999999999746,0.200000000000504);
#61=TOROIDAL_SURFACE('',#5120,1.00000000000053,0.49999999999998);
#62=TOROIDAL_SURFACE('',#5126,1.00000000000001,0.499999999999994);
#63=TOROIDAL_SURFACE('',#5137,0.999999999999844,0.49999999999999);
#64=TOROIDAL_SURFACE('',#5142,1.00000000000008,0.499999999999992);
#65=TOROIDAL_SURFACE('',#5152,1.00000000000008,0.499999999999994);
#66=TOROIDAL_SURFACE('',#5155,0.999999999999816,0.500000000000001);
#67=TOROIDAL_SURFACE('',#5162,0.999999999999797,0.500000000000004);
#68=TOROIDAL_SURFACE('',#5165,1.00000000000032,0.499999999999994);
#69=TOROIDAL_SURFACE('',#5207,0.200000000000086,0.1);
#70=TOROIDAL_SURFACE('',#5220,0.200000000000032,0.0999999999999465);
#71=TOROIDAL_SURFACE('',#5225,0.199999999999995,0.100000000000056);
#72=TOROIDAL_SURFACE('',#5231,0.199999999999729,0.0999999999999946);
#73=TOROIDAL_SURFACE('',#5236,0.20000000000024,0.0999999999999173);
#74=TOROIDAL_SURFACE('',#5248,0.200000000000088,0.0999999999999828);
#75=TOROIDAL_SURFACE('',#5271,0.399999999999655,0.0999999999999712);
#76=TOROIDAL_SURFACE('',#5285,0.399999999999527,0.0999999999999843);
#77=TOROIDAL_SURFACE('',#5294,0.399999999999677,0.0999999999999885);
#78=TOROIDAL_SURFACE('',#5298,0.599999999999602,0.100000000000066);
#79=TOROIDAL_SURFACE('',#5302,0.39999999999964,0.100000000000025);
#80=TOROIDAL_SURFACE('',#5314,0.5999999999998,0.100000000000012);
#81=TOROIDAL_SURFACE('',#5319,0.400000000000254,0.100000000000041);
#82=TOROIDAL_SURFACE('',#5323,0.400000000000506,0.100000000000091);
#83=TOROIDAL_SURFACE('',#5384,0.19999999999955,0.100000000000008);
#84=TOROIDAL_SURFACE('',#5397,0.200000000000047,0.0999999999999759);
#85=TOROIDAL_SURFACE('',#5402,0.199999999999963,0.0999999999999906);
#86=TOROIDAL_SURFACE('',#5408,0.200000000000162,0.100000000000025);
#87=TOROIDAL_SURFACE('',#5413,0.2000000000002,0.100000000000003);
#88=TOROIDAL_SURFACE('',#5425,0.199999999999729,0.100000000000026);
#89=TOROIDAL_SURFACE('',#5448,0.3999999999998,0.100000000000034);
#90=TOROIDAL_SURFACE('',#5462,0.399999999999817,0.0999999999999941);
#91=TOROIDAL_SURFACE('',#5471,0.400000000000142,0.0999999999999645);
#92=TOROIDAL_SURFACE('',#5475,0.599999999999816,0.099999999999978);
#93=TOROIDAL_SURFACE('',#5479,0.399999999999871,0.0999999999999856);
#94=TOROIDAL_SURFACE('',#5491,0.600000000000216,0.099999999999979);
#95=TOROIDAL_SURFACE('',#5496,0.400000000000071,0.0999999999999817);
#96=TOROIDAL_SURFACE('',#5500,0.400000000000115,0.0999999999999886);
#97=PLANE('',#4920);
#98=PLANE('',#4927);
#99=PLANE('',#4942);
#100=PLANE('',#4947);
#101=PLANE('',#4949);
#102=PLANE('',#4960);
#103=PLANE('',#4981);
#104=PLANE('',#4983);
#105=PLANE('',#4986);
#106=PLANE('',#4992);
#107=PLANE('',#5004);
#108=PLANE('',#5007);
#109=PLANE('',#5016);
#110=PLANE('',#5017);
#111=PLANE('',#5028);
#112=PLANE('',#5036);
#113=PLANE('',#5044);
#114=PLANE('',#5052);
#115=PLANE('',#5065);
#116=PLANE('',#5066);
#117=PLANE('',#5071);
#118=PLANE('',#5096);
#119=PLANE('',#5103);
#120=PLANE('',#5113);
#121=PLANE('',#5117);
#122=PLANE('',#5146);
#123=PLANE('',#5169);
#124=PLANE('',#5170);
#125=PLANE('',#5328);
#126=PLANE('',#5330);
#127=PLANE('',#5332);
#128=PLANE('',#5333);
#129=PLANE('',#5334);
#130=PLANE('',#5335);
#131=PLANE('',#5336);
#132=PLANE('',#5337);
#133=PLANE('',#5338);
#134=PLANE('',#5339);
#135=PLANE('',#5340);
#136=PLANE('',#5341);
#137=PLANE('',#5342);
#138=PLANE('',#5345);
#139=PLANE('',#5346);
#140=PLANE('',#5347);
#141=PLANE('',#5505);
#142=PLANE('',#5507);
#143=PLANE('',#5509);
#144=PLANE('',#5510);
#145=PLANE('',#5511);
#146=PLANE('',#5512);
#147=PLANE('',#5513);
#148=PLANE('',#5514);
#149=PLANE('',#5515);
#150=PLANE('',#5516);
#151=PLANE('',#5517);
#152=PLANE('',#5518);
#153=PLANE('',#5519);
#154=PLANE('',#5522);
#155=PLANE('',#5523);
#156=PLANE('',#5524);
#157=B_SPLINE_CURVE_WITH_KNOTS('',3,(#7118,#7119,#7120,#7121,#7122,#7123,
#7124,#7125,#7126,#7127),.UNSPECIFIED.,.F.,.F.,(4,3,3,4),(0.,0.448798950512828,
0.897597901025655,1.5707963267949),.UNSPECIFIED.);
#158=B_SPLINE_CURVE_WITH_KNOTS('',3,(#7128,#7129,#7130,#7131,#7132,#7133),
 .UNSPECIFIED.,.F.,.F.,(4,1,1,4),(-1.5707963267949,-0.897597901025655,-0.448798950512828,
7.66956805973621E-18),.UNSPECIFIED.);
#159=B_SPLINE_CURVE_WITH_KNOTS('',3,(#7140,#7141,#7142,#7143,#7144,#7145,
#7146,#7147),.UNSPECIFIED.,.F.,.F.,(4,1,1,1,1,4),(-0.496581432113568,-0.443390644088899,
-0.390199856064229,-0.28381828001489,-0.177436703965551,-0.157941110010021),
 .UNSPECIFIED.);
#160=B_SPLINE_CURVE_WITH_KNOTS('',3,(#7153,#7154,#7155,#7156,#7157,#7158,
#7159,#7160,#7161,#7162),.UNSPECIFIED.,.F.,.F.,(4,3,3,4),(-1.5707963267949,
-0.897597901025655,-0.448798950512828,0.),.UNSPECIFIED.);
#161=B_SPLINE_CURVE_WITH_KNOTS('',3,(#7206,#7207,#7208,#7209,#7210,#7211),
 .UNSPECIFIED.,.F.,.F.,(4,1,1,4),(-5.55111512312578E-17,0.448798950512828,
0.897597901025655,1.5707963267949),.UNSPECIFIED.);
#162=B_SPLINE_CURVE_WITH_KNOTS('',3,(#7216,#7217,#7218,#7219,#7220,#7221,
#7222,#7223),.UNSPECIFIED.,.F.,.F.,(4,1,1,1,1,4),(3.03265499199943,3.05211426790112,
3.15848196216702,3.26484965643292,3.31803350356587,3.37121735069882),
 .UNSPECIFIED.);
#163=B_SPLINE_CURVE_WITH_KNOTS('',3,(#7280,#7281,#7282,#7283,#7284,#7285,
#7286,#7287,#7288),.UNSPECIFIED.,.F.,.F.,(4,1,1,1,1,1,4),(0.124245915940882,
0.150841309953217,0.177436703965551,0.28381828001489,0.390199856064229,
0.443390644088899,0.496581432113568),.UNSPECIFIED.);
#164=B_SPLINE_CURVE_WITH_KNOTS('',3,(#7292,#7293,#7294,#7295,#7296,#7297,
#7298,#7299,#7300,#7301,#7302,#7303,#7304,#7305,#7306,#7307,#7308,#7309,
#7310,#7311,#7312,#7313,#7314,#7315,#7316,#7317,#7318,#7319,#7320,#7321,
#7322),.UNSPECIFIED.,.F.,.F.,(4,3,3,3,3,3,3,3,3,3,4),(-3.37121735068369,
-3.33918332358975,-3.31805351548754,-3.27456301761773,-3.18572187784008,
-3.15864964944867,-3.06832306378113,-3.05226497600328,-3.02924960750845,
-3.01312015741347,-2.99893042232062),.UNSPECIFIED.);
#165=B_SPLINE_CURVE_WITH_KNOTS('',3,(#7369,#7370,#7371,#7372,#7373,#7374,
#7375,#7376,#7377,#7378),.UNSPECIFIED.,.F.,.F.,(4,2,2,2,4),(0.,0.00213101280999748,
0.00345743994952684,0.00501857067647858,0.00505316525925182),
 .UNSPECIFIED.);
#166=B_SPLINE_CURVE_WITH_KNOTS('',3,(#7427,#7428,#7429,#7430,#7431,#7432,
#7433,#7434,#7435,#7436),.UNSPECIFIED.,.F.,.F.,(4,2,2,2,4),(-1.98756058293208E-5,
9.30579179557781E-11,0.000894221652419291,0.0016532396530348,0.00293934968551204),
 .UNSPECIFIED.);
#167=B_SPLINE_CURVE_WITH_KNOTS('',3,(#7528,#7529,#7530,#7531,#7532,#7533,
#7534,#7535,#7536,#7537),.UNSPECIFIED.,.F.,.F.,(4,3,3,4),(0.,0.448798950512827,
0.897597901025655,1.5707963267949),.UNSPECIFIED.);
#168=B_SPLINE_CURVE_WITH_KNOTS('',3,(#7538,#7539,#7540,#7541,#7542,#7543),
 .UNSPECIFIED.,.F.,.F.,(4,1,1,4),(-1.5707963267949,-0.897597901025655,-0.448798950512827,
1.66533453693774E-16),.UNSPECIFIED.);
#169=B_SPLINE_CURVE_WITH_KNOTS('',3,(#7581,#7582,#7583,#7584,#7585,#7586),
 .UNSPECIFIED.,.F.,.F.,(4,1,1,4),(-7.66956805973982E-18,0.448798950512828,
0.673198425769241,1.5707963267949),.UNSPECIFIED.);
#170=B_SPLINE_CURVE_WITH_KNOTS('',3,(#7587,#7588,#7589,#7590,#7591,#7592,
#7593,#7594,#7595,#7596),.UNSPECIFIED.,.F.,.F.,(4,3,3,4),(-1.5707963267949,
-0.673198425769241,-0.448798950512828,0.),.UNSPECIFIED.);
#171=B_SPLINE_CURVE_WITH_KNOTS('',3,(#7601,#7602,#7603,#7604,#7605,#7606,
#7607,#7608),.UNSPECIFIED.,.F.,.F.,(4,1,1,1,1,4),(3.03392290905939,3.05338218369621,
3.15974987543773,3.26611756717925,3.31930141305001,3.37248525892077),
 .UNSPECIFIED.);
#172=B_SPLINE_CURVE_WITH_KNOTS('',3,(#7676,#7677,#7678,#7679,#7680,#7681,
#7682,#7683,#7684,#7685,#7686,#7687,#7688,#7689,#7690,#7691,#7692,#7693,
#7694,#7695,#7696,#7697,#7698,#7699,#7700,#7701,#7702,#7703,#7704,#7705,
#7706),.UNSPECIFIED.,.F.,.F.,(4,3,3,3,3,3,3,3,3,3,4),(-3.37248525890577,
-3.3404515273589,-3.3193214227522,-3.27583129458159,-3.18699030069377,-3.15991754682928,
-3.06959161387167,-3.05353286425671,-3.0305193440127,-3.01438870804396,
-3.00019833937993),.UNSPECIFIED.);
#173=B_SPLINE_CURVE_WITH_KNOTS('',3,(#7707,#7708,#7709,#7710,#7711,#7712,
#7713,#7714,#7715,#7716),.UNSPECIFIED.,.F.,.F.,(4,2,2,2,4),(-1.98687994755614E-5,
9.20349952526116E-11,0.000894102521922248,0.00165300215596341,0.00293892442976712),
 .UNSPECIFIED.);
#174=B_SPLINE_CURVE_WITH_KNOTS('',3,(#7719,#7720,#7721,#7722,#7723,#7724,
#7725,#7726,#7727,#7728),.UNSPECIFIED.,.F.,.F.,(4,1,1,1,1,1,1,4),(0.123221596643627,
0.149816815321623,0.176412033999619,0.229602471355611,0.282792908711603,
0.389173783423587,0.442364220779579,0.495554658135571),.UNSPECIFIED.);
#175=B_SPLINE_CURVE_WITH_KNOTS('',3,(#7781,#7782,#7783,#7784,#7785,#7786,
#7787,#7788,#7789),.UNSPECIFIED.,.F.,.F.,(4,1,1,1,1,1,4),(-0.495554658135571,
-0.442364220779579,-0.389173783423587,-0.282792908711603,-0.229602471355611,
-0.176412033999619,-0.156914345734582),.UNSPECIFIED.);
#176=B_SPLINE_CURVE_WITH_KNOTS('',3,(#7790,#7791,#7792,#7793,#7794,#7795,
#7796,#7797,#7798,#7799),.UNSPECIFIED.,.F.,.F.,(4,2,2,2,4),(0.,0.00195368503512885,
0.00301553098995496,0.00426123047451062,0.00428887598941044),
 .UNSPECIFIED.);
#177=B_SPLINE_CURVE_WITH_KNOTS('',3,(#7894,#7895,#7896,#7897,#7898,#7899,
#7900,#7901,#7902,#7903,#7904,#7905,#7906,#7907,#7908,#7909,#7910,#7911,
#7912,#7913,#7914,#7915,#7916,#7917,#7918,#7919,#7920,#7921,#7922,#7923,
#7924),.UNSPECIFIED.,.F.,.F.,(4,3,3,3,3,3,3,3,3,3,4),(-3.37248525890625,
-3.34045152735944,-3.31932141974368,-3.27583129458215,-3.18699030069435,
-3.15991753185307,-3.06959161387211,-3.05353285426495,-3.03051934401376,
-3.01438870804492,-3.00019833938031),.UNSPECIFIED.);
#178=B_SPLINE_CURVE_WITH_KNOTS('',3,(#7926,#7927,#7928,#7929,#7930,#7931,
#7932,#7933,#7934,#7935),.UNSPECIFIED.,.F.,.F.,(4,2,2,2,4),(-1.98620358416695E-5,
9.36915031336447E-11,0.000893984637136697,0.00165276722240935,0.00293854064503281),
 .UNSPECIFIED.);
#179=B_SPLINE_CURVE_WITH_KNOTS('',3,(#7936,#7937,#7938,#7939,#7940,#7941,
#7942,#7943),.UNSPECIFIED.,.F.,.F.,(4,1,1,1,1,4),(3.03392290905957,3.05338218369667,
3.15974987543826,3.26611756717986,3.31930141305066,3.37248525892146),
 .UNSPECIFIED.);
#180=B_SPLINE_CURVE_WITH_KNOTS('',3,(#7948,#7949,#7950,#7951,#7952,#7953,
#7954,#7955,#7956),.UNSPECIFIED.,.F.,.F.,(4,1,1,1,1,1,4),(0.123221596643519,
0.149816815321518,0.176412033999518,0.282792908711514,0.389173783423511,
0.442364220779509,0.495554658135507),.UNSPECIFIED.);
#181=B_SPLINE_CURVE_WITH_KNOTS('',3,(#8014,#8015,#8016,#8017,#8018,#8019,
#8020,#8021),.UNSPECIFIED.,.F.,.F.,(4,1,1,1,1,4),(-0.495554658135507,-0.442364220779509,
-0.389173783423511,-0.282792908711514,-0.176412033999518,-0.156916831695313),
 .UNSPECIFIED.);
#182=B_SPLINE_CURVE_WITH_KNOTS('',3,(#8022,#8023,#8024,#8025,#8026,#8027,
#8028,#8029,#8030,#8031),.UNSPECIFIED.,.F.,.F.,(4,2,2,2,4),(0.,0.00213105662847077,
0.00345761269535262,0.00501898089501301,0.00505356766286269),
 .UNSPECIFIED.);
#183=B_SPLINE_CURVE_WITH_KNOTS('',3,(#8036,#8037,#8038,#8039,#8040,#8041),
 .UNSPECIFIED.,.F.,.F.,(4,1,1,4),(-1.5707963267949,-0.897597901025655,-0.448798950512827,
1.66533453693774E-16),.UNSPECIFIED.);
#184=B_SPLINE_CURVE_WITH_KNOTS('',3,(#8096,#8097,#8098,#8099,#8100,#8101),
 .UNSPECIFIED.,.F.,.F.,(4,1,1,4),(-6.90140450582529E-18,0.448798950512828,
0.673198425769241,1.5707963267949),.UNSPECIFIED.);
#185=B_SPLINE_CURVE_WITH_KNOTS('',3,(#8102,#8103,#8104,#8105,#8106,#8107,
#8108,#8109,#8110,#8111),.UNSPECIFIED.,.F.,.F.,(4,3,3,4),(-1.5707963267949,
-0.673198425769241,-0.448798950512828,0.),.UNSPECIFIED.);
#186=B_SPLINE_CURVE_WITH_KNOTS('',3,(#8148,#8149,#8150,#8151,#8152,#8153,
#8154,#8155,#8156,#8157),.UNSPECIFIED.,.F.,.F.,(4,3,3,4),(0.,0.448798950512827,
0.897597901025655,1.5707963267949),.UNSPECIFIED.);
#187=B_SPLINE_CURVE_WITH_KNOTS('',3,(#8196,#8197,#8198,#8199,#8200,#8201),
 .UNSPECIFIED.,.F.,.F.,(4,1,1,4),(-6.90140450582529E-18,0.448798950512828,
0.673198425769241,1.5707963267949),.UNSPECIFIED.);
#188=B_SPLINE_CURVE_WITH_KNOTS('',3,(#8202,#8203,#8204,#8205,#8206,#8207,
#8208,#8209,#8210,#8211),.UNSPECIFIED.,.F.,.F.,(4,3,3,4),(-1.5707963267949,
-0.673198425769241,-0.448798950512828,0.),.UNSPECIFIED.);
#189=B_SPLINE_CURVE_WITH_KNOTS('',3,(#8224,#8225,#8226,#8227,#8228,#8229,
#8230,#8231,#8232),.UNSPECIFIED.,.F.,.F.,(4,1,1,1,1,1,4),(3.03392290905975,
3.05338218369675,3.10656602956754,3.21293372130912,3.26611756717991,3.3193014130507,
3.37248525892149),.UNSPECIFIED.);
#190=B_SPLINE_CURVE_WITH_KNOTS('',3,(#8304,#8305,#8306,#8307,#8308,#8309,
#8310,#8311,#8312,#8313),.UNSPECIFIED.,.F.,.F.,(4,3,3,4),(0.,0.448798950512828,
0.897597901025655,1.5707963267949),.UNSPECIFIED.);
#191=B_SPLINE_CURVE_WITH_KNOTS('',3,(#8314,#8315,#8316,#8317,#8318,#8319),
 .UNSPECIFIED.,.F.,.F.,(4,1,1,4),(-1.5707963267949,-0.897597901025655,-0.448798950512828,
1.11022302462516E-16),.UNSPECIFIED.);
#192=B_SPLINE_CURVE_WITH_KNOTS('',3,(#8392,#8393,#8394,#8395,#8396,#8397,
#8398,#8399,#8400,#8401,#8402,#8403,#8404,#8405,#8406,#8407,#8408,#8409,
#8410,#8411,#8412,#8413,#8414,#8415,#8416,#8417,#8418,#8419,#8420,#8421,
#8422,#8423,#8424,#8425,#8426,#8427,#8428),.UNSPECIFIED.,.F.,.F.,(4,3,3,
3,3,3,3,3,3,3,3,3,4),(-3.37248525890635,-3.34045152735953,-3.31929868583189,
-3.27583129458226,-3.21296081893252,-3.19826359332297,-3.18699030069447,
-3.10672653036486,-3.06959161387229,-3.0535173173018,-3.03051934401336,
-3.01438870804509,-3.00019833938036),.UNSPECIFIED.);
#193=B_SPLINE_CURVE_WITH_KNOTS('',3,(#8429,#8430,#8431,#8432,#8433,#8434,
#8435,#8436,#8437,#8438),.UNSPECIFIED.,.F.,.F.,(4,2,2,2,4),(-1.97839522202127E-5,
9.36905378447336E-11,0.000895060652417684,0.00165552555900067,0.00313530502082308),
 .UNSPECIFIED.);
#194=B_SPLINE_CURVE_WITH_KNOTS('',3,(#8445,#8446,#8447,#8448,#8449,#8450,
#8451,#8452,#8453,#8454),.UNSPECIFIED.,.F.,.F.,(4,1,1,1,1,1,1,4),(0.123221596643587,
0.149816815321585,0.176412033999582,0.229602471355578,0.282792908711573,
0.389173783423565,0.44236422077956,0.495554658135556),.UNSPECIFIED.);
#195=B_SPLINE_CURVE_WITH_KNOTS('',3,(#8517,#8518,#8519,#8520,#8521,#8522,
#8523,#8524,#8525),.UNSPECIFIED.,.F.,.F.,(4,1,1,1,1,1,4),(-0.495554658135556,
-0.44236422077956,-0.389173783423565,-0.282792908711573,-0.229602471355578,
-0.176412033999582,-0.156914345947792),.UNSPECIFIED.);
#196=B_SPLINE_CURVE_WITH_KNOTS('',3,(#8526,#8527,#8528,#8529,#8530,#8531,
#8532,#8533,#8534,#8535),.UNSPECIFIED.,.F.,.F.,(4,2,2,2,4),(0.,0.00195369291054252,
0.00301554916584729,0.00426127961011302,0.00428892168244813),
 .UNSPECIFIED.);
#197=B_SPLINE_CURVE_WITH_KNOTS('',3,(#8597,#8598,#8599,#8600,#8601,#8602,
#8603),.UNSPECIFIED.,.F.,.F.,(4,3,4),(2.72989910310793E-6,0.704736072693683,
1.23328608551009),.UNSPECIFIED.);
#198=B_SPLINE_CURVE_WITH_KNOTS('',3,(#8604,#8605,#8606,#8607),
 .UNSPECIFIED.,.F.,.F.,(4,4),(-0.238878780802002,2.05273688406879E-15),
 .UNSPECIFIED.);
#199=B_SPLINE_CURVE_WITH_KNOTS('',3,(#8608,#8609,#8610,#8611,#8612,#8613,
#8614),.UNSPECIFIED.,.F.,.F.,(4,3,4),(-2.05273688553717E-15,0.166616626064715,
0.23887878080204),.UNSPECIFIED.);
#200=B_SPLINE_CURVE_WITH_KNOTS('',3,(#8626,#8627,#8628,#8629,#8630,#8631,
#8632),.UNSPECIFIED.,.F.,.F.,(4,3,4),(-5.55111512312613E-16,0.897597901025695,
1.5707963267949),.UNSPECIFIED.);
#201=B_SPLINE_CURVE_WITH_KNOTS('',3,(#8665,#8666,#8667,#8668,#8669,#8670,
#8671),.UNSPECIFIED.,.F.,.F.,(4,3,4),(0.,0.528549831204567,1.23328293184952),
 .UNSPECIFIED.);
#202=B_SPLINE_CURVE_WITH_KNOTS('',3,(#8672,#8673,#8674,#8675,#8676,#8677,
#8678),.UNSPECIFIED.,.F.,.F.,(4,3,4),(-0.238878780967453,-0.0857003489211837,
2.8421709430404E-14),.UNSPECIFIED.);
#203=B_SPLINE_CURVE_WITH_KNOTS('',3,(#8679,#8680,#8681,#8682),
 .UNSPECIFIED.,.F.,.F.,(4,4),(-2.8421709430404E-14,0.238878780804752),
 .UNSPECIFIED.);
#204=B_SPLINE_CURVE_WITH_KNOTS('',3,(#8748,#8749,#8750,#8751,#8752,#8753,
#8754,#8755,#8756,#8757,#8758,#8759,#8760),.UNSPECIFIED.,.F.,.F.,(4,1,1,
1,1,1,1,1,1,1,4),(-0.0689053759568305,-0.0682901523682024,-0.0676749257702907,
-0.0664444725744672,-0.0639835661828203,-0.0590617533995264,-0.0492181278329387,
-0.0393745022663509,-0.0295308766997632,-0.0147654383498816,0.),
 .UNSPECIFIED.);
#205=B_SPLINE_CURVE_WITH_KNOTS('',3,(#8761,#8762,#8763,#8764,#8765,#8766,
#8767,#8768,#8769,#8770,#8771,#8772,#8773,#8774,#8775,#8776,#8777,#8778,
#8779,#8780,#8781,#8782,#8783,#8784,#8785),.UNSPECIFIED.,.F.,.F.,(4,3,3,
3,3,3,3,3,4),(0.,0.0147654383498816,0.0295308766997632,0.0393745022663509,
0.0492181278329387,0.0590617533995264,0.0639835661828203,0.0664444725744672,
0.0689053789661141),.UNSPECIFIED.);
#206=B_SPLINE_CURVE_WITH_KNOTS('',3,(#8808,#8809,#8810,#8811,#8812,#8813,
#8814),.UNSPECIFIED.,.F.,.F.,(4,3,4),(2.72933135492796E-6,0.704736072450456,
1.23328608551073),.UNSPECIFIED.);
#207=B_SPLINE_CURVE_WITH_KNOTS('',3,(#8815,#8816,#8817,#8818),
 .UNSPECIFIED.,.F.,.F.,(4,4),(-0.238878780806736,2.35372019041638E-14),
 .UNSPECIFIED.);
#208=B_SPLINE_CURVE_WITH_KNOTS('',3,(#8819,#8820,#8821,#8822,#8823,#8824,
#8825),.UNSPECIFIED.,.F.,.F.,(4,3,4),(-2.35372019209996E-14,0.166604399523583,
0.238878780806764),.UNSPECIFIED.);
#209=B_SPLINE_CURVE_WITH_KNOTS('',3,(#8828,#8829,#8830,#8831,#8832,#8833,
#8834),.UNSPECIFIED.,.F.,.F.,(4,3,4),(0.,0.673198425771524,1.57079632680022),
 .UNSPECIFIED.);
#210=B_SPLINE_CURVE_WITH_KNOTS('',3,(#8907,#8908,#8909,#8910,#8911,#8912,
#8913),.UNSPECIFIED.,.F.,.F.,(4,3,4),(0.,0.897597901025682,1.5707963267949),
 .UNSPECIFIED.);
#211=B_SPLINE_CURVE_WITH_KNOTS('',3,(#8914,#8915,#8916,#8917,#8918,#8919,
#8920,#8921,#8922,#8923,#8924,#8925,#8926,#8927),.UNSPECIFIED.,.F.,.F.,
(4,1,1,1,1,1,1,1,1,1,1,4),(-0.0689328039572043,-0.0590852605347466,-0.0492377171122888,
-0.0295426302673733,-0.0246188585561444,-0.0196950868449155,-0.00984754342245776,
-0.00492377171122888,-0.00246188585561444,-0.00123094292780722,-0.00061547146390361,
-3.00926962186067E-9),.UNSPECIFIED.);
#212=B_SPLINE_CURVE_WITH_KNOTS('',3,(#8928,#8929,#8930,#8931,#8932,#8933,
#8934,#8935,#8936,#8937,#8938,#8939,#8940,#8941,#8942,#8943,#8944,#8945,
#8946,#8947,#8948,#8949,#8950,#8951,#8952,#8953,#8954,#8955),
 .UNSPECIFIED.,.F.,.F.,(4,3,3,3,3,3,3,3,3,4),(0.,0.00123094292780722,0.00492377171122888,
0.00984754342245776,0.0196950868449155,0.0246188585561444,0.0397804622494012,
0.0492377171122888,0.0590852605347466,0.0689328039572043),.UNSPECIFIED.);
#213=B_SPLINE_CURVE_WITH_KNOTS('',3,(#9026,#9027,#9028,#9029,#9030,#9031,
#9032,#9033,#9034,#9035,#9036,#9037,#9038,#9039),.UNSPECIFIED.,.F.,.F.,
(4,1,1,1,1,1,1,1,1,1,1,4),(-0.068909774143962,-0.0590655206948246,-0.0492212672456872,
-0.0295327603474123,-0.0246106336228436,-0.0196885068982749,-0.00984425344913743,
-0.00492212672456872,-0.00246106336228436,-0.00123053168114218,-0.00061526584057109,
-3.00879538035811E-9),.UNSPECIFIED.);
#214=B_SPLINE_CURVE_WITH_KNOTS('',3,(#9040,#9041,#9042,#9043,#9044,#9045,
#9046,#9047,#9048,#9049,#9050,#9051,#9052,#9053,#9054,#9055,#9056,#9057,
#9058,#9059,#9060,#9061,#9062,#9063,#9064,#9065,#9066,#9067),
 .UNSPECIFIED.,.F.,.F.,(4,3,3,3,3,3,3,3,3,4),(0.,0.00123053168114218,0.00492212672456872,
0.00984425344913743,0.0196885068982749,0.0295327603474123,0.039786070261504,
0.0492212672456872,0.0590655206948246,0.068909774143962),.UNSPECIFIED.);
#215=B_SPLINE_CURVE_WITH_KNOTS('',3,(#9092,#9093,#9094,#9095,#9096,#9097,
#9098),.UNSPECIFIED.,.F.,.F.,(4,3,4),(0.,0.528549831973206,1.23328293364296),
 .UNSPECIFIED.);
#216=B_SPLINE_CURVE_WITH_KNOTS('',3,(#9099,#9100,#9101,#9102,#9103,#9104,
#9105),.UNSPECIFIED.,.F.,.F.,(4,3,4),(-5.03641628435081,-4.88323790055772,
-4.7975375033833),.UNSPECIFIED.);
#217=B_SPLINE_CURVE_WITH_KNOTS('',3,(#9106,#9107,#9108,#9109),
 .UNSPECIFIED.,.F.,.F.,(4,4),(4.7975375033833,5.03641628418814),
 .UNSPECIFIED.);
#218=B_SPLINE_CURVE_WITH_KNOTS('',3,(#9195,#9196,#9197,#9198,#9199,#9200,
#9201,#9202,#9203,#9204,#9205,#9206,#9207,#9208,#9209,#9210,#9211),
 .UNSPECIFIED.,.F.,.F.,(4,1,1,1,1,1,1,1,1,1,1,1,1,1,4),(-0.0689328009479737,
-0.0677018610294079,-0.0664709181016004,-0.065239975173793,-0.0640090322459856,
-0.0590852605347559,-0.0492377171122966,-0.0393901736898373,-0.0196950868449186,
-0.014771315133689,-0.00984754342245932,-0.00492377171122966,-0.00246188585561483,
-0.00123094292780742,0.),.UNSPECIFIED.);
#219=B_SPLINE_CURVE_WITH_KNOTS('',3,(#9213,#9214,#9215,#9216,#9217,#9218,
#9219),.UNSPECIFIED.,.F.,.F.,(4,3,4),(0.,0.673198425769256,1.57079632679493),
 .UNSPECIFIED.);
#220=B_SPLINE_CURVE_WITH_KNOTS('',3,(#9220,#9221,#9222,#9223,#9224,#9225,
#9226,#9227,#9228,#9229,#9230,#9231,#9232,#9233,#9234,#9235,#9236,#9237,
#9238,#9239,#9240,#9241,#9242,#9243,#9244,#9245,#9246,#9247),
 .UNSPECIFIED.,.F.,.F.,(4,3,3,3,3,3,3,3,3,4),(0.,0.00984754342245932,0.0196950868449186,
0.029146432236421,0.0393901736898373,0.0492377171122966,0.0590852605347559,
0.0640090322459856,0.0664709181016004,0.0689328039572153),.UNSPECIFIED.);
#221=B_SPLINE_CURVE_WITH_KNOTS('',3,(#9252,#9253,#9254,#9255,#9256,#9257,
#9258),.UNSPECIFIED.,.F.,.F.,(4,3,4),(0.375248250822227,0.899891538608354,
1.5707963267949),.UNSPECIFIED.);
#222=B_SPLINE_CURVE_WITH_KNOTS('',3,(#9313,#9314,#9315,#9316,#9317,#9318,
#9319,#9320,#9321),.UNSPECIFIED.,.F.,.F.,(4,1,1,1,2,4),(-0.657347805042875,
-0.537077970260626,-0.35805198017375,-0.179025990086875,0.,0.0012425433528357),
 .UNSPECIFIED.);
#223=B_SPLINE_CURVE_WITH_KNOTS('',3,(#9322,#9323,#9324,#9325,#9326,#9327,
#9328,#9329,#9330,#9331),.UNSPECIFIED.,.F.,.F.,(4,2,1,1,1,1,4),(-0.0012425433528357,
0.,0.179025990086875,0.35805198017375,0.537077970260626,0.716103960347501,
0.895129950434376),.UNSPECIFIED.);
#224=B_SPLINE_CURVE_WITH_KNOTS('',3,(#9347,#9348,#9349,#9350,#9351,#9352,
#9353,#9354,#9355,#9356,#9357),.UNSPECIFIED.,.F.,.F.,(4,2,1,1,1,1,1,4),
(-0.896372493787228,-0.895129950434393,-0.716103960347514,-0.537077970260636,
-0.447564975217196,-0.358051980173757,-0.268538985130318,-0.237782145391514),
 .UNSPECIFIED.);
#225=B_SPLINE_CURVE_WITH_KNOTS('',3,(#9419,#9420,#9421,#9422,#9423,#9424,
#9425),.UNSPECIFIED.,.F.,.F.,(4,3,4),(0.,0.670886882665503,1.19554807597269),
 .UNSPECIFIED.);
#226=B_SPLINE_CURVE_WITH_KNOTS('',3,(#9426,#9427,#9428,#9429,#9430,#9431,
#9432,#9433,#9434,#9435,#9436,#9437),.UNSPECIFIED.,.F.,.F.,(4,1,1,1,1,1,
1,2,4),(0.,0.179025990086879,0.268538985130318,0.358051980173757,0.447564975217196,
0.537077970260636,0.716103960347514,0.895129950434393,0.896372493787228),
 .UNSPECIFIED.);
#227=B_SPLINE_CURVE_WITH_KNOTS('',3,(#9508,#9509,#9510,#9511,#9512,#9513,
#9514),.UNSPECIFIED.,.F.,.F.,(4,3,4),(0.375248250825119,0.899909418687607,
1.57079632679721),.UNSPECIFIED.);
#228=B_SPLINE_CURVE_WITH_KNOTS('',3,(#9516,#9517,#9518,#9519,#9520,#9521,
#9522,#9523,#9524,#9525,#9526,#9527),.UNSPECIFIED.,.F.,.F.,(4,1,1,1,1,1,
1,2,4),(0.,0.179025990087188,0.358051980174376,0.537077970261564,0.626590965305158,
0.716103960348751,0.805616955392345,0.895129950435939,0.896372493788775),
 .UNSPECIFIED.);
#229=B_SPLINE_CURVE_WITH_KNOTS('',3,(#9528,#9529,#9530,#9531,#9532,#9533,
#9534,#9535,#9536,#9537,#9538),.UNSPECIFIED.,.F.,.F.,(4,2,1,1,1,1,1,4),
(-0.896372493788775,-0.895129950435939,-0.805616955392345,-0.716103960348751,
-0.626590965305158,-0.537077970261564,-0.358051980174376,-0.237782145395101),
 .UNSPECIFIED.);
#230=B_SPLINE_CURVE_WITH_KNOTS('',3,(#9549,#9550,#9551,#9552,#9553,#9554,
#9555),.UNSPECIFIED.,.F.,.F.,(4,3,4),(0.375248250822228,0.899891425727922,
1.5707963267949),.UNSPECIFIED.);
#231=B_SPLINE_CURVE_WITH_KNOTS('',3,(#9608,#9609,#9610,#9611,#9612,#9613,
#9614,#9615,#9616),.UNSPECIFIED.,.F.,.F.,(4,1,1,1,2,4),(-0.657347805042882,
-0.537077970260636,-0.358051980173757,-0.179025990086879,0.,0.0012425433528357),
 .UNSPECIFIED.);
#232=B_SPLINE_CURVE_WITH_KNOTS('',3,(#9617,#9618,#9619,#9620,#9621,#9622,
#9623,#9624,#9625,#9626),.UNSPECIFIED.,.F.,.F.,(4,2,1,1,1,1,4),(-0.0012425433528357,
0.,0.179025990086879,0.358051980173757,0.537077970260636,0.716103960347514,
0.895129950434393),.UNSPECIFIED.);
#233=B_SPLINE_SURFACE_WITH_KNOTS('',3,3,((#7087,#7088,#7089,#7090,#7091,
#7092),(#7093,#7094,#7095,#7096,#7097,#7098),(#7099,#7100,#7101,#7102,#7103,
#7104),(#7105,#7106,#7107,#7108,#7109,#7110),(#7111,#7112,#7113,#7114,#7115,
#7116)),.UNSPECIFIED.,.F.,.F.,.F.,(4,1,4),(4,1,1,4),(0.,0.571428571428571,
1.),(-1.5707963267949,-0.897597901025655,-0.448798950512828,7.66956805973621E-18),
 .UNSPECIFIED.);
#234=B_SPLINE_SURFACE_WITH_KNOTS('',3,3,((#7176,#7177,#7178,#7179,#7180,
#7181),(#7182,#7183,#7184,#7185,#7186,#7187),(#7188,#7189,#7190,#7191,#7192,
#7193),(#7194,#7195,#7196,#7197,#7198,#7199),(#7200,#7201,#7202,#7203,#7204,
#7205)),.UNSPECIFIED.,.F.,.F.,.F.,(4,1,4),(4,1,1,4),(0.,0.571428571428571,
1.),(-5.55111512312578E-17,0.448798950512828,0.897597901025655,1.5707963267949),
 .UNSPECIFIED.);
#235=B_SPLINE_SURFACE_WITH_KNOTS('',3,3,((#7324,#7325,#7326,#7327,#7328,
#7329,#7330,#7331,#7332),(#7333,#7334,#7335,#7336,#7337,#7338,#7339,#7340,
#7341),(#7342,#7343,#7344,#7345,#7346,#7347,#7348,#7349,#7350),(#7351,#7352,
#7353,#7354,#7355,#7356,#7357,#7358,#7359),(#7360,#7361,#7362,#7363,#7364,
#7365,#7366,#7367,#7368)),.UNSPECIFIED.,.F.,.F.,.F.,(4,1,4),(4,1,1,1,1,
1,4),(0.,0.571428571428571,1.00000000022075),(0.124245915940882,0.150841309953217,
0.177436703965551,0.28381828001489,0.390199856064229,0.443390644088899,
0.496581432113568),.UNSPECIFIED.);
#236=B_SPLINE_SURFACE_WITH_KNOTS('',3,3,((#7382,#7383,#7384,#7385,#7386,
#7387,#7388,#7389,#7390),(#7391,#7392,#7393,#7394,#7395,#7396,#7397,#7398,
#7399),(#7400,#7401,#7402,#7403,#7404,#7405,#7406,#7407,#7408),(#7409,#7410,
#7411,#7412,#7413,#7414,#7415,#7416,#7417),(#7418,#7419,#7420,#7421,#7422,
#7423,#7424,#7425,#7426)),.UNSPECIFIED.,.F.,.F.,.F.,(4,1,4),(4,1,1,1,1,
1,4),(-1.20786890883194E-10,0.571428571428571,1.),(2.99893042076817,3.02552234433464,
3.05211426790112,3.15848196216702,3.26484965643292,3.31803350356587,3.37121735069882),
 .UNSPECIFIED.);
#237=B_SPLINE_SURFACE_WITH_KNOTS('',3,3,((#7494,#7495,#7496,#7497,#7498,
#7499),(#7500,#7501,#7502,#7503,#7504,#7505),(#7506,#7507,#7508,#7509,#7510,
#7511),(#7512,#7513,#7514,#7515,#7516,#7517),(#7518,#7519,#7520,#7521,#7522,
#7523)),.UNSPECIFIED.,.F.,.F.,.F.,(4,1,4),(4,1,1,4),(0.,0.571428571428571,
1.),(-1.5707963267949,-0.897597901025655,-0.448798950512827,1.66533453693774E-16),
 .UNSPECIFIED.);
#238=B_SPLINE_SURFACE_WITH_KNOTS('',3,3,((#7550,#7551,#7552,#7553,#7554,
#7555),(#7556,#7557,#7558,#7559,#7560,#7561),(#7562,#7563,#7564,#7565,#7566,
#7567),(#7568,#7569,#7570,#7571,#7572,#7573),(#7574,#7575,#7576,#7577,#7578,
#7579)),.UNSPECIFIED.,.F.,.F.,.F.,(4,1,4),(4,1,1,4),(0.,0.571428571428571,
1.),(-7.66956805973982E-18,0.448798950512828,0.673198425769241,1.5707963267949),
 .UNSPECIFIED.);
#239=B_SPLINE_SURFACE_WITH_KNOTS('',3,3,((#7630,#7631,#7632,#7633,#7634,
#7635,#7636,#7637,#7638),(#7639,#7640,#7641,#7642,#7643,#7644,#7645,#7646,
#7647),(#7648,#7649,#7650,#7651,#7652,#7653,#7654,#7655,#7656),(#7657,#7658,
#7659,#7660,#7661,#7662,#7663,#7664,#7665),(#7666,#7667,#7668,#7669,#7670,
#7671,#7672,#7673,#7674)),.UNSPECIFIED.,.F.,.F.,.F.,(4,1,4),(4,1,1,1,1,
1,4),(-3.11868567181819E-10,0.571428571428571,1.),(3.00019833782545,3.02679026076083,
3.05338218369621,3.15974987543773,3.26611756717925,3.31930141305001,3.37248525892077),
 .UNSPECIFIED.);
#240=B_SPLINE_SURFACE_WITH_KNOTS('',3,3,((#7730,#7731,#7732,#7733,#7734,
#7735,#7736,#7737,#7738,#7739),(#7740,#7741,#7742,#7743,#7744,#7745,#7746,
#7747,#7748,#7749),(#7750,#7751,#7752,#7753,#7754,#7755,#7756,#7757,#7758,
#7759),(#7760,#7761,#7762,#7763,#7764,#7765,#7766,#7767,#7768,#7769),(#7770,
#7771,#7772,#7773,#7774,#7775,#7776,#7777,#7778,#7779)),.UNSPECIFIED.,.F.,
 .F.,.F.,(4,1,4),(4,1,1,1,1,1,1,4),(0.,0.571428571428571,1.0000000003042),
(0.123221596643627,0.149816815321623,0.176412033999619,0.229602471355611,
0.282792908711603,0.389173783423587,0.442364220779579,0.495554658135571),
 .UNSPECIFIED.);
#241=B_SPLINE_SURFACE_WITH_KNOTS('',3,3,((#7848,#7849,#7850,#7851,#7852,
#7853,#7854,#7855,#7856),(#7857,#7858,#7859,#7860,#7861,#7862,#7863,#7864,
#7865),(#7866,#7867,#7868,#7869,#7870,#7871,#7872,#7873,#7874),(#7875,#7876,
#7877,#7878,#7879,#7880,#7881,#7882,#7883),(#7884,#7885,#7886,#7887,#7888,
#7889,#7890,#7891,#7892)),.UNSPECIFIED.,.F.,.F.,.F.,(4,1,4),(4,1,1,1,1,
1,4),(0.,0.571428571428571,1.),(3.00019833782587,3.02679026076127,3.05338218369667,
3.15974987543826,3.26611756717986,3.31930141305066,3.37248525892146),
 .UNSPECIFIED.);
#242=B_SPLINE_SURFACE_WITH_KNOTS('',3,3,((#7968,#7969,#7970,#7971,#7972,
#7973,#7974,#7975,#7976),(#7977,#7978,#7979,#7980,#7981,#7982,#7983,#7984,
#7985),(#7986,#7987,#7988,#7989,#7990,#7991,#7992,#7993,#7994),(#7995,#7996,
#7997,#7998,#7999,#8000,#8001,#8002,#8003),(#8004,#8005,#8006,#8007,#8008,
#8009,#8010,#8011,#8012)),.UNSPECIFIED.,.F.,.F.,.F.,(4,1,4),(4,1,1,1,1,
1,4),(0.,0.571428571428571,1.),(0.123221596643519,0.149816815321518,0.176412033999518,
0.282792908711514,0.389173783423511,0.442364220779509,0.495554658135507),
 .UNSPECIFIED.);
#243=B_SPLINE_SURFACE_WITH_KNOTS('',3,3,((#8063,#8064,#8065,#8066,#8067,
#8068),(#8069,#8070,#8071,#8072,#8073,#8074),(#8075,#8076,#8077,#8078,#8079,
#8080),(#8081,#8082,#8083,#8084,#8085,#8086),(#8087,#8088,#8089,#8090,#8091,
#8092)),.UNSPECIFIED.,.F.,.F.,.F.,(4,1,4),(4,1,1,4),(0.,0.571428571428571,
1.),(-6.90140450582529E-18,0.448798950512828,0.673198425769241,1.5707963267949),
 .UNSPECIFIED.);
#244=B_SPLINE_SURFACE_WITH_KNOTS('',3,3,((#8118,#8119,#8120,#8121,#8122,
#8123),(#8124,#8125,#8126,#8127,#8128,#8129),(#8130,#8131,#8132,#8133,#8134,
#8135),(#8136,#8137,#8138,#8139,#8140,#8141),(#8142,#8143,#8144,#8145,#8146,
#8147)),.UNSPECIFIED.,.F.,.F.,.F.,(4,1,4),(4,1,1,4),(0.,0.571428571428571,
1.),(-1.5707963267949,-0.897597901025655,-0.448798950512827,1.66533453693774E-16),
 .UNSPECIFIED.);
#245=B_SPLINE_SURFACE_WITH_KNOTS('',3,3,((#8162,#8163,#8164,#8165,#8166,
#8167),(#8168,#8169,#8170,#8171,#8172,#8173),(#8174,#8175,#8176,#8177,#8178,
#8179),(#8180,#8181,#8182,#8183,#8184,#8185),(#8186,#8187,#8188,#8189,#8190,
#8191)),.UNSPECIFIED.,.F.,.F.,.F.,(4,1,4),(4,1,1,4),(0.,0.571428571428571,
1.),(-6.90140450582529E-18,0.448798950512828,0.673198425769241,1.5707963267949),
 .UNSPECIFIED.);
#246=B_SPLINE_SURFACE_WITH_KNOTS('',3,3,((#8270,#8271,#8272,#8273,#8274,
#8275),(#8276,#8277,#8278,#8279,#8280,#8281),(#8282,#8283,#8284,#8285,#8286,
#8287),(#8288,#8289,#8290,#8291,#8292,#8293),(#8294,#8295,#8296,#8297,#8298,
#8299)),.UNSPECIFIED.,.F.,.F.,.F.,(4,1,4),(4,1,1,4),(0.,0.571428571428571,
1.),(-1.5707963267949,-0.897597901025655,-0.448798950512828,1.11022302462516E-16),
 .UNSPECIFIED.);
#247=B_SPLINE_SURFACE_WITH_KNOTS('',3,3,((#8341,#8342,#8343,#8344,#8345,
#8346,#8347,#8348,#8349,#8350),(#8351,#8352,#8353,#8354,#8355,#8356,#8357,
#8358,#8359,#8360),(#8361,#8362,#8363,#8364,#8365,#8366,#8367,#8368,#8369,
#8370),(#8371,#8372,#8373,#8374,#8375,#8376,#8377,#8378,#8379,#8380),(#8381,
#8382,#8383,#8384,#8385,#8386,#8387,#8388,#8389,#8390)),.UNSPECIFIED.,.F.,
 .F.,.F.,(4,1,4),(4,1,1,1,1,1,1,4),(0.,0.571428571428571,1.),(3.00019833782597,
3.02679026076136,3.05338218369675,3.10656602956754,3.21293372130912,3.26611756717991,
3.3193014130507,3.37248525892149),.UNSPECIFIED.);
#248=B_SPLINE_SURFACE_WITH_KNOTS('',3,3,((#8466,#8467,#8468,#8469,#8470,
#8471,#8472,#8473,#8474,#8475),(#8476,#8477,#8478,#8479,#8480,#8481,#8482,
#8483,#8484,#8485),(#8486,#8487,#8488,#8489,#8490,#8491,#8492,#8493,#8494,
#8495),(#8496,#8497,#8498,#8499,#8500,#8501,#8502,#8503,#8504,#8505),(#8506,
#8507,#8508,#8509,#8510,#8511,#8512,#8513,#8514,#8515)),.UNSPECIFIED.,.F.,
 .F.,.F.,(4,1,4),(4,1,1,1,1,1,1,4),(0.,0.571428571428571,1.),(0.123221596643587,
0.149816815321585,0.176412033999582,0.229602471355578,0.282792908711573,
0.389173783423565,0.44236422077956,0.495554658135556),.UNSPECIFIED.);
#249=B_SPLINE_SURFACE_WITH_KNOTS('',3,3,((#8575,#8576,#8577,#8578),(#8579,
#8580,#8581,#8582),(#8583,#8584,#8585,#8586),(#8587,#8588,#8589,#8590),
(#8591,#8592,#8593,#8594)),.UNSPECIFIED.,.F.,.F.,.F.,(4,1,4),(4,4),(-0.00102427525006969,
0.428571428571429,1.),(-0.239903056052113,0.00102427525005694),
 .UNSPECIFIED.);
#250=B_SPLINE_SURFACE_WITH_KNOTS('',3,3,((#8643,#8644,#8645,#8646),(#8647,
#8648,#8649,#8650),(#8651,#8652,#8653,#8654),(#8655,#8656,#8657,#8658),
(#8659,#8660,#8661,#8662)),.UNSPECIFIED.,.F.,.F.,.F.,(4,1,4),(4,4),(-0.000979228467299636,
0.428571428571429,1.),(-0.000979228467300987,0.239858009289615),
 .UNSPECIFIED.);
#251=B_SPLINE_SURFACE_WITH_KNOTS('',3,3,((#8683,#8684,#8685,#8686,#8687,
#8688,#8689,#8690,#8691,#8692,#8693,#8694,#8695),(#8696,#8697,#8698,#8699,
#8700,#8701,#8702,#8703,#8704,#8705,#8706,#8707,#8708),(#8709,#8710,#8711,
#8712,#8713,#8714,#8715,#8716,#8717,#8718,#8719,#8720,#8721),(#8722,#8723,
#8724,#8725,#8726,#8727,#8728,#8729,#8730,#8731,#8732,#8733,#8734),(#8735,
#8736,#8737,#8738,#8739,#8740,#8741,#8742,#8743,#8744,#8745,#8746,#8747)),
 .UNSPECIFIED.,.F.,.F.,.F.,(4,1,4),(4,1,1,1,1,1,1,1,1,1,4),(0.,0.428571428571429,
1.),(0.,0.0147654383498816,0.0295308766997632,0.0393745022663509,0.0492181278329387,
0.0590617533995264,0.0639835661828203,0.0664444725744672,0.0676749257702907,
0.0682901523682024,0.0689053789661141),.UNSPECIFIED.);
#252=B_SPLINE_SURFACE_WITH_KNOTS('',3,3,((#8786,#8787,#8788,#8789),(#8790,
#8791,#8792,#8793),(#8794,#8795,#8796,#8797),(#8798,#8799,#8800,#8801),
(#8802,#8803,#8804,#8805)),.UNSPECIFIED.,.F.,.F.,.F.,(4,1,4),(4,4),(-0.00102425968085049,
0.428571428571429,1.),(-0.239903040487759,0.00102425968090189),
 .UNSPECIFIED.);
#253=B_SPLINE_SURFACE_WITH_KNOTS('',3,3,((#8836,#8837,#8838,#8839,#8840,
#8841,#8842,#8843,#8844,#8845,#8846,#8847,#8848,#8849),(#8850,#8851,#8852,
#8853,#8854,#8855,#8856,#8857,#8858,#8859,#8860,#8861,#8862,#8863),(#8864,
#8865,#8866,#8867,#8868,#8869,#8870,#8871,#8872,#8873,#8874,#8875,#8876,
#8877),(#8878,#8879,#8880,#8881,#8882,#8883,#8884,#8885,#8886,#8887,#8888,
#8889,#8890,#8891),(#8892,#8893,#8894,#8895,#8896,#8897,#8898,#8899,#8900,
#8901,#8902,#8903,#8904,#8905)),.UNSPECIFIED.,.F.,.F.,.F.,(4,1,4),(4,1,
1,1,1,1,1,1,1,1,1,4),(0.,0.428571428571429,1.),(0.,0.00061547146390361,
0.00123094292780722,0.00246188585561444,0.00492377171122888,0.00984754342245776,
0.0196950868449155,0.0246188585561444,0.0295426302673733,0.0492377171122888,
0.0590852605347466,0.0689328039572043),.UNSPECIFIED.);
#254=B_SPLINE_SURFACE_WITH_KNOTS('',3,3,((#8956,#8957,#8958,#8959,#8960,
#8961,#8962,#8963,#8964,#8965,#8966,#8967,#8968,#8969),(#8970,#8971,#8972,
#8973,#8974,#8975,#8976,#8977,#8978,#8979,#8980,#8981,#8982,#8983),(#8984,
#8985,#8986,#8987,#8988,#8989,#8990,#8991,#8992,#8993,#8994,#8995,#8996,
#8997),(#8998,#8999,#9000,#9001,#9002,#9003,#9004,#9005,#9006,#9007,#9008,
#9009,#9010,#9011),(#9012,#9013,#9014,#9015,#9016,#9017,#9018,#9019,#9020,
#9021,#9022,#9023,#9024,#9025)),.UNSPECIFIED.,.F.,.F.,.F.,(4,1,4),(4,1,
1,1,1,1,1,1,1,1,1,4),(0.,0.428571428571429,1.),(0.,0.00061526584057109,
0.00123053168114218,0.00246106336228436,0.00492212672456872,0.00984425344913743,
0.0196885068982749,0.0246106336228436,0.0295327603474123,0.0492212672456872,
0.0590655206948246,0.068909774143962),.UNSPECIFIED.);
#255=B_SPLINE_SURFACE_WITH_KNOTS('',3,3,((#9070,#9071,#9072,#9073),(#9074,
#9075,#9076,#9077),(#9078,#9079,#9080,#9081),(#9082,#9083,#9084,#9085),
(#9086,#9087,#9088,#9089)),.UNSPECIFIED.,.F.,.F.,.F.,(4,1,4),(4,4),(-0.000979228444187586,
0.428571428571429,1.),(4.79655827493911,5.03739551264997),.UNSPECIFIED.);
#256=B_SPLINE_SURFACE_WITH_KNOTS('',3,3,((#9110,#9111,#9112,#9113,#9114,
#9115,#9116,#9117,#9118,#9119,#9120,#9121,#9122,#9123,#9124,#9125,#9126),
(#9127,#9128,#9129,#9130,#9131,#9132,#9133,#9134,#9135,#9136,#9137,#9138,
#9139,#9140,#9141,#9142,#9143),(#9144,#9145,#9146,#9147,#9148,#9149,#9150,
#9151,#9152,#9153,#9154,#9155,#9156,#9157,#9158,#9159,#9160),(#9161,#9162,
#9163,#9164,#9165,#9166,#9167,#9168,#9169,#9170,#9171,#9172,#9173,#9174,
#9175,#9176,#9177),(#9178,#9179,#9180,#9181,#9182,#9183,#9184,#9185,#9186,
#9187,#9188,#9189,#9190,#9191,#9192,#9193,#9194)),.UNSPECIFIED.,.F.,.F.,
 .F.,(4,1,4),(4,1,1,1,1,1,1,1,1,1,1,1,1,1,4),(0.,0.428571428571429,1.),
(0.,0.00123094292780742,0.00246188585561483,0.00492377171122966,0.00984754342245932,
0.014771315133689,0.0196950868449186,0.0393901736898373,0.0492377171122966,
0.0590852605347559,0.0640090322459856,0.065239975173793,0.0664709181016004,
0.0677018610294079,0.0689328039572153),.UNSPECIFIED.);
#257=B_SPLINE_SURFACE_WITH_KNOTS('',3,3,((#9262,#9263,#9264,#9265,#9266,
#9267,#9268,#9269,#9270,#9271),(#9272,#9273,#9274,#9275,#9276,#9277,#9278,
#9279,#9280,#9281),(#9282,#9283,#9284,#9285,#9286,#9287,#9288,#9289,#9290,
#9291),(#9292,#9293,#9294,#9295,#9296,#9297,#9298,#9299,#9300,#9301),(#9302,
#9303,#9304,#9305,#9306,#9307,#9308,#9309,#9310,#9311)),.UNSPECIFIED.,.F.,
 .F.,.F.,(4,1,4),(4,2,1,1,1,1,4),(0.,0.571428571428571,1.),(-0.0012425433528357,
0.,0.179025990086875,0.35805198017375,0.537077970260626,0.716103960347501,
0.895129950434376),.UNSPECIFIED.);
#258=B_SPLINE_SURFACE_WITH_KNOTS('',3,3,((#9358,#9359,#9360,#9361,#9362,
#9363,#9364,#9365,#9366,#9367,#9368,#9369),(#9370,#9371,#9372,#9373,#9374,
#9375,#9376,#9377,#9378,#9379,#9380,#9381),(#9382,#9383,#9384,#9385,#9386,
#9387,#9388,#9389,#9390,#9391,#9392,#9393),(#9394,#9395,#9396,#9397,#9398,
#9399,#9400,#9401,#9402,#9403,#9404,#9405),(#9406,#9407,#9408,#9409,#9410,
#9411,#9412,#9413,#9414,#9415,#9416,#9417)),.UNSPECIFIED.,.F.,.F.,.F.,(4,
1,4),(4,1,1,1,1,1,1,2,4),(0.,0.571428571428571,1.),(0.,0.179025990086879,
0.268538985130318,0.358051980173757,0.447564975217196,0.537077970260636,
0.716103960347514,0.895129950434393,0.896372493787228),.UNSPECIFIED.);
#259=B_SPLINE_SURFACE_WITH_KNOTS('',3,3,((#9447,#9448,#9449,#9450,#9451,
#9452,#9453,#9454,#9455,#9456,#9457,#9458),(#9459,#9460,#9461,#9462,#9463,
#9464,#9465,#9466,#9467,#9468,#9469,#9470),(#9471,#9472,#9473,#9474,#9475,
#9476,#9477,#9478,#9479,#9480,#9481,#9482),(#9483,#9484,#9485,#9486,#9487,
#9488,#9489,#9490,#9491,#9492,#9493,#9494),(#9495,#9496,#9497,#9498,#9499,
#9500,#9501,#9502,#9503,#9504,#9505,#9506)),.UNSPECIFIED.,.F.,.F.,.F.,(4,
1,4),(4,1,1,1,1,1,1,2,4),(0.,0.571428571428571,1.),(0.,0.179025990087188,
0.358051980174376,0.537077970261564,0.626590965305158,0.716103960348751,
0.805616955392345,0.895129950435939,0.896372493788775),.UNSPECIFIED.);
#260=B_SPLINE_SURFACE_WITH_KNOTS('',3,3,((#9557,#9558,#9559,#9560,#9561,
#9562,#9563,#9564,#9565,#9566),(#9567,#9568,#9569,#9570,#9571,#9572,#9573,
#9574,#9575,#9576),(#9577,#9578,#9579,#9580,#9581,#9582,#9583,#9584,#9585,
#9586),(#9587,#9588,#9589,#9590,#9591,#9592,#9593,#9594,#9595,#9596),(#9597,
#9598,#9599,#9600,#9601,#9602,#9603,#9604,#9605,#9606)),.UNSPECIFIED.,.F.,
 .F.,.F.,(4,1,4),(4,2,1,1,1,1,4),(0.,0.571428571428571,1.),(-0.0012425433528357,
0.,0.179025990086879,0.358051980173757,0.537077970260636,0.716103960347514,
0.895129950434393),.UNSPECIFIED.);
#261=FACE_OUTER_BOUND('',#581,.T.);
#262=FACE_OUTER_BOUND('',#582,.T.);
#263=FACE_OUTER_BOUND('',#583,.T.);
#264=FACE_OUTER_BOUND('',#584,.T.);
#265=FACE_OUTER_BOUND('',#585,.T.);
#266=FACE_OUTER_BOUND('',#586,.T.);
#267=FACE_OUTER_BOUND('',#587,.T.);
#268=FACE_OUTER_BOUND('',#588,.T.);
#269=FACE_OUTER_BOUND('',#589,.T.);
#270=FACE_OUTER_BOUND('',#590,.T.);
#271=FACE_OUTER_BOUND('',#591,.T.);
#272=FACE_OUTER_BOUND('',#592,.T.);
#273=FACE_OUTER_BOUND('',#593,.T.);
#274=FACE_OUTER_BOUND('',#594,.T.);
#275=FACE_OUTER_BOUND('',#595,.T.);
#276=FACE_OUTER_BOUND('',#596,.T.);
#277=FACE_OUTER_BOUND('',#597,.T.);
#278=FACE_OUTER_BOUND('',#598,.T.);
#279=FACE_OUTER_BOUND('',#599,.T.);
#280=FACE_OUTER_BOUND('',#600,.T.);
#281=FACE_OUTER_BOUND('',#601,.T.);
#282=FACE_OUTER_BOUND('',#602,.T.);
#283=FACE_OUTER_BOUND('',#603,.T.);
#284=FACE_OUTER_BOUND('',#604,.T.);
#285=FACE_OUTER_BOUND('',#605,.T.);
#286=FACE_OUTER_BOUND('',#606,.T.);
#287=FACE_OUTER_BOUND('',#607,.T.);
#288=FACE_OUTER_BOUND('',#608,.T.);
#289=FACE_OUTER_BOUND('',#609,.T.);
#290=FACE_OUTER_BOUND('',#610,.T.);
#291=FACE_OUTER_BOUND('',#611,.T.);
#292=FACE_OUTER_BOUND('',#612,.T.);
#293=FACE_OUTER_BOUND('',#613,.T.);
#294=FACE_OUTER_BOUND('',#614,.T.);
#295=FACE_OUTER_BOUND('',#615,.T.);
#296=FACE_OUTER_BOUND('',#616,.T.);
#297=FACE_OUTER_BOUND('',#617,.T.);
#298=FACE_OUTER_BOUND('',#618,.T.);
#299=FACE_OUTER_BOUND('',#619,.T.);
#300=FACE_OUTER_BOUND('',#620,.T.);
#301=FACE_OUTER_BOUND('',#621,.T.);
#302=FACE_OUTER_BOUND('',#622,.T.);
#303=FACE_OUTER_BOUND('',#623,.T.);
#304=FACE_OUTER_BOUND('',#624,.T.);
#305=FACE_OUTER_BOUND('',#625,.T.);
#306=FACE_OUTER_BOUND('',#626,.T.);
#307=FACE_OUTER_BOUND('',#627,.T.);
#308=FACE_OUTER_BOUND('',#628,.T.);
#309=FACE_OUTER_BOUND('',#629,.T.);
#310=FACE_OUTER_BOUND('',#630,.T.);
#311=FACE_OUTER_BOUND('',#631,.T.);
#312=FACE_OUTER_BOUND('',#632,.T.);
#313=FACE_OUTER_BOUND('',#633,.T.);
#314=FACE_OUTER_BOUND('',#634,.T.);
#315=FACE_OUTER_BOUND('',#635,.T.);
#316=FACE_OUTER_BOUND('',#636,.T.);
#317=FACE_OUTER_BOUND('',#637,.T.);
#318=FACE_OUTER_BOUND('',#638,.T.);
#319=FACE_OUTER_BOUND('',#639,.T.);
#320=FACE_OUTER_BOUND('',#640,.T.);
#321=FACE_OUTER_BOUND('',#641,.T.);
#322=FACE_OUTER_BOUND('',#642,.T.);
#323=FACE_OUTER_BOUND('',#643,.T.);
#324=FACE_OUTER_BOUND('',#644,.T.);
#325=FACE_OUTER_BOUND('',#645,.T.);
#326=FACE_OUTER_BOUND('',#646,.T.);
#327=FACE_OUTER_BOUND('',#647,.T.);
#328=FACE_OUTER_BOUND('',#648,.T.);
#329=FACE_OUTER_BOUND('',#649,.T.);
#330=FACE_OUTER_BOUND('',#650,.T.);
#331=FACE_OUTER_BOUND('',#651,.T.);
#332=FACE_OUTER_BOUND('',#652,.T.);
#333=FACE_OUTER_BOUND('',#653,.T.);
#334=FACE_OUTER_BOUND('',#654,.T.);
#335=FACE_OUTER_BOUND('',#655,.T.);
#336=FACE_OUTER_BOUND('',#656,.T.);
#337=FACE_OUTER_BOUND('',#657,.T.);
#338=FACE_OUTER_BOUND('',#658,.T.);
#339=FACE_OUTER_BOUND('',#659,.T.);
#340=FACE_OUTER_BOUND('',#660,.T.);
#341=FACE_OUTER_BOUND('',#661,.T.);
#342=FACE_OUTER_BOUND('',#662,.T.);
#343=FACE_OUTER_BOUND('',#663,.T.);
#344=FACE_OUTER_BOUND('',#664,.T.);
#345=FACE_OUTER_BOUND('',#665,.T.);
#346=FACE_OUTER_BOUND('',#666,.T.);
#347=FACE_OUTER_BOUND('',#667,.T.);
#348=FACE_OUTER_BOUND('',#668,.T.);
#349=FACE_OUTER_BOUND('',#669,.T.);
#350=FACE_OUTER_BOUND('',#670,.T.);
#351=FACE_OUTER_BOUND('',#671,.T.);
#352=FACE_OUTER_BOUND('',#672,.T.);
#353=FACE_OUTER_BOUND('',#673,.T.);
#354=FACE_OUTER_BOUND('',#674,.T.);
#355=FACE_OUTER_BOUND('',#675,.T.);
#356=FACE_OUTER_BOUND('',#676,.T.);
#357=FACE_OUTER_BOUND('',#677,.T.);
#358=FACE_OUTER_BOUND('',#678,.T.);
#359=FACE_OUTER_BOUND('',#679,.T.);
#360=FACE_OUTER_BOUND('',#680,.T.);
#361=FACE_OUTER_BOUND('',#681,.T.);
#362=FACE_OUTER_BOUND('',#682,.T.);
#363=FACE_OUTER_BOUND('',#683,.T.);
#364=FACE_OUTER_BOUND('',#684,.T.);
#365=FACE_OUTER_BOUND('',#685,.T.);
#366=FACE_OUTER_BOUND('',#686,.T.);
#367=FACE_OUTER_BOUND('',#687,.T.);
#368=FACE_OUTER_BOUND('',#688,.T.);
#369=FACE_OUTER_BOUND('',#689,.T.);
#370=FACE_OUTER_BOUND('',#690,.T.);
#371=FACE_OUTER_BOUND('',#691,.T.);
#372=FACE_OUTER_BOUND('',#692,.T.);
#373=FACE_OUTER_BOUND('',#693,.T.);
#374=FACE_OUTER_BOUND('',#694,.T.);
#375=FACE_OUTER_BOUND('',#695,.T.);
#376=FACE_OUTER_BOUND('',#696,.T.);
#377=FACE_OUTER_BOUND('',#697,.T.);
#378=FACE_OUTER_BOUND('',#698,.T.);
#379=FACE_OUTER_BOUND('',#699,.T.);
#380=FACE_OUTER_BOUND('',#700,.T.);
#381=FACE_OUTER_BOUND('',#701,.T.);
#382=FACE_OUTER_BOUND('',#702,.T.);
#383=FACE_OUTER_BOUND('',#703,.T.);
#384=FACE_OUTER_BOUND('',#704,.T.);
#385=FACE_OUTER_BOUND('',#705,.T.);
#386=FACE_OUTER_BOUND('',#706,.T.);
#387=FACE_OUTER_BOUND('',#707,.T.);
#388=FACE_OUTER_BOUND('',#708,.T.);
#389=FACE_OUTER_BOUND('',#709,.T.);
#390=FACE_OUTER_BOUND('',#710,.T.);
#391=FACE_OUTER_BOUND('',#711,.T.);
#392=FACE_OUTER_BOUND('',#712,.T.);
#393=FACE_OUTER_BOUND('',#713,.T.);
#394=FACE_OUTER_BOUND('',#714,.T.);
#395=FACE_OUTER_BOUND('',#715,.T.);
#396=FACE_OUTER_BOUND('',#716,.T.);
#397=FACE_OUTER_BOUND('',#717,.T.);
#398=FACE_OUTER_BOUND('',#718,.T.);
#399=FACE_OUTER_BOUND('',#719,.T.);
#400=FACE_OUTER_BOUND('',#720,.T.);
#401=FACE_OUTER_BOUND('',#721,.T.);
#402=FACE_OUTER_BOUND('',#722,.T.);
#403=FACE_OUTER_BOUND('',#723,.T.);
#404=FACE_OUTER_BOUND('',#724,.T.);
#405=FACE_OUTER_BOUND('',#725,.T.);
#406=FACE_OUTER_BOUND('',#726,.T.);
#407=FACE_OUTER_BOUND('',#727,.T.);
#408=FACE_OUTER_BOUND('',#728,.T.);
#409=FACE_OUTER_BOUND('',#729,.T.);
#410=FACE_OUTER_BOUND('',#730,.T.);
#411=FACE_OUTER_BOUND('',#731,.T.);
#412=FACE_OUTER_BOUND('',#732,.T.);
#413=FACE_OUTER_BOUND('',#733,.T.);
#414=FACE_OUTER_BOUND('',#734,.T.);
#415=FACE_OUTER_BOUND('',#735,.T.);
#416=FACE_OUTER_BOUND('',#736,.T.);
#417=FACE_OUTER_BOUND('',#737,.T.);
#418=FACE_OUTER_BOUND('',#738,.T.);
#419=FACE_OUTER_BOUND('',#739,.T.);
#420=FACE_OUTER_BOUND('',#740,.T.);
#421=FACE_OUTER_BOUND('',#741,.T.);
#422=FACE_OUTER_BOUND('',#742,.T.);
#423=FACE_OUTER_BOUND('',#743,.T.);
#424=FACE_OUTER_BOUND('',#744,.T.);
#425=FACE_OUTER_BOUND('',#745,.T.);
#426=FACE_OUTER_BOUND('',#746,.T.);
#427=FACE_OUTER_BOUND('',#747,.T.);
#428=FACE_OUTER_BOUND('',#748,.T.);
#429=FACE_OUTER_BOUND('',#749,.T.);
#430=FACE_OUTER_BOUND('',#750,.T.);
#431=FACE_OUTER_BOUND('',#751,.T.);
#432=FACE_OUTER_BOUND('',#752,.T.);
#433=FACE_OUTER_BOUND('',#753,.T.);
#434=FACE_OUTER_BOUND('',#754,.T.);
#435=FACE_OUTER_BOUND('',#755,.T.);
#436=FACE_OUTER_BOUND('',#756,.T.);
#437=FACE_OUTER_BOUND('',#757,.T.);
#438=FACE_OUTER_BOUND('',#758,.T.);
#439=FACE_OUTER_BOUND('',#759,.T.);
#440=FACE_OUTER_BOUND('',#760,.T.);
#441=FACE_OUTER_BOUND('',#761,.T.);
#442=FACE_OUTER_BOUND('',#762,.T.);
#443=FACE_OUTER_BOUND('',#763,.T.);
#444=FACE_OUTER_BOUND('',#764,.T.);
#445=FACE_OUTER_BOUND('',#765,.T.);
#446=FACE_OUTER_BOUND('',#766,.T.);
#447=FACE_OUTER_BOUND('',#767,.T.);
#448=FACE_OUTER_BOUND('',#768,.T.);
#449=FACE_OUTER_BOUND('',#769,.T.);
#450=FACE_OUTER_BOUND('',#770,.T.);
#451=FACE_OUTER_BOUND('',#771,.T.);
#452=FACE_OUTER_BOUND('',#772,.T.);
#453=FACE_OUTER_BOUND('',#773,.T.);
#454=FACE_OUTER_BOUND('',#774,.T.);
#455=FACE_OUTER_BOUND('',#775,.T.);
#456=FACE_OUTER_BOUND('',#776,.T.);
#457=FACE_OUTER_BOUND('',#777,.T.);
#458=FACE_OUTER_BOUND('',#778,.T.);
#459=FACE_OUTER_BOUND('',#779,.T.);
#460=FACE_OUTER_BOUND('',#780,.T.);
#461=FACE_OUTER_BOUND('',#781,.T.);
#462=FACE_OUTER_BOUND('',#782,.T.);
#463=FACE_OUTER_BOUND('',#783,.T.);
#464=FACE_OUTER_BOUND('',#784,.T.);
#465=FACE_OUTER_BOUND('',#785,.T.);
#466=FACE_OUTER_BOUND('',#786,.T.);
#467=FACE_OUTER_BOUND('',#787,.T.);
#468=FACE_OUTER_BOUND('',#788,.T.);
#469=FACE_OUTER_BOUND('',#789,.T.);
#470=FACE_OUTER_BOUND('',#790,.T.);
#471=FACE_OUTER_BOUND('',#791,.T.);
#472=FACE_OUTER_BOUND('',#792,.T.);
#473=FACE_OUTER_BOUND('',#793,.T.);
#474=FACE_OUTER_BOUND('',#794,.T.);
#475=FACE_OUTER_BOUND('',#795,.T.);
#476=FACE_OUTER_BOUND('',#796,.T.);
#477=FACE_OUTER_BOUND('',#797,.T.);
#478=FACE_OUTER_BOUND('',#798,.T.);
#479=FACE_OUTER_BOUND('',#799,.T.);
#480=FACE_OUTER_BOUND('',#800,.T.);
#481=FACE_OUTER_BOUND('',#801,.T.);
#482=FACE_OUTER_BOUND('',#802,.T.);
#483=FACE_OUTER_BOUND('',#803,.T.);
#484=FACE_OUTER_BOUND('',#804,.T.);
#485=FACE_OUTER_BOUND('',#805,.T.);
#486=FACE_OUTER_BOUND('',#806,.T.);
#487=FACE_OUTER_BOUND('',#807,.T.);
#488=FACE_OUTER_BOUND('',#808,.T.);
#489=FACE_OUTER_BOUND('',#809,.T.);
#490=FACE_OUTER_BOUND('',#810,.T.);
#491=FACE_OUTER_BOUND('',#811,.T.);
#492=FACE_OUTER_BOUND('',#812,.T.);
#493=FACE_OUTER_BOUND('',#813,.T.);
#494=FACE_OUTER_BOUND('',#814,.T.);
#495=FACE_OUTER_BOUND('',#815,.T.);
#496=FACE_OUTER_BOUND('',#816,.T.);
#497=FACE_OUTER_BOUND('',#817,.T.);
#498=FACE_OUTER_BOUND('',#818,.T.);
#499=FACE_OUTER_BOUND('',#819,.T.);
#500=FACE_OUTER_BOUND('',#820,.T.);
#501=FACE_OUTER_BOUND('',#821,.T.);
#502=FACE_OUTER_BOUND('',#822,.T.);
#503=FACE_OUTER_BOUND('',#823,.T.);
#504=FACE_OUTER_BOUND('',#824,.T.);
#505=FACE_OUTER_BOUND('',#825,.T.);
#506=FACE_OUTER_BOUND('',#826,.T.);
#507=FACE_OUTER_BOUND('',#827,.T.);
#508=FACE_OUTER_BOUND('',#828,.T.);
#509=FACE_OUTER_BOUND('',#829,.T.);
#510=FACE_OUTER_BOUND('',#830,.T.);
#511=FACE_OUTER_BOUND('',#831,.T.);
#512=FACE_OUTER_BOUND('',#832,.T.);
#513=FACE_OUTER_BOUND('',#833,.T.);
#514=FACE_OUTER_BOUND('',#834,.T.);
#515=FACE_OUTER_BOUND('',#835,.T.);
#516=FACE_OUTER_BOUND('',#836,.T.);
#517=FACE_OUTER_BOUND('',#837,.T.);
#518=FACE_OUTER_BOUND('',#838,.T.);
#519=FACE_OUTER_BOUND('',#839,.T.);
#520=FACE_OUTER_BOUND('',#840,.T.);
#521=FACE_OUTER_BOUND('',#841,.T.);
#522=FACE_OUTER_BOUND('',#842,.T.);
#523=FACE_OUTER_BOUND('',#843,.T.);
#524=FACE_OUTER_BOUND('',#844,.T.);
#525=FACE_OUTER_BOUND('',#845,.T.);
#526=FACE_OUTER_BOUND('',#846,.T.);
#527=FACE_OUTER_BOUND('',#847,.T.);
#528=FACE_OUTER_BOUND('',#848,.T.);
#529=FACE_OUTER_BOUND('',#849,.T.);
#530=FACE_OUTER_BOUND('',#850,.T.);
#531=FACE_OUTER_BOUND('',#851,.T.);
#532=FACE_OUTER_BOUND('',#852,.T.);
#533=FACE_OUTER_BOUND('',#853,.T.);
#534=FACE_OUTER_BOUND('',#854,.T.);
#535=FACE_OUTER_BOUND('',#855,.T.);
#536=FACE_OUTER_BOUND('',#856,.T.);
#537=FACE_OUTER_BOUND('',#857,.T.);
#538=FACE_OUTER_BOUND('',#858,.T.);
#539=FACE_OUTER_BOUND('',#859,.T.);
#540=FACE_OUTER_BOUND('',#860,.T.);
#541=FACE_OUTER_BOUND('',#861,.T.);
#542=FACE_OUTER_BOUND('',#862,.T.);
#543=FACE_OUTER_BOUND('',#863,.T.);
#544=FACE_OUTER_BOUND('',#864,.T.);
#545=FACE_OUTER_BOUND('',#865,.T.);
#546=FACE_OUTER_BOUND('',#866,.T.);
#547=FACE_OUTER_BOUND('',#867,.T.);
#548=FACE_OUTER_BOUND('',#868,.T.);
#549=FACE_OUTER_BOUND('',#869,.T.);
#550=FACE_OUTER_BOUND('',#870,.T.);
#551=FACE_OUTER_BOUND('',#871,.T.);
#552=FACE_OUTER_BOUND('',#872,.T.);
#553=FACE_OUTER_BOUND('',#873,.T.);
#554=FACE_OUTER_BOUND('',#874,.T.);
#555=FACE_OUTER_BOUND('',#875,.T.);
#556=FACE_OUTER_BOUND('',#876,.T.);
#557=FACE_OUTER_BOUND('',#877,.T.);
#558=FACE_OUTER_BOUND('',#878,.T.);
#559=FACE_OUTER_BOUND('',#879,.T.);
#560=FACE_OUTER_BOUND('',#880,.T.);
#561=FACE_OUTER_BOUND('',#881,.T.);
#562=FACE_OUTER_BOUND('',#882,.T.);
#563=FACE_OUTER_BOUND('',#883,.T.);
#564=FACE_OUTER_BOUND('',#884,.T.);
#565=FACE_OUTER_BOUND('',#885,.T.);
#566=FACE_OUTER_BOUND('',#886,.T.);
#567=FACE_OUTER_BOUND('',#887,.T.);
#568=FACE_OUTER_BOUND('',#888,.T.);
#569=FACE_OUTER_BOUND('',#889,.T.);
#570=FACE_OUTER_BOUND('',#890,.T.);
#571=FACE_OUTER_BOUND('',#891,.T.);
#572=FACE_OUTER_BOUND('',#892,.T.);
#573=FACE_OUTER_BOUND('',#893,.T.);
#574=FACE_OUTER_BOUND('',#894,.T.);
#575=FACE_OUTER_BOUND('',#895,.T.);
#576=FACE_OUTER_BOUND('',#896,.T.);
#577=FACE_OUTER_BOUND('',#897,.T.);
#578=FACE_OUTER_BOUND('',#898,.T.);
#579=FACE_OUTER_BOUND('',#899,.T.);
#580=FACE_OUTER_BOUND('',#900,.T.);
#581=EDGE_LOOP('',(#2995,#2996,#2997,#2998,#2999));
#582=EDGE_LOOP('',(#3000,#3001,#3002));
#583=EDGE_LOOP('',(#3003,#3004,#3005,#3006,#3007));
#584=EDGE_LOOP('',(#3008,#3009,#3010,#3011));
#585=EDGE_LOOP('',(#3012,#3013,#3014,#3015));
#586=EDGE_LOOP('',(#3016,#3017,#3018,#3019,#3020));
#587=EDGE_LOOP('',(#3021,#3022,#3023));
#588=EDGE_LOOP('',(#3024,#3025,#3026,#3027,#3028));
#589=EDGE_LOOP('',(#3029,#3030,#3031,#3032,#3033));
#590=EDGE_LOOP('',(#3034,#3035,#3036,#3037,#3038,#3039));
#591=EDGE_LOOP('',(#3040,#3041,#3042,#3043,#3044,#3045));
#592=EDGE_LOOP('',(#3046,#3047,#3048,#3049,#3050,#3051));
#593=EDGE_LOOP('',(#3052,#3053,#3054,#3055,#3056));
#594=EDGE_LOOP('',(#3057,#3058,#3059,#3060,#3061,#3062));
#595=EDGE_LOOP('',(#3063,#3064,#3065,#3066));
#596=EDGE_LOOP('',(#3067,#3068,#3069,#3070,#3071));
#597=EDGE_LOOP('',(#3072,#3073,#3074,#3075));
#598=EDGE_LOOP('',(#3076,#3077,#3078,#3079));
#599=EDGE_LOOP('',(#3080,#3081,#3082,#3083,#3084,#3085));
#600=EDGE_LOOP('',(#3086,#3087,#3088,#3089));
#601=EDGE_LOOP('',(#3090,#3091,#3092,#3093,#3094));
#602=EDGE_LOOP('',(#3095,#3096,#3097,#3098));
#603=EDGE_LOOP('',(#3099,#3100,#3101,#3102));
#604=EDGE_LOOP('',(#3103,#3104,#3105,#3106,#3107,#3108));
#605=EDGE_LOOP('',(#3109,#3110,#3111,#3112,#3113));
#606=EDGE_LOOP('',(#3114,#3115,#3116,#3117));
#607=EDGE_LOOP('',(#3118,#3119,#3120,#3121,#3122));
#608=EDGE_LOOP('',(#3123,#3124,#3125));
#609=EDGE_LOOP('',(#3126,#3127,#3128,#3129,#3130));
#610=EDGE_LOOP('',(#3131,#3132,#3133,#3134));
#611=EDGE_LOOP('',(#3135,#3136,#3137));
#612=EDGE_LOOP('',(#3138,#3139,#3140,#3141));
#613=EDGE_LOOP('',(#3142,#3143,#3144));
#614=EDGE_LOOP('',(#3145,#3146,#3147,#3148));
#615=EDGE_LOOP('',(#3149,#3150,#3151,#3152,#3153));
#616=EDGE_LOOP('',(#3154,#3155,#3156));
#617=EDGE_LOOP('',(#3157,#3158,#3159,#3160,#3161));
#618=EDGE_LOOP('',(#3162,#3163,#3164,#3165,#3166));
#619=EDGE_LOOP('',(#3167,#3168,#3169,#3170));
#620=EDGE_LOOP('',(#3171,#3172,#3173,#3174));
#621=EDGE_LOOP('',(#3175,#3176,#3177,#3178));
#622=EDGE_LOOP('',(#3179,#3180,#3181,#3182,#3183));
#623=EDGE_LOOP('',(#3184,#3185,#3186,#3187));
#624=EDGE_LOOP('',(#3188,#3189,#3190,#3191));
#625=EDGE_LOOP('',(#3192,#3193,#3194,#3195,#3196,#3197));
#626=EDGE_LOOP('',(#3198,#3199,#3200,#3201));
#627=EDGE_LOOP('',(#3202,#3203,#3204,#3205,#3206));
#628=EDGE_LOOP('',(#3207,#3208,#3209,#3210));
#629=EDGE_LOOP('',(#3211,#3212,#3213,#3214,#3215,#3216));
#630=EDGE_LOOP('',(#3217,#3218,#3219,#3220,#3221,#3222));
#631=EDGE_LOOP('',(#3223,#3224,#3225,#3226,#3227));
#632=EDGE_LOOP('',(#3228,#3229,#3230,#3231));
#633=EDGE_LOOP('',(#3232,#3233,#3234,#3235));
#634=EDGE_LOOP('',(#3236,#3237,#3238,#3239,#3240));
#635=EDGE_LOOP('',(#3241,#3242,#3243,#3244));
#636=EDGE_LOOP('',(#3245,#3246,#3247,#3248,#3249,#3250));
#637=EDGE_LOOP('',(#3251,#3252,#3253,#3254,#3255));
#638=EDGE_LOOP('',(#3256,#3257,#3258,#3259));
#639=EDGE_LOOP('',(#3260,#3261,#3262,#3263));
#640=EDGE_LOOP('',(#3264,#3265,#3266,#3267,#3268));
#641=EDGE_LOOP('',(#3269,#3270,#3271,#3272,#3273));
#642=EDGE_LOOP('',(#3274,#3275,#3276,#3277));
#643=EDGE_LOOP('',(#3278,#3279,#3280,#3281,#3282,#3283));
#644=EDGE_LOOP('',(#3284,#3285,#3286,#3287,#3288,#3289));
#645=EDGE_LOOP('',(#3290,#3291,#3292));
#646=EDGE_LOOP('',(#3293,#3294,#3295,#3296,#3297));
#647=EDGE_LOOP('',(#3298,#3299,#3300,#3301,#3302));
#648=EDGE_LOOP('',(#3303,#3304,#3305));
#649=EDGE_LOOP('',(#3306,#3307,#3308,#3309));
#650=EDGE_LOOP('',(#3310,#3311,#3312,#3313));
#651=EDGE_LOOP('',(#3314,#3315,#3316));
#652=EDGE_LOOP('',(#3317,#3318,#3319,#3320,#3321));
#653=EDGE_LOOP('',(#3322,#3323,#3324,#3325,#3326));
#654=EDGE_LOOP('',(#3327,#3328,#3329,#3330,#3331));
#655=EDGE_LOOP('',(#3332,#3333,#3334,#3335,#3336,#3337));
#656=EDGE_LOOP('',(#3338,#3339,#3340,#3341,#3342,#3343));
#657=EDGE_LOOP('',(#3344,#3345,#3346,#3347));
#658=EDGE_LOOP('',(#3348,#3349,#3350,#3351,#3352,#3353));
#659=EDGE_LOOP('',(#3354,#3355,#3356));
#660=EDGE_LOOP('',(#3357,#3358,#3359,#3360,#3361));
#661=EDGE_LOOP('',(#3362,#3363,#3364,#3365));
#662=EDGE_LOOP('',(#3366,#3367,#3368,#3369));
#663=EDGE_LOOP('',(#3370,#3371,#3372,#3373,#3374,#3375));
#664=EDGE_LOOP('',(#3376,#3377,#3378,#3379,#3380));
#665=EDGE_LOOP('',(#3381,#3382,#3383,#3384));
#666=EDGE_LOOP('',(#3385,#3386,#3387,#3388));
#667=EDGE_LOOP('',(#3389,#3390,#3391,#3392,#3393,#3394));
#668=EDGE_LOOP('',(#3395,#3396,#3397,#3398,#3399));
#669=EDGE_LOOP('',(#3400,#3401,#3402,#3403));
#670=EDGE_LOOP('',(#3404,#3405,#3406,#3407));
#671=EDGE_LOOP('',(#3408,#3409,#3410,#3411));
#672=EDGE_LOOP('',(#3412,#3413,#3414,#3415,#3416));
#673=EDGE_LOOP('',(#3417,#3418,#3419,#3420,#3421));
#674=EDGE_LOOP('',(#3422,#3423,#3424,#3425,#3426));
#675=EDGE_LOOP('',(#3427,#3428,#3429,#3430,#3431,#3432,#3433,#3434,#3435,
#3436,#3437,#3438));
#676=EDGE_LOOP('',(#3439,#3440,#3441,#3442));
#677=EDGE_LOOP('',(#3443,#3444,#3445,#3446));
#678=EDGE_LOOP('',(#3447,#3448,#3449,#3450));
#679=EDGE_LOOP('',(#3451,#3452,#3453,#3454));
#680=EDGE_LOOP('',(#3455,#3456,#3457));
#681=EDGE_LOOP('',(#3458,#3459,#3460,#3461));
#682=EDGE_LOOP('',(#3462,#3463,#3464,#3465));
#683=EDGE_LOOP('',(#3466,#3467,#3468,#3469));
#684=EDGE_LOOP('',(#3470,#3471,#3472,#3473));
#685=EDGE_LOOP('',(#3474,#3475,#3476));
#686=EDGE_LOOP('',(#3477,#3478,#3479,#3480));
#687=EDGE_LOOP('',(#3481,#3482,#3483,#3484));
#688=EDGE_LOOP('',(#3485,#3486,#3487));
#689=EDGE_LOOP('',(#3488,#3489,#3490,#3491));
#690=EDGE_LOOP('',(#3492,#3493,#3494,#3495));
#691=EDGE_LOOP('',(#3496,#3497,#3498));
#692=EDGE_LOOP('',(#3499,#3500,#3501,#3502));
#693=EDGE_LOOP('',(#3503,#3504,#3505,#3506));
#694=EDGE_LOOP('',(#3507,#3508,#3509));
#695=EDGE_LOOP('',(#3510,#3511,#3512,#3513,#3514,#3515,#3516,#3517));
#696=EDGE_LOOP('',(#3518,#3519,#3520));
#697=EDGE_LOOP('',(#3521,#3522,#3523,#3524));
#698=EDGE_LOOP('',(#3525,#3526,#3527,#3528));
#699=EDGE_LOOP('',(#3529,#3530,#3531,#3532));
#700=EDGE_LOOP('',(#3533,#3534,#3535,#3536,#3537,#3538,#3539,#3540,#3541,
#3542,#3543,#3544));
#701=EDGE_LOOP('',(#3545,#3546,#3547,#3548));
#702=EDGE_LOOP('',(#3549,#3550,#3551,#3552));
#703=EDGE_LOOP('',(#3553,#3554,#3555,#3556));
#704=EDGE_LOOP('',(#3557,#3558,#3559));
#705=EDGE_LOOP('',(#3560,#3561,#3562,#3563));
#706=EDGE_LOOP('',(#3564,#3565,#3566,#3567));
#707=EDGE_LOOP('',(#3568,#3569,#3570,#3571,#3572));
#708=EDGE_LOOP('',(#3573,#3574,#3575,#3576,#3577,#3578));
#709=EDGE_LOOP('',(#3579,#3580,#3581));
#710=EDGE_LOOP('',(#3582,#3583,#3584,#3585,#3586,#3587,#3588,#3589));
#711=EDGE_LOOP('',(#3590,#3591,#3592,#3593,#3594));
#712=EDGE_LOOP('',(#3595,#3596,#3597,#3598));
#713=EDGE_LOOP('',(#3599,#3600,#3601,#3602));
#714=EDGE_LOOP('',(#3603,#3604,#3605,#3606));
#715=EDGE_LOOP('',(#3607,#3608,#3609,#3610,#3611));
#716=EDGE_LOOP('',(#3612,#3613,#3614,#3615,#3616,#3617,#3618,#3619,#3620,
#3621));
#717=EDGE_LOOP('',(#3622,#3623,#3624,#3625,#3626,#3627,#3628,#3629,#3630,
#3631));
#718=EDGE_LOOP('',(#3632,#3633,#3634,#3635,#3636));
#719=EDGE_LOOP('',(#3637,#3638,#3639,#3640));
#720=EDGE_LOOP('',(#3641,#3642,#3643,#3644));
#721=EDGE_LOOP('',(#3645,#3646,#3647,#3648));
#722=EDGE_LOOP('',(#3649,#3650,#3651,#3652,#3653,#3654,#3655,#3656,#3657,
#3658));
#723=EDGE_LOOP('',(#3659,#3660,#3661,#3662,#3663,#3664,#3665,#3666,#3667,
#3668,#3669,#3670));
#724=EDGE_LOOP('',(#3671,#3672,#3673,#3674,#3675,#3676,#3677,#3678,#3679,
#3680));
#725=EDGE_LOOP('',(#3681,#3682,#3683,#3684));
#726=EDGE_LOOP('',(#3685,#3686,#3687,#3688));
#727=EDGE_LOOP('',(#3689,#3690,#3691,#3692));
#728=EDGE_LOOP('',(#3693,#3694,#3695,#3696));
#729=EDGE_LOOP('',(#3697,#3698,#3699,#3700));
#730=EDGE_LOOP('',(#3701,#3702,#3703,#3704));
#731=EDGE_LOOP('',(#3705,#3706,#3707,#3708));
#732=EDGE_LOOP('',(#3709,#3710,#3711,#3712));
#733=EDGE_LOOP('',(#3713,#3714,#3715,#3716,#3717,#3718,#3719,#3720));
#734=EDGE_LOOP('',(#3721,#3722,#3723,#3724,#3725,#3726));
#735=EDGE_LOOP('',(#3727,#3728,#3729));
#736=EDGE_LOOP('',(#3730,#3731,#3732,#3733));
#737=EDGE_LOOP('',(#3734,#3735,#3736));
#738=EDGE_LOOP('',(#3737,#3738,#3739,#3740));
#739=EDGE_LOOP('',(#3741,#3742,#3743));
#740=EDGE_LOOP('',(#3744,#3745,#3746,#3747));
#741=EDGE_LOOP('',(#3748,#3749,#3750));
#742=EDGE_LOOP('',(#3751,#3752,#3753,#3754));
#743=EDGE_LOOP('',(#3755,#3756,#3757));
#744=EDGE_LOOP('',(#3758,#3759,#3760,#3761));
#745=EDGE_LOOP('',(#3762,#3763,#3764));
#746=EDGE_LOOP('',(#3765,#3766,#3767,#3768));
#747=EDGE_LOOP('',(#3769,#3770,#3771));
#748=EDGE_LOOP('',(#3772,#3773,#3774,#3775));
#749=EDGE_LOOP('',(#3776,#3777,#3778,#3779));
#750=EDGE_LOOP('',(#3780,#3781,#3782,#3783));
#751=EDGE_LOOP('',(#3784,#3785,#3786));
#752=EDGE_LOOP('',(#3787,#3788,#3789,#3790));
#753=EDGE_LOOP('',(#3791,#3792,#3793,#3794));
#754=EDGE_LOOP('',(#3795,#3796,#3797,#3798));
#755=EDGE_LOOP('',(#3799,#3800,#3801,#3802));
#756=EDGE_LOOP('',(#3803,#3804,#3805,#3806));
#757=EDGE_LOOP('',(#3807,#3808,#3809,#3810));
#758=EDGE_LOOP('',(#3811,#3812,#3813,#3814));
#759=EDGE_LOOP('',(#3815,#3816,#3817,#3818));
#760=EDGE_LOOP('',(#3819,#3820,#3821));
#761=EDGE_LOOP('',(#3822,#3823,#3824,#3825));
#762=EDGE_LOOP('',(#3826,#3827,#3828,#3829));
#763=EDGE_LOOP('',(#3830,#3831,#3832));
#764=EDGE_LOOP('',(#3833,#3834,#3835));
#765=EDGE_LOOP('',(#3836,#3837,#3838,#3839));
#766=EDGE_LOOP('',(#3840,#3841,#3842,#3843));
#767=EDGE_LOOP('',(#3844,#3845,#3846));
#768=EDGE_LOOP('',(#3847,#3848,#3849,#3850));
#769=EDGE_LOOP('',(#3851,#3852,#3853,#3854));
#770=EDGE_LOOP('',(#3855,#3856,#3857,#3858));
#771=EDGE_LOOP('',(#3859,#3860,#3861,#3862));
#772=EDGE_LOOP('',(#3863,#3864,#3865,#3866));
#773=EDGE_LOOP('',(#3867,#3868,#3869,#3870));
#774=EDGE_LOOP('',(#3871,#3872,#3873,#3874));
#775=EDGE_LOOP('',(#3875,#3876,#3877,#3878));
#776=EDGE_LOOP('',(#3879,#3880,#3881,#3882));
#777=EDGE_LOOP('',(#3883,#3884,#3885,#3886));
#778=EDGE_LOOP('',(#3887,#3888,#3889,#3890));
#779=EDGE_LOOP('',(#3891,#3892,#3893,#3894));
#780=EDGE_LOOP('',(#3895,#3896,#3897,#3898));
#781=EDGE_LOOP('',(#3899,#3900,#3901,#3902));
#782=EDGE_LOOP('',(#3903,#3904,#3905,#3906));
#783=EDGE_LOOP('',(#3907,#3908,#3909,#3910));
#784=EDGE_LOOP('',(#3911,#3912,#3913,#3914));
#785=EDGE_LOOP('',(#3915,#3916,#3917,#3918));
#786=EDGE_LOOP('',(#3919,#3920,#3921,#3922));
#787=EDGE_LOOP('',(#3923,#3924,#3925,#3926));
#788=EDGE_LOOP('',(#3927,#3928,#3929,#3930));
#789=EDGE_LOOP('',(#3931,#3932,#3933,#3934));
#790=EDGE_LOOP('',(#3935,#3936,#3937,#3938));
#791=EDGE_LOOP('',(#3939,#3940,#3941,#3942));
#792=EDGE_LOOP('',(#3943,#3944,#3945,#3946));
#793=EDGE_LOOP('',(#3947,#3948,#3949,#3950));
#794=EDGE_LOOP('',(#3951,#3952,#3953,#3954));
#795=EDGE_LOOP('',(#3955,#3956,#3957,#3958));
#796=EDGE_LOOP('',(#3959,#3960,#3961,#3962));
#797=EDGE_LOOP('',(#3963,#3964,#3965,#3966));
#798=EDGE_LOOP('',(#3967,#3968,#3969,#3970));
#799=EDGE_LOOP('',(#3971,#3972,#3973,#3974));
#800=EDGE_LOOP('',(#3975,#3976,#3977,#3978));
#801=EDGE_LOOP('',(#3979,#3980,#3981,#3982));
#802=EDGE_LOOP('',(#3983,#3984,#3985,#3986));
#803=EDGE_LOOP('',(#3987,#3988,#3989,#3990,#3991,#3992,#3993,#3994));
#804=EDGE_LOOP('',(#3995,#3996,#3997,#3998));
#805=EDGE_LOOP('',(#3999,#4000,#4001,#4002));
#806=EDGE_LOOP('',(#4003,#4004,#4005,#4006,#4007,#4008,#4009,#4010,#4011,
#4012,#4013,#4014));
#807=EDGE_LOOP('',(#4015,#4016,#4017,#4018));
#808=EDGE_LOOP('',(#4019,#4020,#4021,#4022,#4023,#4024,#4025,#4026));
#809=EDGE_LOOP('',(#4027,#4028,#4029,#4030));
#810=EDGE_LOOP('',(#4031,#4032,#4033,#4034));
#811=EDGE_LOOP('',(#4035,#4036,#4037,#4038,#4039,#4040,#4041,#4042,#4043,
#4044,#4045,#4046));
#812=EDGE_LOOP('',(#4047,#4048,#4049,#4050,#4051,#4052,#4053,#4054,#4055));
#813=EDGE_LOOP('',(#4056,#4057,#4058,#4059));
#814=EDGE_LOOP('',(#4060,#4061,#4062,#4063));
#815=EDGE_LOOP('',(#4064,#4065,#4066,#4067));
#816=EDGE_LOOP('',(#4068,#4069,#4070,#4071,#4072,#4073,#4074,#4075,#4076));
#817=EDGE_LOOP('',(#4077,#4078,#4079,#4080));
#818=EDGE_LOOP('',(#4081,#4082,#4083));
#819=EDGE_LOOP('',(#4084,#4085,#4086,#4087));
#820=EDGE_LOOP('',(#4088,#4089,#4090));
#821=EDGE_LOOP('',(#4091,#4092,#4093,#4094));
#822=EDGE_LOOP('',(#4095,#4096,#4097));
#823=EDGE_LOOP('',(#4098,#4099,#4100,#4101));
#824=EDGE_LOOP('',(#4102,#4103,#4104));
#825=EDGE_LOOP('',(#4105,#4106,#4107,#4108));
#826=EDGE_LOOP('',(#4109,#4110,#4111));
#827=EDGE_LOOP('',(#4112,#4113,#4114,#4115));
#828=EDGE_LOOP('',(#4116,#4117,#4118));
#829=EDGE_LOOP('',(#4119,#4120,#4121,#4122));
#830=EDGE_LOOP('',(#4123,#4124,#4125));
#831=EDGE_LOOP('',(#4126,#4127,#4128,#4129));
#832=EDGE_LOOP('',(#4130,#4131,#4132,#4133));
#833=EDGE_LOOP('',(#4134,#4135,#4136,#4137));
#834=EDGE_LOOP('',(#4138,#4139,#4140));
#835=EDGE_LOOP('',(#4141,#4142,#4143,#4144));
#836=EDGE_LOOP('',(#4145,#4146,#4147,#4148));
#837=EDGE_LOOP('',(#4149,#4150,#4151,#4152));
#838=EDGE_LOOP('',(#4153,#4154,#4155,#4156));
#839=EDGE_LOOP('',(#4157,#4158,#4159,#4160));
#840=EDGE_LOOP('',(#4161,#4162,#4163,#4164));
#841=EDGE_LOOP('',(#4165,#4166,#4167,#4168));
#842=EDGE_LOOP('',(#4169,#4170,#4171,#4172));
#843=EDGE_LOOP('',(#4173,#4174,#4175));
#844=EDGE_LOOP('',(#4176,#4177,#4178,#4179));
#845=EDGE_LOOP('',(#4180,#4181,#4182,#4183));
#846=EDGE_LOOP('',(#4184,#4185,#4186));
#847=EDGE_LOOP('',(#4187,#4188,#4189));
#848=EDGE_LOOP('',(#4190,#4191,#4192,#4193));
#849=EDGE_LOOP('',(#4194,#4195,#4196,#4197));
#850=EDGE_LOOP('',(#4198,#4199,#4200));
#851=EDGE_LOOP('',(#4201,#4202,#4203,#4204));
#852=EDGE_LOOP('',(#4205,#4206,#4207,#4208));
#853=EDGE_LOOP('',(#4209,#4210,#4211,#4212));
#854=EDGE_LOOP('',(#4213,#4214,#4215,#4216));
#855=EDGE_LOOP('',(#4217,#4218,#4219,#4220));
#856=EDGE_LOOP('',(#4221,#4222,#4223,#4224));
#857=EDGE_LOOP('',(#4225,#4226,#4227,#4228));
#858=EDGE_LOOP('',(#4229,#4230,#4231,#4232));
#859=EDGE_LOOP('',(#4233,#4234,#4235,#4236));
#860=EDGE_LOOP('',(#4237,#4238,#4239,#4240));
#861=EDGE_LOOP('',(#4241,#4242,#4243,#4244));
#862=EDGE_LOOP('',(#4245,#4246,#4247,#4248));
#863=EDGE_LOOP('',(#4249,#4250,#4251,#4252));
#864=EDGE_LOOP('',(#4253,#4254,#4255,#4256));
#865=EDGE_LOOP('',(#4257,#4258,#4259,#4260));
#866=EDGE_LOOP('',(#4261,#4262,#4263,#4264));
#867=EDGE_LOOP('',(#4265,#4266,#4267,#4268));
#868=EDGE_LOOP('',(#4269,#4270,#4271,#4272));
#869=EDGE_LOOP('',(#4273,#4274,#4275,#4276));
#870=EDGE_LOOP('',(#4277,#4278,#4279,#4280));
#871=EDGE_LOOP('',(#4281,#4282,#4283,#4284));
#872=EDGE_LOOP('',(#4285,#4286,#4287,#4288));
#873=EDGE_LOOP('',(#4289,#4290,#4291,#4292));
#874=EDGE_LOOP('',(#4293,#4294,#4295,#4296));
#875=EDGE_LOOP('',(#4297,#4298,#4299,#4300));
#876=EDGE_LOOP('',(#4301,#4302,#4303,#4304));
#877=EDGE_LOOP('',(#4305,#4306,#4307,#4308));
#878=EDGE_LOOP('',(#4309,#4310,#4311,#4312));
#879=EDGE_LOOP('',(#4313,#4314,#4315,#4316));
#880=EDGE_LOOP('',(#4317,#4318,#4319,#4320));
#881=EDGE_LOOP('',(#4321,#4322,#4323,#4324));
#882=EDGE_LOOP('',(#4325,#4326,#4327,#4328));
#883=EDGE_LOOP('',(#4329,#4330,#4331,#4332));
#884=EDGE_LOOP('',(#4333,#4334,#4335,#4336));
#885=EDGE_LOOP('',(#4337,#4338,#4339,#4340));
#886=EDGE_LOOP('',(#4341,#4342,#4343,#4344,#4345,#4346,#4347,#4348));
#887=EDGE_LOOP('',(#4349,#4350,#4351,#4352));
#888=EDGE_LOOP('',(#4353,#4354,#4355,#4356));
#889=EDGE_LOOP('',(#4357,#4358,#4359,#4360,#4361,#4362,#4363,#4364,#4365,
#4366,#4367,#4368));
#890=EDGE_LOOP('',(#4369,#4370,#4371,#4372));
#891=EDGE_LOOP('',(#4373,#4374,#4375,#4376,#4377,#4378,#4379,#4380));
#892=EDGE_LOOP('',(#4381,#4382,#4383,#4384));
#893=EDGE_LOOP('',(#4385,#4386,#4387,#4388));
#894=EDGE_LOOP('',(#4389,#4390,#4391,#4392,#4393,#4394,#4395,#4396,#4397,
#4398,#4399,#4400));
#895=EDGE_LOOP('',(#4401,#4402,#4403,#4404,#4405,#4406,#4407,#4408,#4409));
#896=EDGE_LOOP('',(#4410,#4411,#4412,#4413));
#897=EDGE_LOOP('',(#4414,#4415,#4416,#4417));
#898=EDGE_LOOP('',(#4418,#4419,#4420,#4421));
#899=EDGE_LOOP('',(#4422,#4423,#4424,#4425,#4426,#4427,#4428,#4429,#4430));
#900=EDGE_LOOP('',(#4431,#4432,#4433,#4434));
#901=CIRCLE('',#4915,0.100000000000016);
#902=CIRCLE('',#4923,0.100000000000016);
#903=CIRCLE('',#4939,0.100000000000016);
#904=CIRCLE('',#4944,0.100000000000016);
#905=CIRCLE('',#4946,0.100000000000017);
#906=CIRCLE('',#4951,0.100000000000051);
#907=CIRCLE('',#4958,0.100000000000032);
#908=CIRCLE('',#4963,0.099999999999989);
#909=CIRCLE('',#4965,0.100000000000033);
#910=CIRCLE('',#4966,0.100000000000016);
#911=CIRCLE('',#4967,0.100000000000016);
#912=CIRCLE('',#4970,0.100000000000016);
#913=CIRCLE('',#4972,0.100000000000016);
#914=CIRCLE('',#4973,0.100000000000033);
#915=CIRCLE('',#4974,0.0999999999999446);
#916=CIRCLE('',#4976,0.100000000000016);
#917=CIRCLE('',#4985,0.100000000000008);
#918=CIRCLE('',#4988,0.0999999999999612);
#919=CIRCLE('',#5003,0.0999999999999851);
#920=CIRCLE('',#5006,0.10000000000001);
#921=CIRCLE('',#5011,0.0999999999999357);
#922=CIRCLE('',#5013,0.0999999999999933);
#923=CIRCLE('',#5024,0.100000000000051);
#924=CIRCLE('',#5027,0.100000000000016);
#925=CIRCLE('',#5030,0.100000000000022);
#926=CIRCLE('',#5049,0.100000000000016);
#927=CIRCLE('',#5057,0.100000000000016);
#928=CIRCLE('',#5059,0.100000000000031);
#929=CIRCLE('',#5062,0.100000000000016);
#930=CIRCLE('',#5064,0.100000000000029);
#931=CIRCLE('',#5073,0.199999999999997);
#932=CIRCLE('',#5074,0.199999999999996);
#933=CIRCLE('',#5076,0.20000000000017);
#934=CIRCLE('',#5077,0.200000000000153);
#935=CIRCLE('',#5079,0.200000000000027);
#936=CIRCLE('',#5080,0.200000000000031);
#937=CIRCLE('',#5082,0.199999999999517);
#938=CIRCLE('',#5084,0.200000000000107);
#939=CIRCLE('',#5085,0.200000000000108);
#940=CIRCLE('',#5087,0.199999999998717);
#941=CIRCLE('',#5089,0.199999999999445);
#942=CIRCLE('',#5091,0.199999999999452);
#943=CIRCLE('',#5093,0.500000000000151);
#944=CIRCLE('',#5094,0.200000000000143);
#945=CIRCLE('',#5099,0.200000000000109);
#946=CIRCLE('',#5100,0.500000000000163);
#947=CIRCLE('',#5102,0.200000000000212);
#948=CIRCLE('',#5105,0.20000000000013);
#949=CIRCLE('',#5106,0.500000000000039);
#950=CIRCLE('',#5110,0.499999999999916);
#951=CIRCLE('',#5112,0.499999999999996);
#952=CIRCLE('',#5114,0.999999999999996);
#953=CIRCLE('',#5115,0.999999999999979);
#954=CIRCLE('',#5119,0.499999999999996);
#955=CIRCLE('',#5121,0.499999999999981);
#956=CIRCLE('',#5122,0.999999999999979);
#957=CIRCLE('',#5123,1.49999999999997);
#958=CIRCLE('',#5125,0.499999999999981);
#959=CIRCLE('',#5127,0.49999999999998);
#960=CIRCLE('',#5128,0.999999999999996);
#961=CIRCLE('',#5129,1.49999999999999);
#962=CIRCLE('',#5132,1.49999999999999);
#963=CIRCLE('',#5134,1.49999999999998);
#964=CIRCLE('',#5136,0.49999999999998);
#965=CIRCLE('',#5138,0.499999999999981);
#966=CIRCLE('',#5139,1.49999999999993);
#967=CIRCLE('',#5141,0.499999999999981);
#968=CIRCLE('',#5143,1.49999999999996);
#969=CIRCLE('',#5145,1.49999999999997);
#970=CIRCLE('',#5148,1.49999999999993);
#971=CIRCLE('',#5150,0.499999999999954);
#972=CIRCLE('',#5151,0.499999999999947);
#973=CIRCLE('',#5153,0.499999999999972);
#974=CIRCLE('',#5154,0.999999999999996);
#975=CIRCLE('',#5156,0.500000000000007);
#976=CIRCLE('',#5157,0.999999999999996);
#977=CIRCLE('',#5159,0.499999999999972);
#978=CIRCLE('',#5161,0.500000000000007);
#979=CIRCLE('',#5163,0.500000000000007);
#980=CIRCLE('',#5164,0.999999999999979);
#981=CIRCLE('',#5166,0.500000000000007);
#982=CIRCLE('',#5167,0.999999999999979);
#983=CIRCLE('',#5172,0.0999999999999801);
#984=CIRCLE('',#5173,0.0999999999999703);
#985=CIRCLE('',#5174,0.0999999999999801);
#986=CIRCLE('',#5176,0.100000000000033);
#987=CIRCLE('',#5178,0.100000000000033);
#988=CIRCLE('',#5179,0.100000000000033);
#989=CIRCLE('',#5180,0.0999999999999801);
#990=CIRCLE('',#5183,0.100000000000033);
#991=CIRCLE('',#5184,0.0999999999999535);
#992=CIRCLE('',#5185,0.100000000000016);
#993=CIRCLE('',#5187,0.100000000000007);
#994=CIRCLE('',#5189,0.0999999999999379);
#995=CIRCLE('',#5190,0.0999999999999801);
#996=CIRCLE('',#5191,0.0999999999999623);
#997=CIRCLE('',#5194,0.0999999999999979);
#998=CIRCLE('',#5195,0.100000000000018);
#999=CIRCLE('',#5196,0.100000000000104);
#1000=CIRCLE('',#5199,0.100000000000035);
#1001=CIRCLE('',#5200,0.0999999999999801);
#1002=CIRCLE('',#5201,0.0999999999999979);
#1003=CIRCLE('',#5204,0.100000000000064);
#1004=CIRCLE('',#5205,0.0999999999999446);
#1005=CIRCLE('',#5206,0.100000000000033);
#1006=CIRCLE('',#5208,0.100000000000016);
#1007=CIRCLE('',#5209,0.0999999999999801);
#1008=CIRCLE('',#5210,0.200000000000014);
#1009=CIRCLE('',#5211,0.100000000000016);
#1010=CIRCLE('',#5214,0.0999999999999801);
#1011=CIRCLE('',#5216,0.0999999999999623);
#1012=CIRCLE('',#5217,0.0999999999999862);
#1013=CIRCLE('',#5218,0.100000000000104);
#1014=CIRCLE('',#5221,0.100000000000033);
#1015=CIRCLE('',#5222,0.100000000000016);
#1016=CIRCLE('',#5223,0.200000000000035);
#1017=CIRCLE('',#5224,0.100000000000033);
#1018=CIRCLE('',#5226,0.100000000000016);
#1019=CIRCLE('',#5227,0.100000000000069);
#1020=CIRCLE('',#5228,0.199999999999995);
#1021=CIRCLE('',#5229,0.100000000000033);
#1022=CIRCLE('',#5232,0.200000000000035);
#1023=CIRCLE('',#5233,0.0999999999999979);
#1024=CIRCLE('',#5234,0.100000000000033);
#1025=CIRCLE('',#5235,0.100000000000016);
#1026=CIRCLE('',#5237,0.199999999999996);
#1027=CIRCLE('',#5238,0.099999999999969);
#1028=CIRCLE('',#5239,0.0999999999999801);
#1029=CIRCLE('',#5240,0.0999999999999623);
#1030=CIRCLE('',#5242,0.0999999999999623);
#1031=CIRCLE('',#5245,0.100000000000016);
#1032=CIRCLE('',#5246,0.100000000000104);
#1033=CIRCLE('',#5247,0.0999999999999979);
#1034=CIRCLE('',#5249,0.100000000000087);
#1035=CIRCLE('',#5250,0.200000000000014);
#1036=CIRCLE('',#5251,0.100000000000016);
#1037=CIRCLE('',#5252,0.100000000000016);
#1038=CIRCLE('',#5255,0.0999999999999801);
#1039=CIRCLE('',#5256,0.0999999999999979);
#1040=CIRCLE('',#5257,0.0999999999999379);
#1041=CIRCLE('',#5259,0.100000000000087);
#1042=CIRCLE('',#5260,0.100000000000064);
#1043=CIRCLE('',#5261,0.0999999999999801);
#1044=CIRCLE('',#5265,0.100000000000087);
#1045=CIRCLE('',#5266,0.100000000000016);
#1046=CIRCLE('',#5267,0.100000000000033);
#1047=CIRCLE('',#5270,0.100000000000016);
#1048=CIRCLE('',#5272,0.100000000000033);
#1049=CIRCLE('',#5273,0.500000000000043);
#1050=CIRCLE('',#5274,0.399999999999944);
#1051=CIRCLE('',#5280,0.100000000000016);
#1052=CIRCLE('',#5286,0.0999999999999979);
#1053=CIRCLE('',#5287,0.399999999999938);
#1054=CIRCLE('',#5288,0.500000000000041);
#1055=CIRCLE('',#5291,0.0999999999999979);
#1056=CIRCLE('',#5293,0.0999999999999979);
#1057=CIRCLE('',#5295,0.100000000000016);
#1058=CIRCLE('',#5296,0.500000000000041);
#1059=CIRCLE('',#5297,0.399999999999938);
#1060=CIRCLE('',#5299,0.100000000000016);
#1061=CIRCLE('',#5300,0.499999999999981);
#1062=CIRCLE('',#5301,0.600000000000041);
#1063=CIRCLE('',#5303,0.100000000000018);
#1064=CIRCLE('',#5304,0.399999999999943);
#1065=CIRCLE('',#5305,0.499999999999989);
#1066=CIRCLE('',#5315,0.100000000000033);
#1067=CIRCLE('',#5316,0.600000000000048);
#1068=CIRCLE('',#5317,0.499999999999989);
#1069=CIRCLE('',#5320,0.100000000000042);
#1070=CIRCLE('',#5321,0.500000000000043);
#1071=CIRCLE('',#5322,0.399999999999944);
#1072=CIRCLE('',#5324,0.100000000000051);
#1073=CIRCLE('',#5325,0.399999999999938);
#1074=CIRCLE('',#5326,0.499999999999981);
#1075=CIRCLE('',#5349,0.100000000000016);
#1076=CIRCLE('',#5350,0.0999999999999801);
#1077=CIRCLE('',#5351,0.0999999999999874);
#1078=CIRCLE('',#5353,0.100000000000018);
#1079=CIRCLE('',#5355,0.100000000000017);
#1080=CIRCLE('',#5356,0.100000000000016);
#1081=CIRCLE('',#5357,0.0999999999999446);
#1082=CIRCLE('',#5360,0.0999999999999801);
#1083=CIRCLE('',#5361,0.100000000000031);
#1084=CIRCLE('',#5362,0.100000000000016);
#1085=CIRCLE('',#5364,0.099999999999989);
#1086=CIRCLE('',#5366,0.0999999999999862);
#1087=CIRCLE('',#5367,0.100000000000016);
#1088=CIRCLE('',#5368,0.0999999999999801);
#1089=CIRCLE('',#5371,0.100000000000033);
#1090=CIRCLE('',#5372,0.0999999999999446);
#1091=CIRCLE('',#5373,0.100000000000018);
#1092=CIRCLE('',#5376,0.0999999999999871);
#1093=CIRCLE('',#5377,0.100000000000033);
#1094=CIRCLE('',#5378,0.0999999999999446);
#1095=CIRCLE('',#5381,0.0999999999999851);
#1096=CIRCLE('',#5382,0.100000000000033);
#1097=CIRCLE('',#5383,0.0999999999999446);
#1098=CIRCLE('',#5385,0.0999999999999801);
#1099=CIRCLE('',#5386,0.100000000000032);
#1100=CIRCLE('',#5387,0.199999999999996);
#1101=CIRCLE('',#5388,0.100000000000016);
#1102=CIRCLE('',#5391,0.100000000000016);
#1103=CIRCLE('',#5393,0.0999999999999979);
#1104=CIRCLE('',#5394,0.100000000000016);
#1105=CIRCLE('',#5395,0.100000000000016);
#1106=CIRCLE('',#5398,0.100000000000015);
#1107=CIRCLE('',#5399,0.100000000000033);
#1108=CIRCLE('',#5400,0.200000000000022);
#1109=CIRCLE('',#5401,0.100000000000016);
#1110=CIRCLE('',#5403,0.100000000000016);
#1111=CIRCLE('',#5404,0.100000000000033);
#1112=CIRCLE('',#5405,0.200000000000025);
#1113=CIRCLE('',#5406,0.100000000000016);
#1114=CIRCLE('',#5409,0.200000000000022);
#1115=CIRCLE('',#5410,0.100000000000016);
#1116=CIRCLE('',#5411,0.100000000000015);
#1117=CIRCLE('',#5412,0.100000000000033);
#1118=CIRCLE('',#5414,0.199999999999996);
#1119=CIRCLE('',#5415,0.100000000000051);
#1120=CIRCLE('',#5416,0.0999999999999801);
#1121=CIRCLE('',#5417,0.100000000000047);
#1122=CIRCLE('',#5419,0.100000000000051);
#1123=CIRCLE('',#5422,0.100000000000016);
#1124=CIRCLE('',#5423,0.100000000000033);
#1125=CIRCLE('',#5424,0.100000000000016);
#1126=CIRCLE('',#5426,0.100000000000033);
#1127=CIRCLE('',#5427,0.0999999999999801);
#1128=CIRCLE('',#5428,0.100000000000016);
#1129=CIRCLE('',#5429,0.199999999999996);
#1130=CIRCLE('',#5432,0.0999999999999801);
#1131=CIRCLE('',#5433,0.0999999999999851);
#1132=CIRCLE('',#5434,0.100000000000033);
#1133=CIRCLE('',#5436,0.100000000000033);
#1134=CIRCLE('',#5437,0.0999999999999801);
#1135=CIRCLE('',#5438,0.0999999999999862);
#1136=CIRCLE('',#5442,0.100000000000033);
#1137=CIRCLE('',#5443,0.0999999999999801);
#1138=CIRCLE('',#5444,0.100000000000015);
#1139=CIRCLE('',#5447,0.100000000000016);
#1140=CIRCLE('',#5449,0.100000000000051);
#1141=CIRCLE('',#5450,0.399999999999971);
#1142=CIRCLE('',#5451,0.500000000000007);
#1143=CIRCLE('',#5457,0.100000000000016);
#1144=CIRCLE('',#5463,0.100000000000051);
#1145=CIRCLE('',#5464,0.500000000000011);
#1146=CIRCLE('',#5465,0.399999999999974);
#1147=CIRCLE('',#5468,0.100000000000033);
#1148=CIRCLE('',#5470,0.100000000000051);
#1149=CIRCLE('',#5472,0.100000000000016);
#1150=CIRCLE('',#5473,0.399999999999974);
#1151=CIRCLE('',#5474,0.500000000000011);
#1152=CIRCLE('',#5476,0.100000000000016);
#1153=CIRCLE('',#5477,0.599999999999952);
#1154=CIRCLE('',#5478,0.499999999999981);
#1155=CIRCLE('',#5480,0.100000000000018);
#1156=CIRCLE('',#5481,0.499999999999989);
#1157=CIRCLE('',#5482,0.399999999999972);
#1158=CIRCLE('',#5492,0.100000000000017);
#1159=CIRCLE('',#5493,0.499999999999989);
#1160=CIRCLE('',#5494,0.599999999999958);
#1161=CIRCLE('',#5497,0.100000000000042);
#1162=CIRCLE('',#5498,0.399999999999971);
#1163=CIRCLE('',#5499,0.500000000000007);
#1164=CIRCLE('',#5501,0.100000000000051);
#1165=CIRCLE('',#5502,0.499999999999981);
#1166=CIRCLE('',#5503,0.399999999999974);
#1167=LINE('',#7081,#1491);
#1168=LINE('',#7085,#1492);
#1169=LINE('',#7136,#1493);
#1170=LINE('',#7148,#1494);
#1171=LINE('',#7151,#1495);
#1172=LINE('',#7163,#1496);
#1173=LINE('',#7166,#1497);
#1174=LINE('',#7167,#1498);
#1175=LINE('',#7173,#1499);
#1176=LINE('',#7214,#1500);
#1177=LINE('',#7226,#1501);
#1178=LINE('',#7229,#1502);
#1179=LINE('',#7231,#1503);
#1180=LINE('',#7232,#1504);
#1181=LINE('',#7237,#1505);
#1182=LINE('',#7244,#1506);
#1183=LINE('',#7247,#1507);
#1184=LINE('',#7252,#1508);
#1185=LINE('',#7257,#1509);
#1186=LINE('',#7260,#1510);
#1187=LINE('',#7263,#1511);
#1188=LINE('',#7267,#1512);
#1189=LINE('',#7270,#1513);
#1190=LINE('',#7274,#1514);
#1191=LINE('',#7275,#1515);
#1192=LINE('',#7277,#1516);
#1193=LINE('',#7290,#1517);
#1194=LINE('',#7323,#1518);
#1195=LINE('',#7442,#1519);
#1196=LINE('',#7448,#1520);
#1197=LINE('',#7452,#1521);
#1198=LINE('',#7456,#1522);
#1199=LINE('',#7460,#1523);
#1200=LINE('',#7461,#1524);
#1201=LINE('',#7466,#1525);
#1202=LINE('',#7476,#1526);
#1203=LINE('',#7477,#1527);
#1204=LINE('',#7482,#1528);
#1205=LINE('',#7483,#1529);
#1206=LINE('',#7492,#1530);
#1207=LINE('',#7493,#1531);
#1208=LINE('',#7545,#1532);
#1209=LINE('',#7546,#1533);
#1210=LINE('',#7548,#1534);
#1211=LINE('',#7549,#1535);
#1212=LINE('',#7599,#1536);
#1213=LINE('',#7611,#1537);
#1214=LINE('',#7613,#1538);
#1215=LINE('',#7615,#1539);
#1216=LINE('',#7616,#1540);
#1217=LINE('',#7622,#1541);
#1218=LINE('',#7623,#1542);
#1219=LINE('',#7625,#1543);
#1220=LINE('',#7629,#1544);
#1221=LINE('',#7729,#1545);
#1222=LINE('',#7802,#1546);
#1223=LINE('',#7810,#1547);
#1224=LINE('',#7816,#1548);
#1225=LINE('',#7822,#1549);
#1226=LINE('',#7827,#1550);
#1227=LINE('',#7830,#1551);
#1228=LINE('',#7833,#1552);
#1229=LINE('',#7836,#1553);
#1230=LINE('',#7837,#1554);
#1231=LINE('',#7842,#1555);
#1232=LINE('',#7843,#1556);
#1233=LINE('',#7846,#1557);
#1234=LINE('',#7847,#1558);
#1235=LINE('',#7946,#1559);
#1236=LINE('',#7957,#1560);
#1237=LINE('',#7962,#1561);
#1238=LINE('',#7967,#1562);
#1239=LINE('',#8034,#1563);
#1240=LINE('',#8043,#1564);
#1241=LINE('',#8047,#1565);
#1242=LINE('',#8048,#1566);
#1243=LINE('',#8051,#1567);
#1244=LINE('',#8052,#1568);
#1245=LINE('',#8061,#1569);
#1246=LINE('',#8113,#1570);
#1247=LINE('',#8116,#1571);
#1248=LINE('',#8159,#1572);
#1249=LINE('',#8161,#1573);
#1250=LINE('',#8216,#1574);
#1251=LINE('',#8218,#1575);
#1252=LINE('',#8222,#1576);
#1253=LINE('',#8235,#1577);
#1254=LINE('',#8238,#1578);
#1255=LINE('',#8240,#1579);
#1256=LINE('',#8241,#1580);
#1257=LINE('',#8246,#1581);
#1258=LINE('',#8252,#1582);
#1259=LINE('',#8257,#1583);
#1260=LINE('',#8260,#1584);
#1261=LINE('',#8261,#1585);
#1262=LINE('',#8266,#1586);
#1263=LINE('',#8321,#1587);
#1264=LINE('',#8322,#1588);
#1265=LINE('',#8324,#1589);
#1266=LINE('',#8325,#1590);
#1267=LINE('',#8331,#1591);
#1268=LINE('',#8335,#1592);
#1269=LINE('',#8340,#1593);
#1270=LINE('',#8441,#1594);
#1271=LINE('',#8443,#1595);
#1272=LINE('',#8455,#1596);
#1273=LINE('',#8458,#1597);
#1274=LINE('',#8460,#1598);
#1275=LINE('',#8464,#1599);
#1276=LINE('',#8537,#1600);
#1277=LINE('',#8540,#1601);
#1278=LINE('',#8545,#1602);
#1279=LINE('',#8548,#1603);
#1280=LINE('',#8550,#1604);
#1281=LINE('',#8551,#1605);
#1282=LINE('',#8553,#1606);
#1283=LINE('',#8555,#1607);
#1284=LINE('',#8556,#1608);
#1285=LINE('',#8562,#1609);
#1286=LINE('',#8565,#1610);
#1287=LINE('',#8571,#1611);
#1288=LINE('',#8574,#1612);
#1289=LINE('',#8620,#1613);
#1290=LINE('',#8623,#1614);
#1291=LINE('',#8639,#1615);
#1292=LINE('',#8642,#1616);
#1293=LINE('',#9333,#1617);
#1294=LINE('',#9336,#1618);
#1295=LINE('',#9338,#1619);
#1296=LINE('',#9340,#1620);
#1297=LINE('',#9342,#1621);
#1298=LINE('',#9344,#1622);
#1299=LINE('',#9345,#1623);
#1300=LINE('',#9445,#1624);
#1301=LINE('',#9544,#1625);
#1302=LINE('',#9546,#1626);
#1303=LINE('',#9629,#1627);
#1304=LINE('',#9633,#1628);
#1305=LINE('',#9637,#1629);
#1306=LINE('',#9640,#1630);
#1307=LINE('',#9643,#1631);
#1308=LINE('',#9645,#1632);
#1309=LINE('',#9647,#1633);
#1310=LINE('',#9649,#1634);
#1311=LINE('',#9650,#1635);
#1312=LINE('',#9654,#1636);
#1313=LINE('',#9663,#1637);
#1314=LINE('',#9670,#1638);
#1315=LINE('',#9684,#1639);
#1316=LINE('',#9689,#1640);
#1317=LINE('',#9691,#1641);
#1318=LINE('',#9694,#1642);
#1319=LINE('',#9695,#1643);
#1320=LINE('',#9696,#1644);
#1321=LINE('',#9704,#1645);
#1322=LINE('',#9716,#1646);
#1323=LINE('',#9720,#1647);
#1324=LINE('',#9730,#1648);
#1325=LINE('',#9744,#1649);
#1326=LINE('',#9745,#1650);
#1327=LINE('',#9754,#1651);
#1328=LINE('',#9755,#1652);
#1329=LINE('',#9767,#1653);
#1330=LINE('',#9768,#1654);
#1331=LINE('',#9777,#1655);
#1332=LINE('',#9778,#1656);
#1333=LINE('',#9787,#1657);
#1334=LINE('',#9788,#1658);
#1335=LINE('',#9797,#1659);
#1336=LINE('',#9798,#1660);
#1337=LINE('',#9816,#1661);
#1338=LINE('',#9817,#1662);
#1339=LINE('',#9822,#1663);
#1340=LINE('',#9823,#1664);
#1341=LINE('',#9832,#1665);
#1342=LINE('',#9833,#1666);
#1343=LINE('',#9853,#1667);
#1344=LINE('',#9854,#1668);
#1345=LINE('',#9877,#1669);
#1346=LINE('',#9878,#1670);
#1347=LINE('',#9880,#1671);
#1348=LINE('',#9881,#1672);
#1349=LINE('',#9899,#1673);
#1350=LINE('',#9900,#1674);
#1351=LINE('',#9916,#1675);
#1352=LINE('',#9917,#1676);
#1353=LINE('',#9919,#1677);
#1354=LINE('',#9920,#1678);
#1355=LINE('',#9929,#1679);
#1356=LINE('',#9930,#1680);
#1357=LINE('',#9935,#1681);
#1358=LINE('',#9936,#1682);
#1359=LINE('',#9944,#1683);
#1360=LINE('',#9945,#1684);
#1361=LINE('',#9948,#1685);
#1362=LINE('',#9951,#1686);
#1363=LINE('',#9953,#1687);
#1364=LINE('',#9954,#1688);
#1365=LINE('',#9959,#1689);
#1366=LINE('',#9960,#1690);
#1367=LINE('',#9962,#1691);
#1368=LINE('',#9963,#1692);
#1369=LINE('',#9966,#1693);
#1370=LINE('',#9969,#1694);
#1371=LINE('',#9971,#1695);
#1372=LINE('',#9972,#1696);
#1373=LINE('',#9980,#1697);
#1374=LINE('',#9981,#1698);
#1375=LINE('',#9986,#1699);
#1376=LINE('',#9987,#1700);
#1377=LINE('',#9992,#1701);
#1378=LINE('',#9993,#1702);
#1379=LINE('',#10013,#1703);
#1380=LINE('',#10014,#1704);
#1381=LINE('',#10016,#1705);
#1382=LINE('',#10017,#1706);
#1383=LINE('',#10019,#1707);
#1384=LINE('',#10020,#1708);
#1385=LINE('',#10022,#1709);
#1386=LINE('',#10023,#1710);
#1387=LINE('',#10025,#1711);
#1388=LINE('',#10026,#1712);
#1389=LINE('',#10028,#1713);
#1390=LINE('',#10029,#1714);
#1391=LINE('',#10031,#1715);
#1392=LINE('',#10032,#1716);
#1393=LINE('',#10034,#1717);
#1394=LINE('',#10035,#1718);
#1395=LINE('',#10043,#1719);
#1396=LINE('',#10044,#1720);
#1397=LINE('',#10058,#1721);
#1398=LINE('',#10059,#1722);
#1399=LINE('',#10061,#1723);
#1400=LINE('',#10063,#1724);
#1401=LINE('',#10065,#1725);
#1402=LINE('',#10067,#1726);
#1403=LINE('',#10068,#1727);
#1404=LINE('',#10071,#1728);
#1405=LINE('',#10081,#1729);
#1406=LINE('',#10082,#1730);
#1407=LINE('',#10085,#1731);
#1408=LINE('',#10100,#1732);
#1409=LINE('',#10101,#1733);
#1410=LINE('',#10110,#1734);
#1411=LINE('',#10111,#1735);
#1412=LINE('',#10123,#1736);
#1413=LINE('',#10124,#1737);
#1414=LINE('',#10133,#1738);
#1415=LINE('',#10134,#1739);
#1416=LINE('',#10143,#1740);
#1417=LINE('',#10144,#1741);
#1418=LINE('',#10153,#1742);
#1419=LINE('',#10154,#1743);
#1420=LINE('',#10172,#1744);
#1421=LINE('',#10173,#1745);
#1422=LINE('',#10178,#1746);
#1423=LINE('',#10179,#1747);
#1424=LINE('',#10188,#1748);
#1425=LINE('',#10189,#1749);
#1426=LINE('',#10209,#1750);
#1427=LINE('',#10210,#1751);
#1428=LINE('',#10233,#1752);
#1429=LINE('',#10234,#1753);
#1430=LINE('',#10236,#1754);
#1431=LINE('',#10237,#1755);
#1432=LINE('',#10255,#1756);
#1433=LINE('',#10256,#1757);
#1434=LINE('',#10272,#1758);
#1435=LINE('',#10273,#1759);
#1436=LINE('',#10275,#1760);
#1437=LINE('',#10276,#1761);
#1438=LINE('',#10285,#1762);
#1439=LINE('',#10286,#1763);
#1440=LINE('',#10291,#1764);
#1441=LINE('',#10292,#1765);
#1442=LINE('',#10300,#1766);
#1443=LINE('',#10301,#1767);
#1444=LINE('',#10304,#1768);
#1445=LINE('',#10306,#1769);
#1446=LINE('',#10309,#1770);
#1447=LINE('',#10310,#1771);
#1448=LINE('',#10315,#1772);
#1449=LINE('',#10316,#1773);
#1450=LINE('',#10318,#1774);
#1451=LINE('',#10319,#1775);
#1452=LINE('',#10322,#1776);
#1453=LINE('',#10324,#1777);
#1454=LINE('',#10327,#1778);
#1455=LINE('',#10328,#1779);
#1456=LINE('',#10336,#1780);
#1457=LINE('',#10337,#1781);
#1458=LINE('',#10342,#1782);
#1459=LINE('',#10343,#1783);
#1460=LINE('',#10348,#1784);
#1461=LINE('',#10349,#1785);
#1462=LINE('',#10369,#1786);
#1463=LINE('',#10370,#1787);
#1464=LINE('',#10372,#1788);
#1465=LINE('',#10373,#1789);
#1466=LINE('',#10375,#1790);
#1467=LINE('',#10376,#1791);
#1468=LINE('',#10378,#1792);
#1469=LINE('',#10379,#1793);
#1470=LINE('',#10381,#1794);
#1471=LINE('',#10382,#1795);
#1472=LINE('',#10384,#1796);
#1473=LINE('',#10385,#1797);
#1474=LINE('',#10387,#1798);
#1475=LINE('',#10388,#1799);
#1476=LINE('',#10390,#1800);
#1477=LINE('',#10391,#1801);
#1478=LINE('',#10399,#1802);
#1479=LINE('',#10400,#1803);
#1480=LINE('',#10414,#1804);
#1481=LINE('',#10415,#1805);
#1482=LINE('',#10417,#1806);
#1483=LINE('',#10419,#1807);
#1484=LINE('',#10421,#1808);
#1485=LINE('',#10423,#1809);
#1486=LINE('',#10424,#1810);
#1487=LINE('',#10427,#1811);
#1488=LINE('',#10437,#1812);
#1489=LINE('',#10438,#1813);
#1490=LINE('',#10441,#1814);
#1491=VECTOR('',#5531,1.40000000000001);
#1492=VECTOR('',#5534,1.40000000000001);
#1493=VECTOR('',#5539,6.6);
#1494=VECTOR('',#5542,6.30003197191719);
#1495=VECTOR('',#5545,0.2);
#1496=VECTOR('',#5546,0.599999999999999);
#1497=VECTOR('',#5549,0.2);
#1498=VECTOR('',#5550,1.40000000000001);
#1499=VECTOR('',#5555,1.40000000000001);
#1500=VECTOR('',#5562,6.3000319719167);
#1501=VECTOR('',#5565,6.6);
#1502=VECTOR('',#5568,6.29999999999999);
#1503=VECTOR('',#5569,1.39642400437699);
#1504=VECTOR('',#5570,0.00357613853887268);
#1505=VECTOR('',#5575,6.29999999999999);
#1506=VECTOR('',#5584,0.2);
#1507=VECTOR('',#5587,6.29999999999999);
#1508=VECTOR('',#5592,6.29999999999999);
#1509=VECTOR('',#5597,1.39642400437699);
#1510=VECTOR('',#5602,0.2);
#1511=VECTOR('',#5605,0.2);
#1512=VECTOR('',#5610,1.39642400437699);
#1513=VECTOR('',#5613,1.39642400437699);
#1514=VECTOR('',#5618,0.00178806927344425);
#1515=VECTOR('',#5619,0.0035761385458757);
#1516=VECTOR('',#5622,0.2);
#1517=VECTOR('',#5625,0.519550302301711);
#1518=VECTOR('',#5626,0.00178806927344425);
#1519=VECTOR('',#5637,0.2);
#1520=VECTOR('',#5642,0.2);
#1521=VECTOR('',#5647,1.39642400437699);
#1522=VECTOR('',#5650,1.39642400437699);
#1523=VECTOR('',#5655,1.39642400437699);
#1524=VECTOR('',#5656,0.2);
#1525=VECTOR('',#5661,1.39642400437699);
#1526=VECTOR('',#5674,6.29999999999999);
#1527=VECTOR('',#5675,6.29999999999999);
#1528=VECTOR('',#5680,1.40000000000001);
#1529=VECTOR('',#5681,1.40000000000001);
#1530=VECTOR('',#5692,0.2);
#1531=VECTOR('',#5693,0.2);
#1532=VECTOR('',#5698,1.40000000000001);
#1533=VECTOR('',#5699,1.40000000000001);
#1534=VECTOR('',#5702,6.29999999999999);
#1535=VECTOR('',#5703,6.29999999999999);
#1536=VECTOR('',#5706,6.3000319719167);
#1537=VECTOR('',#5709,6.60000000000002);
#1538=VECTOR('',#5712,0.00357613853887268);
#1539=VECTOR('',#5715,0.599999999999999);
#1540=VECTOR('',#5716,0.19999999999999);
#1541=VECTOR('',#5723,0.00178806927344401);
#1542=VECTOR('',#5724,0.00357613854587578);
#1543=VECTOR('',#5727,6.3000319719172);
#1544=VECTOR('',#5732,0.00178806927344401);
#1545=VECTOR('',#5735,0.51955030230303);
#1546=VECTOR('',#5738,6.60000000000002);
#1547=VECTOR('',#5747,0.2);
#1548=VECTOR('',#5752,0.2);
#1549=VECTOR('',#5759,6.3000000000001);
#1550=VECTOR('',#5764,6.3000000000001);
#1551=VECTOR('',#5767,1.39642400437701);
#1552=VECTOR('',#5770,1.39642400437701);
#1553=VECTOR('',#5773,1.39642400437701);
#1554=VECTOR('',#5774,0.2);
#1555=VECTOR('',#5779,0.00357613853785925);
#1556=VECTOR('',#5780,0.0017880692724324);
#1557=VECTOR('',#5783,6.30003197191661);
#1558=VECTOR('',#5784,1.40000000000001);
#1559=VECTOR('',#5787,0.0017880692724324);
#1560=VECTOR('',#5788,0.519550302303111);
#1561=VECTOR('',#5793,1.39642400437701);
#1562=VECTOR('',#5800,0.00357613854585794);
#1563=VECTOR('',#5803,6.3000319719173);
#1564=VECTOR('',#5804,6.59999999999991);
#1565=VECTOR('',#5809,6.3000000000001);
#1566=VECTOR('',#5810,1.40000000000001);
#1567=VECTOR('',#5813,0.2);
#1568=VECTOR('',#5814,6.3000000000001);
#1569=VECTOR('',#5825,0.2);
#1570=VECTOR('',#5832,1.40000000000001);
#1571=VECTOR('',#5835,1.40000000000001);
#1572=VECTOR('',#5840,0.19999999999999);
#1573=VECTOR('',#5843,0.599999999999999);
#1574=VECTOR('',#5850,1.40000000000001);
#1575=VECTOR('',#5851,1.40000000000001);
#1576=VECTOR('',#5856,6.30003197191659);
#1577=VECTOR('',#5859,6.6);
#1578=VECTOR('',#5862,6.3000000000001);
#1579=VECTOR('',#5863,1.39642400437701);
#1580=VECTOR('',#5864,0.00357613853785925);
#1581=VECTOR('',#5869,6.3000000000001);
#1582=VECTOR('',#5876,0.2);
#1583=VECTOR('',#5881,0.2);
#1584=VECTOR('',#5884,6.3000000000001);
#1585=VECTOR('',#5885,0.2);
#1586=VECTOR('',#5890,6.3000000000001);
#1587=VECTOR('',#5899,1.40000000000001);
#1588=VECTOR('',#5900,1.40000000000001);
#1589=VECTOR('',#5903,0.599999999999999);
#1590=VECTOR('',#5904,0.19999999999998);
#1591=VECTOR('',#5911,0.2);
#1592=VECTOR('',#5916,1.39642400437701);
#1593=VECTOR('',#5923,0.00178806927243177);
#1594=VECTOR('',#5926,0.2);
#1595=VECTOR('',#5927,0.00178806927243177);
#1596=VECTOR('',#5928,0.51955030230309);
#1597=VECTOR('',#5931,1.39642400437701);
#1598=VECTOR('',#5934,1.39642400437701);
#1599=VECTOR('',#5939,0.00357613854585793);
#1600=VECTOR('',#5944,6.30003197191719);
#1601=VECTOR('',#5947,6.6);
#1602=VECTOR('',#5954,6.59999999999991);
#1603=VECTOR('',#5957,2.6);
#1604=VECTOR('',#5958,19.);
#1605=VECTOR('',#5959,2.6);
#1606=VECTOR('',#5960,8.);
#1607=VECTOR('',#5961,19.);
#1608=VECTOR('',#5962,8.);
#1609=VECTOR('',#5967,10.3);
#1610=VECTOR('',#5970,10.3);
#1611=VECTOR('',#5975,21.);
#1612=VECTOR('',#5978,21.);
#1613=VECTOR('',#5983,10.3);
#1614=VECTOR('',#5986,10.3);
#1615=VECTOR('',#5995,21.);
#1616=VECTOR('',#5998,21.);
#1617=VECTOR('',#6019,0.5);
#1618=VECTOR('',#6022,0.5);
#1619=VECTOR('',#6023,4.69999999999999);
#1620=VECTOR('',#6024,11.2);
#1621=VECTOR('',#6025,19.7);
#1622=VECTOR('',#6026,11.2);
#1623=VECTOR('',#6027,4.69999999999999);
#1624=VECTOR('',#6040,21.);
#1625=VECTOR('',#6051,21.);
#1626=VECTOR('',#6054,0.5);
#1627=VECTOR('',#6061,4.3);
#1628=VECTOR('',#6066,4.3);
#1629=VECTOR('',#6069,19.);
#1630=VECTOR('',#6074,0.5);
#1631=VECTOR('',#6077,4.69999999999999);
#1632=VECTOR('',#6078,11.2);
#1633=VECTOR('',#6079,19.7);
#1634=VECTOR('',#6080,11.2);
#1635=VECTOR('',#6081,4.69999999999999);
#1636=VECTOR('',#6086,4.3);
#1637=VECTOR('',#6099,19.);
#1638=VECTOR('',#6110,4.3);
#1639=VECTOR('',#6133,19.);
#1640=VECTOR('',#6140,8.);
#1641=VECTOR('',#6143,2.6);
#1642=VECTOR('',#6146,8.);
#1643=VECTOR('',#6147,19.);
#1644=VECTOR('',#6148,2.6);
#1645=VECTOR('',#6159,19.7);
#1646=VECTOR('',#6176,19.);
#1647=VECTOR('',#6181,19.);
#1648=VECTOR('',#6196,19.7);
#1649=VECTOR('',#6213,4.4);
#1650=VECTOR('',#6214,4.4);
#1651=VECTOR('',#6225,0.2);
#1652=VECTOR('',#6226,0.2);
#1653=VECTOR('',#6239,1.40000000000001);
#1654=VECTOR('',#6240,1.40000000000001);
#1655=VECTOR('',#6251,0.2);
#1656=VECTOR('',#6252,0.2);
#1657=VECTOR('',#6263,18.8);
#1658=VECTOR('',#6264,18.8000000000001);
#1659=VECTOR('',#6275,0.2);
#1660=VECTOR('',#6276,0.2);
#1661=VECTOR('',#6297,1.40000000000001);
#1662=VECTOR('',#6298,1.40000000000001);
#1663=VECTOR('',#6303,2.6);
#1664=VECTOR('',#6304,2.6);
#1665=VECTOR('',#6315,6.30000000000001);
#1666=VECTOR('',#6316,6.30000000000001);
#1667=VECTOR('',#6339,0.4);
#1668=VECTOR('',#6340,0.4);
#1669=VECTOR('',#6365,0.4);
#1670=VECTOR('',#6366,0.4);
#1671=VECTOR('',#6369,0.200000000000014);
#1672=VECTOR('',#6370,0.200000000000014);
#1673=VECTOR('',#6391,6.30000000000001);
#1674=VECTOR('',#6392,6.30000000000001);
#1675=VECTOR('',#6411,1.40000000000001);
#1676=VECTOR('',#6412,1.40000000000001);
#1677=VECTOR('',#6415,6.30000000000001);
#1678=VECTOR('',#6416,6.30000000000001);
#1679=VECTOR('',#6427,6.30000000000001);
#1680=VECTOR('',#6428,6.30000000000001);
#1681=VECTOR('',#6433,1.40000000000001);
#1682=VECTOR('',#6434,1.40000000000001);
#1683=VECTOR('',#6445,0.2);
#1684=VECTOR('',#6446,0.2);
#1685=VECTOR('',#6449,0.5);
#1686=VECTOR('',#6452,0.600000000000001);
#1687=VECTOR('',#6455,0.2);
#1688=VECTOR('',#6456,0.2);
#1689=VECTOR('',#6461,1.40000000000001);
#1690=VECTOR('',#6462,1.40000000000001);
#1691=VECTOR('',#6465,6.);
#1692=VECTOR('',#6466,5.9);
#1693=VECTOR('',#6469,0.600000000000001);
#1694=VECTOR('',#6472,0.5);
#1695=VECTOR('',#6475,1.40000000000001);
#1696=VECTOR('',#6476,1.40000000000001);
#1697=VECTOR('',#6487,5.9);
#1698=VECTOR('',#6488,6.);
#1699=VECTOR('',#6493,2.6);
#1700=VECTOR('',#6494,2.6);
#1701=VECTOR('',#6499,3.);
#1702=VECTOR('',#6500,3.);
#1703=VECTOR('',#6527,1.40000000000001);
#1704=VECTOR('',#6528,1.40000000000001);
#1705=VECTOR('',#6531,6.30000000000001);
#1706=VECTOR('',#6532,6.30000000000001);
#1707=VECTOR('',#6535,1.40000000000001);
#1708=VECTOR('',#6536,1.40000000000001);
#1709=VECTOR('',#6539,3.99999999999999);
#1710=VECTOR('',#6540,3.99999999999999);
#1711=VECTOR('',#6543,4.4);
#1712=VECTOR('',#6544,4.4);
#1713=VECTOR('',#6547,0.2);
#1714=VECTOR('',#6548,0.2);
#1715=VECTOR('',#6551,6.30000000000001);
#1716=VECTOR('',#6552,6.30000000000001);
#1717=VECTOR('',#6555,18.8000000000001);
#1718=VECTOR('',#6556,18.8);
#1719=VECTOR('',#6567,3.99999999999999);
#1720=VECTOR('',#6568,3.99999999999999);
#1721=VECTOR('',#6587,3.);
#1722=VECTOR('',#6588,3.);
#1723=VECTOR('',#6591,18.8);
#1724=VECTOR('',#6594,18.8);
#1725=VECTOR('',#6597,6.30000000000001);
#1726=VECTOR('',#6600,6.30000000000001);
#1727=VECTOR('',#6601,6.30000000000001);
#1728=VECTOR('',#6606,0.200000000000014);
#1729=VECTOR('',#6625,18.8);
#1730=VECTOR('',#6626,6.30000000000001);
#1731=VECTOR('',#6631,18.8);
#1732=VECTOR('',#6650,4.4);
#1733=VECTOR('',#6651,4.4);
#1734=VECTOR('',#6662,0.2);
#1735=VECTOR('',#6663,0.2);
#1736=VECTOR('',#6676,1.40000000000001);
#1737=VECTOR('',#6677,1.40000000000001);
#1738=VECTOR('',#6688,0.2);
#1739=VECTOR('',#6689,0.2);
#1740=VECTOR('',#6700,18.8);
#1741=VECTOR('',#6701,18.8);
#1742=VECTOR('',#6712,0.2);
#1743=VECTOR('',#6713,0.2);
#1744=VECTOR('',#6734,1.40000000000001);
#1745=VECTOR('',#6735,1.40000000000001);
#1746=VECTOR('',#6740,2.6);
#1747=VECTOR('',#6741,2.6);
#1748=VECTOR('',#6752,6.29999999999999);
#1749=VECTOR('',#6753,6.29999999999999);
#1750=VECTOR('',#6776,0.4);
#1751=VECTOR('',#6777,0.4);
#1752=VECTOR('',#6802,0.4);
#1753=VECTOR('',#6803,0.4);
#1754=VECTOR('',#6806,0.199999999999978);
#1755=VECTOR('',#6807,0.199999999999978);
#1756=VECTOR('',#6828,6.29999999999999);
#1757=VECTOR('',#6829,6.29999999999999);
#1758=VECTOR('',#6848,1.40000000000001);
#1759=VECTOR('',#6849,1.40000000000001);
#1760=VECTOR('',#6852,6.29999999999999);
#1761=VECTOR('',#6853,6.29999999999999);
#1762=VECTOR('',#6864,6.29999999999999);
#1763=VECTOR('',#6865,6.29999999999999);
#1764=VECTOR('',#6870,1.40000000000001);
#1765=VECTOR('',#6871,1.40000000000001);
#1766=VECTOR('',#6882,0.2);
#1767=VECTOR('',#6883,0.2);
#1768=VECTOR('',#6886,0.5);
#1769=VECTOR('',#6887,0.600000000000001);
#1770=VECTOR('',#6892,0.2);
#1771=VECTOR('',#6893,0.2);
#1772=VECTOR('',#6898,1.40000000000001);
#1773=VECTOR('',#6899,1.40000000000001);
#1774=VECTOR('',#6902,6.);
#1775=VECTOR('',#6903,5.89999999999998);
#1776=VECTOR('',#6906,0.600000000000001);
#1777=VECTOR('',#6907,0.5);
#1778=VECTOR('',#6912,1.40000000000001);
#1779=VECTOR('',#6913,1.40000000000001);
#1780=VECTOR('',#6924,5.89999999999998);
#1781=VECTOR('',#6925,6.);
#1782=VECTOR('',#6930,2.6);
#1783=VECTOR('',#6931,2.6);
#1784=VECTOR('',#6936,3.);
#1785=VECTOR('',#6937,3.);
#1786=VECTOR('',#6964,1.40000000000001);
#1787=VECTOR('',#6965,1.40000000000001);
#1788=VECTOR('',#6968,6.29999999999999);
#1789=VECTOR('',#6969,6.29999999999999);
#1790=VECTOR('',#6972,1.40000000000001);
#1791=VECTOR('',#6973,1.40000000000001);
#1792=VECTOR('',#6976,4.);
#1793=VECTOR('',#6977,4.);
#1794=VECTOR('',#6980,4.4);
#1795=VECTOR('',#6981,4.4);
#1796=VECTOR('',#6984,0.2);
#1797=VECTOR('',#6985,0.2);
#1798=VECTOR('',#6988,6.29999999999999);
#1799=VECTOR('',#6989,6.29999999999999);
#1800=VECTOR('',#6992,18.8);
#1801=VECTOR('',#6993,18.8);
#1802=VECTOR('',#7004,4.);
#1803=VECTOR('',#7005,4.);
#1804=VECTOR('',#7024,3.);
#1805=VECTOR('',#7025,3.);
#1806=VECTOR('',#7028,18.8);
#1807=VECTOR('',#7031,18.8);
#1808=VECTOR('',#7034,6.29999999999999);
#1809=VECTOR('',#7037,6.29999999999999);
#1810=VECTOR('',#7038,6.29999999999999);
#1811=VECTOR('',#7043,0.199999999999978);
#1812=VECTOR('',#7062,6.29999999999999);
#1813=VECTOR('',#7063,18.8);
#1814=VECTOR('',#7068,18.8);
#1815=ELLIPSE('',#4914,0.141421356224788,0.099999999986683);
#1816=ELLIPSE('',#4916,0.141421356239049,0.100000000002555);
#1817=ELLIPSE('',#4918,1.17078341161478,0.847621173287012);
#1818=ELLIPSE('',#4922,0.141421356234544,0.0999999999971232);
#1819=ELLIPSE('',#4924,0.141421356216267,0.0999999999762657);
#1820=ELLIPSE('',#4926,1.17078430763776,0.847622433719012);
#1821=ELLIPSE('',#4929,0.141421356241241,0.100000000004151);
#1822=ELLIPSE('',#4930,0.141421356240261,0.100000000001712);
#1823=ELLIPSE('',#4931,0.141421356242616,0.100000000007225);
#1824=ELLIPSE('',#4933,0.141421356238018,0.099999999999448);
#1825=ELLIPSE('',#4935,0.141421356238998,0.100000000003011);
#1826=ELLIPSE('',#4936,0.141421356214079,0.0999999999713958);
#1827=ELLIPSE('',#4938,0.141421356231234,0.0999999999930098);
#1828=ELLIPSE('',#4941,0.141421356235861,0.0999999999987387);
#1829=ELLIPSE('',#4953,0.14142135624011,0.100000000002829);
#1830=ELLIPSE('',#4954,0.141421356240661,0.100000000003753);
#1831=ELLIPSE('',#4955,0.141421356248425,0.100000000013172);
#1832=ELLIPSE('',#4956,0.141421356233036,0.0999999999959773);
#1833=ELLIPSE('',#4959,0.141421356244436,0.100000000009363);
#1834=ELLIPSE('',#4962,0.14142135623667,0.100000000000212);
#1835=ELLIPSE('',#4980,1.17078366718185,0.847621534870303);
#1836=ELLIPSE('',#4991,1.17078313961029,0.847620791028565);
#1837=ELLIPSE('',#4994,0.141421356243836,0.100000000006383);
#1838=ELLIPSE('',#4995,0.141421356244769,0.100000000007461);
#1839=ELLIPSE('',#4996,0.141421356261573,0.100000000026575);
#1840=ELLIPSE('',#4997,0.141421356260392,0.100000000025799);
#1841=ELLIPSE('',#4999,0.14142135623622,0.0999999999975339);
#1842=ELLIPSE('',#5000,0.141421356237534,0.0999999999989789);
#1843=ELLIPSE('',#5001,0.141421356230968,0.0999999999915703);
#1844=ELLIPSE('',#5010,0.141421356233438,0.0999999999940359);
#1845=ELLIPSE('',#5015,1.17078415319622,0.847622217072414);
#1846=ELLIPSE('',#5019,0.141421356264468,0.100000000029034);
#1847=ELLIPSE('',#5020,0.141421356230427,0.0999999999902797);
#1848=ELLIPSE('',#5022,0.141421356268529,0.100000000035964);
#1849=ELLIPSE('',#5023,0.14142135624848,0.100000000012453);
#1850=ELLIPSE('',#5032,0.141421356237482,0.099999999998789);
#1851=ELLIPSE('',#5033,0.141421356260609,0.100000000026427);
#1852=ELLIPSE('',#5035,1.17078403504839,0.847622050760031);
#1853=ELLIPSE('',#5038,0.141421356211597,0.0999999999675927);
#1854=ELLIPSE('',#5039,0.141421356232804,0.0999999999935265);
#1855=ELLIPSE('',#5040,0.141421356237606,0.0999999999988869);
#1856=ELLIPSE('',#5042,0.141421356251331,0.100000000015936);
#1857=ELLIPSE('',#5043,0.141421356282585,0.100000000050351);
#1858=ELLIPSE('',#5046,0.141421356232041,0.0999999999926081);
#1859=ELLIPSE('',#5047,0.14142135624902,0.100000000012715);
#1860=ELLIPSE('',#5048,0.14142135625581,0.100000000020181);
#1861=ELLIPSE('',#5054,0.141421356233979,0.0999999999951918);
#1862=ELLIPSE('',#5055,0.141421356259071,0.100000000024711);
#1863=ELLIPSE('',#5068,1.17078343594086,0.847621208491474);
#1864=ELLIPSE('',#5070,1.17078356309931,0.847621387172312);
#1865=ELLIPSE('',#5277,0.141421356235622,0.0999999999990071);
#1866=ELLIPSE('',#5283,0.14142135623854,0.100000000000898);
#1867=ELLIPSE('',#5454,0.141421356239132,0.10000000000133);
#1868=ELLIPSE('',#5460,0.141421356236274,0.0999999999994352);
#1869=VERTEX_POINT('',#7077);
#1870=VERTEX_POINT('',#7078);
#1871=VERTEX_POINT('',#7080);
#1872=VERTEX_POINT('',#7082);
#1873=VERTEX_POINT('',#7084);
#1874=VERTEX_POINT('',#7117);
#1875=VERTEX_POINT('',#7135);
#1876=VERTEX_POINT('',#7137);
#1877=VERTEX_POINT('',#7139);
#1878=VERTEX_POINT('',#7150);
#1879=VERTEX_POINT('',#7152);
#1880=VERTEX_POINT('',#7165);
#1881=VERTEX_POINT('',#7169);
#1882=VERTEX_POINT('',#7170);
#1883=VERTEX_POINT('',#7172);
#1884=VERTEX_POINT('',#7213);
#1885=VERTEX_POINT('',#7215);
#1886=VERTEX_POINT('',#7224);
#1887=VERTEX_POINT('',#7228);
#1888=VERTEX_POINT('',#7230);
#1889=VERTEX_POINT('',#7234);
#1890=VERTEX_POINT('',#7236);
#1891=VERTEX_POINT('',#7238);
#1892=VERTEX_POINT('',#7242);
#1893=VERTEX_POINT('',#7246);
#1894=VERTEX_POINT('',#7248);
#1895=VERTEX_POINT('',#7250);
#1896=VERTEX_POINT('',#7254);
#1897=VERTEX_POINT('',#7256);
#1898=VERTEX_POINT('',#7261);
#1899=VERTEX_POINT('',#7266);
#1900=VERTEX_POINT('',#7268);
#1901=VERTEX_POINT('',#7272);
#1902=VERTEX_POINT('',#7279);
#1903=VERTEX_POINT('',#7289);
#1904=VERTEX_POINT('',#7291);
#1905=VERTEX_POINT('',#7438);
#1906=VERTEX_POINT('',#7439);
#1907=VERTEX_POINT('',#7441);
#1908=VERTEX_POINT('',#7443);
#1909=VERTEX_POINT('',#7445);
#1910=VERTEX_POINT('',#7447);
#1911=VERTEX_POINT('',#7451);
#1912=VERTEX_POINT('',#7453);
#1913=VERTEX_POINT('',#7455);
#1914=VERTEX_POINT('',#7459);
#1915=VERTEX_POINT('',#7463);
#1916=VERTEX_POINT('',#7465);
#1917=VERTEX_POINT('',#7469);
#1918=VERTEX_POINT('',#7470);
#1919=VERTEX_POINT('',#7472);
#1920=VERTEX_POINT('',#7479);
#1921=VERTEX_POINT('',#7480);
#1922=VERTEX_POINT('',#7485);
#1923=VERTEX_POINT('',#7486);
#1924=VERTEX_POINT('',#7488);
#1925=VERTEX_POINT('',#7524);
#1926=VERTEX_POINT('',#7525);
#1927=VERTEX_POINT('',#7527);
#1928=VERTEX_POINT('',#7580);
#1929=VERTEX_POINT('',#7598);
#1930=VERTEX_POINT('',#7600);
#1931=VERTEX_POINT('',#7609);
#1932=VERTEX_POINT('',#7619);
#1933=VERTEX_POINT('',#7620);
#1934=VERTEX_POINT('',#7627);
#1935=VERTEX_POINT('',#7675);
#1936=VERTEX_POINT('',#7718);
#1937=VERTEX_POINT('',#7780);
#1938=VERTEX_POINT('',#7801);
#1939=VERTEX_POINT('',#7806);
#1940=VERTEX_POINT('',#7807);
#1941=VERTEX_POINT('',#7809);
#1942=VERTEX_POINT('',#7811);
#1943=VERTEX_POINT('',#7813);
#1944=VERTEX_POINT('',#7815);
#1945=VERTEX_POINT('',#7819);
#1946=VERTEX_POINT('',#7821);
#1947=VERTEX_POINT('',#7823);
#1948=VERTEX_POINT('',#7825);
#1949=VERTEX_POINT('',#7829);
#1950=VERTEX_POINT('',#7831);
#1951=VERTEX_POINT('',#7835);
#1952=VERTEX_POINT('',#7839);
#1953=VERTEX_POINT('',#7840);
#1954=VERTEX_POINT('',#7845);
#1955=VERTEX_POINT('',#7893);
#1956=VERTEX_POINT('',#7925);
#1957=VERTEX_POINT('',#7945);
#1958=VERTEX_POINT('',#7947);
#1959=VERTEX_POINT('',#7959);
#1960=VERTEX_POINT('',#7961);
#1961=VERTEX_POINT('',#7965);
#1962=VERTEX_POINT('',#8013);
#1963=VERTEX_POINT('',#8033);
#1964=VERTEX_POINT('',#8035);
#1965=VERTEX_POINT('',#8042);
#1966=VERTEX_POINT('',#8046);
#1967=VERTEX_POINT('',#8050);
#1968=VERTEX_POINT('',#8054);
#1969=VERTEX_POINT('',#8058);
#1970=VERTEX_POINT('',#8060);
#1971=VERTEX_POINT('',#8093);
#1972=VERTEX_POINT('',#8095);
#1973=VERTEX_POINT('',#8115);
#1974=VERTEX_POINT('',#8192);
#1975=VERTEX_POINT('',#8193);
#1976=VERTEX_POINT('',#8195);
#1977=VERTEX_POINT('',#8213);
#1978=VERTEX_POINT('',#8214);
#1979=VERTEX_POINT('',#8217);
#1980=VERTEX_POINT('',#8221);
#1981=VERTEX_POINT('',#8223);
#1982=VERTEX_POINT('',#8233);
#1983=VERTEX_POINT('',#8237);
#1984=VERTEX_POINT('',#8239);
#1985=VERTEX_POINT('',#8243);
#1986=VERTEX_POINT('',#8245);
#1987=VERTEX_POINT('',#8247);
#1988=VERTEX_POINT('',#8251);
#1989=VERTEX_POINT('',#8253);
#1990=VERTEX_POINT('',#8255);
#1991=VERTEX_POINT('',#8259);
#1992=VERTEX_POINT('',#8263);
#1993=VERTEX_POINT('',#8265);
#1994=VERTEX_POINT('',#8267);
#1995=VERTEX_POINT('',#8300);
#1996=VERTEX_POINT('',#8301);
#1997=VERTEX_POINT('',#8303);
#1998=VERTEX_POINT('',#8328);
#1999=VERTEX_POINT('',#8330);
#2000=VERTEX_POINT('',#8334);
#2001=VERTEX_POINT('',#8338);
#2002=VERTEX_POINT('',#8391);
#2003=VERTEX_POINT('',#8440);
#2004=VERTEX_POINT('',#8442);
#2005=VERTEX_POINT('',#8444);
#2006=VERTEX_POINT('',#8457);
#2007=VERTEX_POINT('',#8462);
#2008=VERTEX_POINT('',#8516);
#2009=VERTEX_POINT('',#8539);
#2010=VERTEX_POINT('',#8543);
#2011=VERTEX_POINT('',#8547);
#2012=VERTEX_POINT('',#8549);
#2013=VERTEX_POINT('',#8552);
#2014=VERTEX_POINT('',#8554);
#2015=VERTEX_POINT('',#8558);
#2016=VERTEX_POINT('',#8559);
#2017=VERTEX_POINT('',#8561);
#2018=VERTEX_POINT('',#8563);
#2019=VERTEX_POINT('',#8567);
#2020=VERTEX_POINT('',#8568);
#2021=VERTEX_POINT('',#8570);
#2022=VERTEX_POINT('',#8572);
#2023=VERTEX_POINT('',#8595);
#2024=VERTEX_POINT('',#8596);
#2025=VERTEX_POINT('',#8616);
#2026=VERTEX_POINT('',#8617);
#2027=VERTEX_POINT('',#8619);
#2028=VERTEX_POINT('',#8621);
#2029=VERTEX_POINT('',#8625);
#2030=VERTEX_POINT('',#8635);
#2031=VERTEX_POINT('',#8636);
#2032=VERTEX_POINT('',#8638);
#2033=VERTEX_POINT('',#8640);
#2034=VERTEX_POINT('',#8663);
#2035=VERTEX_POINT('',#8664);
#2036=VERTEX_POINT('',#8806);
#2037=VERTEX_POINT('',#8807);
#2038=VERTEX_POINT('',#8827);
#2039=VERTEX_POINT('',#8906);
#2040=VERTEX_POINT('',#9090);
#2041=VERTEX_POINT('',#9091);
#2042=VERTEX_POINT('',#9212);
#2043=VERTEX_POINT('',#9251);
#2044=VERTEX_POINT('',#9259);
#2045=VERTEX_POINT('',#9312);
#2046=VERTEX_POINT('',#9335);
#2047=VERTEX_POINT('',#9337);
#2048=VERTEX_POINT('',#9339);
#2049=VERTEX_POINT('',#9341);
#2050=VERTEX_POINT('',#9343);
#2051=VERTEX_POINT('',#9418);
#2052=VERTEX_POINT('',#9439);
#2053=VERTEX_POINT('',#9443);
#2054=VERTEX_POINT('',#9507);
#2055=VERTEX_POINT('',#9515);
#2056=VERTEX_POINT('',#9540);
#2057=VERTEX_POINT('',#9548);
#2058=VERTEX_POINT('',#9607);
#2059=VERTEX_POINT('',#9628);
#2060=VERTEX_POINT('',#9632);
#2061=VERTEX_POINT('',#9634);
#2062=VERTEX_POINT('',#9636);
#2063=VERTEX_POINT('',#9642);
#2064=VERTEX_POINT('',#9644);
#2065=VERTEX_POINT('',#9646);
#2066=VERTEX_POINT('',#9648);
#2067=VERTEX_POINT('',#9652);
#2068=VERTEX_POINT('',#9656);
#2069=VERTEX_POINT('',#9661);
#2070=VERTEX_POINT('',#9665);
#2071=VERTEX_POINT('',#9678);
#2072=VERTEX_POINT('',#9682);
#2073=VERTEX_POINT('',#9688);
#2074=VERTEX_POINT('',#9693);
#2075=VERTEX_POINT('',#9700);
#2076=VERTEX_POINT('',#9702);
#2077=VERTEX_POINT('',#9706);
#2078=VERTEX_POINT('',#9710);
#2079=VERTEX_POINT('',#9714);
#2080=VERTEX_POINT('',#9718);
#2081=VERTEX_POINT('',#9722);
#2082=VERTEX_POINT('',#9726);
#2083=VERTEX_POINT('',#9734);
#2084=VERTEX_POINT('',#9735);
#2085=VERTEX_POINT('',#9737);
#2086=VERTEX_POINT('',#9741);
#2087=VERTEX_POINT('',#9742);
#2088=VERTEX_POINT('',#9747);
#2089=VERTEX_POINT('',#9748);
#2090=VERTEX_POINT('',#9750);
#2091=VERTEX_POINT('',#9757);
#2092=VERTEX_POINT('',#9758);
#2093=VERTEX_POINT('',#9760);
#2094=VERTEX_POINT('',#9764);
#2095=VERTEX_POINT('',#9765);
#2096=VERTEX_POINT('',#9770);
#2097=VERTEX_POINT('',#9771);
#2098=VERTEX_POINT('',#9773);
#2099=VERTEX_POINT('',#9780);
#2100=VERTEX_POINT('',#9781);
#2101=VERTEX_POINT('',#9783);
#2102=VERTEX_POINT('',#9790);
#2103=VERTEX_POINT('',#9791);
#2104=VERTEX_POINT('',#9793);
#2105=VERTEX_POINT('',#9800);
#2106=VERTEX_POINT('',#9801);
#2107=VERTEX_POINT('',#9803);
#2108=VERTEX_POINT('',#9807);
#2109=VERTEX_POINT('',#9808);
#2110=VERTEX_POINT('',#9810);
#2111=VERTEX_POINT('',#9812);
#2112=VERTEX_POINT('',#9819);
#2113=VERTEX_POINT('',#9820);
#2114=VERTEX_POINT('',#9825);
#2115=VERTEX_POINT('',#9826);
#2116=VERTEX_POINT('',#9828);
#2117=VERTEX_POINT('',#9835);
#2118=VERTEX_POINT('',#9836);
#2119=VERTEX_POINT('',#9838);
#2120=VERTEX_POINT('',#9840);
#2121=VERTEX_POINT('',#9844);
#2122=VERTEX_POINT('',#9845);
#2123=VERTEX_POINT('',#9847);
#2124=VERTEX_POINT('',#9849);
#2125=VERTEX_POINT('',#9856);
#2126=VERTEX_POINT('',#9857);
#2127=VERTEX_POINT('',#9859);
#2128=VERTEX_POINT('',#9861);
#2129=VERTEX_POINT('',#9865);
#2130=VERTEX_POINT('',#9866);
#2131=VERTEX_POINT('',#9868);
#2132=VERTEX_POINT('',#9870);
#2133=VERTEX_POINT('',#9874);
#2134=VERTEX_POINT('',#9875);
#2135=VERTEX_POINT('',#9883);
#2136=VERTEX_POINT('',#9884);
#2137=VERTEX_POINT('',#9886);
#2138=VERTEX_POINT('',#9890);
#2139=VERTEX_POINT('',#9891);
#2140=VERTEX_POINT('',#9893);
#2141=VERTEX_POINT('',#9895);
#2142=VERTEX_POINT('',#9902);
#2143=VERTEX_POINT('',#9903);
#2144=VERTEX_POINT('',#9905);
#2145=VERTEX_POINT('',#9909);
#2146=VERTEX_POINT('',#9910);
#2147=VERTEX_POINT('',#9912);
#2148=VERTEX_POINT('',#9922);
#2149=VERTEX_POINT('',#9923);
#2150=VERTEX_POINT('',#9925);
#2151=VERTEX_POINT('',#9932);
#2152=VERTEX_POINT('',#9933);
#2153=VERTEX_POINT('',#9938);
#2154=VERTEX_POINT('',#9939);
#2155=VERTEX_POINT('',#9947);
#2156=VERTEX_POINT('',#9949);
#2157=VERTEX_POINT('',#9956);
#2158=VERTEX_POINT('',#9957);
#2159=VERTEX_POINT('',#9965);
#2160=VERTEX_POINT('',#9967);
#2161=VERTEX_POINT('',#9974);
#2162=VERTEX_POINT('',#9975);
#2163=VERTEX_POINT('',#9983);
#2164=VERTEX_POINT('',#9984);
#2165=VERTEX_POINT('',#9989);
#2166=VERTEX_POINT('',#9990);
#2167=VERTEX_POINT('',#9995);
#2168=VERTEX_POINT('',#9996);
#2169=VERTEX_POINT('',#10001);
#2170=VERTEX_POINT('',#10002);
#2171=VERTEX_POINT('',#10007);
#2172=VERTEX_POINT('',#10008);
#2173=VERTEX_POINT('',#10037);
#2174=VERTEX_POINT('',#10038);
#2175=VERTEX_POINT('',#10046);
#2176=VERTEX_POINT('',#10047);
#2177=VERTEX_POINT('',#10052);
#2178=VERTEX_POINT('',#10053);
#2179=VERTEX_POINT('',#10090);
#2180=VERTEX_POINT('',#10091);
#2181=VERTEX_POINT('',#10093);
#2182=VERTEX_POINT('',#10097);
#2183=VERTEX_POINT('',#10098);
#2184=VERTEX_POINT('',#10103);
#2185=VERTEX_POINT('',#10104);
#2186=VERTEX_POINT('',#10106);
#2187=VERTEX_POINT('',#10113);
#2188=VERTEX_POINT('',#10114);
#2189=VERTEX_POINT('',#10116);
#2190=VERTEX_POINT('',#10120);
#2191=VERTEX_POINT('',#10121);
#2192=VERTEX_POINT('',#10126);
#2193=VERTEX_POINT('',#10127);
#2194=VERTEX_POINT('',#10129);
#2195=VERTEX_POINT('',#10136);
#2196=VERTEX_POINT('',#10137);
#2197=VERTEX_POINT('',#10139);
#2198=VERTEX_POINT('',#10146);
#2199=VERTEX_POINT('',#10147);
#2200=VERTEX_POINT('',#10149);
#2201=VERTEX_POINT('',#10156);
#2202=VERTEX_POINT('',#10157);
#2203=VERTEX_POINT('',#10159);
#2204=VERTEX_POINT('',#10163);
#2205=VERTEX_POINT('',#10164);
#2206=VERTEX_POINT('',#10166);
#2207=VERTEX_POINT('',#10168);
#2208=VERTEX_POINT('',#10175);
#2209=VERTEX_POINT('',#10176);
#2210=VERTEX_POINT('',#10181);
#2211=VERTEX_POINT('',#10182);
#2212=VERTEX_POINT('',#10184);
#2213=VERTEX_POINT('',#10191);
#2214=VERTEX_POINT('',#10192);
#2215=VERTEX_POINT('',#10194);
#2216=VERTEX_POINT('',#10196);
#2217=VERTEX_POINT('',#10200);
#2218=VERTEX_POINT('',#10201);
#2219=VERTEX_POINT('',#10203);
#2220=VERTEX_POINT('',#10205);
#2221=VERTEX_POINT('',#10212);
#2222=VERTEX_POINT('',#10213);
#2223=VERTEX_POINT('',#10215);
#2224=VERTEX_POINT('',#10217);
#2225=VERTEX_POINT('',#10221);
#2226=VERTEX_POINT('',#10222);
#2227=VERTEX_POINT('',#10224);
#2228=VERTEX_POINT('',#10226);
#2229=VERTEX_POINT('',#10230);
#2230=VERTEX_POINT('',#10231);
#2231=VERTEX_POINT('',#10239);
#2232=VERTEX_POINT('',#10240);
#2233=VERTEX_POINT('',#10242);
#2234=VERTEX_POINT('',#10246);
#2235=VERTEX_POINT('',#10247);
#2236=VERTEX_POINT('',#10249);
#2237=VERTEX_POINT('',#10251);
#2238=VERTEX_POINT('',#10258);
#2239=VERTEX_POINT('',#10259);
#2240=VERTEX_POINT('',#10261);
#2241=VERTEX_POINT('',#10265);
#2242=VERTEX_POINT('',#10266);
#2243=VERTEX_POINT('',#10268);
#2244=VERTEX_POINT('',#10278);
#2245=VERTEX_POINT('',#10279);
#2246=VERTEX_POINT('',#10281);
#2247=VERTEX_POINT('',#10288);
#2248=VERTEX_POINT('',#10289);
#2249=VERTEX_POINT('',#10294);
#2250=VERTEX_POINT('',#10295);
#2251=VERTEX_POINT('',#10303);
#2252=VERTEX_POINT('',#10305);
#2253=VERTEX_POINT('',#10312);
#2254=VERTEX_POINT('',#10313);
#2255=VERTEX_POINT('',#10321);
#2256=VERTEX_POINT('',#10323);
#2257=VERTEX_POINT('',#10330);
#2258=VERTEX_POINT('',#10331);
#2259=VERTEX_POINT('',#10339);
#2260=VERTEX_POINT('',#10340);
#2261=VERTEX_POINT('',#10345);
#2262=VERTEX_POINT('',#10346);
#2263=VERTEX_POINT('',#10351);
#2264=VERTEX_POINT('',#10352);
#2265=VERTEX_POINT('',#10357);
#2266=VERTEX_POINT('',#10358);
#2267=VERTEX_POINT('',#10363);
#2268=VERTEX_POINT('',#10364);
#2269=VERTEX_POINT('',#10393);
#2270=VERTEX_POINT('',#10394);
#2271=VERTEX_POINT('',#10402);
#2272=VERTEX_POINT('',#10403);
#2273=VERTEX_POINT('',#10408);
#2274=VERTEX_POINT('',#10409);
#2275=EDGE_CURVE('',#1869,#1870,#1815,.T.);
#2276=EDGE_CURVE('',#1869,#1871,#1167,.T.);
#2277=EDGE_CURVE('',#1871,#1872,#901,.T.);
#2278=EDGE_CURVE('',#1872,#1873,#1168,.T.);
#2279=EDGE_CURVE('',#1870,#1873,#1816,.T.);
#2280=EDGE_CURVE('',#1871,#1874,#157,.T.);
#2281=EDGE_CURVE('',#1874,#1872,#158,.T.);
#2282=EDGE_CURVE('',#1874,#1875,#1169,.T.);
#2283=EDGE_CURVE('',#1875,#1876,#1817,.T.);
#2284=EDGE_CURVE('',#1877,#1876,#159,.T.);
#2285=EDGE_CURVE('',#1877,#1872,#1170,.T.);
#2286=EDGE_CURVE('',#1871,#1878,#1171,.T.);
#2287=EDGE_CURVE('',#1879,#1878,#160,.T.);
#2288=EDGE_CURVE('',#1879,#1874,#1172,.T.);
#2289=EDGE_CURVE('',#1880,#1869,#1173,.T.);
#2290=EDGE_CURVE('',#1878,#1880,#1174,.T.);
#2291=EDGE_CURVE('',#1881,#1882,#1818,.T.);
#2292=EDGE_CURVE('',#1881,#1883,#1175,.T.);
#2293=EDGE_CURVE('',#1883,#1878,#902,.T.);
#2294=EDGE_CURVE('',#1882,#1880,#1819,.T.);
#2295=EDGE_CURVE('',#1883,#1879,#161,.T.);
#2296=EDGE_CURVE('',#1883,#1884,#1176,.T.);
#2297=EDGE_CURVE('',#1885,#1884,#162,.T.);
#2298=EDGE_CURVE('',#1885,#1886,#1820,.T.);
#2299=EDGE_CURVE('',#1886,#1879,#1177,.T.);
#2300=EDGE_CURVE('',#1887,#1881,#1178,.T.);
#2301=EDGE_CURVE('',#1888,#1887,#1179,.T.);
#2302=EDGE_CURVE('',#1884,#1888,#1180,.T.);
#2303=EDGE_CURVE('',#1882,#1889,#1821,.T.);
#2304=EDGE_CURVE('',#1889,#1890,#1181,.T.);
#2305=EDGE_CURVE('',#1891,#1890,#1822,.T.);
#2306=EDGE_CURVE('',#1887,#1891,#1823,.T.);
#2307=EDGE_CURVE('',#1892,#1870,#1824,.T.);
#2308=EDGE_CURVE('',#1892,#1889,#1182,.T.);
#2309=EDGE_CURVE('',#1873,#1893,#1183,.T.);
#2310=EDGE_CURVE('',#1894,#1893,#1825,.T.);
#2311=EDGE_CURVE('',#1895,#1894,#1826,.T.);
#2312=EDGE_CURVE('',#1895,#1892,#1184,.T.);
#2313=EDGE_CURVE('',#1896,#1891,#1827,.T.);
#2314=EDGE_CURVE('',#1896,#1897,#1185,.T.);
#2315=EDGE_CURVE('',#1897,#1888,#903,.T.);
#2316=EDGE_CURVE('',#1890,#1895,#1186,.T.);
#2317=EDGE_CURVE('',#1894,#1898,#1828,.T.);
#2318=EDGE_CURVE('',#1898,#1896,#1187,.T.);
#2319=EDGE_CURVE('',#1893,#1899,#1188,.T.);
#2320=EDGE_CURVE('',#1899,#1900,#904,.T.);
#2321=EDGE_CURVE('',#1900,#1898,#1189,.T.);
#2322=EDGE_CURVE('',#1877,#1901,#905,.T.);
#2323=EDGE_CURVE('',#1901,#1900,#1190,.T.);
#2324=EDGE_CURVE('',#1899,#1877,#1191,.T.);
#2325=EDGE_CURVE('',#1897,#1900,#1192,.T.);
#2326=EDGE_CURVE('',#1902,#1901,#163,.T.);
#2327=EDGE_CURVE('',#1902,#1903,#1193,.T.);
#2328=EDGE_CURVE('',#1904,#1903,#164,.T.);
#2329=EDGE_CURVE('',#1897,#1904,#1194,.T.);
#2330=EDGE_CURVE('',#1876,#1902,#165,.T.);
#2331=EDGE_CURVE('',#1904,#1884,#906,.T.);
#2332=EDGE_CURVE('',#1903,#1885,#166,.T.);
#2333=EDGE_CURVE('',#1905,#1906,#1829,.T.);
#2334=EDGE_CURVE('',#1905,#1907,#1195,.T.);
#2335=EDGE_CURVE('',#1908,#1907,#1830,.T.);
#2336=EDGE_CURVE('',#1909,#1908,#1831,.T.);
#2337=EDGE_CURVE('',#1909,#1910,#1196,.T.);
#2338=EDGE_CURVE('',#1906,#1910,#1832,.T.);
#2339=EDGE_CURVE('',#1910,#1911,#1197,.T.);
#2340=EDGE_CURVE('',#1911,#1912,#907,.T.);
#2341=EDGE_CURVE('',#1912,#1913,#1198,.T.);
#2342=EDGE_CURVE('',#1913,#1906,#1833,.T.);
#2343=EDGE_CURVE('',#1914,#1909,#1199,.T.);
#2344=EDGE_CURVE('',#1911,#1914,#1200,.T.);
#2345=EDGE_CURVE('',#1908,#1915,#1834,.T.);
#2346=EDGE_CURVE('',#1915,#1916,#1201,.T.);
#2347=EDGE_CURVE('',#1916,#1914,#908,.T.);
#2348=EDGE_CURVE('',#1917,#1918,#909,.T.);
#2349=EDGE_CURVE('',#1919,#1917,#910,.T.);
#2350=EDGE_CURVE('',#1918,#1919,#911,.T.);
#2351=EDGE_CURVE('',#1913,#1919,#1202,.T.);
#2352=EDGE_CURVE('',#1917,#1905,#1203,.T.);
#2353=EDGE_CURVE('',#1920,#1921,#912,.T.);
#2354=EDGE_CURVE('',#1921,#1918,#1204,.T.);
#2355=EDGE_CURVE('',#1919,#1920,#1205,.T.);
#2356=EDGE_CURVE('',#1922,#1923,#913,.T.);
#2357=EDGE_CURVE('',#1924,#1922,#914,.T.);
#2358=EDGE_CURVE('',#1923,#1924,#915,.T.);
#2359=EDGE_CURVE('',#1922,#1917,#1206,.T.);
#2360=EDGE_CURVE('',#1918,#1924,#1207,.T.);
#2361=EDGE_CURVE('',#1925,#1926,#916,.T.);
#2362=EDGE_CURVE('',#1926,#1927,#167,.T.);
#2363=EDGE_CURVE('',#1927,#1925,#168,.T.);
#2364=EDGE_CURVE('',#1925,#1923,#1208,.T.);
#2365=EDGE_CURVE('',#1924,#1926,#1209,.T.);
#2366=EDGE_CURVE('',#1907,#1922,#1210,.T.);
#2367=EDGE_CURVE('',#1923,#1915,#1211,.T.);
#2368=EDGE_CURVE('',#1920,#1928,#169,.T.);
#2369=EDGE_CURVE('',#1928,#1921,#170,.T.);
#2370=EDGE_CURVE('',#1920,#1929,#1212,.T.);
#2371=EDGE_CURVE('',#1930,#1929,#171,.T.);
#2372=EDGE_CURVE('',#1930,#1931,#1835,.T.);
#2373=EDGE_CURVE('',#1931,#1928,#1213,.T.);
#2374=EDGE_CURVE('',#1929,#1912,#1214,.T.);
#2375=EDGE_CURVE('',#1928,#1927,#1215,.T.);
#2376=EDGE_CURVE('',#1926,#1921,#1216,.T.);
#2377=EDGE_CURVE('',#1932,#1933,#917,.T.);
#2378=EDGE_CURVE('',#1933,#1914,#1217,.T.);
#2379=EDGE_CURVE('',#1916,#1932,#1218,.T.);
#2380=EDGE_CURVE('',#1932,#1925,#1219,.T.);
#2381=EDGE_CURVE('',#1934,#1929,#918,.T.);
#2382=EDGE_CURVE('',#1911,#1934,#1220,.T.);
#2383=EDGE_CURVE('',#1934,#1935,#172,.T.);
#2384=EDGE_CURVE('',#1935,#1930,#173,.T.);
#2385=EDGE_CURVE('',#1936,#1933,#174,.T.);
#2386=EDGE_CURVE('',#1936,#1935,#1221,.T.);
#2387=EDGE_CURVE('',#1932,#1937,#175,.T.);
#2388=EDGE_CURVE('',#1937,#1936,#176,.T.);
#2389=EDGE_CURVE('',#1927,#1938,#1222,.T.);
#2390=EDGE_CURVE('',#1938,#1937,#1836,.T.);
#2391=EDGE_CURVE('',#1939,#1940,#1837,.T.);
#2392=EDGE_CURVE('',#1939,#1941,#1223,.T.);
#2393=EDGE_CURVE('',#1942,#1941,#1838,.T.);
#2394=EDGE_CURVE('',#1943,#1942,#1839,.T.);
#2395=EDGE_CURVE('',#1943,#1944,#1224,.T.);
#2396=EDGE_CURVE('',#1940,#1944,#1840,.T.);
#2397=EDGE_CURVE('',#1942,#1945,#1841,.T.);
#2398=EDGE_CURVE('',#1945,#1946,#1225,.T.);
#2399=EDGE_CURVE('',#1947,#1946,#1842,.T.);
#2400=EDGE_CURVE('',#1948,#1947,#1843,.T.);
#2401=EDGE_CURVE('',#1948,#1943,#1226,.T.);
#2402=EDGE_CURVE('',#1941,#1949,#1227,.T.);
#2403=EDGE_CURVE('',#1949,#1950,#919,.T.);
#2404=EDGE_CURVE('',#1950,#1945,#1228,.T.);
#2405=EDGE_CURVE('',#1951,#1939,#1229,.T.);
#2406=EDGE_CURVE('',#1949,#1951,#1230,.T.);
#2407=EDGE_CURVE('',#1952,#1953,#920,.T.);
#2408=EDGE_CURVE('',#1953,#1950,#1231,.T.);
#2409=EDGE_CURVE('',#1949,#1952,#1232,.T.);
#2410=EDGE_CURVE('',#1954,#1953,#1233,.T.);
#2411=EDGE_CURVE('',#1946,#1954,#1234,.T.);
#2412=EDGE_CURVE('',#1952,#1955,#177,.T.);
#2413=EDGE_CURVE('',#1955,#1956,#178,.T.);
#2414=EDGE_CURVE('',#1956,#1953,#179,.T.);
#2415=EDGE_CURVE('',#1957,#1951,#1235,.T.);
#2416=EDGE_CURVE('',#1958,#1957,#180,.T.);
#2417=EDGE_CURVE('',#1958,#1955,#1236,.T.);
#2418=EDGE_CURVE('',#1959,#1940,#1844,.T.);
#2419=EDGE_CURVE('',#1959,#1960,#1237,.T.);
#2420=EDGE_CURVE('',#1960,#1951,#921,.T.);
#2421=EDGE_CURVE('',#1961,#1957,#922,.T.);
#2422=EDGE_CURVE('',#1960,#1961,#1238,.T.);
#2423=EDGE_CURVE('',#1961,#1962,#181,.T.);
#2424=EDGE_CURVE('',#1962,#1958,#182,.T.);
#2425=EDGE_CURVE('',#1961,#1963,#1239,.T.);
#2426=EDGE_CURVE('',#1964,#1963,#183,.T.);
#2427=EDGE_CURVE('',#1964,#1965,#1240,.T.);
#2428=EDGE_CURVE('',#1965,#1962,#1845,.T.);
#2429=EDGE_CURVE('',#1966,#1959,#1241,.T.);
#2430=EDGE_CURVE('',#1963,#1966,#1242,.T.);
#2431=EDGE_CURVE('',#1967,#1948,#1243,.T.);
#2432=EDGE_CURVE('',#1944,#1967,#1244,.T.);
#2433=EDGE_CURVE('',#1968,#1967,#1846,.T.);
#2434=EDGE_CURVE('',#1966,#1968,#1847,.T.);
#2435=EDGE_CURVE('',#1947,#1969,#1848,.T.);
#2436=EDGE_CURVE('',#1969,#1970,#1245,.T.);
#2437=EDGE_CURVE('',#1970,#1968,#1849,.T.);
#2438=EDGE_CURVE('',#1971,#1954,#923,.T.);
#2439=EDGE_CURVE('',#1954,#1972,#184,.T.);
#2440=EDGE_CURVE('',#1972,#1971,#185,.T.);
#2441=EDGE_CURVE('',#1971,#1969,#1246,.T.);
#2442=EDGE_CURVE('',#1970,#1973,#1247,.T.);
#2443=EDGE_CURVE('',#1973,#1963,#924,.T.);
#2444=EDGE_CURVE('',#1973,#1964,#186,.T.);
#2445=EDGE_CURVE('',#1973,#1971,#1248,.T.);
#2446=EDGE_CURVE('',#1972,#1964,#1249,.T.);
#2447=EDGE_CURVE('',#1974,#1975,#925,.T.);
#2448=EDGE_CURVE('',#1975,#1976,#187,.T.);
#2449=EDGE_CURVE('',#1976,#1974,#188,.T.);
#2450=EDGE_CURVE('',#1977,#1978,#1850,.T.);
#2451=EDGE_CURVE('',#1977,#1975,#1250,.T.);
#2452=EDGE_CURVE('',#1974,#1979,#1251,.T.);
#2453=EDGE_CURVE('',#1978,#1979,#1851,.T.);
#2454=EDGE_CURVE('',#1975,#1980,#1252,.T.);
#2455=EDGE_CURVE('',#1981,#1980,#189,.T.);
#2456=EDGE_CURVE('',#1981,#1982,#1852,.T.);
#2457=EDGE_CURVE('',#1982,#1976,#1253,.T.);
#2458=EDGE_CURVE('',#1983,#1977,#1254,.T.);
#2459=EDGE_CURVE('',#1984,#1983,#1255,.T.);
#2460=EDGE_CURVE('',#1980,#1984,#1256,.T.);
#2461=EDGE_CURVE('',#1978,#1985,#1853,.T.);
#2462=EDGE_CURVE('',#1985,#1986,#1257,.T.);
#2463=EDGE_CURVE('',#1986,#1987,#1854,.T.);
#2464=EDGE_CURVE('',#1987,#1983,#1855,.T.);
#2465=EDGE_CURVE('',#1979,#1988,#1258,.T.);
#2466=EDGE_CURVE('',#1989,#1988,#1856,.T.);
#2467=EDGE_CURVE('',#1990,#1989,#1857,.T.);
#2468=EDGE_CURVE('',#1990,#1985,#1259,.T.);
#2469=EDGE_CURVE('',#1991,#1990,#1260,.T.);
#2470=EDGE_CURVE('',#1986,#1991,#1261,.T.);
#2471=EDGE_CURVE('',#1989,#1992,#1858,.T.);
#2472=EDGE_CURVE('',#1992,#1993,#1262,.T.);
#2473=EDGE_CURVE('',#1994,#1993,#1859,.T.);
#2474=EDGE_CURVE('',#1994,#1991,#1860,.T.);
#2475=EDGE_CURVE('',#1995,#1996,#926,.T.);
#2476=EDGE_CURVE('',#1996,#1997,#190,.T.);
#2477=EDGE_CURVE('',#1997,#1995,#191,.T.);
#2478=EDGE_CURVE('',#1988,#1996,#1263,.T.);
#2479=EDGE_CURVE('',#1995,#1992,#1264,.T.);
#2480=EDGE_CURVE('',#1976,#1997,#1265,.T.);
#2481=EDGE_CURVE('',#1996,#1974,#1266,.T.);
#2482=EDGE_CURVE('',#1998,#1994,#1861,.T.);
#2483=EDGE_CURVE('',#1998,#1999,#1267,.T.);
#2484=EDGE_CURVE('',#1987,#1999,#1862,.T.);
#2485=EDGE_CURVE('',#1999,#2000,#1268,.T.);
#2486=EDGE_CURVE('',#2000,#1984,#927,.T.);
#2487=EDGE_CURVE('',#2001,#1980,#928,.T.);
#2488=EDGE_CURVE('',#2000,#2001,#1269,.T.);
#2489=EDGE_CURVE('',#2001,#2002,#192,.T.);
#2490=EDGE_CURVE('',#2002,#1981,#193,.T.);
#2491=EDGE_CURVE('',#2000,#2003,#1270,.T.);
#2492=EDGE_CURVE('',#2004,#2003,#1271,.T.);
#2493=EDGE_CURVE('',#2005,#2004,#194,.T.);
#2494=EDGE_CURVE('',#2005,#2002,#1272,.T.);
#2495=EDGE_CURVE('',#1993,#2006,#1273,.T.);
#2496=EDGE_CURVE('',#2006,#2003,#929,.T.);
#2497=EDGE_CURVE('',#2003,#1998,#1274,.T.);
#2498=EDGE_CURVE('',#2007,#2004,#930,.T.);
#2499=EDGE_CURVE('',#2006,#2007,#1275,.T.);
#2500=EDGE_CURVE('',#2007,#2008,#195,.T.);
#2501=EDGE_CURVE('',#2008,#2005,#196,.T.);
#2502=EDGE_CURVE('',#2007,#1995,#1276,.T.);
#2503=EDGE_CURVE('',#1997,#2009,#1277,.T.);
#2504=EDGE_CURVE('',#2009,#2008,#1863,.T.);
#2505=EDGE_CURVE('',#1956,#2010,#1864,.T.);
#2506=EDGE_CURVE('',#2010,#1972,#1278,.T.);
#2507=EDGE_CURVE('',#2011,#1982,#1279,.T.);
#2508=EDGE_CURVE('',#2012,#2011,#1280,.T.);
#2509=EDGE_CURVE('',#1965,#2012,#1281,.T.);
#2510=EDGE_CURVE('',#2013,#2010,#1282,.T.);
#2511=EDGE_CURVE('',#2014,#2013,#1283,.T.);
#2512=EDGE_CURVE('',#2009,#2014,#1284,.T.);
#2513=EDGE_CURVE('',#2015,#2016,#931,.T.);
#2514=EDGE_CURVE('',#2016,#2017,#1285,.T.);
#2515=EDGE_CURVE('',#2017,#2018,#932,.T.);
#2516=EDGE_CURVE('',#2018,#2015,#1286,.T.);
#2517=EDGE_CURVE('',#2019,#2020,#933,.T.);
#2518=EDGE_CURVE('',#2020,#2021,#1287,.T.);
#2519=EDGE_CURVE('',#2021,#2022,#934,.T.);
#2520=EDGE_CURVE('',#2022,#2019,#1288,.T.);
#2521=EDGE_CURVE('',#2023,#2024,#197,.T.);
#2522=EDGE_CURVE('',#2024,#2022,#198,.T.);
#2523=EDGE_CURVE('',#2021,#2023,#199,.T.);
#2524=EDGE_CURVE('',#2025,#2026,#935,.T.);
#2525=EDGE_CURVE('',#2026,#2027,#1289,.T.);
#2526=EDGE_CURVE('',#2027,#2028,#936,.T.);
#2527=EDGE_CURVE('',#2028,#2025,#1290,.T.);
#2528=EDGE_CURVE('',#2029,#2026,#200,.T.);
#2529=EDGE_CURVE('',#2025,#2029,#937,.T.);
#2530=EDGE_CURVE('',#2030,#2031,#938,.T.);
#2531=EDGE_CURVE('',#2031,#2032,#1291,.T.);
#2532=EDGE_CURVE('',#2032,#2033,#939,.T.);
#2533=EDGE_CURVE('',#2033,#2030,#1292,.T.);
#2534=EDGE_CURVE('',#2034,#2035,#201,.T.);
#2535=EDGE_CURVE('',#2035,#2031,#202,.T.);
#2536=EDGE_CURVE('',#2030,#2034,#203,.T.);
#2537=EDGE_CURVE('',#2034,#2026,#204,.T.);
#2538=EDGE_CURVE('',#2029,#2035,#205,.T.);
#2539=EDGE_CURVE('',#2036,#2037,#206,.T.);
#2540=EDGE_CURVE('',#2037,#2033,#207,.T.);
#2541=EDGE_CURVE('',#2032,#2036,#208,.T.);
#2542=EDGE_CURVE('',#2027,#2038,#209,.T.);
#2543=EDGE_CURVE('',#2038,#2028,#940,.T.);
#2544=EDGE_CURVE('',#2039,#2017,#210,.T.);
#2545=EDGE_CURVE('',#2017,#2037,#211,.T.);
#2546=EDGE_CURVE('',#2036,#2039,#212,.T.);
#2547=EDGE_CURVE('',#2027,#2024,#213,.T.);
#2548=EDGE_CURVE('',#2023,#2038,#214,.T.);
#2549=EDGE_CURVE('',#2039,#2018,#941,.T.);
#2550=EDGE_CURVE('',#2040,#2041,#215,.T.);
#2551=EDGE_CURVE('',#2041,#2020,#216,.T.);
#2552=EDGE_CURVE('',#2019,#2040,#217,.T.);
#2553=EDGE_CURVE('',#2040,#2016,#218,.T.);
#2554=EDGE_CURVE('',#2016,#2042,#219,.T.);
#2555=EDGE_CURVE('',#2042,#2041,#220,.T.);
#2556=EDGE_CURVE('',#2015,#2042,#942,.T.);
#2557=EDGE_CURVE('',#2041,#2043,#221,.T.);
#2558=EDGE_CURVE('',#2043,#2044,#943,.T.);
#2559=EDGE_CURVE('',#2020,#2044,#944,.T.);
#2560=EDGE_CURVE('',#2042,#2045,#222,.T.);
#2561=EDGE_CURVE('',#2045,#2043,#223,.T.);
#2562=EDGE_CURVE('',#2015,#2045,#1293,.T.);
#2563=EDGE_CURVE('',#2046,#2018,#1294,.T.);
#2564=EDGE_CURVE('',#2046,#2047,#1295,.T.);
#2565=EDGE_CURVE('',#2048,#2047,#1296,.T.);
#2566=EDGE_CURVE('',#2049,#2048,#1297,.T.);
#2567=EDGE_CURVE('',#2050,#2049,#1298,.T.);
#2568=EDGE_CURVE('',#2050,#2045,#1299,.T.);
#2569=EDGE_CURVE('',#2046,#2039,#224,.T.);
#2570=EDGE_CURVE('',#2051,#2036,#225,.T.);
#2571=EDGE_CURVE('',#2051,#2046,#226,.T.);
#2572=EDGE_CURVE('',#2052,#2032,#945,.T.);
#2573=EDGE_CURVE('',#2052,#2051,#946,.T.);
#2574=EDGE_CURVE('',#2031,#2053,#947,.T.);
#2575=EDGE_CURVE('',#2053,#2052,#1300,.T.);
#2576=EDGE_CURVE('',#2023,#2054,#227,.T.);
#2577=EDGE_CURVE('',#2054,#2055,#228,.T.);
#2578=EDGE_CURVE('',#2055,#2038,#229,.T.);
#2579=EDGE_CURVE('',#2021,#2056,#948,.T.);
#2580=EDGE_CURVE('',#2056,#2054,#949,.T.);
#2581=EDGE_CURVE('',#2044,#2056,#1301,.T.);
#2582=EDGE_CURVE('',#2055,#2028,#1302,.T.);
#2583=EDGE_CURVE('',#2035,#2057,#230,.T.);
#2584=EDGE_CURVE('',#2057,#2053,#950,.T.);
#2585=EDGE_CURVE('',#2029,#2058,#231,.T.);
#2586=EDGE_CURVE('',#2058,#2057,#232,.T.);
#2587=EDGE_CURVE('',#2052,#2059,#1303,.T.);
#2588=EDGE_CURVE('',#2047,#2059,#951,.T.);
#2589=EDGE_CURVE('',#2060,#2053,#1304,.T.);
#2590=EDGE_CURVE('',#2061,#2060,#952,.T.);
#2591=EDGE_CURVE('',#2062,#2061,#1305,.T.);
#2592=EDGE_CURVE('',#2059,#2062,#953,.T.);
#2593=EDGE_CURVE('',#2025,#2058,#1306,.T.);
#2594=EDGE_CURVE('',#2055,#2063,#1307,.T.);
#2595=EDGE_CURVE('',#2064,#2063,#1308,.T.);
#2596=EDGE_CURVE('',#2065,#2064,#1309,.T.);
#2597=EDGE_CURVE('',#2066,#2065,#1310,.T.);
#2598=EDGE_CURVE('',#2066,#2058,#1311,.T.);
#2599=EDGE_CURVE('',#2050,#2067,#954,.T.);
#2600=EDGE_CURVE('',#2067,#2044,#1312,.T.);
#2601=EDGE_CURVE('',#2012,#2068,#955,.T.);
#2602=EDGE_CURVE('',#2068,#2067,#956,.T.);
#2603=EDGE_CURVE('',#2050,#2012,#957,.T.);
#2604=EDGE_CURVE('',#2011,#2069,#958,.T.);
#2605=EDGE_CURVE('',#2069,#2068,#1313,.T.);
#2606=EDGE_CURVE('',#2063,#2070,#959,.T.);
#2607=EDGE_CURVE('',#2070,#2069,#960,.T.);
#2608=EDGE_CURVE('',#2011,#2063,#961,.T.);
#2609=EDGE_CURVE('',#2056,#2070,#1314,.T.);
#2610=EDGE_CURVE('',#2064,#2014,#962,.T.);
#2611=EDGE_CURVE('',#2013,#2049,#963,.T.);
#2612=EDGE_CURVE('',#2066,#2060,#964,.T.);
#2613=EDGE_CURVE('',#2071,#2061,#965,.T.);
#2614=EDGE_CURVE('',#2066,#2071,#966,.T.);
#2615=EDGE_CURVE('',#2072,#2062,#967,.T.);
#2616=EDGE_CURVE('',#2071,#2072,#1315,.T.);
#2617=EDGE_CURVE('',#2072,#2047,#968,.T.);
#2618=EDGE_CURVE('',#1938,#2073,#1316,.T.);
#2619=EDGE_CURVE('',#2048,#2073,#969,.T.);
#2620=EDGE_CURVE('',#2072,#1931,#1317,.T.);
#2621=EDGE_CURVE('',#2074,#1886,#1318,.T.);
#2622=EDGE_CURVE('',#2073,#2074,#1319,.T.);
#2623=EDGE_CURVE('',#1875,#2071,#1320,.T.);
#2624=EDGE_CURVE('',#2074,#2065,#970,.T.);
#2625=EDGE_CURVE('',#2075,#2065,#971,.T.);
#2626=EDGE_CURVE('',#2064,#2076,#972,.T.);
#2627=EDGE_CURVE('',#2076,#2075,#1321,.T.);
#2628=EDGE_CURVE('',#2077,#2074,#973,.T.);
#2629=EDGE_CURVE('',#2075,#2077,#974,.T.);
#2630=EDGE_CURVE('',#2014,#2078,#975,.T.);
#2631=EDGE_CURVE('',#2078,#2076,#976,.T.);
#2632=EDGE_CURVE('',#2079,#2073,#977,.T.);
#2633=EDGE_CURVE('',#2077,#2079,#1322,.T.);
#2634=EDGE_CURVE('',#2013,#2080,#978,.T.);
#2635=EDGE_CURVE('',#2080,#2078,#1323,.T.);
#2636=EDGE_CURVE('',#2081,#2048,#979,.T.);
#2637=EDGE_CURVE('',#2079,#2081,#980,.T.);
#2638=EDGE_CURVE('',#2049,#2082,#981,.T.);
#2639=EDGE_CURVE('',#2082,#2080,#982,.T.);
#2640=EDGE_CURVE('',#2081,#2082,#1324,.T.);
#2641=EDGE_CURVE('',#2083,#2084,#983,.T.);
#2642=EDGE_CURVE('',#2084,#2085,#984,.T.);
#2643=EDGE_CURVE('',#2085,#2083,#985,.T.);
#2644=EDGE_CURVE('',#2086,#2087,#986,.T.);
#2645=EDGE_CURVE('',#2083,#2086,#1325,.T.);
#2646=EDGE_CURVE('',#2087,#2085,#1326,.T.);
#2647=EDGE_CURVE('',#2088,#2089,#987,.T.);
#2648=EDGE_CURVE('',#2089,#2090,#988,.T.);
#2649=EDGE_CURVE('',#2090,#2088,#989,.T.);
#2650=EDGE_CURVE('',#2084,#2090,#1327,.T.);
#2651=EDGE_CURVE('',#2088,#2083,#1328,.T.);
#2652=EDGE_CURVE('',#2091,#2092,#990,.T.);
#2653=EDGE_CURVE('',#2092,#2093,#991,.T.);
#2654=EDGE_CURVE('',#2093,#2091,#992,.T.);
#2655=EDGE_CURVE('',#2094,#2095,#993,.T.);
#2656=EDGE_CURVE('',#2091,#2094,#1329,.T.);
#2657=EDGE_CURVE('',#2095,#2093,#1330,.T.);
#2658=EDGE_CURVE('',#2096,#2097,#994,.T.);
#2659=EDGE_CURVE('',#2097,#2098,#995,.T.);
#2660=EDGE_CURVE('',#2098,#2096,#996,.T.);
#2661=EDGE_CURVE('',#2093,#2098,#1331,.T.);
#2662=EDGE_CURVE('',#2096,#2092,#1332,.T.);
#2663=EDGE_CURVE('',#2099,#2100,#997,.T.);
#2664=EDGE_CURVE('',#2100,#2101,#998,.T.);
#2665=EDGE_CURVE('',#2101,#2099,#999,.T.);
#2666=EDGE_CURVE('',#2085,#2101,#1333,.T.);
#2667=EDGE_CURVE('',#2099,#2084,#1334,.T.);
#2668=EDGE_CURVE('',#2102,#2103,#1000,.T.);
#2669=EDGE_CURVE('',#2103,#2104,#1001,.T.);
#2670=EDGE_CURVE('',#2104,#2102,#1002,.T.);
#2671=EDGE_CURVE('',#2100,#2104,#1335,.T.);
#2672=EDGE_CURVE('',#2102,#2099,#1336,.T.);
#2673=EDGE_CURVE('',#2105,#2106,#1003,.T.);
#2674=EDGE_CURVE('',#2106,#2107,#1004,.T.);
#2675=EDGE_CURVE('',#2107,#2105,#1005,.T.);
#2676=EDGE_CURVE('',#2108,#2109,#1006,.T.);
#2677=EDGE_CURVE('',#2109,#2110,#1007,.T.);
#2678=EDGE_CURVE('',#2111,#2110,#1008,.T.);
#2679=EDGE_CURVE('',#2111,#2108,#1009,.T.);
#2680=EDGE_CURVE('',#2098,#2111,#1337,.T.);
#2681=EDGE_CURVE('',#2108,#2097,#1338,.T.);
#2682=EDGE_CURVE('',#2112,#2113,#1010,.T.);
#2683=EDGE_CURVE('',#2110,#2112,#1339,.T.);
#2684=EDGE_CURVE('',#2113,#2109,#1340,.T.);
#2685=EDGE_CURVE('',#2114,#2115,#1011,.T.);
#2686=EDGE_CURVE('',#2115,#2116,#1012,.T.);
#2687=EDGE_CURVE('',#2116,#2114,#1013,.T.);
#2688=EDGE_CURVE('',#2114,#2096,#1341,.T.);
#2689=EDGE_CURVE('',#2097,#2116,#1342,.T.);
#2690=EDGE_CURVE('',#2117,#2118,#1014,.T.);
#2691=EDGE_CURVE('',#2118,#2119,#1015,.T.);
#2692=EDGE_CURVE('',#2120,#2119,#1016,.T.);
#2693=EDGE_CURVE('',#2120,#2117,#1017,.T.);
#2694=EDGE_CURVE('',#2121,#2122,#1018,.T.);
#2695=EDGE_CURVE('',#2122,#2123,#1019,.T.);
#2696=EDGE_CURVE('',#2124,#2123,#1020,.T.);
#2697=EDGE_CURVE('',#2124,#2121,#1021,.T.);
#2698=EDGE_CURVE('',#2121,#2120,#1343,.T.);
#2699=EDGE_CURVE('',#2117,#2124,#1344,.T.);
#2700=EDGE_CURVE('',#2125,#2126,#1022,.T.);
#2701=EDGE_CURVE('',#2125,#2127,#1023,.T.);
#2702=EDGE_CURVE('',#2127,#2128,#1024,.T.);
#2703=EDGE_CURVE('',#2128,#2126,#1025,.T.);
#2704=EDGE_CURVE('',#2129,#2130,#1026,.T.);
#2705=EDGE_CURVE('',#2129,#2131,#1027,.T.);
#2706=EDGE_CURVE('',#2131,#2132,#1028,.T.);
#2707=EDGE_CURVE('',#2132,#2130,#1029,.T.);
#2708=EDGE_CURVE('',#2133,#2134,#1030,.T.);
#2709=EDGE_CURVE('',#2130,#2133,#1345,.T.);
#2710=EDGE_CURVE('',#2134,#2132,#1346,.T.);
#2711=EDGE_CURVE('',#2122,#2131,#1347,.T.);
#2712=EDGE_CURVE('',#2132,#2121,#1348,.T.);
#2713=EDGE_CURVE('',#2135,#2136,#1031,.T.);
#2714=EDGE_CURVE('',#2136,#2137,#1032,.T.);
#2715=EDGE_CURVE('',#2137,#2135,#1033,.T.);
#2716=EDGE_CURVE('',#2138,#2139,#1034,.T.);
#2717=EDGE_CURVE('',#2140,#2139,#1035,.T.);
#2718=EDGE_CURVE('',#2140,#2141,#1036,.T.);
#2719=EDGE_CURVE('',#2141,#2138,#1037,.T.);
#2720=EDGE_CURVE('',#2138,#2127,#1349,.T.);
#2721=EDGE_CURVE('',#2128,#2141,#1350,.T.);
#2722=EDGE_CURVE('',#2142,#2143,#1038,.T.);
#2723=EDGE_CURVE('',#2143,#2144,#1039,.T.);
#2724=EDGE_CURVE('',#2144,#2142,#1040,.T.);
#2725=EDGE_CURVE('',#2145,#2146,#1041,.T.);
#2726=EDGE_CURVE('',#2146,#2147,#1042,.T.);
#2727=EDGE_CURVE('',#2147,#2145,#1043,.T.);
#2728=EDGE_CURVE('',#2145,#2140,#1351,.T.);
#2729=EDGE_CURVE('',#2141,#2147,#1352,.T.);
#2730=EDGE_CURVE('',#2137,#2146,#1353,.T.);
#2731=EDGE_CURVE('',#2147,#2136,#1354,.T.);
#2732=EDGE_CURVE('',#2148,#2149,#1044,.T.);
#2733=EDGE_CURVE('',#2149,#2150,#1045,.T.);
#2734=EDGE_CURVE('',#2150,#2148,#1046,.T.);
#2735=EDGE_CURVE('',#2148,#2144,#1355,.T.);
#2736=EDGE_CURVE('',#2142,#2150,#1356,.T.);
#2737=EDGE_CURVE('',#2151,#2152,#1047,.T.);
#2738=EDGE_CURVE('',#2150,#2151,#1357,.T.);
#2739=EDGE_CURVE('',#2152,#2149,#1358,.T.);
#2740=EDGE_CURVE('',#2153,#2154,#1048,.T.);
#2741=EDGE_CURVE('',#2151,#2153,#1049,.T.);
#2742=EDGE_CURVE('',#2154,#2152,#1050,.T.);
#2743=EDGE_CURVE('',#2149,#2145,#1359,.T.);
#2744=EDGE_CURVE('',#2146,#2148,#1360,.T.);
#2745=EDGE_CURVE('',#2155,#2154,#1361,.T.);
#2746=EDGE_CURVE('',#2156,#2155,#1865,.T.);
#2747=EDGE_CURVE('',#2153,#2156,#1362,.T.);
#2748=EDGE_CURVE('',#2144,#2137,#1363,.T.);
#2749=EDGE_CURVE('',#2135,#2143,#1364,.T.);
#2750=EDGE_CURVE('',#2157,#2158,#1051,.T.);
#2751=EDGE_CURVE('',#2143,#2157,#1365,.T.);
#2752=EDGE_CURVE('',#2158,#2142,#1366,.T.);
#2753=EDGE_CURVE('',#2156,#2129,#1367,.T.);
#2754=EDGE_CURVE('',#2131,#2155,#1368,.T.);
#2755=EDGE_CURVE('',#2159,#2138,#1369,.T.);
#2756=EDGE_CURVE('',#2160,#2159,#1866,.T.);
#2757=EDGE_CURVE('',#2139,#2160,#1370,.T.);
#2758=EDGE_CURVE('',#2126,#2135,#1371,.T.);
#2759=EDGE_CURVE('',#2136,#2128,#1372,.T.);
#2760=EDGE_CURVE('',#2161,#2162,#1052,.T.);
#2761=EDGE_CURVE('',#2157,#2161,#1053,.T.);
#2762=EDGE_CURVE('',#2162,#2158,#1054,.T.);
#2763=EDGE_CURVE('',#2160,#2122,#1373,.T.);
#2764=EDGE_CURVE('',#2123,#2159,#1374,.T.);
#2765=EDGE_CURVE('',#2163,#2164,#1055,.T.);
#2766=EDGE_CURVE('',#2127,#2163,#1375,.T.);
#2767=EDGE_CURVE('',#2164,#2125,#1376,.T.);
#2768=EDGE_CURVE('',#2165,#2166,#1056,.T.);
#2769=EDGE_CURVE('',#2161,#2165,#1377,.T.);
#2770=EDGE_CURVE('',#2166,#2162,#1378,.T.);
#2771=EDGE_CURVE('',#2167,#2168,#1057,.T.);
#2772=EDGE_CURVE('',#2133,#2167,#1058,.T.);
#2773=EDGE_CURVE('',#2168,#2134,#1059,.T.);
#2774=EDGE_CURVE('',#2169,#2170,#1060,.T.);
#2775=EDGE_CURVE('',#2163,#2169,#1061,.T.);
#2776=EDGE_CURVE('',#2170,#2164,#1062,.T.);
#2777=EDGE_CURVE('',#2171,#2172,#1063,.T.);
#2778=EDGE_CURVE('',#2165,#2171,#1064,.T.);
#2779=EDGE_CURVE('',#2172,#2166,#1065,.T.);
#2780=EDGE_CURVE('',#2119,#2115,#1379,.T.);
#2781=EDGE_CURVE('',#2116,#2118,#1380,.T.);
#2782=EDGE_CURVE('',#2109,#2117,#1381,.T.);
#2783=EDGE_CURVE('',#2118,#2108,#1382,.T.);
#2784=EDGE_CURVE('',#2107,#2168,#1383,.T.);
#2785=EDGE_CURVE('',#2167,#2106,#1384,.T.);
#2786=EDGE_CURVE('',#2104,#2170,#1385,.T.);
#2787=EDGE_CURVE('',#2169,#2103,#1386,.T.);
#2788=EDGE_CURVE('',#2171,#2100,#1387,.T.);
#2789=EDGE_CURVE('',#2101,#2172,#1388,.T.);
#2790=EDGE_CURVE('',#2115,#2107,#1389,.T.);
#2791=EDGE_CURVE('',#2105,#2114,#1390,.T.);
#2792=EDGE_CURVE('',#2092,#2105,#1391,.T.);
#2793=EDGE_CURVE('',#2106,#2091,#1392,.T.);
#2794=EDGE_CURVE('',#2090,#2102,#1393,.T.);
#2795=EDGE_CURVE('',#2103,#2089,#1394,.T.);
#2796=EDGE_CURVE('',#2173,#2174,#1066,.T.);
#2797=EDGE_CURVE('',#2112,#2173,#1067,.T.);
#2798=EDGE_CURVE('',#2174,#2113,#1068,.T.);
#2799=EDGE_CURVE('',#2173,#2088,#1395,.T.);
#2800=EDGE_CURVE('',#2089,#2174,#1396,.T.);
#2801=EDGE_CURVE('',#2175,#2176,#1069,.T.);
#2802=EDGE_CURVE('',#2094,#2175,#1070,.T.);
#2803=EDGE_CURVE('',#2176,#2095,#1071,.T.);
#2804=EDGE_CURVE('',#2177,#2178,#1072,.T.);
#2805=EDGE_CURVE('',#2086,#2177,#1073,.T.);
#2806=EDGE_CURVE('',#2178,#2087,#1074,.T.);
#2807=EDGE_CURVE('',#2175,#2178,#1397,.T.);
#2808=EDGE_CURVE('',#2177,#2176,#1398,.T.);
#2809=EDGE_CURVE('',#2174,#2169,#1399,.T.);
#2810=EDGE_CURVE('',#2163,#2113,#1400,.T.);
#2811=EDGE_CURVE('',#2094,#2167,#1401,.T.);
#2812=EDGE_CURVE('',#2162,#2153,#1402,.T.);
#2813=EDGE_CURVE('',#2151,#2158,#1403,.T.);
#2814=EDGE_CURVE('',#2155,#2160,#1404,.T.);
#2815=EDGE_CURVE('',#2178,#2166,#1405,.T.);
#2816=EDGE_CURVE('',#2133,#2175,#1406,.T.);
#2817=EDGE_CURVE('',#2172,#2087,#1407,.T.);
#2818=EDGE_CURVE('',#2179,#2180,#1075,.T.);
#2819=EDGE_CURVE('',#2181,#2179,#1076,.T.);
#2820=EDGE_CURVE('',#2180,#2181,#1077,.T.);
#2821=EDGE_CURVE('',#2182,#2183,#1078,.T.);
#2822=EDGE_CURVE('',#2183,#2181,#1408,.T.);
#2823=EDGE_CURVE('',#2179,#2182,#1409,.T.);
#2824=EDGE_CURVE('',#2184,#2185,#1079,.T.);
#2825=EDGE_CURVE('',#2186,#2184,#1080,.T.);
#2826=EDGE_CURVE('',#2185,#2186,#1081,.T.);
#2827=EDGE_CURVE('',#2184,#2179,#1410,.T.);
#2828=EDGE_CURVE('',#2180,#2186,#1411,.T.);
#2829=EDGE_CURVE('',#2187,#2188,#1082,.T.);
#2830=EDGE_CURVE('',#2189,#2187,#1083,.T.);
#2831=EDGE_CURVE('',#2188,#2189,#1084,.T.);
#2832=EDGE_CURVE('',#2190,#2191,#1085,.T.);
#2833=EDGE_CURVE('',#2191,#2189,#1412,.T.);
#2834=EDGE_CURVE('',#2187,#2190,#1413,.T.);
#2835=EDGE_CURVE('',#2192,#2193,#1086,.T.);
#2836=EDGE_CURVE('',#2194,#2192,#1087,.T.);
#2837=EDGE_CURVE('',#2193,#2194,#1088,.T.);
#2838=EDGE_CURVE('',#2192,#2188,#1414,.T.);
#2839=EDGE_CURVE('',#2189,#2194,#1415,.T.);
#2840=EDGE_CURVE('',#2195,#2196,#1089,.T.);
#2841=EDGE_CURVE('',#2197,#2195,#1090,.T.);
#2842=EDGE_CURVE('',#2196,#2197,#1091,.T.);
#2843=EDGE_CURVE('',#2195,#2180,#1416,.T.);
#2844=EDGE_CURVE('',#2181,#2197,#1417,.T.);
#2845=EDGE_CURVE('',#2198,#2199,#1092,.T.);
#2846=EDGE_CURVE('',#2200,#2198,#1093,.T.);
#2847=EDGE_CURVE('',#2199,#2200,#1094,.T.);
#2848=EDGE_CURVE('',#2198,#2195,#1418,.T.);
#2849=EDGE_CURVE('',#2196,#2200,#1419,.T.);
#2850=EDGE_CURVE('',#2201,#2202,#1095,.T.);
#2851=EDGE_CURVE('',#2203,#2201,#1096,.T.);
#2852=EDGE_CURVE('',#2202,#2203,#1097,.T.);
#2853=EDGE_CURVE('',#2204,#2205,#1098,.T.);
#2854=EDGE_CURVE('',#2206,#2204,#1099,.T.);
#2855=EDGE_CURVE('',#2206,#2207,#1100,.T.);
#2856=EDGE_CURVE('',#2205,#2207,#1101,.T.);
#2857=EDGE_CURVE('',#2204,#2193,#1420,.T.);
#2858=EDGE_CURVE('',#2194,#2206,#1421,.T.);
#2859=EDGE_CURVE('',#2208,#2209,#1102,.T.);
#2860=EDGE_CURVE('',#2209,#2205,#1422,.T.);
#2861=EDGE_CURVE('',#2207,#2208,#1423,.T.);
#2862=EDGE_CURVE('',#2210,#2211,#1103,.T.);
#2863=EDGE_CURVE('',#2212,#2210,#1104,.T.);
#2864=EDGE_CURVE('',#2211,#2212,#1105,.T.);
#2865=EDGE_CURVE('',#2193,#2212,#1424,.T.);
#2866=EDGE_CURVE('',#2210,#2192,#1425,.T.);
#2867=EDGE_CURVE('',#2213,#2214,#1106,.T.);
#2868=EDGE_CURVE('',#2215,#2213,#1107,.T.);
#2869=EDGE_CURVE('',#2215,#2216,#1108,.T.);
#2870=EDGE_CURVE('',#2214,#2216,#1109,.T.);
#2871=EDGE_CURVE('',#2217,#2218,#1110,.T.);
#2872=EDGE_CURVE('',#2219,#2217,#1111,.T.);
#2873=EDGE_CURVE('',#2219,#2220,#1112,.T.);
#2874=EDGE_CURVE('',#2218,#2220,#1113,.T.);
#2875=EDGE_CURVE('',#2213,#2219,#1426,.T.);
#2876=EDGE_CURVE('',#2217,#2215,#1427,.T.);
#2877=EDGE_CURVE('',#2221,#2222,#1114,.T.);
#2878=EDGE_CURVE('',#2223,#2222,#1115,.T.);
#2879=EDGE_CURVE('',#2224,#2223,#1116,.T.);
#2880=EDGE_CURVE('',#2221,#2224,#1117,.T.);
#2881=EDGE_CURVE('',#2225,#2226,#1118,.T.);
#2882=EDGE_CURVE('',#2227,#2226,#1119,.T.);
#2883=EDGE_CURVE('',#2228,#2227,#1120,.T.);
#2884=EDGE_CURVE('',#2225,#2228,#1121,.T.);
#2885=EDGE_CURVE('',#2229,#2230,#1122,.T.);
#2886=EDGE_CURVE('',#2230,#2227,#1428,.T.);
#2887=EDGE_CURVE('',#2226,#2229,#1429,.T.);
#2888=EDGE_CURVE('',#2227,#2217,#1430,.T.);
#2889=EDGE_CURVE('',#2218,#2228,#1431,.T.);
#2890=EDGE_CURVE('',#2231,#2232,#1123,.T.);
#2891=EDGE_CURVE('',#2233,#2231,#1124,.T.);
#2892=EDGE_CURVE('',#2232,#2233,#1125,.T.);
#2893=EDGE_CURVE('',#2234,#2235,#1126,.T.);
#2894=EDGE_CURVE('',#2236,#2234,#1127,.T.);
#2895=EDGE_CURVE('',#2237,#2236,#1128,.T.);
#2896=EDGE_CURVE('',#2237,#2235,#1129,.T.);
#2897=EDGE_CURVE('',#2223,#2236,#1432,.T.);
#2898=EDGE_CURVE('',#2234,#2224,#1433,.T.);
#2899=EDGE_CURVE('',#2238,#2239,#1130,.T.);
#2900=EDGE_CURVE('',#2240,#2238,#1131,.T.);
#2901=EDGE_CURVE('',#2239,#2240,#1132,.T.);
#2902=EDGE_CURVE('',#2241,#2242,#1133,.T.);
#2903=EDGE_CURVE('',#2243,#2241,#1134,.T.);
#2904=EDGE_CURVE('',#2242,#2243,#1135,.T.);
#2905=EDGE_CURVE('',#2236,#2243,#1434,.T.);
#2906=EDGE_CURVE('',#2241,#2237,#1435,.T.);
#2907=EDGE_CURVE('',#2243,#2232,#1436,.T.);
#2908=EDGE_CURVE('',#2233,#2242,#1437,.T.);
#2909=EDGE_CURVE('',#2244,#2245,#1136,.T.);
#2910=EDGE_CURVE('',#2246,#2244,#1137,.T.);
#2911=EDGE_CURVE('',#2245,#2246,#1138,.T.);
#2912=EDGE_CURVE('',#2238,#2246,#1438,.T.);
#2913=EDGE_CURVE('',#2244,#2240,#1439,.T.);
#2914=EDGE_CURVE('',#2247,#2248,#1139,.T.);
#2915=EDGE_CURVE('',#2248,#2245,#1440,.T.);
#2916=EDGE_CURVE('',#2246,#2247,#1441,.T.);
#2917=EDGE_CURVE('',#2249,#2250,#1140,.T.);
#2918=EDGE_CURVE('',#2250,#2248,#1141,.T.);
#2919=EDGE_CURVE('',#2247,#2249,#1142,.T.);
#2920=EDGE_CURVE('',#2242,#2244,#1442,.T.);
#2921=EDGE_CURVE('',#2245,#2241,#1443,.T.);
#2922=EDGE_CURVE('',#2251,#2250,#1444,.T.);
#2923=EDGE_CURVE('',#2249,#2252,#1445,.T.);
#2924=EDGE_CURVE('',#2252,#2251,#1867,.T.);
#2925=EDGE_CURVE('',#2231,#2239,#1446,.T.);
#2926=EDGE_CURVE('',#2240,#2233,#1447,.T.);
#2927=EDGE_CURVE('',#2253,#2254,#1143,.T.);
#2928=EDGE_CURVE('',#2254,#2238,#1448,.T.);
#2929=EDGE_CURVE('',#2239,#2253,#1449,.T.);
#2930=EDGE_CURVE('',#2252,#2225,#1450,.T.);
#2931=EDGE_CURVE('',#2228,#2251,#1451,.T.);
#2932=EDGE_CURVE('',#2255,#2234,#1452,.T.);
#2933=EDGE_CURVE('',#2235,#2256,#1453,.T.);
#2934=EDGE_CURVE('',#2256,#2255,#1868,.T.);
#2935=EDGE_CURVE('',#2232,#2223,#1454,.T.);
#2936=EDGE_CURVE('',#2222,#2231,#1455,.T.);
#2937=EDGE_CURVE('',#2257,#2258,#1144,.T.);
#2938=EDGE_CURVE('',#2258,#2254,#1145,.T.);
#2939=EDGE_CURVE('',#2253,#2257,#1146,.T.);
#2940=EDGE_CURVE('',#2256,#2218,#1456,.T.);
#2941=EDGE_CURVE('',#2220,#2255,#1457,.T.);
#2942=EDGE_CURVE('',#2259,#2260,#1147,.T.);
#2943=EDGE_CURVE('',#2260,#2221,#1458,.T.);
#2944=EDGE_CURVE('',#2224,#2259,#1459,.T.);
#2945=EDGE_CURVE('',#2261,#2262,#1148,.T.);
#2946=EDGE_CURVE('',#2262,#2258,#1460,.T.);
#2947=EDGE_CURVE('',#2257,#2261,#1461,.T.);
#2948=EDGE_CURVE('',#2263,#2264,#1149,.T.);
#2949=EDGE_CURVE('',#2264,#2230,#1150,.T.);
#2950=EDGE_CURVE('',#2229,#2263,#1151,.T.);
#2951=EDGE_CURVE('',#2265,#2266,#1152,.T.);
#2952=EDGE_CURVE('',#2266,#2260,#1153,.T.);
#2953=EDGE_CURVE('',#2259,#2265,#1154,.T.);
#2954=EDGE_CURVE('',#2267,#2268,#1155,.T.);
#2955=EDGE_CURVE('',#2268,#2262,#1156,.T.);
#2956=EDGE_CURVE('',#2261,#2267,#1157,.T.);
#2957=EDGE_CURVE('',#2212,#2214,#1462,.T.);
#2958=EDGE_CURVE('',#2216,#2211,#1463,.T.);
#2959=EDGE_CURVE('',#2214,#2204,#1464,.T.);
#2960=EDGE_CURVE('',#2205,#2213,#1465,.T.);
#2961=EDGE_CURVE('',#2263,#2202,#1466,.T.);
#2962=EDGE_CURVE('',#2203,#2264,#1467,.T.);
#2963=EDGE_CURVE('',#2265,#2199,#1468,.T.);
#2964=EDGE_CURVE('',#2200,#2266,#1469,.T.);
#2965=EDGE_CURVE('',#2197,#2268,#1470,.T.);
#2966=EDGE_CURVE('',#2267,#2196,#1471,.T.);
#2967=EDGE_CURVE('',#2201,#2210,#1472,.T.);
#2968=EDGE_CURVE('',#2211,#2203,#1473,.T.);
#2969=EDGE_CURVE('',#2202,#2187,#1474,.T.);
#2970=EDGE_CURVE('',#2188,#2201,#1475,.T.);
#2971=EDGE_CURVE('',#2199,#2185,#1476,.T.);
#2972=EDGE_CURVE('',#2186,#2198,#1477,.T.);
#2973=EDGE_CURVE('',#2269,#2270,#1158,.T.);
#2974=EDGE_CURVE('',#2270,#2209,#1159,.T.);
#2975=EDGE_CURVE('',#2208,#2269,#1160,.T.);
#2976=EDGE_CURVE('',#2185,#2270,#1478,.T.);
#2977=EDGE_CURVE('',#2269,#2184,#1479,.T.);
#2978=EDGE_CURVE('',#2271,#2272,#1161,.T.);
#2979=EDGE_CURVE('',#2272,#2191,#1162,.T.);
#2980=EDGE_CURVE('',#2190,#2271,#1163,.T.);
#2981=EDGE_CURVE('',#2273,#2274,#1164,.T.);
#2982=EDGE_CURVE('',#2274,#2183,#1165,.T.);
#2983=EDGE_CURVE('',#2182,#2273,#1166,.T.);
#2984=EDGE_CURVE('',#2273,#2272,#1480,.T.);
#2985=EDGE_CURVE('',#2271,#2274,#1481,.T.);
#2986=EDGE_CURVE('',#2270,#2265,#1482,.T.);
#2987=EDGE_CURVE('',#2259,#2209,#1483,.T.);
#2988=EDGE_CURVE('',#2190,#2263,#1484,.T.);
#2989=EDGE_CURVE('',#2247,#2254,#1485,.T.);
#2990=EDGE_CURVE('',#2258,#2249,#1486,.T.);
#2991=EDGE_CURVE('',#2251,#2256,#1487,.T.);
#2992=EDGE_CURVE('',#2229,#2271,#1488,.T.);
#2993=EDGE_CURVE('',#2274,#2262,#1489,.T.);
#2994=EDGE_CURVE('',#2268,#2183,#1490,.T.);
#2995=ORIENTED_EDGE('',*,*,#2275,.F.);
#2996=ORIENTED_EDGE('',*,*,#2276,.T.);
#2997=ORIENTED_EDGE('',*,*,#2277,.T.);
#2998=ORIENTED_EDGE('',*,*,#2278,.T.);
#2999=ORIENTED_EDGE('',*,*,#2279,.F.);
#3000=ORIENTED_EDGE('',*,*,#2277,.F.);
#3001=ORIENTED_EDGE('',*,*,#2280,.T.);
#3002=ORIENTED_EDGE('',*,*,#2281,.T.);
#3003=ORIENTED_EDGE('',*,*,#2281,.F.);
#3004=ORIENTED_EDGE('',*,*,#2282,.T.);
#3005=ORIENTED_EDGE('',*,*,#2283,.T.);
#3006=ORIENTED_EDGE('',*,*,#2284,.F.);
#3007=ORIENTED_EDGE('',*,*,#2285,.T.);
#3008=ORIENTED_EDGE('',*,*,#2280,.F.);
#3009=ORIENTED_EDGE('',*,*,#2286,.T.);
#3010=ORIENTED_EDGE('',*,*,#2287,.F.);
#3011=ORIENTED_EDGE('',*,*,#2288,.T.);
#3012=ORIENTED_EDGE('',*,*,#2276,.F.);
#3013=ORIENTED_EDGE('',*,*,#2289,.F.);
#3014=ORIENTED_EDGE('',*,*,#2290,.F.);
#3015=ORIENTED_EDGE('',*,*,#2286,.F.);
#3016=ORIENTED_EDGE('',*,*,#2291,.F.);
#3017=ORIENTED_EDGE('',*,*,#2292,.T.);
#3018=ORIENTED_EDGE('',*,*,#2293,.T.);
#3019=ORIENTED_EDGE('',*,*,#2290,.T.);
#3020=ORIENTED_EDGE('',*,*,#2294,.F.);
#3021=ORIENTED_EDGE('',*,*,#2293,.F.);
#3022=ORIENTED_EDGE('',*,*,#2295,.T.);
#3023=ORIENTED_EDGE('',*,*,#2287,.T.);
#3024=ORIENTED_EDGE('',*,*,#2295,.F.);
#3025=ORIENTED_EDGE('',*,*,#2296,.T.);
#3026=ORIENTED_EDGE('',*,*,#2297,.F.);
#3027=ORIENTED_EDGE('',*,*,#2298,.T.);
#3028=ORIENTED_EDGE('',*,*,#2299,.T.);
#3029=ORIENTED_EDGE('',*,*,#2292,.F.);
#3030=ORIENTED_EDGE('',*,*,#2300,.F.);
#3031=ORIENTED_EDGE('',*,*,#2301,.F.);
#3032=ORIENTED_EDGE('',*,*,#2302,.F.);
#3033=ORIENTED_EDGE('',*,*,#2296,.F.);
#3034=ORIENTED_EDGE('',*,*,#2291,.T.);
#3035=ORIENTED_EDGE('',*,*,#2303,.T.);
#3036=ORIENTED_EDGE('',*,*,#2304,.T.);
#3037=ORIENTED_EDGE('',*,*,#2305,.F.);
#3038=ORIENTED_EDGE('',*,*,#2306,.F.);
#3039=ORIENTED_EDGE('',*,*,#2300,.T.);
#3040=ORIENTED_EDGE('',*,*,#2275,.T.);
#3041=ORIENTED_EDGE('',*,*,#2307,.F.);
#3042=ORIENTED_EDGE('',*,*,#2308,.T.);
#3043=ORIENTED_EDGE('',*,*,#2303,.F.);
#3044=ORIENTED_EDGE('',*,*,#2294,.T.);
#3045=ORIENTED_EDGE('',*,*,#2289,.T.);
#3046=ORIENTED_EDGE('',*,*,#2279,.T.);
#3047=ORIENTED_EDGE('',*,*,#2309,.T.);
#3048=ORIENTED_EDGE('',*,*,#2310,.F.);
#3049=ORIENTED_EDGE('',*,*,#2311,.F.);
#3050=ORIENTED_EDGE('',*,*,#2312,.T.);
#3051=ORIENTED_EDGE('',*,*,#2307,.T.);
#3052=ORIENTED_EDGE('',*,*,#2306,.T.);
#3053=ORIENTED_EDGE('',*,*,#2313,.F.);
#3054=ORIENTED_EDGE('',*,*,#2314,.T.);
#3055=ORIENTED_EDGE('',*,*,#2315,.T.);
#3056=ORIENTED_EDGE('',*,*,#2301,.T.);
#3057=ORIENTED_EDGE('',*,*,#2305,.T.);
#3058=ORIENTED_EDGE('',*,*,#2316,.T.);
#3059=ORIENTED_EDGE('',*,*,#2311,.T.);
#3060=ORIENTED_EDGE('',*,*,#2317,.T.);
#3061=ORIENTED_EDGE('',*,*,#2318,.T.);
#3062=ORIENTED_EDGE('',*,*,#2313,.T.);
#3063=ORIENTED_EDGE('',*,*,#2308,.F.);
#3064=ORIENTED_EDGE('',*,*,#2312,.F.);
#3065=ORIENTED_EDGE('',*,*,#2316,.F.);
#3066=ORIENTED_EDGE('',*,*,#2304,.F.);
#3067=ORIENTED_EDGE('',*,*,#2310,.T.);
#3068=ORIENTED_EDGE('',*,*,#2319,.T.);
#3069=ORIENTED_EDGE('',*,*,#2320,.T.);
#3070=ORIENTED_EDGE('',*,*,#2321,.T.);
#3071=ORIENTED_EDGE('',*,*,#2317,.F.);
#3072=ORIENTED_EDGE('',*,*,#2322,.T.);
#3073=ORIENTED_EDGE('',*,*,#2323,.T.);
#3074=ORIENTED_EDGE('',*,*,#2320,.F.);
#3075=ORIENTED_EDGE('',*,*,#2324,.T.);
#3076=ORIENTED_EDGE('',*,*,#2321,.F.);
#3077=ORIENTED_EDGE('',*,*,#2325,.F.);
#3078=ORIENTED_EDGE('',*,*,#2314,.F.);
#3079=ORIENTED_EDGE('',*,*,#2318,.F.);
#3080=ORIENTED_EDGE('',*,*,#2323,.F.);
#3081=ORIENTED_EDGE('',*,*,#2326,.F.);
#3082=ORIENTED_EDGE('',*,*,#2327,.T.);
#3083=ORIENTED_EDGE('',*,*,#2328,.F.);
#3084=ORIENTED_EDGE('',*,*,#2329,.F.);
#3085=ORIENTED_EDGE('',*,*,#2325,.T.);
#3086=ORIENTED_EDGE('',*,*,#2322,.F.);
#3087=ORIENTED_EDGE('',*,*,#2284,.T.);
#3088=ORIENTED_EDGE('',*,*,#2330,.T.);
#3089=ORIENTED_EDGE('',*,*,#2326,.T.);
#3090=ORIENTED_EDGE('',*,*,#2278,.F.);
#3091=ORIENTED_EDGE('',*,*,#2285,.F.);
#3092=ORIENTED_EDGE('',*,*,#2324,.F.);
#3093=ORIENTED_EDGE('',*,*,#2319,.F.);
#3094=ORIENTED_EDGE('',*,*,#2309,.F.);
#3095=ORIENTED_EDGE('',*,*,#2331,.T.);
#3096=ORIENTED_EDGE('',*,*,#2302,.T.);
#3097=ORIENTED_EDGE('',*,*,#2315,.F.);
#3098=ORIENTED_EDGE('',*,*,#2329,.T.);
#3099=ORIENTED_EDGE('',*,*,#2331,.F.);
#3100=ORIENTED_EDGE('',*,*,#2328,.T.);
#3101=ORIENTED_EDGE('',*,*,#2332,.T.);
#3102=ORIENTED_EDGE('',*,*,#2297,.T.);
#3103=ORIENTED_EDGE('',*,*,#2333,.F.);
#3104=ORIENTED_EDGE('',*,*,#2334,.T.);
#3105=ORIENTED_EDGE('',*,*,#2335,.F.);
#3106=ORIENTED_EDGE('',*,*,#2336,.F.);
#3107=ORIENTED_EDGE('',*,*,#2337,.T.);
#3108=ORIENTED_EDGE('',*,*,#2338,.F.);
#3109=ORIENTED_EDGE('',*,*,#2338,.T.);
#3110=ORIENTED_EDGE('',*,*,#2339,.T.);
#3111=ORIENTED_EDGE('',*,*,#2340,.T.);
#3112=ORIENTED_EDGE('',*,*,#2341,.T.);
#3113=ORIENTED_EDGE('',*,*,#2342,.T.);
#3114=ORIENTED_EDGE('',*,*,#2337,.F.);
#3115=ORIENTED_EDGE('',*,*,#2343,.F.);
#3116=ORIENTED_EDGE('',*,*,#2344,.F.);
#3117=ORIENTED_EDGE('',*,*,#2339,.F.);
#3118=ORIENTED_EDGE('',*,*,#2336,.T.);
#3119=ORIENTED_EDGE('',*,*,#2345,.T.);
#3120=ORIENTED_EDGE('',*,*,#2346,.T.);
#3121=ORIENTED_EDGE('',*,*,#2347,.T.);
#3122=ORIENTED_EDGE('',*,*,#2343,.T.);
#3123=ORIENTED_EDGE('',*,*,#2348,.F.);
#3124=ORIENTED_EDGE('',*,*,#2349,.F.);
#3125=ORIENTED_EDGE('',*,*,#2350,.F.);
#3126=ORIENTED_EDGE('',*,*,#2333,.T.);
#3127=ORIENTED_EDGE('',*,*,#2342,.F.);
#3128=ORIENTED_EDGE('',*,*,#2351,.T.);
#3129=ORIENTED_EDGE('',*,*,#2349,.T.);
#3130=ORIENTED_EDGE('',*,*,#2352,.T.);
#3131=ORIENTED_EDGE('',*,*,#2353,.T.);
#3132=ORIENTED_EDGE('',*,*,#2354,.T.);
#3133=ORIENTED_EDGE('',*,*,#2350,.T.);
#3134=ORIENTED_EDGE('',*,*,#2355,.T.);
#3135=ORIENTED_EDGE('',*,*,#2356,.F.);
#3136=ORIENTED_EDGE('',*,*,#2357,.F.);
#3137=ORIENTED_EDGE('',*,*,#2358,.F.);
#3138=ORIENTED_EDGE('',*,*,#2357,.T.);
#3139=ORIENTED_EDGE('',*,*,#2359,.T.);
#3140=ORIENTED_EDGE('',*,*,#2348,.T.);
#3141=ORIENTED_EDGE('',*,*,#2360,.T.);
#3142=ORIENTED_EDGE('',*,*,#2361,.T.);
#3143=ORIENTED_EDGE('',*,*,#2362,.T.);
#3144=ORIENTED_EDGE('',*,*,#2363,.T.);
#3145=ORIENTED_EDGE('',*,*,#2361,.F.);
#3146=ORIENTED_EDGE('',*,*,#2364,.T.);
#3147=ORIENTED_EDGE('',*,*,#2358,.T.);
#3148=ORIENTED_EDGE('',*,*,#2365,.T.);
#3149=ORIENTED_EDGE('',*,*,#2335,.T.);
#3150=ORIENTED_EDGE('',*,*,#2366,.T.);
#3151=ORIENTED_EDGE('',*,*,#2356,.T.);
#3152=ORIENTED_EDGE('',*,*,#2367,.T.);
#3153=ORIENTED_EDGE('',*,*,#2345,.F.);
#3154=ORIENTED_EDGE('',*,*,#2353,.F.);
#3155=ORIENTED_EDGE('',*,*,#2368,.T.);
#3156=ORIENTED_EDGE('',*,*,#2369,.T.);
#3157=ORIENTED_EDGE('',*,*,#2368,.F.);
#3158=ORIENTED_EDGE('',*,*,#2370,.T.);
#3159=ORIENTED_EDGE('',*,*,#2371,.F.);
#3160=ORIENTED_EDGE('',*,*,#2372,.T.);
#3161=ORIENTED_EDGE('',*,*,#2373,.T.);
#3162=ORIENTED_EDGE('',*,*,#2355,.F.);
#3163=ORIENTED_EDGE('',*,*,#2351,.F.);
#3164=ORIENTED_EDGE('',*,*,#2341,.F.);
#3165=ORIENTED_EDGE('',*,*,#2374,.F.);
#3166=ORIENTED_EDGE('',*,*,#2370,.F.);
#3167=ORIENTED_EDGE('',*,*,#2369,.F.);
#3168=ORIENTED_EDGE('',*,*,#2375,.T.);
#3169=ORIENTED_EDGE('',*,*,#2362,.F.);
#3170=ORIENTED_EDGE('',*,*,#2376,.T.);
#3171=ORIENTED_EDGE('',*,*,#2334,.F.);
#3172=ORIENTED_EDGE('',*,*,#2352,.F.);
#3173=ORIENTED_EDGE('',*,*,#2359,.F.);
#3174=ORIENTED_EDGE('',*,*,#2366,.F.);
#3175=ORIENTED_EDGE('',*,*,#2377,.T.);
#3176=ORIENTED_EDGE('',*,*,#2378,.T.);
#3177=ORIENTED_EDGE('',*,*,#2347,.F.);
#3178=ORIENTED_EDGE('',*,*,#2379,.T.);
#3179=ORIENTED_EDGE('',*,*,#2364,.F.);
#3180=ORIENTED_EDGE('',*,*,#2380,.F.);
#3181=ORIENTED_EDGE('',*,*,#2379,.F.);
#3182=ORIENTED_EDGE('',*,*,#2346,.F.);
#3183=ORIENTED_EDGE('',*,*,#2367,.F.);
#3184=ORIENTED_EDGE('',*,*,#2381,.T.);
#3185=ORIENTED_EDGE('',*,*,#2374,.T.);
#3186=ORIENTED_EDGE('',*,*,#2340,.F.);
#3187=ORIENTED_EDGE('',*,*,#2382,.T.);
#3188=ORIENTED_EDGE('',*,*,#2381,.F.);
#3189=ORIENTED_EDGE('',*,*,#2383,.T.);
#3190=ORIENTED_EDGE('',*,*,#2384,.T.);
#3191=ORIENTED_EDGE('',*,*,#2371,.T.);
#3192=ORIENTED_EDGE('',*,*,#2378,.F.);
#3193=ORIENTED_EDGE('',*,*,#2385,.F.);
#3194=ORIENTED_EDGE('',*,*,#2386,.T.);
#3195=ORIENTED_EDGE('',*,*,#2383,.F.);
#3196=ORIENTED_EDGE('',*,*,#2382,.F.);
#3197=ORIENTED_EDGE('',*,*,#2344,.T.);
#3198=ORIENTED_EDGE('',*,*,#2377,.F.);
#3199=ORIENTED_EDGE('',*,*,#2387,.T.);
#3200=ORIENTED_EDGE('',*,*,#2388,.T.);
#3201=ORIENTED_EDGE('',*,*,#2385,.T.);
#3202=ORIENTED_EDGE('',*,*,#2363,.F.);
#3203=ORIENTED_EDGE('',*,*,#2389,.T.);
#3204=ORIENTED_EDGE('',*,*,#2390,.T.);
#3205=ORIENTED_EDGE('',*,*,#2387,.F.);
#3206=ORIENTED_EDGE('',*,*,#2380,.T.);
#3207=ORIENTED_EDGE('',*,*,#2354,.F.);
#3208=ORIENTED_EDGE('',*,*,#2376,.F.);
#3209=ORIENTED_EDGE('',*,*,#2365,.F.);
#3210=ORIENTED_EDGE('',*,*,#2360,.F.);
#3211=ORIENTED_EDGE('',*,*,#2391,.F.);
#3212=ORIENTED_EDGE('',*,*,#2392,.T.);
#3213=ORIENTED_EDGE('',*,*,#2393,.F.);
#3214=ORIENTED_EDGE('',*,*,#2394,.F.);
#3215=ORIENTED_EDGE('',*,*,#2395,.T.);
#3216=ORIENTED_EDGE('',*,*,#2396,.F.);
#3217=ORIENTED_EDGE('',*,*,#2394,.T.);
#3218=ORIENTED_EDGE('',*,*,#2397,.T.);
#3219=ORIENTED_EDGE('',*,*,#2398,.T.);
#3220=ORIENTED_EDGE('',*,*,#2399,.F.);
#3221=ORIENTED_EDGE('',*,*,#2400,.F.);
#3222=ORIENTED_EDGE('',*,*,#2401,.T.);
#3223=ORIENTED_EDGE('',*,*,#2393,.T.);
#3224=ORIENTED_EDGE('',*,*,#2402,.T.);
#3225=ORIENTED_EDGE('',*,*,#2403,.T.);
#3226=ORIENTED_EDGE('',*,*,#2404,.T.);
#3227=ORIENTED_EDGE('',*,*,#2397,.F.);
#3228=ORIENTED_EDGE('',*,*,#2392,.F.);
#3229=ORIENTED_EDGE('',*,*,#2405,.F.);
#3230=ORIENTED_EDGE('',*,*,#2406,.F.);
#3231=ORIENTED_EDGE('',*,*,#2402,.F.);
#3232=ORIENTED_EDGE('',*,*,#2407,.T.);
#3233=ORIENTED_EDGE('',*,*,#2408,.T.);
#3234=ORIENTED_EDGE('',*,*,#2403,.F.);
#3235=ORIENTED_EDGE('',*,*,#2409,.T.);
#3236=ORIENTED_EDGE('',*,*,#2404,.F.);
#3237=ORIENTED_EDGE('',*,*,#2408,.F.);
#3238=ORIENTED_EDGE('',*,*,#2410,.F.);
#3239=ORIENTED_EDGE('',*,*,#2411,.F.);
#3240=ORIENTED_EDGE('',*,*,#2398,.F.);
#3241=ORIENTED_EDGE('',*,*,#2407,.F.);
#3242=ORIENTED_EDGE('',*,*,#2412,.T.);
#3243=ORIENTED_EDGE('',*,*,#2413,.T.);
#3244=ORIENTED_EDGE('',*,*,#2414,.T.);
#3245=ORIENTED_EDGE('',*,*,#2409,.F.);
#3246=ORIENTED_EDGE('',*,*,#2406,.T.);
#3247=ORIENTED_EDGE('',*,*,#2415,.F.);
#3248=ORIENTED_EDGE('',*,*,#2416,.F.);
#3249=ORIENTED_EDGE('',*,*,#2417,.T.);
#3250=ORIENTED_EDGE('',*,*,#2412,.F.);
#3251=ORIENTED_EDGE('',*,*,#2391,.T.);
#3252=ORIENTED_EDGE('',*,*,#2418,.F.);
#3253=ORIENTED_EDGE('',*,*,#2419,.T.);
#3254=ORIENTED_EDGE('',*,*,#2420,.T.);
#3255=ORIENTED_EDGE('',*,*,#2405,.T.);
#3256=ORIENTED_EDGE('',*,*,#2421,.T.);
#3257=ORIENTED_EDGE('',*,*,#2415,.T.);
#3258=ORIENTED_EDGE('',*,*,#2420,.F.);
#3259=ORIENTED_EDGE('',*,*,#2422,.T.);
#3260=ORIENTED_EDGE('',*,*,#2421,.F.);
#3261=ORIENTED_EDGE('',*,*,#2423,.T.);
#3262=ORIENTED_EDGE('',*,*,#2424,.T.);
#3263=ORIENTED_EDGE('',*,*,#2416,.T.);
#3264=ORIENTED_EDGE('',*,*,#2423,.F.);
#3265=ORIENTED_EDGE('',*,*,#2425,.T.);
#3266=ORIENTED_EDGE('',*,*,#2426,.F.);
#3267=ORIENTED_EDGE('',*,*,#2427,.T.);
#3268=ORIENTED_EDGE('',*,*,#2428,.T.);
#3269=ORIENTED_EDGE('',*,*,#2419,.F.);
#3270=ORIENTED_EDGE('',*,*,#2429,.F.);
#3271=ORIENTED_EDGE('',*,*,#2430,.F.);
#3272=ORIENTED_EDGE('',*,*,#2425,.F.);
#3273=ORIENTED_EDGE('',*,*,#2422,.F.);
#3274=ORIENTED_EDGE('',*,*,#2395,.F.);
#3275=ORIENTED_EDGE('',*,*,#2401,.F.);
#3276=ORIENTED_EDGE('',*,*,#2431,.F.);
#3277=ORIENTED_EDGE('',*,*,#2432,.F.);
#3278=ORIENTED_EDGE('',*,*,#2396,.T.);
#3279=ORIENTED_EDGE('',*,*,#2432,.T.);
#3280=ORIENTED_EDGE('',*,*,#2433,.F.);
#3281=ORIENTED_EDGE('',*,*,#2434,.F.);
#3282=ORIENTED_EDGE('',*,*,#2429,.T.);
#3283=ORIENTED_EDGE('',*,*,#2418,.T.);
#3284=ORIENTED_EDGE('',*,*,#2400,.T.);
#3285=ORIENTED_EDGE('',*,*,#2435,.T.);
#3286=ORIENTED_EDGE('',*,*,#2436,.T.);
#3287=ORIENTED_EDGE('',*,*,#2437,.T.);
#3288=ORIENTED_EDGE('',*,*,#2433,.T.);
#3289=ORIENTED_EDGE('',*,*,#2431,.T.);
#3290=ORIENTED_EDGE('',*,*,#2438,.T.);
#3291=ORIENTED_EDGE('',*,*,#2439,.T.);
#3292=ORIENTED_EDGE('',*,*,#2440,.T.);
#3293=ORIENTED_EDGE('',*,*,#2399,.T.);
#3294=ORIENTED_EDGE('',*,*,#2411,.T.);
#3295=ORIENTED_EDGE('',*,*,#2438,.F.);
#3296=ORIENTED_EDGE('',*,*,#2441,.T.);
#3297=ORIENTED_EDGE('',*,*,#2435,.F.);
#3298=ORIENTED_EDGE('',*,*,#2434,.T.);
#3299=ORIENTED_EDGE('',*,*,#2437,.F.);
#3300=ORIENTED_EDGE('',*,*,#2442,.T.);
#3301=ORIENTED_EDGE('',*,*,#2443,.T.);
#3302=ORIENTED_EDGE('',*,*,#2430,.T.);
#3303=ORIENTED_EDGE('',*,*,#2443,.F.);
#3304=ORIENTED_EDGE('',*,*,#2444,.T.);
#3305=ORIENTED_EDGE('',*,*,#2426,.T.);
#3306=ORIENTED_EDGE('',*,*,#2442,.F.);
#3307=ORIENTED_EDGE('',*,*,#2436,.F.);
#3308=ORIENTED_EDGE('',*,*,#2441,.F.);
#3309=ORIENTED_EDGE('',*,*,#2445,.F.);
#3310=ORIENTED_EDGE('',*,*,#2444,.F.);
#3311=ORIENTED_EDGE('',*,*,#2445,.T.);
#3312=ORIENTED_EDGE('',*,*,#2440,.F.);
#3313=ORIENTED_EDGE('',*,*,#2446,.T.);
#3314=ORIENTED_EDGE('',*,*,#2447,.T.);
#3315=ORIENTED_EDGE('',*,*,#2448,.T.);
#3316=ORIENTED_EDGE('',*,*,#2449,.T.);
#3317=ORIENTED_EDGE('',*,*,#2450,.F.);
#3318=ORIENTED_EDGE('',*,*,#2451,.T.);
#3319=ORIENTED_EDGE('',*,*,#2447,.F.);
#3320=ORIENTED_EDGE('',*,*,#2452,.T.);
#3321=ORIENTED_EDGE('',*,*,#2453,.F.);
#3322=ORIENTED_EDGE('',*,*,#2448,.F.);
#3323=ORIENTED_EDGE('',*,*,#2454,.T.);
#3324=ORIENTED_EDGE('',*,*,#2455,.F.);
#3325=ORIENTED_EDGE('',*,*,#2456,.T.);
#3326=ORIENTED_EDGE('',*,*,#2457,.T.);
#3327=ORIENTED_EDGE('',*,*,#2451,.F.);
#3328=ORIENTED_EDGE('',*,*,#2458,.F.);
#3329=ORIENTED_EDGE('',*,*,#2459,.F.);
#3330=ORIENTED_EDGE('',*,*,#2460,.F.);
#3331=ORIENTED_EDGE('',*,*,#2454,.F.);
#3332=ORIENTED_EDGE('',*,*,#2450,.T.);
#3333=ORIENTED_EDGE('',*,*,#2461,.T.);
#3334=ORIENTED_EDGE('',*,*,#2462,.T.);
#3335=ORIENTED_EDGE('',*,*,#2463,.T.);
#3336=ORIENTED_EDGE('',*,*,#2464,.T.);
#3337=ORIENTED_EDGE('',*,*,#2458,.T.);
#3338=ORIENTED_EDGE('',*,*,#2453,.T.);
#3339=ORIENTED_EDGE('',*,*,#2465,.T.);
#3340=ORIENTED_EDGE('',*,*,#2466,.F.);
#3341=ORIENTED_EDGE('',*,*,#2467,.F.);
#3342=ORIENTED_EDGE('',*,*,#2468,.T.);
#3343=ORIENTED_EDGE('',*,*,#2461,.F.);
#3344=ORIENTED_EDGE('',*,*,#2468,.F.);
#3345=ORIENTED_EDGE('',*,*,#2469,.F.);
#3346=ORIENTED_EDGE('',*,*,#2470,.F.);
#3347=ORIENTED_EDGE('',*,*,#2462,.F.);
#3348=ORIENTED_EDGE('',*,*,#2467,.T.);
#3349=ORIENTED_EDGE('',*,*,#2471,.T.);
#3350=ORIENTED_EDGE('',*,*,#2472,.T.);
#3351=ORIENTED_EDGE('',*,*,#2473,.F.);
#3352=ORIENTED_EDGE('',*,*,#2474,.T.);
#3353=ORIENTED_EDGE('',*,*,#2469,.T.);
#3354=ORIENTED_EDGE('',*,*,#2475,.T.);
#3355=ORIENTED_EDGE('',*,*,#2476,.T.);
#3356=ORIENTED_EDGE('',*,*,#2477,.T.);
#3357=ORIENTED_EDGE('',*,*,#2466,.T.);
#3358=ORIENTED_EDGE('',*,*,#2478,.T.);
#3359=ORIENTED_EDGE('',*,*,#2475,.F.);
#3360=ORIENTED_EDGE('',*,*,#2479,.T.);
#3361=ORIENTED_EDGE('',*,*,#2471,.F.);
#3362=ORIENTED_EDGE('',*,*,#2449,.F.);
#3363=ORIENTED_EDGE('',*,*,#2480,.T.);
#3364=ORIENTED_EDGE('',*,*,#2476,.F.);
#3365=ORIENTED_EDGE('',*,*,#2481,.T.);
#3366=ORIENTED_EDGE('',*,*,#2452,.F.);
#3367=ORIENTED_EDGE('',*,*,#2481,.F.);
#3368=ORIENTED_EDGE('',*,*,#2478,.F.);
#3369=ORIENTED_EDGE('',*,*,#2465,.F.);
#3370=ORIENTED_EDGE('',*,*,#2463,.F.);
#3371=ORIENTED_EDGE('',*,*,#2470,.T.);
#3372=ORIENTED_EDGE('',*,*,#2474,.F.);
#3373=ORIENTED_EDGE('',*,*,#2482,.F.);
#3374=ORIENTED_EDGE('',*,*,#2483,.T.);
#3375=ORIENTED_EDGE('',*,*,#2484,.F.);
#3376=ORIENTED_EDGE('',*,*,#2484,.T.);
#3377=ORIENTED_EDGE('',*,*,#2485,.T.);
#3378=ORIENTED_EDGE('',*,*,#2486,.T.);
#3379=ORIENTED_EDGE('',*,*,#2459,.T.);
#3380=ORIENTED_EDGE('',*,*,#2464,.F.);
#3381=ORIENTED_EDGE('',*,*,#2487,.T.);
#3382=ORIENTED_EDGE('',*,*,#2460,.T.);
#3383=ORIENTED_EDGE('',*,*,#2486,.F.);
#3384=ORIENTED_EDGE('',*,*,#2488,.T.);
#3385=ORIENTED_EDGE('',*,*,#2487,.F.);
#3386=ORIENTED_EDGE('',*,*,#2489,.T.);
#3387=ORIENTED_EDGE('',*,*,#2490,.T.);
#3388=ORIENTED_EDGE('',*,*,#2455,.T.);
#3389=ORIENTED_EDGE('',*,*,#2488,.F.);
#3390=ORIENTED_EDGE('',*,*,#2491,.T.);
#3391=ORIENTED_EDGE('',*,*,#2492,.F.);
#3392=ORIENTED_EDGE('',*,*,#2493,.F.);
#3393=ORIENTED_EDGE('',*,*,#2494,.T.);
#3394=ORIENTED_EDGE('',*,*,#2489,.F.);
#3395=ORIENTED_EDGE('',*,*,#2482,.T.);
#3396=ORIENTED_EDGE('',*,*,#2473,.T.);
#3397=ORIENTED_EDGE('',*,*,#2495,.T.);
#3398=ORIENTED_EDGE('',*,*,#2496,.T.);
#3399=ORIENTED_EDGE('',*,*,#2497,.T.);
#3400=ORIENTED_EDGE('',*,*,#2498,.T.);
#3401=ORIENTED_EDGE('',*,*,#2492,.T.);
#3402=ORIENTED_EDGE('',*,*,#2496,.F.);
#3403=ORIENTED_EDGE('',*,*,#2499,.T.);
#3404=ORIENTED_EDGE('',*,*,#2483,.F.);
#3405=ORIENTED_EDGE('',*,*,#2497,.F.);
#3406=ORIENTED_EDGE('',*,*,#2491,.F.);
#3407=ORIENTED_EDGE('',*,*,#2485,.F.);
#3408=ORIENTED_EDGE('',*,*,#2498,.F.);
#3409=ORIENTED_EDGE('',*,*,#2500,.T.);
#3410=ORIENTED_EDGE('',*,*,#2501,.T.);
#3411=ORIENTED_EDGE('',*,*,#2493,.T.);
#3412=ORIENTED_EDGE('',*,*,#2479,.F.);
#3413=ORIENTED_EDGE('',*,*,#2502,.F.);
#3414=ORIENTED_EDGE('',*,*,#2499,.F.);
#3415=ORIENTED_EDGE('',*,*,#2495,.F.);
#3416=ORIENTED_EDGE('',*,*,#2472,.F.);
#3417=ORIENTED_EDGE('',*,*,#2477,.F.);
#3418=ORIENTED_EDGE('',*,*,#2503,.T.);
#3419=ORIENTED_EDGE('',*,*,#2504,.T.);
#3420=ORIENTED_EDGE('',*,*,#2500,.F.);
#3421=ORIENTED_EDGE('',*,*,#2502,.T.);
#3422=ORIENTED_EDGE('',*,*,#2414,.F.);
#3423=ORIENTED_EDGE('',*,*,#2505,.T.);
#3424=ORIENTED_EDGE('',*,*,#2506,.T.);
#3425=ORIENTED_EDGE('',*,*,#2439,.F.);
#3426=ORIENTED_EDGE('',*,*,#2410,.T.);
#3427=ORIENTED_EDGE('',*,*,#2457,.F.);
#3428=ORIENTED_EDGE('',*,*,#2507,.F.);
#3429=ORIENTED_EDGE('',*,*,#2508,.F.);
#3430=ORIENTED_EDGE('',*,*,#2509,.F.);
#3431=ORIENTED_EDGE('',*,*,#2427,.F.);
#3432=ORIENTED_EDGE('',*,*,#2446,.F.);
#3433=ORIENTED_EDGE('',*,*,#2506,.F.);
#3434=ORIENTED_EDGE('',*,*,#2510,.F.);
#3435=ORIENTED_EDGE('',*,*,#2511,.F.);
#3436=ORIENTED_EDGE('',*,*,#2512,.F.);
#3437=ORIENTED_EDGE('',*,*,#2503,.F.);
#3438=ORIENTED_EDGE('',*,*,#2480,.F.);
#3439=ORIENTED_EDGE('',*,*,#2513,.T.);
#3440=ORIENTED_EDGE('',*,*,#2514,.T.);
#3441=ORIENTED_EDGE('',*,*,#2515,.T.);
#3442=ORIENTED_EDGE('',*,*,#2516,.T.);
#3443=ORIENTED_EDGE('',*,*,#2517,.T.);
#3444=ORIENTED_EDGE('',*,*,#2518,.T.);
#3445=ORIENTED_EDGE('',*,*,#2519,.T.);
#3446=ORIENTED_EDGE('',*,*,#2520,.T.);
#3447=ORIENTED_EDGE('',*,*,#2521,.T.);
#3448=ORIENTED_EDGE('',*,*,#2522,.T.);
#3449=ORIENTED_EDGE('',*,*,#2519,.F.);
#3450=ORIENTED_EDGE('',*,*,#2523,.T.);
#3451=ORIENTED_EDGE('',*,*,#2524,.T.);
#3452=ORIENTED_EDGE('',*,*,#2525,.T.);
#3453=ORIENTED_EDGE('',*,*,#2526,.T.);
#3454=ORIENTED_EDGE('',*,*,#2527,.T.);
#3455=ORIENTED_EDGE('',*,*,#2528,.T.);
#3456=ORIENTED_EDGE('',*,*,#2524,.F.);
#3457=ORIENTED_EDGE('',*,*,#2529,.T.);
#3458=ORIENTED_EDGE('',*,*,#2530,.T.);
#3459=ORIENTED_EDGE('',*,*,#2531,.T.);
#3460=ORIENTED_EDGE('',*,*,#2532,.T.);
#3461=ORIENTED_EDGE('',*,*,#2533,.T.);
#3462=ORIENTED_EDGE('',*,*,#2534,.T.);
#3463=ORIENTED_EDGE('',*,*,#2535,.T.);
#3464=ORIENTED_EDGE('',*,*,#2530,.F.);
#3465=ORIENTED_EDGE('',*,*,#2536,.T.);
#3466=ORIENTED_EDGE('',*,*,#2534,.F.);
#3467=ORIENTED_EDGE('',*,*,#2537,.T.);
#3468=ORIENTED_EDGE('',*,*,#2528,.F.);
#3469=ORIENTED_EDGE('',*,*,#2538,.T.);
#3470=ORIENTED_EDGE('',*,*,#2539,.T.);
#3471=ORIENTED_EDGE('',*,*,#2540,.T.);
#3472=ORIENTED_EDGE('',*,*,#2532,.F.);
#3473=ORIENTED_EDGE('',*,*,#2541,.T.);
#3474=ORIENTED_EDGE('',*,*,#2542,.T.);
#3475=ORIENTED_EDGE('',*,*,#2543,.T.);
#3476=ORIENTED_EDGE('',*,*,#2526,.F.);
#3477=ORIENTED_EDGE('',*,*,#2544,.T.);
#3478=ORIENTED_EDGE('',*,*,#2545,.T.);
#3479=ORIENTED_EDGE('',*,*,#2539,.F.);
#3480=ORIENTED_EDGE('',*,*,#2546,.T.);
#3481=ORIENTED_EDGE('',*,*,#2542,.F.);
#3482=ORIENTED_EDGE('',*,*,#2547,.T.);
#3483=ORIENTED_EDGE('',*,*,#2521,.F.);
#3484=ORIENTED_EDGE('',*,*,#2548,.T.);
#3485=ORIENTED_EDGE('',*,*,#2544,.F.);
#3486=ORIENTED_EDGE('',*,*,#2549,.T.);
#3487=ORIENTED_EDGE('',*,*,#2515,.F.);
#3488=ORIENTED_EDGE('',*,*,#2550,.T.);
#3489=ORIENTED_EDGE('',*,*,#2551,.T.);
#3490=ORIENTED_EDGE('',*,*,#2517,.F.);
#3491=ORIENTED_EDGE('',*,*,#2552,.T.);
#3492=ORIENTED_EDGE('',*,*,#2550,.F.);
#3493=ORIENTED_EDGE('',*,*,#2553,.T.);
#3494=ORIENTED_EDGE('',*,*,#2554,.T.);
#3495=ORIENTED_EDGE('',*,*,#2555,.T.);
#3496=ORIENTED_EDGE('',*,*,#2513,.F.);
#3497=ORIENTED_EDGE('',*,*,#2556,.T.);
#3498=ORIENTED_EDGE('',*,*,#2554,.F.);
#3499=ORIENTED_EDGE('',*,*,#2551,.F.);
#3500=ORIENTED_EDGE('',*,*,#2557,.T.);
#3501=ORIENTED_EDGE('',*,*,#2558,.T.);
#3502=ORIENTED_EDGE('',*,*,#2559,.F.);
#3503=ORIENTED_EDGE('',*,*,#2555,.F.);
#3504=ORIENTED_EDGE('',*,*,#2560,.T.);
#3505=ORIENTED_EDGE('',*,*,#2561,.T.);
#3506=ORIENTED_EDGE('',*,*,#2557,.F.);
#3507=ORIENTED_EDGE('',*,*,#2556,.F.);
#3508=ORIENTED_EDGE('',*,*,#2562,.T.);
#3509=ORIENTED_EDGE('',*,*,#2560,.F.);
#3510=ORIENTED_EDGE('',*,*,#2516,.F.);
#3511=ORIENTED_EDGE('',*,*,#2563,.F.);
#3512=ORIENTED_EDGE('',*,*,#2564,.T.);
#3513=ORIENTED_EDGE('',*,*,#2565,.F.);
#3514=ORIENTED_EDGE('',*,*,#2566,.F.);
#3515=ORIENTED_EDGE('',*,*,#2567,.F.);
#3516=ORIENTED_EDGE('',*,*,#2568,.T.);
#3517=ORIENTED_EDGE('',*,*,#2562,.F.);
#3518=ORIENTED_EDGE('',*,*,#2549,.F.);
#3519=ORIENTED_EDGE('',*,*,#2569,.F.);
#3520=ORIENTED_EDGE('',*,*,#2563,.T.);
#3521=ORIENTED_EDGE('',*,*,#2546,.F.);
#3522=ORIENTED_EDGE('',*,*,#2570,.F.);
#3523=ORIENTED_EDGE('',*,*,#2571,.T.);
#3524=ORIENTED_EDGE('',*,*,#2569,.T.);
#3525=ORIENTED_EDGE('',*,*,#2541,.F.);
#3526=ORIENTED_EDGE('',*,*,#2572,.F.);
#3527=ORIENTED_EDGE('',*,*,#2573,.T.);
#3528=ORIENTED_EDGE('',*,*,#2570,.T.);
#3529=ORIENTED_EDGE('',*,*,#2531,.F.);
#3530=ORIENTED_EDGE('',*,*,#2574,.T.);
#3531=ORIENTED_EDGE('',*,*,#2575,.T.);
#3532=ORIENTED_EDGE('',*,*,#2572,.T.);
#3533=ORIENTED_EDGE('',*,*,#2533,.F.);
#3534=ORIENTED_EDGE('',*,*,#2540,.F.);
#3535=ORIENTED_EDGE('',*,*,#2545,.F.);
#3536=ORIENTED_EDGE('',*,*,#2514,.F.);
#3537=ORIENTED_EDGE('',*,*,#2553,.F.);
#3538=ORIENTED_EDGE('',*,*,#2552,.F.);
#3539=ORIENTED_EDGE('',*,*,#2520,.F.);
#3540=ORIENTED_EDGE('',*,*,#2522,.F.);
#3541=ORIENTED_EDGE('',*,*,#2547,.F.);
#3542=ORIENTED_EDGE('',*,*,#2525,.F.);
#3543=ORIENTED_EDGE('',*,*,#2537,.F.);
#3544=ORIENTED_EDGE('',*,*,#2536,.F.);
#3545=ORIENTED_EDGE('',*,*,#2548,.F.);
#3546=ORIENTED_EDGE('',*,*,#2576,.T.);
#3547=ORIENTED_EDGE('',*,*,#2577,.T.);
#3548=ORIENTED_EDGE('',*,*,#2578,.T.);
#3549=ORIENTED_EDGE('',*,*,#2523,.F.);
#3550=ORIENTED_EDGE('',*,*,#2579,.T.);
#3551=ORIENTED_EDGE('',*,*,#2580,.T.);
#3552=ORIENTED_EDGE('',*,*,#2576,.F.);
#3553=ORIENTED_EDGE('',*,*,#2518,.F.);
#3554=ORIENTED_EDGE('',*,*,#2559,.T.);
#3555=ORIENTED_EDGE('',*,*,#2581,.T.);
#3556=ORIENTED_EDGE('',*,*,#2579,.F.);
#3557=ORIENTED_EDGE('',*,*,#2543,.F.);
#3558=ORIENTED_EDGE('',*,*,#2578,.F.);
#3559=ORIENTED_EDGE('',*,*,#2582,.T.);
#3560=ORIENTED_EDGE('',*,*,#2535,.F.);
#3561=ORIENTED_EDGE('',*,*,#2583,.T.);
#3562=ORIENTED_EDGE('',*,*,#2584,.T.);
#3563=ORIENTED_EDGE('',*,*,#2574,.F.);
#3564=ORIENTED_EDGE('',*,*,#2538,.F.);
#3565=ORIENTED_EDGE('',*,*,#2585,.T.);
#3566=ORIENTED_EDGE('',*,*,#2586,.T.);
#3567=ORIENTED_EDGE('',*,*,#2583,.F.);
#3568=ORIENTED_EDGE('',*,*,#2571,.F.);
#3569=ORIENTED_EDGE('',*,*,#2573,.F.);
#3570=ORIENTED_EDGE('',*,*,#2587,.T.);
#3571=ORIENTED_EDGE('',*,*,#2588,.F.);
#3572=ORIENTED_EDGE('',*,*,#2564,.F.);
#3573=ORIENTED_EDGE('',*,*,#2575,.F.);
#3574=ORIENTED_EDGE('',*,*,#2589,.F.);
#3575=ORIENTED_EDGE('',*,*,#2590,.F.);
#3576=ORIENTED_EDGE('',*,*,#2591,.F.);
#3577=ORIENTED_EDGE('',*,*,#2592,.F.);
#3578=ORIENTED_EDGE('',*,*,#2587,.F.);
#3579=ORIENTED_EDGE('',*,*,#2529,.F.);
#3580=ORIENTED_EDGE('',*,*,#2593,.T.);
#3581=ORIENTED_EDGE('',*,*,#2585,.F.);
#3582=ORIENTED_EDGE('',*,*,#2527,.F.);
#3583=ORIENTED_EDGE('',*,*,#2582,.F.);
#3584=ORIENTED_EDGE('',*,*,#2594,.T.);
#3585=ORIENTED_EDGE('',*,*,#2595,.F.);
#3586=ORIENTED_EDGE('',*,*,#2596,.F.);
#3587=ORIENTED_EDGE('',*,*,#2597,.F.);
#3588=ORIENTED_EDGE('',*,*,#2598,.T.);
#3589=ORIENTED_EDGE('',*,*,#2593,.F.);
#3590=ORIENTED_EDGE('',*,*,#2561,.F.);
#3591=ORIENTED_EDGE('',*,*,#2568,.F.);
#3592=ORIENTED_EDGE('',*,*,#2599,.T.);
#3593=ORIENTED_EDGE('',*,*,#2600,.T.);
#3594=ORIENTED_EDGE('',*,*,#2558,.F.);
#3595=ORIENTED_EDGE('',*,*,#2601,.T.);
#3596=ORIENTED_EDGE('',*,*,#2602,.T.);
#3597=ORIENTED_EDGE('',*,*,#2599,.F.);
#3598=ORIENTED_EDGE('',*,*,#2603,.T.);
#3599=ORIENTED_EDGE('',*,*,#2604,.T.);
#3600=ORIENTED_EDGE('',*,*,#2605,.T.);
#3601=ORIENTED_EDGE('',*,*,#2601,.F.);
#3602=ORIENTED_EDGE('',*,*,#2508,.T.);
#3603=ORIENTED_EDGE('',*,*,#2606,.T.);
#3604=ORIENTED_EDGE('',*,*,#2607,.T.);
#3605=ORIENTED_EDGE('',*,*,#2604,.F.);
#3606=ORIENTED_EDGE('',*,*,#2608,.T.);
#3607=ORIENTED_EDGE('',*,*,#2580,.F.);
#3608=ORIENTED_EDGE('',*,*,#2609,.T.);
#3609=ORIENTED_EDGE('',*,*,#2606,.F.);
#3610=ORIENTED_EDGE('',*,*,#2594,.F.);
#3611=ORIENTED_EDGE('',*,*,#2577,.F.);
#3612=ORIENTED_EDGE('',*,*,#2504,.F.);
#3613=ORIENTED_EDGE('',*,*,#2512,.T.);
#3614=ORIENTED_EDGE('',*,*,#2610,.F.);
#3615=ORIENTED_EDGE('',*,*,#2595,.T.);
#3616=ORIENTED_EDGE('',*,*,#2608,.F.);
#3617=ORIENTED_EDGE('',*,*,#2507,.T.);
#3618=ORIENTED_EDGE('',*,*,#2456,.F.);
#3619=ORIENTED_EDGE('',*,*,#2490,.F.);
#3620=ORIENTED_EDGE('',*,*,#2494,.F.);
#3621=ORIENTED_EDGE('',*,*,#2501,.F.);
#3622=ORIENTED_EDGE('',*,*,#2428,.F.);
#3623=ORIENTED_EDGE('',*,*,#2509,.T.);
#3624=ORIENTED_EDGE('',*,*,#2603,.F.);
#3625=ORIENTED_EDGE('',*,*,#2567,.T.);
#3626=ORIENTED_EDGE('',*,*,#2611,.F.);
#3627=ORIENTED_EDGE('',*,*,#2510,.T.);
#3628=ORIENTED_EDGE('',*,*,#2505,.F.);
#3629=ORIENTED_EDGE('',*,*,#2413,.F.);
#3630=ORIENTED_EDGE('',*,*,#2417,.F.);
#3631=ORIENTED_EDGE('',*,*,#2424,.F.);
#3632=ORIENTED_EDGE('',*,*,#2586,.F.);
#3633=ORIENTED_EDGE('',*,*,#2598,.F.);
#3634=ORIENTED_EDGE('',*,*,#2612,.T.);
#3635=ORIENTED_EDGE('',*,*,#2589,.T.);
#3636=ORIENTED_EDGE('',*,*,#2584,.F.);
#3637=ORIENTED_EDGE('',*,*,#2613,.T.);
#3638=ORIENTED_EDGE('',*,*,#2590,.T.);
#3639=ORIENTED_EDGE('',*,*,#2612,.F.);
#3640=ORIENTED_EDGE('',*,*,#2614,.T.);
#3641=ORIENTED_EDGE('',*,*,#2615,.T.);
#3642=ORIENTED_EDGE('',*,*,#2591,.T.);
#3643=ORIENTED_EDGE('',*,*,#2613,.F.);
#3644=ORIENTED_EDGE('',*,*,#2616,.T.);
#3645=ORIENTED_EDGE('',*,*,#2588,.T.);
#3646=ORIENTED_EDGE('',*,*,#2592,.T.);
#3647=ORIENTED_EDGE('',*,*,#2615,.F.);
#3648=ORIENTED_EDGE('',*,*,#2617,.T.);
#3649=ORIENTED_EDGE('',*,*,#2390,.F.);
#3650=ORIENTED_EDGE('',*,*,#2618,.T.);
#3651=ORIENTED_EDGE('',*,*,#2619,.F.);
#3652=ORIENTED_EDGE('',*,*,#2565,.T.);
#3653=ORIENTED_EDGE('',*,*,#2617,.F.);
#3654=ORIENTED_EDGE('',*,*,#2620,.T.);
#3655=ORIENTED_EDGE('',*,*,#2372,.F.);
#3656=ORIENTED_EDGE('',*,*,#2384,.F.);
#3657=ORIENTED_EDGE('',*,*,#2386,.F.);
#3658=ORIENTED_EDGE('',*,*,#2388,.F.);
#3659=ORIENTED_EDGE('',*,*,#2299,.F.);
#3660=ORIENTED_EDGE('',*,*,#2621,.F.);
#3661=ORIENTED_EDGE('',*,*,#2622,.F.);
#3662=ORIENTED_EDGE('',*,*,#2618,.F.);
#3663=ORIENTED_EDGE('',*,*,#2389,.F.);
#3664=ORIENTED_EDGE('',*,*,#2375,.F.);
#3665=ORIENTED_EDGE('',*,*,#2373,.F.);
#3666=ORIENTED_EDGE('',*,*,#2620,.F.);
#3667=ORIENTED_EDGE('',*,*,#2616,.F.);
#3668=ORIENTED_EDGE('',*,*,#2623,.F.);
#3669=ORIENTED_EDGE('',*,*,#2282,.F.);
#3670=ORIENTED_EDGE('',*,*,#2288,.F.);
#3671=ORIENTED_EDGE('',*,*,#2283,.F.);
#3672=ORIENTED_EDGE('',*,*,#2623,.T.);
#3673=ORIENTED_EDGE('',*,*,#2614,.F.);
#3674=ORIENTED_EDGE('',*,*,#2597,.T.);
#3675=ORIENTED_EDGE('',*,*,#2624,.F.);
#3676=ORIENTED_EDGE('',*,*,#2621,.T.);
#3677=ORIENTED_EDGE('',*,*,#2298,.F.);
#3678=ORIENTED_EDGE('',*,*,#2332,.F.);
#3679=ORIENTED_EDGE('',*,*,#2327,.F.);
#3680=ORIENTED_EDGE('',*,*,#2330,.F.);
#3681=ORIENTED_EDGE('',*,*,#2625,.T.);
#3682=ORIENTED_EDGE('',*,*,#2596,.T.);
#3683=ORIENTED_EDGE('',*,*,#2626,.T.);
#3684=ORIENTED_EDGE('',*,*,#2627,.T.);
#3685=ORIENTED_EDGE('',*,*,#2628,.T.);
#3686=ORIENTED_EDGE('',*,*,#2624,.T.);
#3687=ORIENTED_EDGE('',*,*,#2625,.F.);
#3688=ORIENTED_EDGE('',*,*,#2629,.T.);
#3689=ORIENTED_EDGE('',*,*,#2630,.T.);
#3690=ORIENTED_EDGE('',*,*,#2631,.T.);
#3691=ORIENTED_EDGE('',*,*,#2626,.F.);
#3692=ORIENTED_EDGE('',*,*,#2610,.T.);
#3693=ORIENTED_EDGE('',*,*,#2632,.T.);
#3694=ORIENTED_EDGE('',*,*,#2622,.T.);
#3695=ORIENTED_EDGE('',*,*,#2628,.F.);
#3696=ORIENTED_EDGE('',*,*,#2633,.T.);
#3697=ORIENTED_EDGE('',*,*,#2634,.T.);
#3698=ORIENTED_EDGE('',*,*,#2635,.T.);
#3699=ORIENTED_EDGE('',*,*,#2630,.F.);
#3700=ORIENTED_EDGE('',*,*,#2511,.T.);
#3701=ORIENTED_EDGE('',*,*,#2636,.T.);
#3702=ORIENTED_EDGE('',*,*,#2619,.T.);
#3703=ORIENTED_EDGE('',*,*,#2632,.F.);
#3704=ORIENTED_EDGE('',*,*,#2637,.T.);
#3705=ORIENTED_EDGE('',*,*,#2638,.T.);
#3706=ORIENTED_EDGE('',*,*,#2639,.T.);
#3707=ORIENTED_EDGE('',*,*,#2634,.F.);
#3708=ORIENTED_EDGE('',*,*,#2611,.T.);
#3709=ORIENTED_EDGE('',*,*,#2636,.F.);
#3710=ORIENTED_EDGE('',*,*,#2640,.T.);
#3711=ORIENTED_EDGE('',*,*,#2638,.F.);
#3712=ORIENTED_EDGE('',*,*,#2566,.T.);
#3713=ORIENTED_EDGE('',*,*,#2627,.F.);
#3714=ORIENTED_EDGE('',*,*,#2631,.F.);
#3715=ORIENTED_EDGE('',*,*,#2635,.F.);
#3716=ORIENTED_EDGE('',*,*,#2639,.F.);
#3717=ORIENTED_EDGE('',*,*,#2640,.F.);
#3718=ORIENTED_EDGE('',*,*,#2637,.F.);
#3719=ORIENTED_EDGE('',*,*,#2633,.F.);
#3720=ORIENTED_EDGE('',*,*,#2629,.F.);
#3721=ORIENTED_EDGE('',*,*,#2581,.F.);
#3722=ORIENTED_EDGE('',*,*,#2600,.F.);
#3723=ORIENTED_EDGE('',*,*,#2602,.F.);
#3724=ORIENTED_EDGE('',*,*,#2605,.F.);
#3725=ORIENTED_EDGE('',*,*,#2607,.F.);
#3726=ORIENTED_EDGE('',*,*,#2609,.F.);
#3727=ORIENTED_EDGE('',*,*,#2641,.T.);
#3728=ORIENTED_EDGE('',*,*,#2642,.T.);
#3729=ORIENTED_EDGE('',*,*,#2643,.T.);
#3730=ORIENTED_EDGE('',*,*,#2644,.F.);
#3731=ORIENTED_EDGE('',*,*,#2645,.F.);
#3732=ORIENTED_EDGE('',*,*,#2643,.F.);
#3733=ORIENTED_EDGE('',*,*,#2646,.F.);
#3734=ORIENTED_EDGE('',*,*,#2647,.T.);
#3735=ORIENTED_EDGE('',*,*,#2648,.T.);
#3736=ORIENTED_EDGE('',*,*,#2649,.T.);
#3737=ORIENTED_EDGE('',*,*,#2649,.F.);
#3738=ORIENTED_EDGE('',*,*,#2650,.F.);
#3739=ORIENTED_EDGE('',*,*,#2641,.F.);
#3740=ORIENTED_EDGE('',*,*,#2651,.F.);
#3741=ORIENTED_EDGE('',*,*,#2652,.T.);
#3742=ORIENTED_EDGE('',*,*,#2653,.T.);
#3743=ORIENTED_EDGE('',*,*,#2654,.T.);
#3744=ORIENTED_EDGE('',*,*,#2655,.F.);
#3745=ORIENTED_EDGE('',*,*,#2656,.F.);
#3746=ORIENTED_EDGE('',*,*,#2654,.F.);
#3747=ORIENTED_EDGE('',*,*,#2657,.F.);
#3748=ORIENTED_EDGE('',*,*,#2658,.T.);
#3749=ORIENTED_EDGE('',*,*,#2659,.T.);
#3750=ORIENTED_EDGE('',*,*,#2660,.T.);
#3751=ORIENTED_EDGE('',*,*,#2660,.F.);
#3752=ORIENTED_EDGE('',*,*,#2661,.F.);
#3753=ORIENTED_EDGE('',*,*,#2653,.F.);
#3754=ORIENTED_EDGE('',*,*,#2662,.F.);
#3755=ORIENTED_EDGE('',*,*,#2663,.T.);
#3756=ORIENTED_EDGE('',*,*,#2664,.T.);
#3757=ORIENTED_EDGE('',*,*,#2665,.T.);
#3758=ORIENTED_EDGE('',*,*,#2665,.F.);
#3759=ORIENTED_EDGE('',*,*,#2666,.F.);
#3760=ORIENTED_EDGE('',*,*,#2642,.F.);
#3761=ORIENTED_EDGE('',*,*,#2667,.F.);
#3762=ORIENTED_EDGE('',*,*,#2668,.T.);
#3763=ORIENTED_EDGE('',*,*,#2669,.T.);
#3764=ORIENTED_EDGE('',*,*,#2670,.T.);
#3765=ORIENTED_EDGE('',*,*,#2670,.F.);
#3766=ORIENTED_EDGE('',*,*,#2671,.F.);
#3767=ORIENTED_EDGE('',*,*,#2663,.F.);
#3768=ORIENTED_EDGE('',*,*,#2672,.F.);
#3769=ORIENTED_EDGE('',*,*,#2673,.T.);
#3770=ORIENTED_EDGE('',*,*,#2674,.T.);
#3771=ORIENTED_EDGE('',*,*,#2675,.T.);
#3772=ORIENTED_EDGE('',*,*,#2676,.T.);
#3773=ORIENTED_EDGE('',*,*,#2677,.T.);
#3774=ORIENTED_EDGE('',*,*,#2678,.F.);
#3775=ORIENTED_EDGE('',*,*,#2679,.T.);
#3776=ORIENTED_EDGE('',*,*,#2679,.F.);
#3777=ORIENTED_EDGE('',*,*,#2680,.F.);
#3778=ORIENTED_EDGE('',*,*,#2659,.F.);
#3779=ORIENTED_EDGE('',*,*,#2681,.F.);
#3780=ORIENTED_EDGE('',*,*,#2682,.F.);
#3781=ORIENTED_EDGE('',*,*,#2683,.F.);
#3782=ORIENTED_EDGE('',*,*,#2677,.F.);
#3783=ORIENTED_EDGE('',*,*,#2684,.F.);
#3784=ORIENTED_EDGE('',*,*,#2685,.T.);
#3785=ORIENTED_EDGE('',*,*,#2686,.T.);
#3786=ORIENTED_EDGE('',*,*,#2687,.T.);
#3787=ORIENTED_EDGE('',*,*,#2658,.F.);
#3788=ORIENTED_EDGE('',*,*,#2688,.F.);
#3789=ORIENTED_EDGE('',*,*,#2687,.F.);
#3790=ORIENTED_EDGE('',*,*,#2689,.F.);
#3791=ORIENTED_EDGE('',*,*,#2690,.T.);
#3792=ORIENTED_EDGE('',*,*,#2691,.T.);
#3793=ORIENTED_EDGE('',*,*,#2692,.F.);
#3794=ORIENTED_EDGE('',*,*,#2693,.T.);
#3795=ORIENTED_EDGE('',*,*,#2694,.T.);
#3796=ORIENTED_EDGE('',*,*,#2695,.T.);
#3797=ORIENTED_EDGE('',*,*,#2696,.F.);
#3798=ORIENTED_EDGE('',*,*,#2697,.T.);
#3799=ORIENTED_EDGE('',*,*,#2693,.F.);
#3800=ORIENTED_EDGE('',*,*,#2698,.F.);
#3801=ORIENTED_EDGE('',*,*,#2697,.F.);
#3802=ORIENTED_EDGE('',*,*,#2699,.F.);
#3803=ORIENTED_EDGE('',*,*,#2700,.F.);
#3804=ORIENTED_EDGE('',*,*,#2701,.T.);
#3805=ORIENTED_EDGE('',*,*,#2702,.T.);
#3806=ORIENTED_EDGE('',*,*,#2703,.T.);
#3807=ORIENTED_EDGE('',*,*,#2704,.F.);
#3808=ORIENTED_EDGE('',*,*,#2705,.T.);
#3809=ORIENTED_EDGE('',*,*,#2706,.T.);
#3810=ORIENTED_EDGE('',*,*,#2707,.T.);
#3811=ORIENTED_EDGE('',*,*,#2708,.F.);
#3812=ORIENTED_EDGE('',*,*,#2709,.F.);
#3813=ORIENTED_EDGE('',*,*,#2707,.F.);
#3814=ORIENTED_EDGE('',*,*,#2710,.F.);
#3815=ORIENTED_EDGE('',*,*,#2706,.F.);
#3816=ORIENTED_EDGE('',*,*,#2711,.F.);
#3817=ORIENTED_EDGE('',*,*,#2694,.F.);
#3818=ORIENTED_EDGE('',*,*,#2712,.F.);
#3819=ORIENTED_EDGE('',*,*,#2713,.T.);
#3820=ORIENTED_EDGE('',*,*,#2714,.T.);
#3821=ORIENTED_EDGE('',*,*,#2715,.T.);
#3822=ORIENTED_EDGE('',*,*,#2716,.T.);
#3823=ORIENTED_EDGE('',*,*,#2717,.F.);
#3824=ORIENTED_EDGE('',*,*,#2718,.T.);
#3825=ORIENTED_EDGE('',*,*,#2719,.T.);
#3826=ORIENTED_EDGE('',*,*,#2702,.F.);
#3827=ORIENTED_EDGE('',*,*,#2720,.F.);
#3828=ORIENTED_EDGE('',*,*,#2719,.F.);
#3829=ORIENTED_EDGE('',*,*,#2721,.F.);
#3830=ORIENTED_EDGE('',*,*,#2722,.T.);
#3831=ORIENTED_EDGE('',*,*,#2723,.T.);
#3832=ORIENTED_EDGE('',*,*,#2724,.T.);
#3833=ORIENTED_EDGE('',*,*,#2725,.T.);
#3834=ORIENTED_EDGE('',*,*,#2726,.T.);
#3835=ORIENTED_EDGE('',*,*,#2727,.T.);
#3836=ORIENTED_EDGE('',*,*,#2718,.F.);
#3837=ORIENTED_EDGE('',*,*,#2728,.F.);
#3838=ORIENTED_EDGE('',*,*,#2727,.F.);
#3839=ORIENTED_EDGE('',*,*,#2729,.F.);
#3840=ORIENTED_EDGE('',*,*,#2726,.F.);
#3841=ORIENTED_EDGE('',*,*,#2730,.F.);
#3842=ORIENTED_EDGE('',*,*,#2714,.F.);
#3843=ORIENTED_EDGE('',*,*,#2731,.F.);
#3844=ORIENTED_EDGE('',*,*,#2732,.T.);
#3845=ORIENTED_EDGE('',*,*,#2733,.T.);
#3846=ORIENTED_EDGE('',*,*,#2734,.T.);
#3847=ORIENTED_EDGE('',*,*,#2724,.F.);
#3848=ORIENTED_EDGE('',*,*,#2735,.F.);
#3849=ORIENTED_EDGE('',*,*,#2734,.F.);
#3850=ORIENTED_EDGE('',*,*,#2736,.F.);
#3851=ORIENTED_EDGE('',*,*,#2737,.F.);
#3852=ORIENTED_EDGE('',*,*,#2738,.F.);
#3853=ORIENTED_EDGE('',*,*,#2733,.F.);
#3854=ORIENTED_EDGE('',*,*,#2739,.F.);
#3855=ORIENTED_EDGE('',*,*,#2740,.F.);
#3856=ORIENTED_EDGE('',*,*,#2741,.F.);
#3857=ORIENTED_EDGE('',*,*,#2737,.T.);
#3858=ORIENTED_EDGE('',*,*,#2742,.F.);
#3859=ORIENTED_EDGE('',*,*,#2725,.F.);
#3860=ORIENTED_EDGE('',*,*,#2743,.F.);
#3861=ORIENTED_EDGE('',*,*,#2732,.F.);
#3862=ORIENTED_EDGE('',*,*,#2744,.F.);
#3863=ORIENTED_EDGE('',*,*,#2745,.F.);
#3864=ORIENTED_EDGE('',*,*,#2746,.F.);
#3865=ORIENTED_EDGE('',*,*,#2747,.F.);
#3866=ORIENTED_EDGE('',*,*,#2740,.T.);
#3867=ORIENTED_EDGE('',*,*,#2715,.F.);
#3868=ORIENTED_EDGE('',*,*,#2748,.F.);
#3869=ORIENTED_EDGE('',*,*,#2723,.F.);
#3870=ORIENTED_EDGE('',*,*,#2749,.F.);
#3871=ORIENTED_EDGE('',*,*,#2750,.F.);
#3872=ORIENTED_EDGE('',*,*,#2751,.F.);
#3873=ORIENTED_EDGE('',*,*,#2722,.F.);
#3874=ORIENTED_EDGE('',*,*,#2752,.F.);
#3875=ORIENTED_EDGE('',*,*,#2753,.F.);
#3876=ORIENTED_EDGE('',*,*,#2746,.T.);
#3877=ORIENTED_EDGE('',*,*,#2754,.F.);
#3878=ORIENTED_EDGE('',*,*,#2705,.F.);
#3879=ORIENTED_EDGE('',*,*,#2755,.F.);
#3880=ORIENTED_EDGE('',*,*,#2756,.F.);
#3881=ORIENTED_EDGE('',*,*,#2757,.F.);
#3882=ORIENTED_EDGE('',*,*,#2716,.F.);
#3883=ORIENTED_EDGE('',*,*,#2713,.F.);
#3884=ORIENTED_EDGE('',*,*,#2758,.F.);
#3885=ORIENTED_EDGE('',*,*,#2703,.F.);
#3886=ORIENTED_EDGE('',*,*,#2759,.F.);
#3887=ORIENTED_EDGE('',*,*,#2760,.F.);
#3888=ORIENTED_EDGE('',*,*,#2761,.F.);
#3889=ORIENTED_EDGE('',*,*,#2750,.T.);
#3890=ORIENTED_EDGE('',*,*,#2762,.F.);
#3891=ORIENTED_EDGE('',*,*,#2763,.F.);
#3892=ORIENTED_EDGE('',*,*,#2756,.T.);
#3893=ORIENTED_EDGE('',*,*,#2764,.F.);
#3894=ORIENTED_EDGE('',*,*,#2695,.F.);
#3895=ORIENTED_EDGE('',*,*,#2765,.F.);
#3896=ORIENTED_EDGE('',*,*,#2766,.F.);
#3897=ORIENTED_EDGE('',*,*,#2701,.F.);
#3898=ORIENTED_EDGE('',*,*,#2767,.F.);
#3899=ORIENTED_EDGE('',*,*,#2768,.F.);
#3900=ORIENTED_EDGE('',*,*,#2769,.F.);
#3901=ORIENTED_EDGE('',*,*,#2760,.T.);
#3902=ORIENTED_EDGE('',*,*,#2770,.F.);
#3903=ORIENTED_EDGE('',*,*,#2771,.F.);
#3904=ORIENTED_EDGE('',*,*,#2772,.F.);
#3905=ORIENTED_EDGE('',*,*,#2708,.T.);
#3906=ORIENTED_EDGE('',*,*,#2773,.F.);
#3907=ORIENTED_EDGE('',*,*,#2774,.F.);
#3908=ORIENTED_EDGE('',*,*,#2775,.F.);
#3909=ORIENTED_EDGE('',*,*,#2765,.T.);
#3910=ORIENTED_EDGE('',*,*,#2776,.F.);
#3911=ORIENTED_EDGE('',*,*,#2777,.F.);
#3912=ORIENTED_EDGE('',*,*,#2778,.F.);
#3913=ORIENTED_EDGE('',*,*,#2768,.T.);
#3914=ORIENTED_EDGE('',*,*,#2779,.F.);
#3915=ORIENTED_EDGE('',*,*,#2686,.F.);
#3916=ORIENTED_EDGE('',*,*,#2780,.F.);
#3917=ORIENTED_EDGE('',*,*,#2691,.F.);
#3918=ORIENTED_EDGE('',*,*,#2781,.F.);
#3919=ORIENTED_EDGE('',*,*,#2690,.F.);
#3920=ORIENTED_EDGE('',*,*,#2782,.F.);
#3921=ORIENTED_EDGE('',*,*,#2676,.F.);
#3922=ORIENTED_EDGE('',*,*,#2783,.F.);
#3923=ORIENTED_EDGE('',*,*,#2771,.T.);
#3924=ORIENTED_EDGE('',*,*,#2784,.F.);
#3925=ORIENTED_EDGE('',*,*,#2674,.F.);
#3926=ORIENTED_EDGE('',*,*,#2785,.F.);
#3927=ORIENTED_EDGE('',*,*,#2774,.T.);
#3928=ORIENTED_EDGE('',*,*,#2786,.F.);
#3929=ORIENTED_EDGE('',*,*,#2669,.F.);
#3930=ORIENTED_EDGE('',*,*,#2787,.F.);
#3931=ORIENTED_EDGE('',*,*,#2664,.F.);
#3932=ORIENTED_EDGE('',*,*,#2788,.F.);
#3933=ORIENTED_EDGE('',*,*,#2777,.T.);
#3934=ORIENTED_EDGE('',*,*,#2789,.F.);
#3935=ORIENTED_EDGE('',*,*,#2675,.F.);
#3936=ORIENTED_EDGE('',*,*,#2790,.F.);
#3937=ORIENTED_EDGE('',*,*,#2685,.F.);
#3938=ORIENTED_EDGE('',*,*,#2791,.F.);
#3939=ORIENTED_EDGE('',*,*,#2673,.F.);
#3940=ORIENTED_EDGE('',*,*,#2792,.F.);
#3941=ORIENTED_EDGE('',*,*,#2652,.F.);
#3942=ORIENTED_EDGE('',*,*,#2793,.F.);
#3943=ORIENTED_EDGE('',*,*,#2668,.F.);
#3944=ORIENTED_EDGE('',*,*,#2794,.F.);
#3945=ORIENTED_EDGE('',*,*,#2648,.F.);
#3946=ORIENTED_EDGE('',*,*,#2795,.F.);
#3947=ORIENTED_EDGE('',*,*,#2796,.F.);
#3948=ORIENTED_EDGE('',*,*,#2797,.F.);
#3949=ORIENTED_EDGE('',*,*,#2682,.T.);
#3950=ORIENTED_EDGE('',*,*,#2798,.F.);
#3951=ORIENTED_EDGE('',*,*,#2647,.F.);
#3952=ORIENTED_EDGE('',*,*,#2799,.F.);
#3953=ORIENTED_EDGE('',*,*,#2796,.T.);
#3954=ORIENTED_EDGE('',*,*,#2800,.F.);
#3955=ORIENTED_EDGE('',*,*,#2801,.F.);
#3956=ORIENTED_EDGE('',*,*,#2802,.F.);
#3957=ORIENTED_EDGE('',*,*,#2655,.T.);
#3958=ORIENTED_EDGE('',*,*,#2803,.F.);
#3959=ORIENTED_EDGE('',*,*,#2804,.F.);
#3960=ORIENTED_EDGE('',*,*,#2805,.F.);
#3961=ORIENTED_EDGE('',*,*,#2644,.T.);
#3962=ORIENTED_EDGE('',*,*,#2806,.F.);
#3963=ORIENTED_EDGE('',*,*,#2804,.T.);
#3964=ORIENTED_EDGE('',*,*,#2807,.F.);
#3965=ORIENTED_EDGE('',*,*,#2801,.T.);
#3966=ORIENTED_EDGE('',*,*,#2808,.F.);
#3967=ORIENTED_EDGE('',*,*,#2800,.T.);
#3968=ORIENTED_EDGE('',*,*,#2809,.T.);
#3969=ORIENTED_EDGE('',*,*,#2787,.T.);
#3970=ORIENTED_EDGE('',*,*,#2795,.T.);
#3971=ORIENTED_EDGE('',*,*,#2798,.T.);
#3972=ORIENTED_EDGE('',*,*,#2810,.F.);
#3973=ORIENTED_EDGE('',*,*,#2775,.T.);
#3974=ORIENTED_EDGE('',*,*,#2809,.F.);
#3975=ORIENTED_EDGE('',*,*,#2656,.T.);
#3976=ORIENTED_EDGE('',*,*,#2811,.T.);
#3977=ORIENTED_EDGE('',*,*,#2785,.T.);
#3978=ORIENTED_EDGE('',*,*,#2793,.T.);
#3979=ORIENTED_EDGE('',*,*,#2741,.T.);
#3980=ORIENTED_EDGE('',*,*,#2812,.F.);
#3981=ORIENTED_EDGE('',*,*,#2762,.T.);
#3982=ORIENTED_EDGE('',*,*,#2813,.F.);
#3983=ORIENTED_EDGE('',*,*,#2738,.T.);
#3984=ORIENTED_EDGE('',*,*,#2813,.T.);
#3985=ORIENTED_EDGE('',*,*,#2752,.T.);
#3986=ORIENTED_EDGE('',*,*,#2736,.T.);
#3987=ORIENTED_EDGE('',*,*,#2757,.T.);
#3988=ORIENTED_EDGE('',*,*,#2814,.F.);
#3989=ORIENTED_EDGE('',*,*,#2745,.T.);
#3990=ORIENTED_EDGE('',*,*,#2742,.T.);
#3991=ORIENTED_EDGE('',*,*,#2739,.T.);
#3992=ORIENTED_EDGE('',*,*,#2743,.T.);
#3993=ORIENTED_EDGE('',*,*,#2728,.T.);
#3994=ORIENTED_EDGE('',*,*,#2717,.T.);
#3995=ORIENTED_EDGE('',*,*,#2650,.T.);
#3996=ORIENTED_EDGE('',*,*,#2794,.T.);
#3997=ORIENTED_EDGE('',*,*,#2672,.T.);
#3998=ORIENTED_EDGE('',*,*,#2667,.T.);
#3999=ORIENTED_EDGE('',*,*,#2662,.T.);
#4000=ORIENTED_EDGE('',*,*,#2792,.T.);
#4001=ORIENTED_EDGE('',*,*,#2791,.T.);
#4002=ORIENTED_EDGE('',*,*,#2688,.T.);
#4003=ORIENTED_EDGE('',*,*,#2678,.T.);
#4004=ORIENTED_EDGE('',*,*,#2683,.T.);
#4005=ORIENTED_EDGE('',*,*,#2797,.T.);
#4006=ORIENTED_EDGE('',*,*,#2799,.T.);
#4007=ORIENTED_EDGE('',*,*,#2651,.T.);
#4008=ORIENTED_EDGE('',*,*,#2645,.T.);
#4009=ORIENTED_EDGE('',*,*,#2805,.T.);
#4010=ORIENTED_EDGE('',*,*,#2808,.T.);
#4011=ORIENTED_EDGE('',*,*,#2803,.T.);
#4012=ORIENTED_EDGE('',*,*,#2657,.T.);
#4013=ORIENTED_EDGE('',*,*,#2661,.T.);
#4014=ORIENTED_EDGE('',*,*,#2680,.T.);
#4015=ORIENTED_EDGE('',*,*,#2681,.T.);
#4016=ORIENTED_EDGE('',*,*,#2689,.T.);
#4017=ORIENTED_EDGE('',*,*,#2781,.T.);
#4018=ORIENTED_EDGE('',*,*,#2783,.T.);
#4019=ORIENTED_EDGE('',*,*,#2710,.T.);
#4020=ORIENTED_EDGE('',*,*,#2712,.T.);
#4021=ORIENTED_EDGE('',*,*,#2698,.T.);
#4022=ORIENTED_EDGE('',*,*,#2692,.T.);
#4023=ORIENTED_EDGE('',*,*,#2780,.T.);
#4024=ORIENTED_EDGE('',*,*,#2790,.T.);
#4025=ORIENTED_EDGE('',*,*,#2784,.T.);
#4026=ORIENTED_EDGE('',*,*,#2773,.T.);
#4027=ORIENTED_EDGE('',*,*,#2721,.T.);
#4028=ORIENTED_EDGE('',*,*,#2729,.T.);
#4029=ORIENTED_EDGE('',*,*,#2731,.T.);
#4030=ORIENTED_EDGE('',*,*,#2759,.T.);
#4031=ORIENTED_EDGE('',*,*,#2735,.T.);
#4032=ORIENTED_EDGE('',*,*,#2748,.T.);
#4033=ORIENTED_EDGE('',*,*,#2730,.T.);
#4034=ORIENTED_EDGE('',*,*,#2744,.T.);
#4035=ORIENTED_EDGE('',*,*,#2749,.T.);
#4036=ORIENTED_EDGE('',*,*,#2751,.T.);
#4037=ORIENTED_EDGE('',*,*,#2761,.T.);
#4038=ORIENTED_EDGE('',*,*,#2769,.T.);
#4039=ORIENTED_EDGE('',*,*,#2778,.T.);
#4040=ORIENTED_EDGE('',*,*,#2788,.T.);
#4041=ORIENTED_EDGE('',*,*,#2671,.T.);
#4042=ORIENTED_EDGE('',*,*,#2786,.T.);
#4043=ORIENTED_EDGE('',*,*,#2776,.T.);
#4044=ORIENTED_EDGE('',*,*,#2767,.T.);
#4045=ORIENTED_EDGE('',*,*,#2700,.T.);
#4046=ORIENTED_EDGE('',*,*,#2758,.T.);
#4047=ORIENTED_EDGE('',*,*,#2807,.T.);
#4048=ORIENTED_EDGE('',*,*,#2815,.T.);
#4049=ORIENTED_EDGE('',*,*,#2770,.T.);
#4050=ORIENTED_EDGE('',*,*,#2812,.T.);
#4051=ORIENTED_EDGE('',*,*,#2747,.T.);
#4052=ORIENTED_EDGE('',*,*,#2753,.T.);
#4053=ORIENTED_EDGE('',*,*,#2704,.T.);
#4054=ORIENTED_EDGE('',*,*,#2709,.T.);
#4055=ORIENTED_EDGE('',*,*,#2816,.T.);
#4056=ORIENTED_EDGE('',*,*,#2802,.T.);
#4057=ORIENTED_EDGE('',*,*,#2816,.F.);
#4058=ORIENTED_EDGE('',*,*,#2772,.T.);
#4059=ORIENTED_EDGE('',*,*,#2811,.F.);
#4060=ORIENTED_EDGE('',*,*,#2806,.T.);
#4061=ORIENTED_EDGE('',*,*,#2817,.F.);
#4062=ORIENTED_EDGE('',*,*,#2779,.T.);
#4063=ORIENTED_EDGE('',*,*,#2815,.F.);
#4064=ORIENTED_EDGE('',*,*,#2763,.T.);
#4065=ORIENTED_EDGE('',*,*,#2711,.T.);
#4066=ORIENTED_EDGE('',*,*,#2754,.T.);
#4067=ORIENTED_EDGE('',*,*,#2814,.T.);
#4068=ORIENTED_EDGE('',*,*,#2684,.T.);
#4069=ORIENTED_EDGE('',*,*,#2782,.T.);
#4070=ORIENTED_EDGE('',*,*,#2699,.T.);
#4071=ORIENTED_EDGE('',*,*,#2696,.T.);
#4072=ORIENTED_EDGE('',*,*,#2764,.T.);
#4073=ORIENTED_EDGE('',*,*,#2755,.T.);
#4074=ORIENTED_EDGE('',*,*,#2720,.T.);
#4075=ORIENTED_EDGE('',*,*,#2766,.T.);
#4076=ORIENTED_EDGE('',*,*,#2810,.T.);
#4077=ORIENTED_EDGE('',*,*,#2646,.T.);
#4078=ORIENTED_EDGE('',*,*,#2666,.T.);
#4079=ORIENTED_EDGE('',*,*,#2789,.T.);
#4080=ORIENTED_EDGE('',*,*,#2817,.T.);
#4081=ORIENTED_EDGE('',*,*,#2818,.F.);
#4082=ORIENTED_EDGE('',*,*,#2819,.F.);
#4083=ORIENTED_EDGE('',*,*,#2820,.F.);
#4084=ORIENTED_EDGE('',*,*,#2821,.T.);
#4085=ORIENTED_EDGE('',*,*,#2822,.T.);
#4086=ORIENTED_EDGE('',*,*,#2819,.T.);
#4087=ORIENTED_EDGE('',*,*,#2823,.T.);
#4088=ORIENTED_EDGE('',*,*,#2824,.F.);
#4089=ORIENTED_EDGE('',*,*,#2825,.F.);
#4090=ORIENTED_EDGE('',*,*,#2826,.F.);
#4091=ORIENTED_EDGE('',*,*,#2825,.T.);
#4092=ORIENTED_EDGE('',*,*,#2827,.T.);
#4093=ORIENTED_EDGE('',*,*,#2818,.T.);
#4094=ORIENTED_EDGE('',*,*,#2828,.T.);
#4095=ORIENTED_EDGE('',*,*,#2829,.F.);
#4096=ORIENTED_EDGE('',*,*,#2830,.F.);
#4097=ORIENTED_EDGE('',*,*,#2831,.F.);
#4098=ORIENTED_EDGE('',*,*,#2832,.T.);
#4099=ORIENTED_EDGE('',*,*,#2833,.T.);
#4100=ORIENTED_EDGE('',*,*,#2830,.T.);
#4101=ORIENTED_EDGE('',*,*,#2834,.T.);
#4102=ORIENTED_EDGE('',*,*,#2835,.F.);
#4103=ORIENTED_EDGE('',*,*,#2836,.F.);
#4104=ORIENTED_EDGE('',*,*,#2837,.F.);
#4105=ORIENTED_EDGE('',*,*,#2836,.T.);
#4106=ORIENTED_EDGE('',*,*,#2838,.T.);
#4107=ORIENTED_EDGE('',*,*,#2831,.T.);
#4108=ORIENTED_EDGE('',*,*,#2839,.T.);
#4109=ORIENTED_EDGE('',*,*,#2840,.F.);
#4110=ORIENTED_EDGE('',*,*,#2841,.F.);
#4111=ORIENTED_EDGE('',*,*,#2842,.F.);
#4112=ORIENTED_EDGE('',*,*,#2841,.T.);
#4113=ORIENTED_EDGE('',*,*,#2843,.T.);
#4114=ORIENTED_EDGE('',*,*,#2820,.T.);
#4115=ORIENTED_EDGE('',*,*,#2844,.T.);
#4116=ORIENTED_EDGE('',*,*,#2845,.F.);
#4117=ORIENTED_EDGE('',*,*,#2846,.F.);
#4118=ORIENTED_EDGE('',*,*,#2847,.F.);
#4119=ORIENTED_EDGE('',*,*,#2846,.T.);
#4120=ORIENTED_EDGE('',*,*,#2848,.T.);
#4121=ORIENTED_EDGE('',*,*,#2840,.T.);
#4122=ORIENTED_EDGE('',*,*,#2849,.T.);
#4123=ORIENTED_EDGE('',*,*,#2850,.F.);
#4124=ORIENTED_EDGE('',*,*,#2851,.F.);
#4125=ORIENTED_EDGE('',*,*,#2852,.F.);
#4126=ORIENTED_EDGE('',*,*,#2853,.F.);
#4127=ORIENTED_EDGE('',*,*,#2854,.F.);
#4128=ORIENTED_EDGE('',*,*,#2855,.T.);
#4129=ORIENTED_EDGE('',*,*,#2856,.F.);
#4130=ORIENTED_EDGE('',*,*,#2854,.T.);
#4131=ORIENTED_EDGE('',*,*,#2857,.T.);
#4132=ORIENTED_EDGE('',*,*,#2837,.T.);
#4133=ORIENTED_EDGE('',*,*,#2858,.T.);
#4134=ORIENTED_EDGE('',*,*,#2859,.T.);
#4135=ORIENTED_EDGE('',*,*,#2860,.T.);
#4136=ORIENTED_EDGE('',*,*,#2856,.T.);
#4137=ORIENTED_EDGE('',*,*,#2861,.T.);
#4138=ORIENTED_EDGE('',*,*,#2862,.F.);
#4139=ORIENTED_EDGE('',*,*,#2863,.F.);
#4140=ORIENTED_EDGE('',*,*,#2864,.F.);
#4141=ORIENTED_EDGE('',*,*,#2835,.T.);
#4142=ORIENTED_EDGE('',*,*,#2865,.T.);
#4143=ORIENTED_EDGE('',*,*,#2863,.T.);
#4144=ORIENTED_EDGE('',*,*,#2866,.T.);
#4145=ORIENTED_EDGE('',*,*,#2867,.F.);
#4146=ORIENTED_EDGE('',*,*,#2868,.F.);
#4147=ORIENTED_EDGE('',*,*,#2869,.T.);
#4148=ORIENTED_EDGE('',*,*,#2870,.F.);
#4149=ORIENTED_EDGE('',*,*,#2871,.F.);
#4150=ORIENTED_EDGE('',*,*,#2872,.F.);
#4151=ORIENTED_EDGE('',*,*,#2873,.T.);
#4152=ORIENTED_EDGE('',*,*,#2874,.F.);
#4153=ORIENTED_EDGE('',*,*,#2868,.T.);
#4154=ORIENTED_EDGE('',*,*,#2875,.T.);
#4155=ORIENTED_EDGE('',*,*,#2872,.T.);
#4156=ORIENTED_EDGE('',*,*,#2876,.T.);
#4157=ORIENTED_EDGE('',*,*,#2877,.T.);
#4158=ORIENTED_EDGE('',*,*,#2878,.F.);
#4159=ORIENTED_EDGE('',*,*,#2879,.F.);
#4160=ORIENTED_EDGE('',*,*,#2880,.F.);
#4161=ORIENTED_EDGE('',*,*,#2881,.T.);
#4162=ORIENTED_EDGE('',*,*,#2882,.F.);
#4163=ORIENTED_EDGE('',*,*,#2883,.F.);
#4164=ORIENTED_EDGE('',*,*,#2884,.F.);
#4165=ORIENTED_EDGE('',*,*,#2885,.T.);
#4166=ORIENTED_EDGE('',*,*,#2886,.T.);
#4167=ORIENTED_EDGE('',*,*,#2882,.T.);
#4168=ORIENTED_EDGE('',*,*,#2887,.T.);
#4169=ORIENTED_EDGE('',*,*,#2883,.T.);
#4170=ORIENTED_EDGE('',*,*,#2888,.T.);
#4171=ORIENTED_EDGE('',*,*,#2871,.T.);
#4172=ORIENTED_EDGE('',*,*,#2889,.T.);
#4173=ORIENTED_EDGE('',*,*,#2890,.F.);
#4174=ORIENTED_EDGE('',*,*,#2891,.F.);
#4175=ORIENTED_EDGE('',*,*,#2892,.F.);
#4176=ORIENTED_EDGE('',*,*,#2893,.F.);
#4177=ORIENTED_EDGE('',*,*,#2894,.F.);
#4178=ORIENTED_EDGE('',*,*,#2895,.F.);
#4179=ORIENTED_EDGE('',*,*,#2896,.T.);
#4180=ORIENTED_EDGE('',*,*,#2879,.T.);
#4181=ORIENTED_EDGE('',*,*,#2897,.T.);
#4182=ORIENTED_EDGE('',*,*,#2894,.T.);
#4183=ORIENTED_EDGE('',*,*,#2898,.T.);
#4184=ORIENTED_EDGE('',*,*,#2899,.F.);
#4185=ORIENTED_EDGE('',*,*,#2900,.F.);
#4186=ORIENTED_EDGE('',*,*,#2901,.F.);
#4187=ORIENTED_EDGE('',*,*,#2902,.F.);
#4188=ORIENTED_EDGE('',*,*,#2903,.F.);
#4189=ORIENTED_EDGE('',*,*,#2904,.F.);
#4190=ORIENTED_EDGE('',*,*,#2895,.T.);
#4191=ORIENTED_EDGE('',*,*,#2905,.T.);
#4192=ORIENTED_EDGE('',*,*,#2903,.T.);
#4193=ORIENTED_EDGE('',*,*,#2906,.T.);
#4194=ORIENTED_EDGE('',*,*,#2904,.T.);
#4195=ORIENTED_EDGE('',*,*,#2907,.T.);
#4196=ORIENTED_EDGE('',*,*,#2892,.T.);
#4197=ORIENTED_EDGE('',*,*,#2908,.T.);
#4198=ORIENTED_EDGE('',*,*,#2909,.F.);
#4199=ORIENTED_EDGE('',*,*,#2910,.F.);
#4200=ORIENTED_EDGE('',*,*,#2911,.F.);
#4201=ORIENTED_EDGE('',*,*,#2900,.T.);
#4202=ORIENTED_EDGE('',*,*,#2912,.T.);
#4203=ORIENTED_EDGE('',*,*,#2910,.T.);
#4204=ORIENTED_EDGE('',*,*,#2913,.T.);
#4205=ORIENTED_EDGE('',*,*,#2914,.T.);
#4206=ORIENTED_EDGE('',*,*,#2915,.T.);
#4207=ORIENTED_EDGE('',*,*,#2911,.T.);
#4208=ORIENTED_EDGE('',*,*,#2916,.T.);
#4209=ORIENTED_EDGE('',*,*,#2917,.T.);
#4210=ORIENTED_EDGE('',*,*,#2918,.T.);
#4211=ORIENTED_EDGE('',*,*,#2914,.F.);
#4212=ORIENTED_EDGE('',*,*,#2919,.T.);
#4213=ORIENTED_EDGE('',*,*,#2902,.T.);
#4214=ORIENTED_EDGE('',*,*,#2920,.T.);
#4215=ORIENTED_EDGE('',*,*,#2909,.T.);
#4216=ORIENTED_EDGE('',*,*,#2921,.T.);
#4217=ORIENTED_EDGE('',*,*,#2922,.T.);
#4218=ORIENTED_EDGE('',*,*,#2917,.F.);
#4219=ORIENTED_EDGE('',*,*,#2923,.T.);
#4220=ORIENTED_EDGE('',*,*,#2924,.T.);
#4221=ORIENTED_EDGE('',*,*,#2891,.T.);
#4222=ORIENTED_EDGE('',*,*,#2925,.T.);
#4223=ORIENTED_EDGE('',*,*,#2901,.T.);
#4224=ORIENTED_EDGE('',*,*,#2926,.T.);
#4225=ORIENTED_EDGE('',*,*,#2927,.T.);
#4226=ORIENTED_EDGE('',*,*,#2928,.T.);
#4227=ORIENTED_EDGE('',*,*,#2899,.T.);
#4228=ORIENTED_EDGE('',*,*,#2929,.T.);
#4229=ORIENTED_EDGE('',*,*,#2930,.T.);
#4230=ORIENTED_EDGE('',*,*,#2884,.T.);
#4231=ORIENTED_EDGE('',*,*,#2931,.T.);
#4232=ORIENTED_EDGE('',*,*,#2924,.F.);
#4233=ORIENTED_EDGE('',*,*,#2932,.T.);
#4234=ORIENTED_EDGE('',*,*,#2893,.T.);
#4235=ORIENTED_EDGE('',*,*,#2933,.T.);
#4236=ORIENTED_EDGE('',*,*,#2934,.T.);
#4237=ORIENTED_EDGE('',*,*,#2890,.T.);
#4238=ORIENTED_EDGE('',*,*,#2935,.T.);
#4239=ORIENTED_EDGE('',*,*,#2878,.T.);
#4240=ORIENTED_EDGE('',*,*,#2936,.T.);
#4241=ORIENTED_EDGE('',*,*,#2937,.T.);
#4242=ORIENTED_EDGE('',*,*,#2938,.T.);
#4243=ORIENTED_EDGE('',*,*,#2927,.F.);
#4244=ORIENTED_EDGE('',*,*,#2939,.T.);
#4245=ORIENTED_EDGE('',*,*,#2940,.T.);
#4246=ORIENTED_EDGE('',*,*,#2874,.T.);
#4247=ORIENTED_EDGE('',*,*,#2941,.T.);
#4248=ORIENTED_EDGE('',*,*,#2934,.F.);
#4249=ORIENTED_EDGE('',*,*,#2942,.T.);
#4250=ORIENTED_EDGE('',*,*,#2943,.T.);
#4251=ORIENTED_EDGE('',*,*,#2880,.T.);
#4252=ORIENTED_EDGE('',*,*,#2944,.T.);
#4253=ORIENTED_EDGE('',*,*,#2945,.T.);
#4254=ORIENTED_EDGE('',*,*,#2946,.T.);
#4255=ORIENTED_EDGE('',*,*,#2937,.F.);
#4256=ORIENTED_EDGE('',*,*,#2947,.T.);
#4257=ORIENTED_EDGE('',*,*,#2948,.T.);
#4258=ORIENTED_EDGE('',*,*,#2949,.T.);
#4259=ORIENTED_EDGE('',*,*,#2885,.F.);
#4260=ORIENTED_EDGE('',*,*,#2950,.T.);
#4261=ORIENTED_EDGE('',*,*,#2951,.T.);
#4262=ORIENTED_EDGE('',*,*,#2952,.T.);
#4263=ORIENTED_EDGE('',*,*,#2942,.F.);
#4264=ORIENTED_EDGE('',*,*,#2953,.T.);
#4265=ORIENTED_EDGE('',*,*,#2954,.T.);
#4266=ORIENTED_EDGE('',*,*,#2955,.T.);
#4267=ORIENTED_EDGE('',*,*,#2945,.F.);
#4268=ORIENTED_EDGE('',*,*,#2956,.T.);
#4269=ORIENTED_EDGE('',*,*,#2864,.T.);
#4270=ORIENTED_EDGE('',*,*,#2957,.T.);
#4271=ORIENTED_EDGE('',*,*,#2870,.T.);
#4272=ORIENTED_EDGE('',*,*,#2958,.T.);
#4273=ORIENTED_EDGE('',*,*,#2867,.T.);
#4274=ORIENTED_EDGE('',*,*,#2959,.T.);
#4275=ORIENTED_EDGE('',*,*,#2853,.T.);
#4276=ORIENTED_EDGE('',*,*,#2960,.T.);
#4277=ORIENTED_EDGE('',*,*,#2948,.F.);
#4278=ORIENTED_EDGE('',*,*,#2961,.T.);
#4279=ORIENTED_EDGE('',*,*,#2852,.T.);
#4280=ORIENTED_EDGE('',*,*,#2962,.T.);
#4281=ORIENTED_EDGE('',*,*,#2951,.F.);
#4282=ORIENTED_EDGE('',*,*,#2963,.T.);
#4283=ORIENTED_EDGE('',*,*,#2847,.T.);
#4284=ORIENTED_EDGE('',*,*,#2964,.T.);
#4285=ORIENTED_EDGE('',*,*,#2842,.T.);
#4286=ORIENTED_EDGE('',*,*,#2965,.T.);
#4287=ORIENTED_EDGE('',*,*,#2954,.F.);
#4288=ORIENTED_EDGE('',*,*,#2966,.T.);
#4289=ORIENTED_EDGE('',*,*,#2851,.T.);
#4290=ORIENTED_EDGE('',*,*,#2967,.T.);
#4291=ORIENTED_EDGE('',*,*,#2862,.T.);
#4292=ORIENTED_EDGE('',*,*,#2968,.T.);
#4293=ORIENTED_EDGE('',*,*,#2850,.T.);
#4294=ORIENTED_EDGE('',*,*,#2969,.T.);
#4295=ORIENTED_EDGE('',*,*,#2829,.T.);
#4296=ORIENTED_EDGE('',*,*,#2970,.T.);
#4297=ORIENTED_EDGE('',*,*,#2845,.T.);
#4298=ORIENTED_EDGE('',*,*,#2971,.T.);
#4299=ORIENTED_EDGE('',*,*,#2826,.T.);
#4300=ORIENTED_EDGE('',*,*,#2972,.T.);
#4301=ORIENTED_EDGE('',*,*,#2973,.T.);
#4302=ORIENTED_EDGE('',*,*,#2974,.T.);
#4303=ORIENTED_EDGE('',*,*,#2859,.F.);
#4304=ORIENTED_EDGE('',*,*,#2975,.T.);
#4305=ORIENTED_EDGE('',*,*,#2824,.T.);
#4306=ORIENTED_EDGE('',*,*,#2976,.T.);
#4307=ORIENTED_EDGE('',*,*,#2973,.F.);
#4308=ORIENTED_EDGE('',*,*,#2977,.T.);
#4309=ORIENTED_EDGE('',*,*,#2978,.T.);
#4310=ORIENTED_EDGE('',*,*,#2979,.T.);
#4311=ORIENTED_EDGE('',*,*,#2832,.F.);
#4312=ORIENTED_EDGE('',*,*,#2980,.T.);
#4313=ORIENTED_EDGE('',*,*,#2981,.T.);
#4314=ORIENTED_EDGE('',*,*,#2982,.T.);
#4315=ORIENTED_EDGE('',*,*,#2821,.F.);
#4316=ORIENTED_EDGE('',*,*,#2983,.T.);
#4317=ORIENTED_EDGE('',*,*,#2981,.F.);
#4318=ORIENTED_EDGE('',*,*,#2984,.T.);
#4319=ORIENTED_EDGE('',*,*,#2978,.F.);
#4320=ORIENTED_EDGE('',*,*,#2985,.T.);
#4321=ORIENTED_EDGE('',*,*,#2976,.F.);
#4322=ORIENTED_EDGE('',*,*,#2971,.F.);
#4323=ORIENTED_EDGE('',*,*,#2963,.F.);
#4324=ORIENTED_EDGE('',*,*,#2986,.F.);
#4325=ORIENTED_EDGE('',*,*,#2974,.F.);
#4326=ORIENTED_EDGE('',*,*,#2986,.T.);
#4327=ORIENTED_EDGE('',*,*,#2953,.F.);
#4328=ORIENTED_EDGE('',*,*,#2987,.T.);
#4329=ORIENTED_EDGE('',*,*,#2834,.F.);
#4330=ORIENTED_EDGE('',*,*,#2969,.F.);
#4331=ORIENTED_EDGE('',*,*,#2961,.F.);
#4332=ORIENTED_EDGE('',*,*,#2988,.F.);
#4333=ORIENTED_EDGE('',*,*,#2919,.F.);
#4334=ORIENTED_EDGE('',*,*,#2989,.T.);
#4335=ORIENTED_EDGE('',*,*,#2938,.F.);
#4336=ORIENTED_EDGE('',*,*,#2990,.T.);
#4337=ORIENTED_EDGE('',*,*,#2916,.F.);
#4338=ORIENTED_EDGE('',*,*,#2912,.F.);
#4339=ORIENTED_EDGE('',*,*,#2928,.F.);
#4340=ORIENTED_EDGE('',*,*,#2989,.F.);
#4341=ORIENTED_EDGE('',*,*,#2933,.F.);
#4342=ORIENTED_EDGE('',*,*,#2896,.F.);
#4343=ORIENTED_EDGE('',*,*,#2906,.F.);
#4344=ORIENTED_EDGE('',*,*,#2921,.F.);
#4345=ORIENTED_EDGE('',*,*,#2915,.F.);
#4346=ORIENTED_EDGE('',*,*,#2918,.F.);
#4347=ORIENTED_EDGE('',*,*,#2922,.F.);
#4348=ORIENTED_EDGE('',*,*,#2991,.T.);
#4349=ORIENTED_EDGE('',*,*,#2828,.F.);
#4350=ORIENTED_EDGE('',*,*,#2843,.F.);
#4351=ORIENTED_EDGE('',*,*,#2848,.F.);
#4352=ORIENTED_EDGE('',*,*,#2972,.F.);
#4353=ORIENTED_EDGE('',*,*,#2838,.F.);
#4354=ORIENTED_EDGE('',*,*,#2866,.F.);
#4355=ORIENTED_EDGE('',*,*,#2967,.F.);
#4356=ORIENTED_EDGE('',*,*,#2970,.F.);
#4357=ORIENTED_EDGE('',*,*,#2855,.F.);
#4358=ORIENTED_EDGE('',*,*,#2858,.F.);
#4359=ORIENTED_EDGE('',*,*,#2839,.F.);
#4360=ORIENTED_EDGE('',*,*,#2833,.F.);
#4361=ORIENTED_EDGE('',*,*,#2979,.F.);
#4362=ORIENTED_EDGE('',*,*,#2984,.F.);
#4363=ORIENTED_EDGE('',*,*,#2983,.F.);
#4364=ORIENTED_EDGE('',*,*,#2823,.F.);
#4365=ORIENTED_EDGE('',*,*,#2827,.F.);
#4366=ORIENTED_EDGE('',*,*,#2977,.F.);
#4367=ORIENTED_EDGE('',*,*,#2975,.F.);
#4368=ORIENTED_EDGE('',*,*,#2861,.F.);
#4369=ORIENTED_EDGE('',*,*,#2857,.F.);
#4370=ORIENTED_EDGE('',*,*,#2959,.F.);
#4371=ORIENTED_EDGE('',*,*,#2957,.F.);
#4372=ORIENTED_EDGE('',*,*,#2865,.F.);
#4373=ORIENTED_EDGE('',*,*,#2886,.F.);
#4374=ORIENTED_EDGE('',*,*,#2949,.F.);
#4375=ORIENTED_EDGE('',*,*,#2962,.F.);
#4376=ORIENTED_EDGE('',*,*,#2968,.F.);
#4377=ORIENTED_EDGE('',*,*,#2958,.F.);
#4378=ORIENTED_EDGE('',*,*,#2869,.F.);
#4379=ORIENTED_EDGE('',*,*,#2876,.F.);
#4380=ORIENTED_EDGE('',*,*,#2888,.F.);
#4381=ORIENTED_EDGE('',*,*,#2897,.F.);
#4382=ORIENTED_EDGE('',*,*,#2935,.F.);
#4383=ORIENTED_EDGE('',*,*,#2907,.F.);
#4384=ORIENTED_EDGE('',*,*,#2905,.F.);
#4385=ORIENTED_EDGE('',*,*,#2913,.F.);
#4386=ORIENTED_EDGE('',*,*,#2920,.F.);
#4387=ORIENTED_EDGE('',*,*,#2908,.F.);
#4388=ORIENTED_EDGE('',*,*,#2926,.F.);
#4389=ORIENTED_EDGE('',*,*,#2925,.F.);
#4390=ORIENTED_EDGE('',*,*,#2936,.F.);
#4391=ORIENTED_EDGE('',*,*,#2877,.F.);
#4392=ORIENTED_EDGE('',*,*,#2943,.F.);
#4393=ORIENTED_EDGE('',*,*,#2952,.F.);
#4394=ORIENTED_EDGE('',*,*,#2964,.F.);
#4395=ORIENTED_EDGE('',*,*,#2849,.F.);
#4396=ORIENTED_EDGE('',*,*,#2966,.F.);
#4397=ORIENTED_EDGE('',*,*,#2956,.F.);
#4398=ORIENTED_EDGE('',*,*,#2947,.F.);
#4399=ORIENTED_EDGE('',*,*,#2939,.F.);
#4400=ORIENTED_EDGE('',*,*,#2929,.F.);
#4401=ORIENTED_EDGE('',*,*,#2985,.F.);
#4402=ORIENTED_EDGE('',*,*,#2992,.F.);
#4403=ORIENTED_EDGE('',*,*,#2887,.F.);
#4404=ORIENTED_EDGE('',*,*,#2881,.F.);
#4405=ORIENTED_EDGE('',*,*,#2930,.F.);
#4406=ORIENTED_EDGE('',*,*,#2923,.F.);
#4407=ORIENTED_EDGE('',*,*,#2990,.F.);
#4408=ORIENTED_EDGE('',*,*,#2946,.F.);
#4409=ORIENTED_EDGE('',*,*,#2993,.F.);
#4410=ORIENTED_EDGE('',*,*,#2980,.F.);
#4411=ORIENTED_EDGE('',*,*,#2988,.T.);
#4412=ORIENTED_EDGE('',*,*,#2950,.F.);
#4413=ORIENTED_EDGE('',*,*,#2992,.T.);
#4414=ORIENTED_EDGE('',*,*,#2982,.F.);
#4415=ORIENTED_EDGE('',*,*,#2993,.T.);
#4416=ORIENTED_EDGE('',*,*,#2955,.F.);
#4417=ORIENTED_EDGE('',*,*,#2994,.T.);
#4418=ORIENTED_EDGE('',*,*,#2940,.F.);
#4419=ORIENTED_EDGE('',*,*,#2991,.F.);
#4420=ORIENTED_EDGE('',*,*,#2931,.F.);
#4421=ORIENTED_EDGE('',*,*,#2889,.F.);
#4422=ORIENTED_EDGE('',*,*,#2860,.F.);
#4423=ORIENTED_EDGE('',*,*,#2987,.F.);
#4424=ORIENTED_EDGE('',*,*,#2944,.F.);
#4425=ORIENTED_EDGE('',*,*,#2898,.F.);
#4426=ORIENTED_EDGE('',*,*,#2932,.F.);
#4427=ORIENTED_EDGE('',*,*,#2941,.F.);
#4428=ORIENTED_EDGE('',*,*,#2873,.F.);
#4429=ORIENTED_EDGE('',*,*,#2875,.F.);
#4430=ORIENTED_EDGE('',*,*,#2960,.F.);
#4431=ORIENTED_EDGE('',*,*,#2822,.F.);
#4432=ORIENTED_EDGE('',*,*,#2994,.F.);
#4433=ORIENTED_EDGE('',*,*,#2965,.F.);
#4434=ORIENTED_EDGE('',*,*,#2844,.F.);
#4435=CYLINDRICAL_SURFACE('',#4913,0.0999999999999979);
#4436=CYLINDRICAL_SURFACE('',#4917,0.100000000000033);
#4437=CYLINDRICAL_SURFACE('',#4919,0.100000000000033);
#4438=CYLINDRICAL_SURFACE('',#4921,0.0999999999999979);
#4439=CYLINDRICAL_SURFACE('',#4925,0.100000000000424);
#4440=CYLINDRICAL_SURFACE('',#4928,0.100000000000016);
#4441=CYLINDRICAL_SURFACE('',#4932,0.0999999999999446);
#4442=CYLINDRICAL_SURFACE('',#4934,0.100000000000016);
#4443=CYLINDRICAL_SURFACE('',#4937,0.100000000000016);
#4444=CYLINDRICAL_SURFACE('',#4940,0.100000000000051);
#4445=CYLINDRICAL_SURFACE('',#4943,0.100000000000016);
#4446=CYLINDRICAL_SURFACE('',#4948,0.0999999999970487);
#4447=CYLINDRICAL_SURFACE('',#4952,0.0999999999999268);
#4448=CYLINDRICAL_SURFACE('',#4957,0.100000000000016);
#4449=CYLINDRICAL_SURFACE('',#4961,0.0999999999999979);
#4450=CYLINDRICAL_SURFACE('',#4968,0.100000000000087);
#4451=CYLINDRICAL_SURFACE('',#4969,0.0999999999999979);
#4452=CYLINDRICAL_SURFACE('',#4975,0.0999999999999268);
#4453=CYLINDRICAL_SURFACE('',#4977,0.100000000000033);
#4454=CYLINDRICAL_SURFACE('',#4978,0.100000000000087);
#4455=CYLINDRICAL_SURFACE('',#4979,0.100000000000406);
#4456=CYLINDRICAL_SURFACE('',#4982,0.0999999999999979);
#4457=CYLINDRICAL_SURFACE('',#4989,0.0999999999969601);
#4458=CYLINDRICAL_SURFACE('',#4990,0.100000000000016);
#4459=CYLINDRICAL_SURFACE('',#4993,0.0999999999999446);
#4460=CYLINDRICAL_SURFACE('',#4998,0.0999999999999779);
#4461=CYLINDRICAL_SURFACE('',#5002,0.099999999999934);
#4462=CYLINDRICAL_SURFACE('',#5008,0.100000000002494);
#4463=CYLINDRICAL_SURFACE('',#5009,0.0999999999999418);
#4464=CYLINDRICAL_SURFACE('',#5014,0.100000000000016);
#4465=CYLINDRICAL_SURFACE('',#5018,0.0999999999999779);
#4466=CYLINDRICAL_SURFACE('',#5021,0.100000000000016);
#4467=CYLINDRICAL_SURFACE('',#5025,0.100000000000107);
#4468=CYLINDRICAL_SURFACE('',#5026,0.100000000000014);
#4469=CYLINDRICAL_SURFACE('',#5029,0.0999999999999623);
#4470=CYLINDRICAL_SURFACE('',#5031,0.100000000000158);
#4471=CYLINDRICAL_SURFACE('',#5034,0.0999999999997137);
#4472=CYLINDRICAL_SURFACE('',#5037,0.0999999999999646);
#4473=CYLINDRICAL_SURFACE('',#5041,0.0999999999999446);
#4474=CYLINDRICAL_SURFACE('',#5045,0.0999999999999623);
#4475=CYLINDRICAL_SURFACE('',#5050,0.100000000000124);
#4476=CYLINDRICAL_SURFACE('',#5051,0.100000000000033);
#4477=CYLINDRICAL_SURFACE('',#5053,0.0999999999999979);
#4478=CYLINDRICAL_SURFACE('',#5056,0.100000000000012);
#4479=CYLINDRICAL_SURFACE('',#5060,0.100000000002546);
#4480=CYLINDRICAL_SURFACE('',#5061,0.100000000000016);
#4481=CYLINDRICAL_SURFACE('',#5067,0.100000000000016);
#4482=CYLINDRICAL_SURFACE('',#5069,0.0999999999996959);
#4483=CYLINDRICAL_SURFACE('',#5072,0.199999999999996);
#4484=CYLINDRICAL_SURFACE('',#5075,0.200000000000206);
#4485=CYLINDRICAL_SURFACE('',#5078,0.199999999999925);
#4486=CYLINDRICAL_SURFACE('',#5083,0.200000000000221);
#4487=CYLINDRICAL_SURFACE('',#5095,0.200000000000324);
#4488=CYLINDRICAL_SURFACE('',#5097,0.200000000000298);
#4489=CYLINDRICAL_SURFACE('',#5101,0.200000000000298);
#4490=CYLINDRICAL_SURFACE('',#5107,0.200000000000245);
#4491=CYLINDRICAL_SURFACE('',#5108,0.199999999999889);
#4492=CYLINDRICAL_SURFACE('',#5111,0.500000000000016);
#4493=CYLINDRICAL_SURFACE('',#5116,0.200000000000315);
#4494=CYLINDRICAL_SURFACE('',#5118,0.500000000000016);
#4495=CYLINDRICAL_SURFACE('',#5124,0.500000000000025);
#4496=CYLINDRICAL_SURFACE('',#5130,0.500000000000007);
#4497=CYLINDRICAL_SURFACE('',#5131,1.50000000000016);
#4498=CYLINDRICAL_SURFACE('',#5133,1.49999999999999);
#4499=CYLINDRICAL_SURFACE('',#5135,0.500000000000007);
#4500=CYLINDRICAL_SURFACE('',#5140,0.499999999999989);
#4501=CYLINDRICAL_SURFACE('',#5144,1.50000000000018);
#4502=CYLINDRICAL_SURFACE('',#5147,1.50000000000328);
#4503=CYLINDRICAL_SURFACE('',#5149,0.500000000000038);
#4504=CYLINDRICAL_SURFACE('',#5158,0.499999999999985);
#4505=CYLINDRICAL_SURFACE('',#5160,0.499999999999994);
#4506=CYLINDRICAL_SURFACE('',#5168,0.499999999999978);
#4507=CYLINDRICAL_SURFACE('',#5175,0.100000000000028);
#4508=CYLINDRICAL_SURFACE('',#5181,0.100000000000042);
#4509=CYLINDRICAL_SURFACE('',#5186,0.0999999999999857);
#4510=CYLINDRICAL_SURFACE('',#5192,0.100000000000033);
#4511=CYLINDRICAL_SURFACE('',#5197,0.0999999999999801);
#4512=CYLINDRICAL_SURFACE('',#5202,0.100000000000104);
#4513=CYLINDRICAL_SURFACE('',#5212,0.0999999999999851);
#4514=CYLINDRICAL_SURFACE('',#5213,0.0999999999999712);
#4515=CYLINDRICAL_SURFACE('',#5219,0.0999999999999313);
#4516=CYLINDRICAL_SURFACE('',#5230,0.100000000000016);
#4517=CYLINDRICAL_SURFACE('',#5241,0.100000000000016);
#4518=CYLINDRICAL_SURFACE('',#5243,0.100000000000029);
#4519=CYLINDRICAL_SURFACE('',#5253,0.0999999999999801);
#4520=CYLINDRICAL_SURFACE('',#5262,0.0999999999999968);
#4521=CYLINDRICAL_SURFACE('',#5263,0.0999999999999635);
#4522=CYLINDRICAL_SURFACE('',#5268,0.0999999999999479);
#4523=CYLINDRICAL_SURFACE('',#5269,0.0999999999999968);
#4524=CYLINDRICAL_SURFACE('',#5275,0.100000000000051);
#4525=CYLINDRICAL_SURFACE('',#5276,0.100000000000033);
#4526=CYLINDRICAL_SURFACE('',#5278,0.0999999999999268);
#4527=CYLINDRICAL_SURFACE('',#5279,0.0999999999999657);
#4528=CYLINDRICAL_SURFACE('',#5281,0.100000000000033);
#4529=CYLINDRICAL_SURFACE('',#5282,0.100000000000033);
#4530=CYLINDRICAL_SURFACE('',#5284,0.0999999999999646);
#4531=CYLINDRICAL_SURFACE('',#5289,0.0999999999999623);
#4532=CYLINDRICAL_SURFACE('',#5290,0.100000000000016);
#4533=CYLINDRICAL_SURFACE('',#5292,0.100000000000016);
#4534=CYLINDRICAL_SURFACE('',#5306,0.0999999999999435);
#4535=CYLINDRICAL_SURFACE('',#5307,0.0999999999999801);
#4536=CYLINDRICAL_SURFACE('',#5308,0.0999999999999446);
#4537=CYLINDRICAL_SURFACE('',#5309,0.100000000000072);
#4538=CYLINDRICAL_SURFACE('',#5310,0.0999999999999254);
#4539=CYLINDRICAL_SURFACE('',#5311,0.10000000000014);
#4540=CYLINDRICAL_SURFACE('',#5312,0.0999999999999307);
#4541=CYLINDRICAL_SURFACE('',#5313,0.100000000000007);
#4542=CYLINDRICAL_SURFACE('',#5318,0.099999999999994);
#4543=CYLINDRICAL_SURFACE('',#5327,0.100000000000007);
#4544=CYLINDRICAL_SURFACE('',#5329,0.499999999999973);
#4545=CYLINDRICAL_SURFACE('',#5331,0.499999999999917);
#4546=CYLINDRICAL_SURFACE('',#5343,0.499999999999968);
#4547=CYLINDRICAL_SURFACE('',#5344,0.499999999999961);
#4548=CYLINDRICAL_SURFACE('',#5352,0.100000000000004);
#4549=CYLINDRICAL_SURFACE('',#5358,0.0999999999999979);
#4550=CYLINDRICAL_SURFACE('',#5363,0.100000000000008);
#4551=CYLINDRICAL_SURFACE('',#5369,0.0999999999999979);
#4552=CYLINDRICAL_SURFACE('',#5374,0.0999999999999979);
#4553=CYLINDRICAL_SURFACE('',#5379,0.0999999999999979);
#4554=CYLINDRICAL_SURFACE('',#5389,0.100000000000008);
#4555=CYLINDRICAL_SURFACE('',#5390,0.100000000000016);
#4556=CYLINDRICAL_SURFACE('',#5396,0.0999999999999779);
#4557=CYLINDRICAL_SURFACE('',#5407,0.0999999999999979);
#4558=CYLINDRICAL_SURFACE('',#5418,0.100000000000033);
#4559=CYLINDRICAL_SURFACE('',#5420,0.0999999999999857);
#4560=CYLINDRICAL_SURFACE('',#5430,0.100000000000016);
#4561=CYLINDRICAL_SURFACE('',#5439,0.0999999999999907);
#4562=CYLINDRICAL_SURFACE('',#5440,0.0999999999999646);
#4563=CYLINDRICAL_SURFACE('',#5445,0.0999999999999651);
#4564=CYLINDRICAL_SURFACE('',#5446,0.0999999999999901);
#4565=CYLINDRICAL_SURFACE('',#5452,0.0999999999999801);
#4566=CYLINDRICAL_SURFACE('',#5453,0.0999999999999979);
#4567=CYLINDRICAL_SURFACE('',#5455,0.0999999999999979);
#4568=CYLINDRICAL_SURFACE('',#5456,0.100000000000012);
#4569=CYLINDRICAL_SURFACE('',#5458,0.0999999999999979);
#4570=CYLINDRICAL_SURFACE('',#5459,0.0999999999999623);
#4571=CYLINDRICAL_SURFACE('',#5461,0.100000000000012);
#4572=CYLINDRICAL_SURFACE('',#5466,0.0999999999999979);
#4573=CYLINDRICAL_SURFACE('',#5467,0.0999999999999979);
#4574=CYLINDRICAL_SURFACE('',#5469,0.0999999999999268);
#4575=CYLINDRICAL_SURFACE('',#5483,0.100000000000014);
#4576=CYLINDRICAL_SURFACE('',#5484,0.100000000000016);
#4577=CYLINDRICAL_SURFACE('',#5485,0.100000000000017);
#4578=CYLINDRICAL_SURFACE('',#5486,0.100000000000007);
#4579=CYLINDRICAL_SURFACE('',#5487,0.0999999999999697);
#4580=CYLINDRICAL_SURFACE('',#5488,0.100000000000033);
#4581=CYLINDRICAL_SURFACE('',#5489,0.0999999999999779);
#4582=CYLINDRICAL_SURFACE('',#5490,0.100000000000006);
#4583=CYLINDRICAL_SURFACE('',#5495,0.100000000000003);
#4584=CYLINDRICAL_SURFACE('',#5504,0.099999999999989);
#4585=CYLINDRICAL_SURFACE('',#5506,0.499999999999983);
#4586=CYLINDRICAL_SURFACE('',#5508,0.499999999999986);
#4587=CYLINDRICAL_SURFACE('',#5520,0.5);
#4588=CYLINDRICAL_SURFACE('',#5521,0.499999999999991);
#4589=ADVANCED_FACE('',(#261),#4435,.F.);
#4590=ADVANCED_FACE('',(#262),#233,.T.);
#4591=ADVANCED_FACE('',(#263),#4436,.T.);
#4592=ADVANCED_FACE('',(#264),#4437,.T.);
#4593=ADVANCED_FACE('',(#265),#97,.T.);
#4594=ADVANCED_FACE('',(#266),#4438,.F.);
#4595=ADVANCED_FACE('',(#267),#234,.T.);
#4596=ADVANCED_FACE('',(#268),#4439,.T.);
#4597=ADVANCED_FACE('',(#269),#98,.T.);
#4598=ADVANCED_FACE('',(#270),#4440,.F.);
#4599=ADVANCED_FACE('',(#271),#4441,.F.);
#4600=ADVANCED_FACE('',(#272),#4442,.F.);
#4601=ADVANCED_FACE('',(#273),#4443,.F.);
#4602=ADVANCED_FACE('',(#274),#4444,.F.);
#4603=ADVANCED_FACE('',(#275),#99,.T.);
#4604=ADVANCED_FACE('',(#276),#4445,.F.);
#4605=ADVANCED_FACE('',(#277),#49,.F.);
#4606=ADVANCED_FACE('',(#278),#100,.T.);
#4607=ADVANCED_FACE('',(#279),#4446,.T.);
#4608=ADVANCED_FACE('',(#280),#235,.T.);
#4609=ADVANCED_FACE('',(#281),#101,.T.);
#4610=ADVANCED_FACE('',(#282),#50,.F.);
#4611=ADVANCED_FACE('',(#283),#236,.T.);
#4612=ADVANCED_FACE('',(#284),#4447,.F.);
#4613=ADVANCED_FACE('',(#285),#4448,.F.);
#4614=ADVANCED_FACE('',(#286),#102,.T.);
#4615=ADVANCED_FACE('',(#287),#4449,.F.);
#4616=ADVANCED_FACE('',(#288),#19,.F.);
#4617=ADVANCED_FACE('',(#289),#4450,.F.);
#4618=ADVANCED_FACE('',(#290),#4451,.F.);
#4619=ADVANCED_FACE('',(#291),#20,.F.);
#4620=ADVANCED_FACE('',(#292),#4452,.F.);
#4621=ADVANCED_FACE('',(#293),#237,.T.);
#4622=ADVANCED_FACE('',(#294),#4453,.F.);
#4623=ADVANCED_FACE('',(#295),#4454,.F.);
#4624=ADVANCED_FACE('',(#296),#238,.T.);
#4625=ADVANCED_FACE('',(#297),#4455,.T.);
#4626=ADVANCED_FACE('',(#298),#103,.T.);
#4627=ADVANCED_FACE('',(#299),#4456,.T.);
#4628=ADVANCED_FACE('',(#300),#104,.T.);
#4629=ADVANCED_FACE('',(#301),#51,.F.);
#4630=ADVANCED_FACE('',(#302),#105,.T.);
#4631=ADVANCED_FACE('',(#303),#52,.F.);
#4632=ADVANCED_FACE('',(#304),#239,.T.);
#4633=ADVANCED_FACE('',(#305),#4457,.T.);
#4634=ADVANCED_FACE('',(#306),#240,.T.);
#4635=ADVANCED_FACE('',(#307),#4458,.T.);
#4636=ADVANCED_FACE('',(#308),#106,.T.);
#4637=ADVANCED_FACE('',(#309),#4459,.F.);
#4638=ADVANCED_FACE('',(#310),#4460,.F.);
#4639=ADVANCED_FACE('',(#311),#4461,.F.);
#4640=ADVANCED_FACE('',(#312),#107,.T.);
#4641=ADVANCED_FACE('',(#313),#53,.F.);
#4642=ADVANCED_FACE('',(#314),#108,.T.);
#4643=ADVANCED_FACE('',(#315),#241,.T.);
#4644=ADVANCED_FACE('',(#316),#4462,.T.);
#4645=ADVANCED_FACE('',(#317),#4463,.F.);
#4646=ADVANCED_FACE('',(#318),#54,.F.);
#4647=ADVANCED_FACE('',(#319),#242,.T.);
#4648=ADVANCED_FACE('',(#320),#4464,.T.);
#4649=ADVANCED_FACE('',(#321),#109,.T.);
#4650=ADVANCED_FACE('',(#322),#110,.T.);
#4651=ADVANCED_FACE('',(#323),#4465,.F.);
#4652=ADVANCED_FACE('',(#324),#4466,.F.);
#4653=ADVANCED_FACE('',(#325),#243,.T.);
#4654=ADVANCED_FACE('',(#326),#4467,.F.);
#4655=ADVANCED_FACE('',(#327),#4468,.F.);
#4656=ADVANCED_FACE('',(#328),#244,.T.);
#4657=ADVANCED_FACE('',(#329),#111,.T.);
#4658=ADVANCED_FACE('',(#330),#4469,.T.);
#4659=ADVANCED_FACE('',(#331),#245,.T.);
#4660=ADVANCED_FACE('',(#332),#4470,.F.);
#4661=ADVANCED_FACE('',(#333),#4471,.T.);
#4662=ADVANCED_FACE('',(#334),#112,.T.);
#4663=ADVANCED_FACE('',(#335),#4472,.F.);
#4664=ADVANCED_FACE('',(#336),#4473,.F.);
#4665=ADVANCED_FACE('',(#337),#113,.T.);
#4666=ADVANCED_FACE('',(#338),#4474,.F.);
#4667=ADVANCED_FACE('',(#339),#246,.T.);
#4668=ADVANCED_FACE('',(#340),#4475,.F.);
#4669=ADVANCED_FACE('',(#341),#4476,.T.);
#4670=ADVANCED_FACE('',(#342),#114,.T.);
#4671=ADVANCED_FACE('',(#343),#4477,.F.);
#4672=ADVANCED_FACE('',(#344),#4478,.F.);
#4673=ADVANCED_FACE('',(#345),#55,.F.);
#4674=ADVANCED_FACE('',(#346),#247,.T.);
#4675=ADVANCED_FACE('',(#347),#4479,.T.);
#4676=ADVANCED_FACE('',(#348),#4480,.F.);
#4677=ADVANCED_FACE('',(#349),#56,.F.);
#4678=ADVANCED_FACE('',(#350),#115,.T.);
#4679=ADVANCED_FACE('',(#351),#248,.T.);
#4680=ADVANCED_FACE('',(#352),#116,.T.);
#4681=ADVANCED_FACE('',(#353),#4481,.T.);
#4682=ADVANCED_FACE('',(#354),#4482,.T.);
#4683=ADVANCED_FACE('',(#355),#117,.T.);
#4684=ADVANCED_FACE('',(#356),#4483,.T.);
#4685=ADVANCED_FACE('',(#357),#4484,.T.);
#4686=ADVANCED_FACE('',(#358),#249,.T.);
#4687=ADVANCED_FACE('',(#359),#4485,.T.);
#4688=ADVANCED_FACE('',(#360),#21,.T.);
#4689=ADVANCED_FACE('',(#361),#4486,.T.);
#4690=ADVANCED_FACE('',(#362),#250,.T.);
#4691=ADVANCED_FACE('',(#363),#251,.T.);
#4692=ADVANCED_FACE('',(#364),#252,.T.);
#4693=ADVANCED_FACE('',(#365),#22,.T.);
#4694=ADVANCED_FACE('',(#366),#253,.T.);
#4695=ADVANCED_FACE('',(#367),#254,.T.);
#4696=ADVANCED_FACE('',(#368),#23,.T.);
#4697=ADVANCED_FACE('',(#369),#255,.T.);
#4698=ADVANCED_FACE('',(#370),#256,.T.);
#4699=ADVANCED_FACE('',(#371),#24,.T.);
#4700=ADVANCED_FACE('',(#372),#57,.F.);
#4701=ADVANCED_FACE('',(#373),#257,.T.);
#4702=ADVANCED_FACE('',(#374),#4487,.T.);
#4703=ADVANCED_FACE('',(#375),#118,.T.);
#4704=ADVANCED_FACE('',(#376),#4488,.T.);
#4705=ADVANCED_FACE('',(#377),#258,.T.);
#4706=ADVANCED_FACE('',(#378),#58,.F.);
#4707=ADVANCED_FACE('',(#379),#4489,.F.);
#4708=ADVANCED_FACE('',(#380),#119,.T.);
#4709=ADVANCED_FACE('',(#381),#259,.T.);
#4710=ADVANCED_FACE('',(#382),#59,.F.);
#4711=ADVANCED_FACE('',(#383),#4490,.F.);
#4712=ADVANCED_FACE('',(#384),#4491,.T.);
#4713=ADVANCED_FACE('',(#385),#60,.F.);
#4714=ADVANCED_FACE('',(#386),#260,.T.);
#4715=ADVANCED_FACE('',(#387),#4492,.T.);
#4716=ADVANCED_FACE('',(#388),#120,.T.);
#4717=ADVANCED_FACE('',(#389),#4493,.T.);
#4718=ADVANCED_FACE('',(#390),#121,.T.);
#4719=ADVANCED_FACE('',(#391),#4494,.T.);
#4720=ADVANCED_FACE('',(#392),#61,.T.);
#4721=ADVANCED_FACE('',(#393),#4495,.T.);
#4722=ADVANCED_FACE('',(#394),#62,.T.);
#4723=ADVANCED_FACE('',(#395),#4496,.T.);
#4724=ADVANCED_FACE('',(#396),#4497,.T.);
#4725=ADVANCED_FACE('',(#397),#4498,.T.);
#4726=ADVANCED_FACE('',(#398),#4499,.T.);
#4727=ADVANCED_FACE('',(#399),#63,.T.);
#4728=ADVANCED_FACE('',(#400),#4500,.T.);
#4729=ADVANCED_FACE('',(#401),#64,.T.);
#4730=ADVANCED_FACE('',(#402),#4501,.T.);
#4731=ADVANCED_FACE('',(#403),#122,.T.);
#4732=ADVANCED_FACE('',(#404),#4502,.T.);
#4733=ADVANCED_FACE('',(#405),#4503,.T.);
#4734=ADVANCED_FACE('',(#406),#65,.T.);
#4735=ADVANCED_FACE('',(#407),#66,.T.);
#4736=ADVANCED_FACE('',(#408),#4504,.T.);
#4737=ADVANCED_FACE('',(#409),#4505,.T.);
#4738=ADVANCED_FACE('',(#410),#67,.T.);
#4739=ADVANCED_FACE('',(#411),#68,.T.);
#4740=ADVANCED_FACE('',(#412),#4506,.T.);
#4741=ADVANCED_FACE('',(#413),#123,.T.);
#4742=ADVANCED_FACE('',(#414),#124,.T.);
#4743=ADVANCED_FACE('',(#415),#25,.T.);
#4744=ADVANCED_FACE('',(#416),#4507,.T.);
#4745=ADVANCED_FACE('',(#417),#26,.T.);
#4746=ADVANCED_FACE('',(#418),#4508,.T.);
#4747=ADVANCED_FACE('',(#419),#27,.T.);
#4748=ADVANCED_FACE('',(#420),#4509,.T.);
#4749=ADVANCED_FACE('',(#421),#28,.T.);
#4750=ADVANCED_FACE('',(#422),#4510,.T.);
#4751=ADVANCED_FACE('',(#423),#29,.T.);
#4752=ADVANCED_FACE('',(#424),#4511,.T.);
#4753=ADVANCED_FACE('',(#425),#30,.T.);
#4754=ADVANCED_FACE('',(#426),#4512,.T.);
#4755=ADVANCED_FACE('',(#427),#31,.T.);
#4756=ADVANCED_FACE('',(#428),#69,.T.);
#4757=ADVANCED_FACE('',(#429),#4513,.T.);
#4758=ADVANCED_FACE('',(#430),#4514,.T.);
#4759=ADVANCED_FACE('',(#431),#32,.T.);
#4760=ADVANCED_FACE('',(#432),#4515,.T.);
#4761=ADVANCED_FACE('',(#433),#70,.T.);
#4762=ADVANCED_FACE('',(#434),#71,.T.);
#4763=ADVANCED_FACE('',(#435),#4516,.T.);
#4764=ADVANCED_FACE('',(#436),#72,.T.);
#4765=ADVANCED_FACE('',(#437),#73,.T.);
#4766=ADVANCED_FACE('',(#438),#4517,.T.);
#4767=ADVANCED_FACE('',(#439),#4518,.F.);
#4768=ADVANCED_FACE('',(#440),#33,.T.);
#4769=ADVANCED_FACE('',(#441),#74,.T.);
#4770=ADVANCED_FACE('',(#442),#4519,.F.);
#4771=ADVANCED_FACE('',(#443),#34,.T.);
#4772=ADVANCED_FACE('',(#444),#35,.T.);
#4773=ADVANCED_FACE('',(#445),#4520,.T.);
#4774=ADVANCED_FACE('',(#446),#4521,.T.);
#4775=ADVANCED_FACE('',(#447),#36,.T.);
#4776=ADVANCED_FACE('',(#448),#4522,.T.);
#4777=ADVANCED_FACE('',(#449),#4523,.T.);
#4778=ADVANCED_FACE('',(#450),#75,.T.);
#4779=ADVANCED_FACE('',(#451),#4524,.T.);
#4780=ADVANCED_FACE('',(#452),#4525,.T.);
#4781=ADVANCED_FACE('',(#453),#4526,.T.);
#4782=ADVANCED_FACE('',(#454),#4527,.T.);
#4783=ADVANCED_FACE('',(#455),#4528,.T.);
#4784=ADVANCED_FACE('',(#456),#4529,.T.);
#4785=ADVANCED_FACE('',(#457),#4530,.T.);
#4786=ADVANCED_FACE('',(#458),#76,.T.);
#4787=ADVANCED_FACE('',(#459),#4531,.T.);
#4788=ADVANCED_FACE('',(#460),#4532,.T.);
#4789=ADVANCED_FACE('',(#461),#4533,.T.);
#4790=ADVANCED_FACE('',(#462),#77,.T.);
#4791=ADVANCED_FACE('',(#463),#78,.T.);
#4792=ADVANCED_FACE('',(#464),#79,.T.);
#4793=ADVANCED_FACE('',(#465),#4534,.T.);
#4794=ADVANCED_FACE('',(#466),#4535,.F.);
#4795=ADVANCED_FACE('',(#467),#4536,.T.);
#4796=ADVANCED_FACE('',(#468),#4537,.T.);
#4797=ADVANCED_FACE('',(#469),#4538,.T.);
#4798=ADVANCED_FACE('',(#470),#4539,.T.);
#4799=ADVANCED_FACE('',(#471),#4540,.T.);
#4800=ADVANCED_FACE('',(#472),#4541,.T.);
#4801=ADVANCED_FACE('',(#473),#80,.T.);
#4802=ADVANCED_FACE('',(#474),#4542,.T.);
#4803=ADVANCED_FACE('',(#475),#81,.T.);
#4804=ADVANCED_FACE('',(#476),#82,.T.);
#4805=ADVANCED_FACE('',(#477),#4543,.T.);
#4806=ADVANCED_FACE('',(#478),#125,.T.);
#4807=ADVANCED_FACE('',(#479),#4544,.F.);
#4808=ADVANCED_FACE('',(#480),#126,.T.);
#4809=ADVANCED_FACE('',(#481),#4545,.T.);
#4810=ADVANCED_FACE('',(#482),#127,.T.);
#4811=ADVANCED_FACE('',(#483),#128,.T.);
#4812=ADVANCED_FACE('',(#484),#129,.T.);
#4813=ADVANCED_FACE('',(#485),#130,.T.);
#4814=ADVANCED_FACE('',(#486),#131,.T.);
#4815=ADVANCED_FACE('',(#487),#132,.T.);
#4816=ADVANCED_FACE('',(#488),#133,.T.);
#4817=ADVANCED_FACE('',(#489),#134,.T.);
#4818=ADVANCED_FACE('',(#490),#135,.T.);
#4819=ADVANCED_FACE('',(#491),#136,.T.);
#4820=ADVANCED_FACE('',(#492),#137,.T.);
#4821=ADVANCED_FACE('',(#493),#4546,.T.);
#4822=ADVANCED_FACE('',(#494),#4547,.T.);
#4823=ADVANCED_FACE('',(#495),#138,.T.);
#4824=ADVANCED_FACE('',(#496),#139,.T.);
#4825=ADVANCED_FACE('',(#497),#140,.T.);
#4826=ADVANCED_FACE('',(#498),#37,.T.);
#4827=ADVANCED_FACE('',(#499),#4548,.T.);
#4828=ADVANCED_FACE('',(#500),#38,.T.);
#4829=ADVANCED_FACE('',(#501),#4549,.T.);
#4830=ADVANCED_FACE('',(#502),#39,.T.);
#4831=ADVANCED_FACE('',(#503),#4550,.T.);
#4832=ADVANCED_FACE('',(#504),#40,.T.);
#4833=ADVANCED_FACE('',(#505),#4551,.T.);
#4834=ADVANCED_FACE('',(#506),#41,.T.);
#4835=ADVANCED_FACE('',(#507),#4552,.T.);
#4836=ADVANCED_FACE('',(#508),#42,.T.);
#4837=ADVANCED_FACE('',(#509),#4553,.T.);
#4838=ADVANCED_FACE('',(#510),#43,.T.);
#4839=ADVANCED_FACE('',(#511),#83,.T.);
#4840=ADVANCED_FACE('',(#512),#4554,.T.);
#4841=ADVANCED_FACE('',(#513),#4555,.T.);
#4842=ADVANCED_FACE('',(#514),#44,.T.);
#4843=ADVANCED_FACE('',(#515),#4556,.T.);
#4844=ADVANCED_FACE('',(#516),#84,.T.);
#4845=ADVANCED_FACE('',(#517),#85,.T.);
#4846=ADVANCED_FACE('',(#518),#4557,.T.);
#4847=ADVANCED_FACE('',(#519),#86,.T.);
#4848=ADVANCED_FACE('',(#520),#87,.T.);
#4849=ADVANCED_FACE('',(#521),#4558,.T.);
#4850=ADVANCED_FACE('',(#522),#4559,.F.);
#4851=ADVANCED_FACE('',(#523),#45,.T.);
#4852=ADVANCED_FACE('',(#524),#88,.T.);
#4853=ADVANCED_FACE('',(#525),#4560,.F.);
#4854=ADVANCED_FACE('',(#526),#46,.T.);
#4855=ADVANCED_FACE('',(#527),#47,.T.);
#4856=ADVANCED_FACE('',(#528),#4561,.T.);
#4857=ADVANCED_FACE('',(#529),#4562,.T.);
#4858=ADVANCED_FACE('',(#530),#48,.T.);
#4859=ADVANCED_FACE('',(#531),#4563,.T.);
#4860=ADVANCED_FACE('',(#532),#4564,.T.);
#4861=ADVANCED_FACE('',(#533),#89,.T.);
#4862=ADVANCED_FACE('',(#534),#4565,.T.);
#4863=ADVANCED_FACE('',(#535),#4566,.T.);
#4864=ADVANCED_FACE('',(#536),#4567,.T.);
#4865=ADVANCED_FACE('',(#537),#4568,.T.);
#4866=ADVANCED_FACE('',(#538),#4569,.T.);
#4867=ADVANCED_FACE('',(#539),#4570,.T.);
#4868=ADVANCED_FACE('',(#540),#4571,.T.);
#4869=ADVANCED_FACE('',(#541),#90,.T.);
#4870=ADVANCED_FACE('',(#542),#4572,.T.);
#4871=ADVANCED_FACE('',(#543),#4573,.T.);
#4872=ADVANCED_FACE('',(#544),#4574,.T.);
#4873=ADVANCED_FACE('',(#545),#91,.T.);
#4874=ADVANCED_FACE('',(#546),#92,.T.);
#4875=ADVANCED_FACE('',(#547),#93,.T.);
#4876=ADVANCED_FACE('',(#548),#4575,.T.);
#4877=ADVANCED_FACE('',(#549),#4576,.F.);
#4878=ADVANCED_FACE('',(#550),#4577,.T.);
#4879=ADVANCED_FACE('',(#551),#4578,.T.);
#4880=ADVANCED_FACE('',(#552),#4579,.T.);
#4881=ADVANCED_FACE('',(#553),#4580,.T.);
#4882=ADVANCED_FACE('',(#554),#4581,.T.);
#4883=ADVANCED_FACE('',(#555),#4582,.T.);
#4884=ADVANCED_FACE('',(#556),#94,.T.);
#4885=ADVANCED_FACE('',(#557),#4583,.T.);
#4886=ADVANCED_FACE('',(#558),#95,.T.);
#4887=ADVANCED_FACE('',(#559),#96,.T.);
#4888=ADVANCED_FACE('',(#560),#4584,.T.);
#4889=ADVANCED_FACE('',(#561),#141,.T.);
#4890=ADVANCED_FACE('',(#562),#4585,.F.);
#4891=ADVANCED_FACE('',(#563),#142,.T.);
#4892=ADVANCED_FACE('',(#564),#4586,.T.);
#4893=ADVANCED_FACE('',(#565),#143,.T.);
#4894=ADVANCED_FACE('',(#566),#144,.T.);
#4895=ADVANCED_FACE('',(#567),#145,.T.);
#4896=ADVANCED_FACE('',(#568),#146,.T.);
#4897=ADVANCED_FACE('',(#569),#147,.T.);
#4898=ADVANCED_FACE('',(#570),#148,.T.);
#4899=ADVANCED_FACE('',(#571),#149,.T.);
#4900=ADVANCED_FACE('',(#572),#150,.T.);
#4901=ADVANCED_FACE('',(#573),#151,.T.);
#4902=ADVANCED_FACE('',(#574),#152,.T.);
#4903=ADVANCED_FACE('',(#575),#153,.T.);
#4904=ADVANCED_FACE('',(#576),#4587,.T.);
#4905=ADVANCED_FACE('',(#577),#4588,.T.);
#4906=ADVANCED_FACE('',(#578),#154,.T.);
#4907=ADVANCED_FACE('',(#579),#155,.T.);
#4908=ADVANCED_FACE('',(#580),#156,.T.);
#4909=CLOSED_SHELL('',(#4589,#4590,#4591,#4592,#4593,#4594,#4595,#4596,
#4597,#4598,#4599,#4600,#4601,#4602,#4603,#4604,#4605,#4606,#4607,#4608,
#4609,#4610,#4611,#4612,#4613,#4614,#4615,#4616,#4617,#4618,#4619,#4620,
#4621,#4622,#4623,#4624,#4625,#4626,#4627,#4628,#4629,#4630,#4631,#4632,
#4633,#4634,#4635,#4636,#4637,#4638,#4639,#4640,#4641,#4642,#4643,#4644,
#4645,#4646,#4647,#4648,#4649,#4650,#4651,#4652,#4653,#4654,#4655,#4656,
#4657,#4658,#4659,#4660,#4661,#4662,#4663,#4664,#4665,#4666,#4667,#4668,
#4669,#4670,#4671,#4672,#4673,#4674,#4675,#4676,#4677,#4678,#4679,#4680,
#4681,#4682,#4683,#4684,#4685,#4686,#4687,#4688,#4689,#4690,#4691,#4692,
#4693,#4694,#4695,#4696,#4697,#4698,#4699,#4700,#4701,#4702,#4703,#4704,
#4705,#4706,#4707,#4708,#4709,#4710,#4711,#4712,#4713,#4714,#4715,#4716,
#4717,#4718,#4719,#4720,#4721,#4722,#4723,#4724,#4725,#4726,#4727,#4728,
#4729,#4730,#4731,#4732,#4733,#4734,#4735,#4736,#4737,#4738,#4739,#4740,
#4741,#4742));
#4910=CLOSED_SHELL('',(#4743,#4744,#4745,#4746,#4747,#4748,#4749,#4750,
#4751,#4752,#4753,#4754,#4755,#4756,#4757,#4758,#4759,#4760,#4761,#4762,
#4763,#4764,#4765,#4766,#4767,#4768,#4769,#4770,#4771,#4772,#4773,#4774,
#4775,#4776,#4777,#4778,#4779,#4780,#4781,#4782,#4783,#4784,#4785,#4786,
#4787,#4788,#4789,#4790,#4791,#4792,#4793,#4794,#4795,#4796,#4797,#4798,
#4799,#4800,#4801,#4802,#4803,#4804,#4805,#4806,#4807,#4808,#4809,#4810,
#4811,#4812,#4813,#4814,#4815,#4816,#4817,#4818,#4819,#4820,#4821,#4822,
#4823,#4824,#4825));
#4911=CLOSED_SHELL('',(#4826,#4827,#4828,#4829,#4830,#4831,#4832,#4833,
#4834,#4835,#4836,#4837,#4838,#4839,#4840,#4841,#4842,#4843,#4844,#4845,
#4846,#4847,#4848,#4849,#4850,#4851,#4852,#4853,#4854,#4855,#4856,#4857,
#4858,#4859,#4860,#4861,#4862,#4863,#4864,#4865,#4866,#4867,#4868,#4869,
#4870,#4871,#4872,#4873,#4874,#4875,#4876,#4877,#4878,#4879,#4880,#4881,
#4882,#4883,#4884,#4885,#4886,#4887,#4888,#4889,#4890,#4891,#4892,#4893,
#4894,#4895,#4896,#4897,#4898,#4899,#4900,#4901,#4902,#4903,#4904,#4905,
#4906,#4907,#4908));
#4912=AXIS2_PLACEMENT_3D('placement',#7075,#5525,#5526);
#4913=AXIS2_PLACEMENT_3D('',#7076,#5527,#5528);
#4914=AXIS2_PLACEMENT_3D('',#7079,#5529,#5530);
#4915=AXIS2_PLACEMENT_3D('',#7083,#5532,#5533);
#4916=AXIS2_PLACEMENT_3D('',#7086,#5535,#5536);
#4917=AXIS2_PLACEMENT_3D('',#7134,#5537,#5538);
#4918=AXIS2_PLACEMENT_3D('',#7138,#5540,#5541);
#4919=AXIS2_PLACEMENT_3D('',#7149,#5543,#5544);
#4920=AXIS2_PLACEMENT_3D('',#7164,#5547,#5548);
#4921=AXIS2_PLACEMENT_3D('',#7168,#5551,#5552);
#4922=AXIS2_PLACEMENT_3D('',#7171,#5553,#5554);
#4923=AXIS2_PLACEMENT_3D('',#7174,#5556,#5557);
#4924=AXIS2_PLACEMENT_3D('',#7175,#5558,#5559);
#4925=AXIS2_PLACEMENT_3D('',#7212,#5560,#5561);
#4926=AXIS2_PLACEMENT_3D('',#7225,#5563,#5564);
#4927=AXIS2_PLACEMENT_3D('',#7227,#5566,#5567);
#4928=AXIS2_PLACEMENT_3D('',#7233,#5571,#5572);
#4929=AXIS2_PLACEMENT_3D('',#7235,#5573,#5574);
#4930=AXIS2_PLACEMENT_3D('',#7239,#5576,#5577);
#4931=AXIS2_PLACEMENT_3D('',#7240,#5578,#5579);
#4932=AXIS2_PLACEMENT_3D('',#7241,#5580,#5581);
#4933=AXIS2_PLACEMENT_3D('',#7243,#5582,#5583);
#4934=AXIS2_PLACEMENT_3D('',#7245,#5585,#5586);
#4935=AXIS2_PLACEMENT_3D('',#7249,#5588,#5589);
#4936=AXIS2_PLACEMENT_3D('',#7251,#5590,#5591);
#4937=AXIS2_PLACEMENT_3D('',#7253,#5593,#5594);
#4938=AXIS2_PLACEMENT_3D('',#7255,#5595,#5596);
#4939=AXIS2_PLACEMENT_3D('',#7258,#5598,#5599);
#4940=AXIS2_PLACEMENT_3D('',#7259,#5600,#5601);
#4941=AXIS2_PLACEMENT_3D('',#7262,#5603,#5604);
#4942=AXIS2_PLACEMENT_3D('',#7264,#5606,#5607);
#4943=AXIS2_PLACEMENT_3D('',#7265,#5608,#5609);
#4944=AXIS2_PLACEMENT_3D('',#7269,#5611,#5612);
#4945=AXIS2_PLACEMENT_3D('',#7271,#5614,#5615);
#4946=AXIS2_PLACEMENT_3D('',#7273,#5616,#5617);
#4947=AXIS2_PLACEMENT_3D('',#7276,#5620,#5621);
#4948=AXIS2_PLACEMENT_3D('',#7278,#5623,#5624);
#4949=AXIS2_PLACEMENT_3D('',#7379,#5627,#5628);
#4950=AXIS2_PLACEMENT_3D('',#7380,#5629,#5630);
#4951=AXIS2_PLACEMENT_3D('',#7381,#5631,#5632);
#4952=AXIS2_PLACEMENT_3D('',#7437,#5633,#5634);
#4953=AXIS2_PLACEMENT_3D('',#7440,#5635,#5636);
#4954=AXIS2_PLACEMENT_3D('',#7444,#5638,#5639);
#4955=AXIS2_PLACEMENT_3D('',#7446,#5640,#5641);
#4956=AXIS2_PLACEMENT_3D('',#7449,#5643,#5644);
#4957=AXIS2_PLACEMENT_3D('',#7450,#5645,#5646);
#4958=AXIS2_PLACEMENT_3D('',#7454,#5648,#5649);
#4959=AXIS2_PLACEMENT_3D('',#7457,#5651,#5652);
#4960=AXIS2_PLACEMENT_3D('',#7458,#5653,#5654);
#4961=AXIS2_PLACEMENT_3D('',#7462,#5657,#5658);
#4962=AXIS2_PLACEMENT_3D('',#7464,#5659,#5660);
#4963=AXIS2_PLACEMENT_3D('',#7467,#5662,#5663);
#4964=AXIS2_PLACEMENT_3D('',#7468,#5664,#5665);
#4965=AXIS2_PLACEMENT_3D('',#7471,#5666,#5667);
#4966=AXIS2_PLACEMENT_3D('',#7473,#5668,#5669);
#4967=AXIS2_PLACEMENT_3D('',#7474,#5670,#5671);
#4968=AXIS2_PLACEMENT_3D('',#7475,#5672,#5673);
#4969=AXIS2_PLACEMENT_3D('',#7478,#5676,#5677);
#4970=AXIS2_PLACEMENT_3D('',#7481,#5678,#5679);
#4971=AXIS2_PLACEMENT_3D('',#7484,#5682,#5683);
#4972=AXIS2_PLACEMENT_3D('',#7487,#5684,#5685);
#4973=AXIS2_PLACEMENT_3D('',#7489,#5686,#5687);
#4974=AXIS2_PLACEMENT_3D('',#7490,#5688,#5689);
#4975=AXIS2_PLACEMENT_3D('',#7491,#5690,#5691);
#4976=AXIS2_PLACEMENT_3D('',#7526,#5694,#5695);
#4977=AXIS2_PLACEMENT_3D('',#7544,#5696,#5697);
#4978=AXIS2_PLACEMENT_3D('',#7547,#5700,#5701);
#4979=AXIS2_PLACEMENT_3D('',#7597,#5704,#5705);
#4980=AXIS2_PLACEMENT_3D('',#7610,#5707,#5708);
#4981=AXIS2_PLACEMENT_3D('',#7612,#5710,#5711);
#4982=AXIS2_PLACEMENT_3D('',#7614,#5713,#5714);
#4983=AXIS2_PLACEMENT_3D('',#7617,#5717,#5718);
#4984=AXIS2_PLACEMENT_3D('',#7618,#5719,#5720);
#4985=AXIS2_PLACEMENT_3D('',#7621,#5721,#5722);
#4986=AXIS2_PLACEMENT_3D('',#7624,#5725,#5726);
#4987=AXIS2_PLACEMENT_3D('',#7626,#5728,#5729);
#4988=AXIS2_PLACEMENT_3D('',#7628,#5730,#5731);
#4989=AXIS2_PLACEMENT_3D('',#7717,#5733,#5734);
#4990=AXIS2_PLACEMENT_3D('',#7800,#5736,#5737);
#4991=AXIS2_PLACEMENT_3D('',#7803,#5739,#5740);
#4992=AXIS2_PLACEMENT_3D('',#7804,#5741,#5742);
#4993=AXIS2_PLACEMENT_3D('',#7805,#5743,#5744);
#4994=AXIS2_PLACEMENT_3D('',#7808,#5745,#5746);
#4995=AXIS2_PLACEMENT_3D('',#7812,#5748,#5749);
#4996=AXIS2_PLACEMENT_3D('',#7814,#5750,#5751);
#4997=AXIS2_PLACEMENT_3D('',#7817,#5753,#5754);
#4998=AXIS2_PLACEMENT_3D('',#7818,#5755,#5756);
#4999=AXIS2_PLACEMENT_3D('',#7820,#5757,#5758);
#5000=AXIS2_PLACEMENT_3D('',#7824,#5760,#5761);
#5001=AXIS2_PLACEMENT_3D('',#7826,#5762,#5763);
#5002=AXIS2_PLACEMENT_3D('',#7828,#5765,#5766);
#5003=AXIS2_PLACEMENT_3D('',#7832,#5768,#5769);
#5004=AXIS2_PLACEMENT_3D('',#7834,#5771,#5772);
#5005=AXIS2_PLACEMENT_3D('',#7838,#5775,#5776);
#5006=AXIS2_PLACEMENT_3D('',#7841,#5777,#5778);
#5007=AXIS2_PLACEMENT_3D('',#7844,#5781,#5782);
#5008=AXIS2_PLACEMENT_3D('',#7944,#5785,#5786);
#5009=AXIS2_PLACEMENT_3D('',#7958,#5789,#5790);
#5010=AXIS2_PLACEMENT_3D('',#7960,#5791,#5792);
#5011=AXIS2_PLACEMENT_3D('',#7963,#5794,#5795);
#5012=AXIS2_PLACEMENT_3D('',#7964,#5796,#5797);
#5013=AXIS2_PLACEMENT_3D('',#7966,#5798,#5799);
#5014=AXIS2_PLACEMENT_3D('',#8032,#5801,#5802);
#5015=AXIS2_PLACEMENT_3D('',#8044,#5805,#5806);
#5016=AXIS2_PLACEMENT_3D('',#8045,#5807,#5808);
#5017=AXIS2_PLACEMENT_3D('',#8049,#5811,#5812);
#5018=AXIS2_PLACEMENT_3D('',#8053,#5815,#5816);
#5019=AXIS2_PLACEMENT_3D('',#8055,#5817,#5818);
#5020=AXIS2_PLACEMENT_3D('',#8056,#5819,#5820);
#5021=AXIS2_PLACEMENT_3D('',#8057,#5821,#5822);
#5022=AXIS2_PLACEMENT_3D('',#8059,#5823,#5824);
#5023=AXIS2_PLACEMENT_3D('',#8062,#5826,#5827);
#5024=AXIS2_PLACEMENT_3D('',#8094,#5828,#5829);
#5025=AXIS2_PLACEMENT_3D('',#8112,#5830,#5831);
#5026=AXIS2_PLACEMENT_3D('',#8114,#5833,#5834);
#5027=AXIS2_PLACEMENT_3D('',#8117,#5836,#5837);
#5028=AXIS2_PLACEMENT_3D('',#8158,#5838,#5839);
#5029=AXIS2_PLACEMENT_3D('',#8160,#5841,#5842);
#5030=AXIS2_PLACEMENT_3D('',#8194,#5844,#5845);
#5031=AXIS2_PLACEMENT_3D('',#8212,#5846,#5847);
#5032=AXIS2_PLACEMENT_3D('',#8215,#5848,#5849);
#5033=AXIS2_PLACEMENT_3D('',#8219,#5852,#5853);
#5034=AXIS2_PLACEMENT_3D('',#8220,#5854,#5855);
#5035=AXIS2_PLACEMENT_3D('',#8234,#5857,#5858);
#5036=AXIS2_PLACEMENT_3D('',#8236,#5860,#5861);
#5037=AXIS2_PLACEMENT_3D('',#8242,#5865,#5866);
#5038=AXIS2_PLACEMENT_3D('',#8244,#5867,#5868);
#5039=AXIS2_PLACEMENT_3D('',#8248,#5870,#5871);
#5040=AXIS2_PLACEMENT_3D('',#8249,#5872,#5873);
#5041=AXIS2_PLACEMENT_3D('',#8250,#5874,#5875);
#5042=AXIS2_PLACEMENT_3D('',#8254,#5877,#5878);
#5043=AXIS2_PLACEMENT_3D('',#8256,#5879,#5880);
#5044=AXIS2_PLACEMENT_3D('',#8258,#5882,#5883);
#5045=AXIS2_PLACEMENT_3D('',#8262,#5886,#5887);
#5046=AXIS2_PLACEMENT_3D('',#8264,#5888,#5889);
#5047=AXIS2_PLACEMENT_3D('',#8268,#5891,#5892);
#5048=AXIS2_PLACEMENT_3D('',#8269,#5893,#5894);
#5049=AXIS2_PLACEMENT_3D('',#8302,#5895,#5896);
#5050=AXIS2_PLACEMENT_3D('',#8320,#5897,#5898);
#5051=AXIS2_PLACEMENT_3D('',#8323,#5901,#5902);
#5052=AXIS2_PLACEMENT_3D('',#8326,#5905,#5906);
#5053=AXIS2_PLACEMENT_3D('',#8327,#5907,#5908);
#5054=AXIS2_PLACEMENT_3D('',#8329,#5909,#5910);
#5055=AXIS2_PLACEMENT_3D('',#8332,#5912,#5913);
#5056=AXIS2_PLACEMENT_3D('',#8333,#5914,#5915);
#5057=AXIS2_PLACEMENT_3D('',#8336,#5917,#5918);
#5058=AXIS2_PLACEMENT_3D('',#8337,#5919,#5920);
#5059=AXIS2_PLACEMENT_3D('',#8339,#5921,#5922);
#5060=AXIS2_PLACEMENT_3D('',#8439,#5924,#5925);
#5061=AXIS2_PLACEMENT_3D('',#8456,#5929,#5930);
#5062=AXIS2_PLACEMENT_3D('',#8459,#5932,#5933);
#5063=AXIS2_PLACEMENT_3D('',#8461,#5935,#5936);
#5064=AXIS2_PLACEMENT_3D('',#8463,#5937,#5938);
#5065=AXIS2_PLACEMENT_3D('',#8465,#5940,#5941);
#5066=AXIS2_PLACEMENT_3D('',#8536,#5942,#5943);
#5067=AXIS2_PLACEMENT_3D('',#8538,#5945,#5946);
#5068=AXIS2_PLACEMENT_3D('',#8541,#5948,#5949);
#5069=AXIS2_PLACEMENT_3D('',#8542,#5950,#5951);
#5070=AXIS2_PLACEMENT_3D('',#8544,#5952,#5953);
#5071=AXIS2_PLACEMENT_3D('',#8546,#5955,#5956);
#5072=AXIS2_PLACEMENT_3D('',#8557,#5963,#5964);
#5073=AXIS2_PLACEMENT_3D('',#8560,#5965,#5966);
#5074=AXIS2_PLACEMENT_3D('',#8564,#5968,#5969);
#5075=AXIS2_PLACEMENT_3D('',#8566,#5971,#5972);
#5076=AXIS2_PLACEMENT_3D('',#8569,#5973,#5974);
#5077=AXIS2_PLACEMENT_3D('',#8573,#5976,#5977);
#5078=AXIS2_PLACEMENT_3D('',#8615,#5979,#5980);
#5079=AXIS2_PLACEMENT_3D('',#8618,#5981,#5982);
#5080=AXIS2_PLACEMENT_3D('',#8622,#5984,#5985);
#5081=AXIS2_PLACEMENT_3D('',#8624,#5987,#5988);
#5082=AXIS2_PLACEMENT_3D('',#8633,#5989,#5990);
#5083=AXIS2_PLACEMENT_3D('',#8634,#5991,#5992);
#5084=AXIS2_PLACEMENT_3D('',#8637,#5993,#5994);
#5085=AXIS2_PLACEMENT_3D('',#8641,#5996,#5997);
#5086=AXIS2_PLACEMENT_3D('',#8826,#5999,#6000);
#5087=AXIS2_PLACEMENT_3D('',#8835,#6001,#6002);
#5088=AXIS2_PLACEMENT_3D('',#9068,#6003,#6004);
#5089=AXIS2_PLACEMENT_3D('',#9069,#6005,#6006);
#5090=AXIS2_PLACEMENT_3D('',#9248,#6007,#6008);
#5091=AXIS2_PLACEMENT_3D('',#9249,#6009,#6010);
#5092=AXIS2_PLACEMENT_3D('',#9250,#6011,#6012);
#5093=AXIS2_PLACEMENT_3D('',#9260,#6013,#6014);
#5094=AXIS2_PLACEMENT_3D('',#9261,#6015,#6016);
#5095=AXIS2_PLACEMENT_3D('',#9332,#6017,#6018);
#5096=AXIS2_PLACEMENT_3D('',#9334,#6020,#6021);
#5097=AXIS2_PLACEMENT_3D('',#9346,#6028,#6029);
#5098=AXIS2_PLACEMENT_3D('',#9438,#6030,#6031);
#5099=AXIS2_PLACEMENT_3D('',#9440,#6032,#6033);
#5100=AXIS2_PLACEMENT_3D('',#9441,#6034,#6035);
#5101=AXIS2_PLACEMENT_3D('',#9442,#6036,#6037);
#5102=AXIS2_PLACEMENT_3D('',#9444,#6038,#6039);
#5103=AXIS2_PLACEMENT_3D('',#9446,#6041,#6042);
#5104=AXIS2_PLACEMENT_3D('',#9539,#6043,#6044);
#5105=AXIS2_PLACEMENT_3D('',#9541,#6045,#6046);
#5106=AXIS2_PLACEMENT_3D('',#9542,#6047,#6048);
#5107=AXIS2_PLACEMENT_3D('',#9543,#6049,#6050);
#5108=AXIS2_PLACEMENT_3D('',#9545,#6052,#6053);
#5109=AXIS2_PLACEMENT_3D('',#9547,#6055,#6056);
#5110=AXIS2_PLACEMENT_3D('',#9556,#6057,#6058);
#5111=AXIS2_PLACEMENT_3D('',#9627,#6059,#6060);
#5112=AXIS2_PLACEMENT_3D('',#9630,#6062,#6063);
#5113=AXIS2_PLACEMENT_3D('',#9631,#6064,#6065);
#5114=AXIS2_PLACEMENT_3D('',#9635,#6067,#6068);
#5115=AXIS2_PLACEMENT_3D('',#9638,#6070,#6071);
#5116=AXIS2_PLACEMENT_3D('',#9639,#6072,#6073);
#5117=AXIS2_PLACEMENT_3D('',#9641,#6075,#6076);
#5118=AXIS2_PLACEMENT_3D('',#9651,#6082,#6083);
#5119=AXIS2_PLACEMENT_3D('',#9653,#6084,#6085);
#5120=AXIS2_PLACEMENT_3D('',#9655,#6087,#6088);
#5121=AXIS2_PLACEMENT_3D('',#9657,#6089,#6090);
#5122=AXIS2_PLACEMENT_3D('',#9658,#6091,#6092);
#5123=AXIS2_PLACEMENT_3D('',#9659,#6093,#6094);
#5124=AXIS2_PLACEMENT_3D('',#9660,#6095,#6096);
#5125=AXIS2_PLACEMENT_3D('',#9662,#6097,#6098);
#5126=AXIS2_PLACEMENT_3D('',#9664,#6100,#6101);
#5127=AXIS2_PLACEMENT_3D('',#9666,#6102,#6103);
#5128=AXIS2_PLACEMENT_3D('',#9667,#6104,#6105);
#5129=AXIS2_PLACEMENT_3D('',#9668,#6106,#6107);
#5130=AXIS2_PLACEMENT_3D('',#9669,#6108,#6109);
#5131=AXIS2_PLACEMENT_3D('',#9671,#6111,#6112);
#5132=AXIS2_PLACEMENT_3D('',#9672,#6113,#6114);
#5133=AXIS2_PLACEMENT_3D('',#9673,#6115,#6116);
#5134=AXIS2_PLACEMENT_3D('',#9674,#6117,#6118);
#5135=AXIS2_PLACEMENT_3D('',#9675,#6119,#6120);
#5136=AXIS2_PLACEMENT_3D('',#9676,#6121,#6122);
#5137=AXIS2_PLACEMENT_3D('',#9677,#6123,#6124);
#5138=AXIS2_PLACEMENT_3D('',#9679,#6125,#6126);
#5139=AXIS2_PLACEMENT_3D('',#9680,#6127,#6128);
#5140=AXIS2_PLACEMENT_3D('',#9681,#6129,#6130);
#5141=AXIS2_PLACEMENT_3D('',#9683,#6131,#6132);
#5142=AXIS2_PLACEMENT_3D('',#9685,#6134,#6135);
#5143=AXIS2_PLACEMENT_3D('',#9686,#6136,#6137);
#5144=AXIS2_PLACEMENT_3D('',#9687,#6138,#6139);
#5145=AXIS2_PLACEMENT_3D('',#9690,#6141,#6142);
#5146=AXIS2_PLACEMENT_3D('',#9692,#6144,#6145);
#5147=AXIS2_PLACEMENT_3D('',#9697,#6149,#6150);
#5148=AXIS2_PLACEMENT_3D('',#9698,#6151,#6152);
#5149=AXIS2_PLACEMENT_3D('',#9699,#6153,#6154);
#5150=AXIS2_PLACEMENT_3D('',#9701,#6155,#6156);
#5151=AXIS2_PLACEMENT_3D('',#9703,#6157,#6158);
#5152=AXIS2_PLACEMENT_3D('',#9705,#6160,#6161);
#5153=AXIS2_PLACEMENT_3D('',#9707,#6162,#6163);
#5154=AXIS2_PLACEMENT_3D('',#9708,#6164,#6165);
#5155=AXIS2_PLACEMENT_3D('',#9709,#6166,#6167);
#5156=AXIS2_PLACEMENT_3D('',#9711,#6168,#6169);
#5157=AXIS2_PLACEMENT_3D('',#9712,#6170,#6171);
#5158=AXIS2_PLACEMENT_3D('',#9713,#6172,#6173);
#5159=AXIS2_PLACEMENT_3D('',#9715,#6174,#6175);
#5160=AXIS2_PLACEMENT_3D('',#9717,#6177,#6178);
#5161=AXIS2_PLACEMENT_3D('',#9719,#6179,#6180);
#5162=AXIS2_PLACEMENT_3D('',#9721,#6182,#6183);
#5163=AXIS2_PLACEMENT_3D('',#9723,#6184,#6185);
#5164=AXIS2_PLACEMENT_3D('',#9724,#6186,#6187);
#5165=AXIS2_PLACEMENT_3D('',#9725,#6188,#6189);
#5166=AXIS2_PLACEMENT_3D('',#9727,#6190,#6191);
#5167=AXIS2_PLACEMENT_3D('',#9728,#6192,#6193);
#5168=AXIS2_PLACEMENT_3D('',#9729,#6194,#6195);
#5169=AXIS2_PLACEMENT_3D('',#9731,#6197,#6198);
#5170=AXIS2_PLACEMENT_3D('',#9732,#6199,#6200);
#5171=AXIS2_PLACEMENT_3D('',#9733,#6201,#6202);
#5172=AXIS2_PLACEMENT_3D('',#9736,#6203,#6204);
#5173=AXIS2_PLACEMENT_3D('',#9738,#6205,#6206);
#5174=AXIS2_PLACEMENT_3D('',#9739,#6207,#6208);
#5175=AXIS2_PLACEMENT_3D('',#9740,#6209,#6210);
#5176=AXIS2_PLACEMENT_3D('',#9743,#6211,#6212);
#5177=AXIS2_PLACEMENT_3D('',#9746,#6215,#6216);
#5178=AXIS2_PLACEMENT_3D('',#9749,#6217,#6218);
#5179=AXIS2_PLACEMENT_3D('',#9751,#6219,#6220);
#5180=AXIS2_PLACEMENT_3D('',#9752,#6221,#6222);
#5181=AXIS2_PLACEMENT_3D('',#9753,#6223,#6224);
#5182=AXIS2_PLACEMENT_3D('',#9756,#6227,#6228);
#5183=AXIS2_PLACEMENT_3D('',#9759,#6229,#6230);
#5184=AXIS2_PLACEMENT_3D('',#9761,#6231,#6232);
#5185=AXIS2_PLACEMENT_3D('',#9762,#6233,#6234);
#5186=AXIS2_PLACEMENT_3D('',#9763,#6235,#6236);
#5187=AXIS2_PLACEMENT_3D('',#9766,#6237,#6238);
#5188=AXIS2_PLACEMENT_3D('',#9769,#6241,#6242);
#5189=AXIS2_PLACEMENT_3D('',#9772,#6243,#6244);
#5190=AXIS2_PLACEMENT_3D('',#9774,#6245,#6246);
#5191=AXIS2_PLACEMENT_3D('',#9775,#6247,#6248);
#5192=AXIS2_PLACEMENT_3D('',#9776,#6249,#6250);
#5193=AXIS2_PLACEMENT_3D('',#9779,#6253,#6254);
#5194=AXIS2_PLACEMENT_3D('',#9782,#6255,#6256);
#5195=AXIS2_PLACEMENT_3D('',#9784,#6257,#6258);
#5196=AXIS2_PLACEMENT_3D('',#9785,#6259,#6260);
#5197=AXIS2_PLACEMENT_3D('',#9786,#6261,#6262);
#5198=AXIS2_PLACEMENT_3D('',#9789,#6265,#6266);
#5199=AXIS2_PLACEMENT_3D('',#9792,#6267,#6268);
#5200=AXIS2_PLACEMENT_3D('',#9794,#6269,#6270);
#5201=AXIS2_PLACEMENT_3D('',#9795,#6271,#6272);
#5202=AXIS2_PLACEMENT_3D('',#9796,#6273,#6274);
#5203=AXIS2_PLACEMENT_3D('',#9799,#6277,#6278);
#5204=AXIS2_PLACEMENT_3D('',#9802,#6279,#6280);
#5205=AXIS2_PLACEMENT_3D('',#9804,#6281,#6282);
#5206=AXIS2_PLACEMENT_3D('',#9805,#6283,#6284);
#5207=AXIS2_PLACEMENT_3D('',#9806,#6285,#6286);
#5208=AXIS2_PLACEMENT_3D('',#9809,#6287,#6288);
#5209=AXIS2_PLACEMENT_3D('',#9811,#6289,#6290);
#5210=AXIS2_PLACEMENT_3D('',#9813,#6291,#6292);
#5211=AXIS2_PLACEMENT_3D('',#9814,#6293,#6294);
#5212=AXIS2_PLACEMENT_3D('',#9815,#6295,#6296);
#5213=AXIS2_PLACEMENT_3D('',#9818,#6299,#6300);
#5214=AXIS2_PLACEMENT_3D('',#9821,#6301,#6302);
#5215=AXIS2_PLACEMENT_3D('',#9824,#6305,#6306);
#5216=AXIS2_PLACEMENT_3D('',#9827,#6307,#6308);
#5217=AXIS2_PLACEMENT_3D('',#9829,#6309,#6310);
#5218=AXIS2_PLACEMENT_3D('',#9830,#6311,#6312);
#5219=AXIS2_PLACEMENT_3D('',#9831,#6313,#6314);
#5220=AXIS2_PLACEMENT_3D('',#9834,#6317,#6318);
#5221=AXIS2_PLACEMENT_3D('',#9837,#6319,#6320);
#5222=AXIS2_PLACEMENT_3D('',#9839,#6321,#6322);
#5223=AXIS2_PLACEMENT_3D('',#9841,#6323,#6324);
#5224=AXIS2_PLACEMENT_3D('',#9842,#6325,#6326);
#5225=AXIS2_PLACEMENT_3D('',#9843,#6327,#6328);
#5226=AXIS2_PLACEMENT_3D('',#9846,#6329,#6330);
#5227=AXIS2_PLACEMENT_3D('',#9848,#6331,#6332);
#5228=AXIS2_PLACEMENT_3D('',#9850,#6333,#6334);
#5229=AXIS2_PLACEMENT_3D('',#9851,#6335,#6336);
#5230=AXIS2_PLACEMENT_3D('',#9852,#6337,#6338);
#5231=AXIS2_PLACEMENT_3D('',#9855,#6341,#6342);
#5232=AXIS2_PLACEMENT_3D('',#9858,#6343,#6344);
#5233=AXIS2_PLACEMENT_3D('',#9860,#6345,#6346);
#5234=AXIS2_PLACEMENT_3D('',#9862,#6347,#6348);
#5235=AXIS2_PLACEMENT_3D('',#9863,#6349,#6350);
#5236=AXIS2_PLACEMENT_3D('',#9864,#6351,#6352);
#5237=AXIS2_PLACEMENT_3D('',#9867,#6353,#6354);
#5238=AXIS2_PLACEMENT_3D('',#9869,#6355,#6356);
#5239=AXIS2_PLACEMENT_3D('',#9871,#6357,#6358);
#5240=AXIS2_PLACEMENT_3D('',#9872,#6359,#6360);
#5241=AXIS2_PLACEMENT_3D('',#9873,#6361,#6362);
#5242=AXIS2_PLACEMENT_3D('',#9876,#6363,#6364);
#5243=AXIS2_PLACEMENT_3D('',#9879,#6367,#6368);
#5244=AXIS2_PLACEMENT_3D('',#9882,#6371,#6372);
#5245=AXIS2_PLACEMENT_3D('',#9885,#6373,#6374);
#5246=AXIS2_PLACEMENT_3D('',#9887,#6375,#6376);
#5247=AXIS2_PLACEMENT_3D('',#9888,#6377,#6378);
#5248=AXIS2_PLACEMENT_3D('',#9889,#6379,#6380);
#5249=AXIS2_PLACEMENT_3D('',#9892,#6381,#6382);
#5250=AXIS2_PLACEMENT_3D('',#9894,#6383,#6384);
#5251=AXIS2_PLACEMENT_3D('',#9896,#6385,#6386);
#5252=AXIS2_PLACEMENT_3D('',#9897,#6387,#6388);
#5253=AXIS2_PLACEMENT_3D('',#9898,#6389,#6390);
#5254=AXIS2_PLACEMENT_3D('',#9901,#6393,#6394);
#5255=AXIS2_PLACEMENT_3D('',#9904,#6395,#6396);
#5256=AXIS2_PLACEMENT_3D('',#9906,#6397,#6398);
#5257=AXIS2_PLACEMENT_3D('',#9907,#6399,#6400);
#5258=AXIS2_PLACEMENT_3D('',#9908,#6401,#6402);
#5259=AXIS2_PLACEMENT_3D('',#9911,#6403,#6404);
#5260=AXIS2_PLACEMENT_3D('',#9913,#6405,#6406);
#5261=AXIS2_PLACEMENT_3D('',#9914,#6407,#6408);
#5262=AXIS2_PLACEMENT_3D('',#9915,#6409,#6410);
#5263=AXIS2_PLACEMENT_3D('',#9918,#6413,#6414);
#5264=AXIS2_PLACEMENT_3D('',#9921,#6417,#6418);
#5265=AXIS2_PLACEMENT_3D('',#9924,#6419,#6420);
#5266=AXIS2_PLACEMENT_3D('',#9926,#6421,#6422);
#5267=AXIS2_PLACEMENT_3D('',#9927,#6423,#6424);
#5268=AXIS2_PLACEMENT_3D('',#9928,#6425,#6426);
#5269=AXIS2_PLACEMENT_3D('',#9931,#6429,#6430);
#5270=AXIS2_PLACEMENT_3D('',#9934,#6431,#6432);
#5271=AXIS2_PLACEMENT_3D('',#9937,#6435,#6436);
#5272=AXIS2_PLACEMENT_3D('',#9940,#6437,#6438);
#5273=AXIS2_PLACEMENT_3D('',#9941,#6439,#6440);
#5274=AXIS2_PLACEMENT_3D('',#9942,#6441,#6442);
#5275=AXIS2_PLACEMENT_3D('',#9943,#6443,#6444);
#5276=AXIS2_PLACEMENT_3D('',#9946,#6447,#6448);
#5277=AXIS2_PLACEMENT_3D('',#9950,#6450,#6451);
#5278=AXIS2_PLACEMENT_3D('',#9952,#6453,#6454);
#5279=AXIS2_PLACEMENT_3D('',#9955,#6457,#6458);
#5280=AXIS2_PLACEMENT_3D('',#9958,#6459,#6460);
#5281=AXIS2_PLACEMENT_3D('',#9961,#6463,#6464);
#5282=AXIS2_PLACEMENT_3D('',#9964,#6467,#6468);
#5283=AXIS2_PLACEMENT_3D('',#9968,#6470,#6471);
#5284=AXIS2_PLACEMENT_3D('',#9970,#6473,#6474);
#5285=AXIS2_PLACEMENT_3D('',#9973,#6477,#6478);
#5286=AXIS2_PLACEMENT_3D('',#9976,#6479,#6480);
#5287=AXIS2_PLACEMENT_3D('',#9977,#6481,#6482);
#5288=AXIS2_PLACEMENT_3D('',#9978,#6483,#6484);
#5289=AXIS2_PLACEMENT_3D('',#9979,#6485,#6486);
#5290=AXIS2_PLACEMENT_3D('',#9982,#6489,#6490);
#5291=AXIS2_PLACEMENT_3D('',#9985,#6491,#6492);
#5292=AXIS2_PLACEMENT_3D('',#9988,#6495,#6496);
#5293=AXIS2_PLACEMENT_3D('',#9991,#6497,#6498);
#5294=AXIS2_PLACEMENT_3D('',#9994,#6501,#6502);
#5295=AXIS2_PLACEMENT_3D('',#9997,#6503,#6504);
#5296=AXIS2_PLACEMENT_3D('',#9998,#6505,#6506);
#5297=AXIS2_PLACEMENT_3D('',#9999,#6507,#6508);
#5298=AXIS2_PLACEMENT_3D('',#10000,#6509,#6510);
#5299=AXIS2_PLACEMENT_3D('',#10003,#6511,#6512);
#5300=AXIS2_PLACEMENT_3D('',#10004,#6513,#6514);
#5301=AXIS2_PLACEMENT_3D('',#10005,#6515,#6516);
#5302=AXIS2_PLACEMENT_3D('',#10006,#6517,#6518);
#5303=AXIS2_PLACEMENT_3D('',#10009,#6519,#6520);
#5304=AXIS2_PLACEMENT_3D('',#10010,#6521,#6522);
#5305=AXIS2_PLACEMENT_3D('',#10011,#6523,#6524);
#5306=AXIS2_PLACEMENT_3D('',#10012,#6525,#6526);
#5307=AXIS2_PLACEMENT_3D('',#10015,#6529,#6530);
#5308=AXIS2_PLACEMENT_3D('',#10018,#6533,#6534);
#5309=AXIS2_PLACEMENT_3D('',#10021,#6537,#6538);
#5310=AXIS2_PLACEMENT_3D('',#10024,#6541,#6542);
#5311=AXIS2_PLACEMENT_3D('',#10027,#6545,#6546);
#5312=AXIS2_PLACEMENT_3D('',#10030,#6549,#6550);
#5313=AXIS2_PLACEMENT_3D('',#10033,#6553,#6554);
#5314=AXIS2_PLACEMENT_3D('',#10036,#6557,#6558);
#5315=AXIS2_PLACEMENT_3D('',#10039,#6559,#6560);
#5316=AXIS2_PLACEMENT_3D('',#10040,#6561,#6562);
#5317=AXIS2_PLACEMENT_3D('',#10041,#6563,#6564);
#5318=AXIS2_PLACEMENT_3D('',#10042,#6565,#6566);
#5319=AXIS2_PLACEMENT_3D('',#10045,#6569,#6570);
#5320=AXIS2_PLACEMENT_3D('',#10048,#6571,#6572);
#5321=AXIS2_PLACEMENT_3D('',#10049,#6573,#6574);
#5322=AXIS2_PLACEMENT_3D('',#10050,#6575,#6576);
#5323=AXIS2_PLACEMENT_3D('',#10051,#6577,#6578);
#5324=AXIS2_PLACEMENT_3D('',#10054,#6579,#6580);
#5325=AXIS2_PLACEMENT_3D('',#10055,#6581,#6582);
#5326=AXIS2_PLACEMENT_3D('',#10056,#6583,#6584);
#5327=AXIS2_PLACEMENT_3D('',#10057,#6585,#6586);
#5328=AXIS2_PLACEMENT_3D('',#10060,#6589,#6590);
#5329=AXIS2_PLACEMENT_3D('',#10062,#6592,#6593);
#5330=AXIS2_PLACEMENT_3D('',#10064,#6595,#6596);
#5331=AXIS2_PLACEMENT_3D('',#10066,#6598,#6599);
#5332=AXIS2_PLACEMENT_3D('',#10069,#6602,#6603);
#5333=AXIS2_PLACEMENT_3D('',#10070,#6604,#6605);
#5334=AXIS2_PLACEMENT_3D('',#10072,#6607,#6608);
#5335=AXIS2_PLACEMENT_3D('',#10073,#6609,#6610);
#5336=AXIS2_PLACEMENT_3D('',#10074,#6611,#6612);
#5337=AXIS2_PLACEMENT_3D('',#10075,#6613,#6614);
#5338=AXIS2_PLACEMENT_3D('',#10076,#6615,#6616);
#5339=AXIS2_PLACEMENT_3D('',#10077,#6617,#6618);
#5340=AXIS2_PLACEMENT_3D('',#10078,#6619,#6620);
#5341=AXIS2_PLACEMENT_3D('',#10079,#6621,#6622);
#5342=AXIS2_PLACEMENT_3D('',#10080,#6623,#6624);
#5343=AXIS2_PLACEMENT_3D('',#10083,#6627,#6628);
#5344=AXIS2_PLACEMENT_3D('',#10084,#6629,#6630);
#5345=AXIS2_PLACEMENT_3D('',#10086,#6632,#6633);
#5346=AXIS2_PLACEMENT_3D('',#10087,#6634,#6635);
#5347=AXIS2_PLACEMENT_3D('',#10088,#6636,#6637);
#5348=AXIS2_PLACEMENT_3D('',#10089,#6638,#6639);
#5349=AXIS2_PLACEMENT_3D('',#10092,#6640,#6641);
#5350=AXIS2_PLACEMENT_3D('',#10094,#6642,#6643);
#5351=AXIS2_PLACEMENT_3D('',#10095,#6644,#6645);
#5352=AXIS2_PLACEMENT_3D('',#10096,#6646,#6647);
#5353=AXIS2_PLACEMENT_3D('',#10099,#6648,#6649);
#5354=AXIS2_PLACEMENT_3D('',#10102,#6652,#6653);
#5355=AXIS2_PLACEMENT_3D('',#10105,#6654,#6655);
#5356=AXIS2_PLACEMENT_3D('',#10107,#6656,#6657);
#5357=AXIS2_PLACEMENT_3D('',#10108,#6658,#6659);
#5358=AXIS2_PLACEMENT_3D('',#10109,#6660,#6661);
#5359=AXIS2_PLACEMENT_3D('',#10112,#6664,#6665);
#5360=AXIS2_PLACEMENT_3D('',#10115,#6666,#6667);
#5361=AXIS2_PLACEMENT_3D('',#10117,#6668,#6669);
#5362=AXIS2_PLACEMENT_3D('',#10118,#6670,#6671);
#5363=AXIS2_PLACEMENT_3D('',#10119,#6672,#6673);
#5364=AXIS2_PLACEMENT_3D('',#10122,#6674,#6675);
#5365=AXIS2_PLACEMENT_3D('',#10125,#6678,#6679);
#5366=AXIS2_PLACEMENT_3D('',#10128,#6680,#6681);
#5367=AXIS2_PLACEMENT_3D('',#10130,#6682,#6683);
#5368=AXIS2_PLACEMENT_3D('',#10131,#6684,#6685);
#5369=AXIS2_PLACEMENT_3D('',#10132,#6686,#6687);
#5370=AXIS2_PLACEMENT_3D('',#10135,#6690,#6691);
#5371=AXIS2_PLACEMENT_3D('',#10138,#6692,#6693);
#5372=AXIS2_PLACEMENT_3D('',#10140,#6694,#6695);
#5373=AXIS2_PLACEMENT_3D('',#10141,#6696,#6697);
#5374=AXIS2_PLACEMENT_3D('',#10142,#6698,#6699);
#5375=AXIS2_PLACEMENT_3D('',#10145,#6702,#6703);
#5376=AXIS2_PLACEMENT_3D('',#10148,#6704,#6705);
#5377=AXIS2_PLACEMENT_3D('',#10150,#6706,#6707);
#5378=AXIS2_PLACEMENT_3D('',#10151,#6708,#6709);
#5379=AXIS2_PLACEMENT_3D('',#10152,#6710,#6711);
#5380=AXIS2_PLACEMENT_3D('',#10155,#6714,#6715);
#5381=AXIS2_PLACEMENT_3D('',#10158,#6716,#6717);
#5382=AXIS2_PLACEMENT_3D('',#10160,#6718,#6719);
#5383=AXIS2_PLACEMENT_3D('',#10161,#6720,#6721);
#5384=AXIS2_PLACEMENT_3D('',#10162,#6722,#6723);
#5385=AXIS2_PLACEMENT_3D('',#10165,#6724,#6725);
#5386=AXIS2_PLACEMENT_3D('',#10167,#6726,#6727);
#5387=AXIS2_PLACEMENT_3D('',#10169,#6728,#6729);
#5388=AXIS2_PLACEMENT_3D('',#10170,#6730,#6731);
#5389=AXIS2_PLACEMENT_3D('',#10171,#6732,#6733);
#5390=AXIS2_PLACEMENT_3D('',#10174,#6736,#6737);
#5391=AXIS2_PLACEMENT_3D('',#10177,#6738,#6739);
#5392=AXIS2_PLACEMENT_3D('',#10180,#6742,#6743);
#5393=AXIS2_PLACEMENT_3D('',#10183,#6744,#6745);
#5394=AXIS2_PLACEMENT_3D('',#10185,#6746,#6747);
#5395=AXIS2_PLACEMENT_3D('',#10186,#6748,#6749);
#5396=AXIS2_PLACEMENT_3D('',#10187,#6750,#6751);
#5397=AXIS2_PLACEMENT_3D('',#10190,#6754,#6755);
#5398=AXIS2_PLACEMENT_3D('',#10193,#6756,#6757);
#5399=AXIS2_PLACEMENT_3D('',#10195,#6758,#6759);
#5400=AXIS2_PLACEMENT_3D('',#10197,#6760,#6761);
#5401=AXIS2_PLACEMENT_3D('',#10198,#6762,#6763);
#5402=AXIS2_PLACEMENT_3D('',#10199,#6764,#6765);
#5403=AXIS2_PLACEMENT_3D('',#10202,#6766,#6767);
#5404=AXIS2_PLACEMENT_3D('',#10204,#6768,#6769);
#5405=AXIS2_PLACEMENT_3D('',#10206,#6770,#6771);
#5406=AXIS2_PLACEMENT_3D('',#10207,#6772,#6773);
#5407=AXIS2_PLACEMENT_3D('',#10208,#6774,#6775);
#5408=AXIS2_PLACEMENT_3D('',#10211,#6778,#6779);
#5409=AXIS2_PLACEMENT_3D('',#10214,#6780,#6781);
#5410=AXIS2_PLACEMENT_3D('',#10216,#6782,#6783);
#5411=AXIS2_PLACEMENT_3D('',#10218,#6784,#6785);
#5412=AXIS2_PLACEMENT_3D('',#10219,#6786,#6787);
#5413=AXIS2_PLACEMENT_3D('',#10220,#6788,#6789);
#5414=AXIS2_PLACEMENT_3D('',#10223,#6790,#6791);
#5415=AXIS2_PLACEMENT_3D('',#10225,#6792,#6793);
#5416=AXIS2_PLACEMENT_3D('',#10227,#6794,#6795);
#5417=AXIS2_PLACEMENT_3D('',#10228,#6796,#6797);
#5418=AXIS2_PLACEMENT_3D('',#10229,#6798,#6799);
#5419=AXIS2_PLACEMENT_3D('',#10232,#6800,#6801);
#5420=AXIS2_PLACEMENT_3D('',#10235,#6804,#6805);
#5421=AXIS2_PLACEMENT_3D('',#10238,#6808,#6809);
#5422=AXIS2_PLACEMENT_3D('',#10241,#6810,#6811);
#5423=AXIS2_PLACEMENT_3D('',#10243,#6812,#6813);
#5424=AXIS2_PLACEMENT_3D('',#10244,#6814,#6815);
#5425=AXIS2_PLACEMENT_3D('',#10245,#6816,#6817);
#5426=AXIS2_PLACEMENT_3D('',#10248,#6818,#6819);
#5427=AXIS2_PLACEMENT_3D('',#10250,#6820,#6821);
#5428=AXIS2_PLACEMENT_3D('',#10252,#6822,#6823);
#5429=AXIS2_PLACEMENT_3D('',#10253,#6824,#6825);
#5430=AXIS2_PLACEMENT_3D('',#10254,#6826,#6827);
#5431=AXIS2_PLACEMENT_3D('',#10257,#6830,#6831);
#5432=AXIS2_PLACEMENT_3D('',#10260,#6832,#6833);
#5433=AXIS2_PLACEMENT_3D('',#10262,#6834,#6835);
#5434=AXIS2_PLACEMENT_3D('',#10263,#6836,#6837);
#5435=AXIS2_PLACEMENT_3D('',#10264,#6838,#6839);
#5436=AXIS2_PLACEMENT_3D('',#10267,#6840,#6841);
#5437=AXIS2_PLACEMENT_3D('',#10269,#6842,#6843);
#5438=AXIS2_PLACEMENT_3D('',#10270,#6844,#6845);
#5439=AXIS2_PLACEMENT_3D('',#10271,#6846,#6847);
#5440=AXIS2_PLACEMENT_3D('',#10274,#6850,#6851);
#5441=AXIS2_PLACEMENT_3D('',#10277,#6854,#6855);
#5442=AXIS2_PLACEMENT_3D('',#10280,#6856,#6857);
#5443=AXIS2_PLACEMENT_3D('',#10282,#6858,#6859);
#5444=AXIS2_PLACEMENT_3D('',#10283,#6860,#6861);
#5445=AXIS2_PLACEMENT_3D('',#10284,#6862,#6863);
#5446=AXIS2_PLACEMENT_3D('',#10287,#6866,#6867);
#5447=AXIS2_PLACEMENT_3D('',#10290,#6868,#6869);
#5448=AXIS2_PLACEMENT_3D('',#10293,#6872,#6873);
#5449=AXIS2_PLACEMENT_3D('',#10296,#6874,#6875);
#5450=AXIS2_PLACEMENT_3D('',#10297,#6876,#6877);
#5451=AXIS2_PLACEMENT_3D('',#10298,#6878,#6879);
#5452=AXIS2_PLACEMENT_3D('',#10299,#6880,#6881);
#5453=AXIS2_PLACEMENT_3D('',#10302,#6884,#6885);
#5454=AXIS2_PLACEMENT_3D('',#10307,#6888,#6889);
#5455=AXIS2_PLACEMENT_3D('',#10308,#6890,#6891);
#5456=AXIS2_PLACEMENT_3D('',#10311,#6894,#6895);
#5457=AXIS2_PLACEMENT_3D('',#10314,#6896,#6897);
#5458=AXIS2_PLACEMENT_3D('',#10317,#6900,#6901);
#5459=AXIS2_PLACEMENT_3D('',#10320,#6904,#6905);
#5460=AXIS2_PLACEMENT_3D('',#10325,#6908,#6909);
#5461=AXIS2_PLACEMENT_3D('',#10326,#6910,#6911);
#5462=AXIS2_PLACEMENT_3D('',#10329,#6914,#6915);
#5463=AXIS2_PLACEMENT_3D('',#10332,#6916,#6917);
#5464=AXIS2_PLACEMENT_3D('',#10333,#6918,#6919);
#5465=AXIS2_PLACEMENT_3D('',#10334,#6920,#6921);
#5466=AXIS2_PLACEMENT_3D('',#10335,#6922,#6923);
#5467=AXIS2_PLACEMENT_3D('',#10338,#6926,#6927);
#5468=AXIS2_PLACEMENT_3D('',#10341,#6928,#6929);
#5469=AXIS2_PLACEMENT_3D('',#10344,#6932,#6933);
#5470=AXIS2_PLACEMENT_3D('',#10347,#6934,#6935);
#5471=AXIS2_PLACEMENT_3D('',#10350,#6938,#6939);
#5472=AXIS2_PLACEMENT_3D('',#10353,#6940,#6941);
#5473=AXIS2_PLACEMENT_3D('',#10354,#6942,#6943);
#5474=AXIS2_PLACEMENT_3D('',#10355,#6944,#6945);
#5475=AXIS2_PLACEMENT_3D('',#10356,#6946,#6947);
#5476=AXIS2_PLACEMENT_3D('',#10359,#6948,#6949);
#5477=AXIS2_PLACEMENT_3D('',#10360,#6950,#6951);
#5478=AXIS2_PLACEMENT_3D('',#10361,#6952,#6953);
#5479=AXIS2_PLACEMENT_3D('',#10362,#6954,#6955);
#5480=AXIS2_PLACEMENT_3D('',#10365,#6956,#6957);
#5481=AXIS2_PLACEMENT_3D('',#10366,#6958,#6959);
#5482=AXIS2_PLACEMENT_3D('',#10367,#6960,#6961);
#5483=AXIS2_PLACEMENT_3D('',#10368,#6962,#6963);
#5484=AXIS2_PLACEMENT_3D('',#10371,#6966,#6967);
#5485=AXIS2_PLACEMENT_3D('',#10374,#6970,#6971);
#5486=AXIS2_PLACEMENT_3D('',#10377,#6974,#6975);
#5487=AXIS2_PLACEMENT_3D('',#10380,#6978,#6979);
#5488=AXIS2_PLACEMENT_3D('',#10383,#6982,#6983);
#5489=AXIS2_PLACEMENT_3D('',#10386,#6986,#6987);
#5490=AXIS2_PLACEMENT_3D('',#10389,#6990,#6991);
#5491=AXIS2_PLACEMENT_3D('',#10392,#6994,#6995);
#5492=AXIS2_PLACEMENT_3D('',#10395,#6996,#6997);
#5493=AXIS2_PLACEMENT_3D('',#10396,#6998,#6999);
#5494=AXIS2_PLACEMENT_3D('',#10397,#7000,#7001);
#5495=AXIS2_PLACEMENT_3D('',#10398,#7002,#7003);
#5496=AXIS2_PLACEMENT_3D('',#10401,#7006,#7007);
#5497=AXIS2_PLACEMENT_3D('',#10404,#7008,#7009);
#5498=AXIS2_PLACEMENT_3D('',#10405,#7010,#7011);
#5499=AXIS2_PLACEMENT_3D('',#10406,#7012,#7013);
#5500=AXIS2_PLACEMENT_3D('',#10407,#7014,#7015);
#5501=AXIS2_PLACEMENT_3D('',#10410,#7016,#7017);
#5502=AXIS2_PLACEMENT_3D('',#10411,#7018,#7019);
#5503=AXIS2_PLACEMENT_3D('',#10412,#7020,#7021);
#5504=AXIS2_PLACEMENT_3D('',#10413,#7022,#7023);
#5505=AXIS2_PLACEMENT_3D('',#10416,#7026,#7027);
#5506=AXIS2_PLACEMENT_3D('',#10418,#7029,#7030);
#5507=AXIS2_PLACEMENT_3D('',#10420,#7032,#7033);
#5508=AXIS2_PLACEMENT_3D('',#10422,#7035,#7036);
#5509=AXIS2_PLACEMENT_3D('',#10425,#7039,#7040);
#5510=AXIS2_PLACEMENT_3D('',#10426,#7041,#7042);
#5511=AXIS2_PLACEMENT_3D('',#10428,#7044,#7045);
#5512=AXIS2_PLACEMENT_3D('',#10429,#7046,#7047);
#5513=AXIS2_PLACEMENT_3D('',#10430,#7048,#7049);
#5514=AXIS2_PLACEMENT_3D('',#10431,#7050,#7051);
#5515=AXIS2_PLACEMENT_3D('',#10432,#7052,#7053);
#5516=AXIS2_PLACEMENT_3D('',#10433,#7054,#7055);
#5517=AXIS2_PLACEMENT_3D('',#10434,#7056,#7057);
#5518=AXIS2_PLACEMENT_3D('',#10435,#7058,#7059);
#5519=AXIS2_PLACEMENT_3D('',#10436,#7060,#7061);
#5520=AXIS2_PLACEMENT_3D('',#10439,#7064,#7065);
#5521=AXIS2_PLACEMENT_3D('',#10440,#7066,#7067);
#5522=AXIS2_PLACEMENT_3D('',#10442,#7069,#7070);
#5523=AXIS2_PLACEMENT_3D('',#10443,#7071,#7072);
#5524=AXIS2_PLACEMENT_3D('',#10444,#7073,#7074);
#5525=DIRECTION('axis',(0.,0.,1.));
#5526=DIRECTION('refdir',(1.,0.,0.));
#5527=DIRECTION('center_axis',(1.,0.,0.));
#5528=DIRECTION('ref_axis',(0.,-1.,-6.10622663543849E-14));
#5529=DIRECTION('center_axis',(0.707106781189226,2.13625298095545E-11,-0.707106781183869));
#5530=DIRECTION('ref_axis',(0.707106781183869,-1.06152285043351E-10,0.707106781189226));
#5531=DIRECTION('',(1.,0.,0.));
#5532=DIRECTION('center_axis',(1.,0.,0.));
#5533=DIRECTION('ref_axis',(0.,0.,-1.));
#5534=DIRECTION('',(-1.,0.,0.));
#5535=DIRECTION('center_axis',(0.707106781189521,-0.707106781183574,2.16482849773604E-11));
#5536=DIRECTION('ref_axis',(0.707106781183574,0.707106781189521,-5.8098557659555E-12));
#5537=DIRECTION('center_axis',(0.,-1.,0.));
#5538=DIRECTION('ref_axis',(1.,0.,-6.10622663543632E-14));
#5539=DIRECTION('',(0.,1.,0.));
#5540=DIRECTION('center_axis',(-0.0704606420893539,-0.249961827641275,0.965688553643766));
#5541=DIRECTION('ref_axis',(-0.0762452063245955,-0.963913017706867,-0.255065408881252));
#5542=DIRECTION('',(0.,-1.,0.));
#5543=DIRECTION('center_axis',(0.,0.,1.));
#5544=DIRECTION('ref_axis',(1.,0.,0.));
#5545=DIRECTION('',(0.,0.,1.));
#5546=DIRECTION('',(0.,0.,-1.));
#5547=DIRECTION('center_axis',(0.,1.,0.));
#5548=DIRECTION('ref_axis',(0.,0.,1.));
#5549=DIRECTION('',(0.,0.,-1.));
#5550=DIRECTION('',(-1.,0.,0.));
#5551=DIRECTION('center_axis',(-1.,0.,0.));
#5552=DIRECTION('ref_axis',(0.,-1.,6.10622663543849E-14));
#5553=DIRECTION('center_axis',(0.707106781189837,-0.707106781183258,-2.31724953637969E-11));
#5554=DIRECTION('ref_axis',(0.707106781183258,0.707106781189837,3.56895144295501E-11));
#5555=DIRECTION('',(1.,0.,0.));
#5556=DIRECTION('center_axis',(1.,4.28850477329362E-13,-4.28850477329428E-13));
#5557=DIRECTION('ref_axis',(3.55271367879995E-13,-1.,7.77156117237488E-14));
#5558=DIRECTION('center_axis',(0.707106781189216,2.13153610102629E-11,0.707106781183879));
#5559=DIRECTION('ref_axis',(0.707106781183879,-1.58309366969651E-10,-0.707106781189216));
#5560=DIRECTION('center_axis',(0.,1.,0.));
#5561=DIRECTION('ref_axis',(1.,0.,6.10622663541246E-14));
#5562=DIRECTION('',(0.,1.,0.));
#5563=DIRECTION('center_axis',(-0.0704606420773744,-0.249961827640838,-0.965688553644753));
#5564=DIRECTION('ref_axis',(0.0762455212851441,0.963912988699717,-0.255065424352136));
#5565=DIRECTION('',(0.,-1.,0.));
#5566=DIRECTION('center_axis',(0.,0.,-1.));
#5567=DIRECTION('ref_axis',(-1.,0.,0.));
#5568=DIRECTION('',(0.,-1.,0.));
#5569=DIRECTION('',(-1.,0.,0.));
#5570=DIRECTION('',(-0.999960034304813,-0.0089403463644582,0.));
#5571=DIRECTION('center_axis',(0.,1.,0.));
#5572=DIRECTION('ref_axis',(-1.,0.,-6.10622663543741E-14));
#5573=DIRECTION('center_axis',(5.46828987144394E-13,-0.707106781186298,
-0.707106781186797));
#5574=DIRECTION('ref_axis',(1.65954068428702E-11,0.707106781186797,-0.707106781186298));
#5575=DIRECTION('',(0.,1.,0.));
#5576=DIRECTION('center_axis',(2.12369291697069E-12,-0.707106781186713,
0.707106781186382));
#5577=DIRECTION('ref_axis',(1.80641827350027E-11,-0.707106781186382,-0.707106781186713));
#5578=DIRECTION('center_axis',(-0.707106781189931,-0.707106781183164,2.57733610177706E-11));
#5579=DIRECTION('ref_axis',(0.707106781183164,-0.707106781189931,-1.59008528615672E-11));
#5580=DIRECTION('center_axis',(0.,0.,-1.));
#5581=DIRECTION('ref_axis',(0.,-1.,0.));
#5582=DIRECTION('center_axis',(3.56508366744069E-13,-0.707106781186338,
0.707106781186757));
#5583=DIRECTION('ref_axis',(9.49750595036969E-13,-0.707106781186757,-0.707106781186338));
#5584=DIRECTION('',(0.,0.,1.));
#5585=DIRECTION('center_axis',(0.,-1.,0.));
#5586=DIRECTION('ref_axis',(-1.,0.,6.10622663543741E-14));
#5587=DIRECTION('',(0.,1.,0.));
#5588=DIRECTION('center_axis',(-0.707106781189616,-0.707106781183479,-2.42491506313396E-11));
#5589=DIRECTION('ref_axis',(0.707106781183479,-0.707106781189616,-8.07229270595227E-12));
#5590=DIRECTION('center_axis',(2.09736614527272E-12,-0.70710678118671,-0.707106781186385));
#5591=DIRECTION('ref_axis',(1.54747063885332E-10,0.707106781186385,-0.70710678118671));
#5592=DIRECTION('',(0.,-1.,0.));
#5593=DIRECTION('center_axis',(1.,0.,0.));
#5594=DIRECTION('ref_axis',(0.,1.,0.));
#5595=DIRECTION('center_axis',(0.707106781189226,-2.13625298096024E-11,
0.707106781183869));
#5596=DIRECTION('ref_axis',(0.707106781183869,5.58698907873859E-11,-0.707106781189226));
#5597=DIRECTION('',(1.,0.,0.));
#5598=DIRECTION('center_axis',(1.,0.,0.));
#5599=DIRECTION('ref_axis',(0.,1.77635683939997E-13,1.));
#5600=DIRECTION('center_axis',(0.,0.,-1.));
#5601=DIRECTION('ref_axis',(-1.,1.77635683939934E-13,0.));
#5602=DIRECTION('',(0.,0.,-1.));
#5603=DIRECTION('center_axis',(0.707106781189206,-2.12670952621981E-11,
-0.707106781183889));
#5604=DIRECTION('ref_axis',(0.707106781183889,2.73100327101776E-11,0.707106781189206));
#5605=DIRECTION('',(0.,0.,1.));
#5606=DIRECTION('center_axis',(1.,0.,0.));
#5607=DIRECTION('ref_axis',(0.,0.,-1.));
#5608=DIRECTION('center_axis',(-1.,0.,0.));
#5609=DIRECTION('ref_axis',(0.,1.,0.));
#5610=DIRECTION('',(1.,0.,0.));
#5611=DIRECTION('center_axis',(1.,4.28850477329492E-13,-4.28850477329482E-13));
#5612=DIRECTION('ref_axis',(-3.55271367879995E-13,1.,-7.77156117237488E-14));
#5613=DIRECTION('',(-1.,0.,0.));
#5614=DIRECTION('center_axis',(-6.89895503741743E-10,7.03085137701238E-8,
-0.999999999999998));
#5615=DIRECTION('ref_axis',(-1.,0.,6.89895588271242E-10));
#5616=DIRECTION('center_axis',(0.999840140413799,0.0178799781128119,-2.81512168802253E-12));
#5617=DIRECTION('ref_axis',(-0.0178799781128417,0.999840140413799,-1.11022302462497E-13));
#5618=DIRECTION('',(-0.999960034304415,-0.00894034640899965,0.));
#5619=DIRECTION('',(0.999960034304925,0.00894034635192864,0.));
#5620=DIRECTION('center_axis',(0.,-1.,0.));
#5621=DIRECTION('ref_axis',(0.,0.,-1.));
#5622=DIRECTION('',(0.,0.,-1.));
#5623=DIRECTION('center_axis',(0.,0.,-1.));
#5624=DIRECTION('ref_axis',(0.99744571741111,0.0714285714419324,0.));
#5625=DIRECTION('',(0.,0.,1.));
#5626=DIRECTION('',(0.999960034304859,0.00894034635933113,0.));
#5627=DIRECTION('center_axis',(0.,0.,1.));
#5628=DIRECTION('ref_axis',(1.,0.,0.));
#5629=DIRECTION('center_axis',(-2.17032897056915E-9,2.692175458324E-7,0.999999999999964));
#5630=DIRECTION('ref_axis',(1.,0.,2.17032960358859E-9));
#5631=DIRECTION('center_axis',(0.999840140413213,0.0178799781455854,3.55937922641412E-11));
#5632=DIRECTION('ref_axis',(-3.55271367879868E-11,-3.55271367879868E-13,
1.));
#5633=DIRECTION('center_axis',(0.,0.,-1.));
#5634=DIRECTION('ref_axis',(0.,-1.,0.));
#5635=DIRECTION('center_axis',(2.79721949291544E-14,-0.707106781186211,
0.707106781186884));
#5636=DIRECTION('ref_axis',(-9.48751964130226E-12,-0.707106781186884,-0.707106781186211));
#5637=DIRECTION('',(0.,0.,1.));
#5638=DIRECTION('center_axis',(-1.25710334858147E-12,-0.707106781186478,
-0.707106781186617));
#5639=DIRECTION('ref_axis',(9.18530237956234E-12,0.707106781186617,-0.707106781186478));
#5640=DIRECTION('center_axis',(-0.70710678118869,-1.82910731114687E-11,
-0.707106781184405));
#5641=DIRECTION('ref_axis',(0.707106781184405,6.12948541854466E-11,-0.70710678118869));
#5642=DIRECTION('',(0.,0.,-1.));
#5643=DIRECTION('center_axis',(-0.707106781189607,-2.27211009241171E-11,
0.707106781183488));
#5644=DIRECTION('ref_axis',(0.707106781183488,-5.15950465518678E-11,0.707106781189607));
#5645=DIRECTION('center_axis',(1.,0.,0.));
#5646=DIRECTION('ref_axis',(0.,-1.,0.));
#5647=DIRECTION('',(1.,0.,0.));
#5648=DIRECTION('center_axis',(1.,0.,0.));
#5649=DIRECTION('ref_axis',(0.,-1.77635683939969E-13,-1.));
#5650=DIRECTION('',(-1.,0.,0.));
#5651=DIRECTION('center_axis',(-0.707106781189142,0.707106781183953,-2.19625608145053E-11));
#5652=DIRECTION('ref_axis',(0.707106781183953,0.707106781189142,2.72977147457776E-11));
#5653=DIRECTION('center_axis',(0.,1.,0.));
#5654=DIRECTION('ref_axis',(0.,0.,1.));
#5655=DIRECTION('',(-1.,0.,0.));
#5656=DIRECTION('',(0.,0.,1.));
#5657=DIRECTION('center_axis',(-1.,0.,0.));
#5658=DIRECTION('ref_axis',(0.,-1.,0.));
#5659=DIRECTION('center_axis',(-0.707106781189616,0.707106781183479,2.42491506313724E-11));
#5660=DIRECTION('ref_axis',(0.707106781183479,0.707106781189616,2.54741708979826E-11));
#5661=DIRECTION('',(1.,0.,0.));
#5662=DIRECTION('center_axis',(1.,0.,0.));
#5663=DIRECTION('ref_axis',(0.,-1.,-7.21644966006431E-14));
#5664=DIRECTION('center_axis',(-0.408248290464198,-0.816496580928539,-0.408248290461902));
#5665=DIRECTION('ref_axis',(0.912870929175111,-0.365148371670869,-0.182574185834369));
#5666=DIRECTION('center_axis',(0.,0.,-1.));
#5667=DIRECTION('ref_axis',(-3.55271367879931E-13,1.,0.));
#5668=DIRECTION('center_axis',(0.,1.,0.));
#5669=DIRECTION('ref_axis',(-1.,0.,-2.10942374678747E-13));
#5670=DIRECTION('center_axis',(-1.,-4.28850477329572E-13,4.28850477329603E-13));
#5671=DIRECTION('ref_axis',(-3.55271367879993E-13,1.77635683939996E-13,
-1.));
#5672=DIRECTION('center_axis',(0.,-1.,0.));
#5673=DIRECTION('ref_axis',(-1.,0.,-6.10622663543307E-14));
#5674=DIRECTION('',(0.,1.,0.));
#5675=DIRECTION('',(0.,-1.,0.));
#5676=DIRECTION('center_axis',(-1.,0.,0.));
#5677=DIRECTION('ref_axis',(0.,1.,-6.10622663543849E-14));
#5678=DIRECTION('center_axis',(1.,4.28850477329492E-13,-4.28850477329482E-13));
#5679=DIRECTION('ref_axis',(-3.55271367879995E-13,1.,-7.77156117237488E-14));
#5680=DIRECTION('',(-1.,0.,0.));
#5681=DIRECTION('',(1.,0.,0.));
#5682=DIRECTION('center_axis',(-0.408248290464253,-0.816496580928506,0.408248290461913));
#5683=DIRECTION('ref_axis',(0.912870929175132,-0.36514837167082,0.182574185834362));
#5684=DIRECTION('center_axis',(0.,1.,0.));
#5685=DIRECTION('ref_axis',(-1.77635683939997E-13,0.,1.));
#5686=DIRECTION('center_axis',(0.,0.,1.));
#5687=DIRECTION('ref_axis',(-1.,3.55271367879931E-13,0.));
#5688=DIRECTION('center_axis',(-1.,0.,0.));
#5689=DIRECTION('ref_axis',(0.,1.,-5.27355936697242E-13));
#5690=DIRECTION('center_axis',(0.,0.,1.));
#5691=DIRECTION('ref_axis',(0.,1.,0.));
#5692=DIRECTION('',(0.,0.,-1.));
#5693=DIRECTION('',(0.,0.,1.));
#5694=DIRECTION('center_axis',(-1.,0.,0.));
#5695=DIRECTION('ref_axis',(0.,1.,1.22124532708748E-13));
#5696=DIRECTION('center_axis',(1.,0.,0.));
#5697=DIRECTION('ref_axis',(0.,1.,0.));
#5698=DIRECTION('',(-1.,0.,0.));
#5699=DIRECTION('',(1.,0.,0.));
#5700=DIRECTION('center_axis',(0.,1.,0.));
#5701=DIRECTION('ref_axis',(-1.,0.,6.10622663543307E-14));
#5702=DIRECTION('',(0.,1.,0.));
#5703=DIRECTION('',(0.,-1.,0.));
#5704=DIRECTION('center_axis',(0.,-1.,0.));
#5705=DIRECTION('ref_axis',(1.,0.,1.27675647831374E-13));
#5706=DIRECTION('',(0.,-1.,0.));
#5707=DIRECTION('center_axis',(-0.0704606420322442,0.249961827640345,0.965688553648174));
#5708=DIRECTION('ref_axis',(0.0762452878958039,-0.963913010195883,0.255065412882257));
#5709=DIRECTION('',(0.,1.,0.));
#5710=DIRECTION('center_axis',(0.,0.,1.));
#5711=DIRECTION('ref_axis',(1.,0.,0.));
#5712=DIRECTION('',(-0.999960034304991,0.00894034634459079,0.));
#5713=DIRECTION('center_axis',(0.,0.,-1.));
#5714=DIRECTION('ref_axis',(1.,0.,0.));
#5715=DIRECTION('',(0.,0.,1.));
#5716=DIRECTION('',(0.,0.,-1.));
#5717=DIRECTION('center_axis',(1.,0.,0.));
#5718=DIRECTION('ref_axis',(0.,0.,-1.));
#5719=DIRECTION('center_axis',(1.43887704414456E-10,1.47772552333634E-8,
1.));
#5720=DIRECTION('ref_axis',(1.,0.,-1.43887862286572E-10));
#5721=DIRECTION('center_axis',(0.999840140413708,-0.0178799781179294,7.93178378798595E-12));
#5722=DIRECTION('ref_axis',(-0.0178799781179947,-0.999840140413706,1.27675647831883E-13));
#5723=DIRECTION('',(-0.999960034304992,0.00894034634443057,0.));
#5724=DIRECTION('',(0.999960034304903,-0.00894034635441206,0.));
#5725=DIRECTION('center_axis',(0.,0.,-1.));
#5726=DIRECTION('ref_axis',(-1.,0.,0.));
#5727=DIRECTION('',(0.,1.,0.));
#5728=DIRECTION('center_axis',(1.66102844432819E-9,2.05495806820548E-7,
-0.999999999999979));
#5729=DIRECTION('ref_axis',(-1.,0.,-1.66102804241764E-9));
#5730=DIRECTION('center_axis',(0.9998401404136,-0.0178799781239503,-1.39520617885541E-11));
#5731=DIRECTION('ref_axis',(-1.38555833473273E-11,7.99360577730423E-13,
-1.));
#5732=DIRECTION('',(0.999960034304992,-0.00894034634443057,0.));
#5733=DIRECTION('center_axis',(0.,0.,1.));
#5734=DIRECTION('ref_axis',(0.997445717411106,-0.0714285714419957,0.));
#5735=DIRECTION('',(0.,0.,-1.));
#5736=DIRECTION('center_axis',(0.,1.,0.));
#5737=DIRECTION('ref_axis',(1.,0.,6.10622663543741E-14));
#5738=DIRECTION('',(0.,-1.,0.));
#5739=DIRECTION('center_axis',(-0.0704606420439244,0.249961827639407,-0.965688553647565));
#5740=DIRECTION('ref_axis',(-0.076245109202728,0.963913026653275,0.255065404104098));
#5741=DIRECTION('center_axis',(0.,-1.,0.));
#5742=DIRECTION('ref_axis',(0.,0.,-1.));
#5743=DIRECTION('center_axis',(0.,0.,-1.));
#5744=DIRECTION('ref_axis',(1.,0.,0.));
#5745=DIRECTION('center_axis',(0.707106781181086,1.79405979630476E-11,0.707106781192009));
#5746=DIRECTION('ref_axis',(0.707106781192009,-5.52481906050107E-11,-0.707106781181086));
#5747=DIRECTION('',(0.,0.,1.));
#5748=DIRECTION('center_axis',(0.707106781180701,1.97993777397685E-11,-0.707106781192394));
#5749=DIRECTION('ref_axis',(0.707106781192394,-6.12305595006857E-11,0.707106781180701));
#5750=DIRECTION('center_axis',(-1.70246456979569E-12,-0.707106781186548,
-0.707106781186548));
#5751=DIRECTION('ref_axis',(-1.68889255099591E-10,0.707106781186547,-0.707106781186547));
#5752=DIRECTION('',(0.,0.,-1.));
#5753=DIRECTION('center_axis',(-1.65474729609328E-12,-0.707106781186557,
0.707106781186538));
#5754=DIRECTION('ref_axis',(1.5837813872534E-10,-0.707106781186538,-0.707106781186557));
#5755=DIRECTION('center_axis',(0.,1.,0.));
#5756=DIRECTION('ref_axis',(-1.77635683940064E-13,0.,1.));
#5757=DIRECTION('center_axis',(-0.707106781180816,-0.707106781192279,1.80245145478212E-11));
#5758=DIRECTION('ref_axis',(0.707106781192279,-0.707106781180816,4.44360291593884E-12));
#5759=DIRECTION('',(0.,1.,0.));
#5760=DIRECTION('center_axis',(0.707106781180775,-0.70710678119232,-1.84364188300165E-11));
#5761=DIRECTION('ref_axis',(0.70710678119232,0.707106781180775,1.25361870749166E-11));
#5762=DIRECTION('center_axis',(-2.22680610611771E-13,-0.707106781186852,
0.707106781186243));
#5763=DIRECTION('ref_axis',(4.07609618910298E-11,-0.707106781186243,-0.707106781186852));
#5764=DIRECTION('',(0.,-1.,0.));
#5765=DIRECTION('center_axis',(1.,0.,0.));
#5766=DIRECTION('ref_axis',(0.,0.,1.));
#5767=DIRECTION('',(-1.,0.,0.));
#5768=DIRECTION('center_axis',(-1.,-4.28850477330034E-13,4.28850477329687E-13));
#5769=DIRECTION('ref_axis',(3.55271367880103E-13,-7.99360577730232E-13,
1.));
#5770=DIRECTION('',(1.,0.,0.));
#5771=DIRECTION('center_axis',(0.,1.,0.));
#5772=DIRECTION('ref_axis',(0.,0.,1.));
#5773=DIRECTION('',(1.,0.,0.));
#5774=DIRECTION('',(0.,0.,-1.));
#5775=DIRECTION('center_axis',(-3.54361398279517E-10,4.35722764402921E-8,
0.999999999999999));
#5776=DIRECTION('ref_axis',(1.,0.,3.54360970277713E-10));
#5777=DIRECTION('center_axis',(-0.999840140413103,-0.0178799781517229,3.19607722008988E-11));
#5778=DIRECTION('ref_axis',(3.19744231092015E-11,7.99360577730037E-13,1.));
#5779=DIRECTION('',(0.999960034304968,0.008940346347122,0.));
#5780=DIRECTION('',(-0.999960034304947,-0.00894034634949299,0.));
#5781=DIRECTION('center_axis',(0.,0.,-1.));
#5782=DIRECTION('ref_axis',(-1.,0.,0.));
#5783=DIRECTION('',(0.,-1.,0.));
#5784=DIRECTION('',(-1.,0.,0.));
#5785=DIRECTION('center_axis',(0.,0.,-1.));
#5786=DIRECTION('ref_axis',(-0.997445717412756,-0.0714285714189474,0.));
#5787=DIRECTION('',(0.999960034304947,0.00894034634949299,0.));
#5788=DIRECTION('',(0.,0.,1.));
#5789=DIRECTION('center_axis',(-1.,0.,0.));
#5790=DIRECTION('ref_axis',(0.,0.,-1.));
#5791=DIRECTION('center_axis',(-0.707106781180974,-0.707106781192121,-1.72615866430033E-11));
#5792=DIRECTION('ref_axis',(0.707106781192121,-0.707106781180974,1.22483939352214E-11));
#5793=DIRECTION('',(-1.,0.,0.));
#5794=DIRECTION('center_axis',(-1.,0.,0.));
#5795=DIRECTION('ref_axis',(0.,-1.,6.8278716014491E-13));
#5796=DIRECTION('center_axis',(-3.35410409400726E-10,3.44246675498311E-8,
-0.999999999999999));
#5797=DIRECTION('ref_axis',(-1.,0.,3.35410207786926E-10));
#5798=DIRECTION('center_axis',(-0.999840140413677,-0.0178799781196397,4.84420738636777E-13));
#5799=DIRECTION('ref_axis',(0.0178799781195961,-0.999840140413678,7.77156117237662E-14));
#5800=DIRECTION('',(-0.999960034304925,-0.00894034635197304,0.));
#5801=DIRECTION('center_axis',(0.,1.,0.));
#5802=DIRECTION('ref_axis',(-1.,0.,0.));
#5803=DIRECTION('',(0.,1.,0.));
#5804=DIRECTION('',(0.,-1.,0.));
#5805=DIRECTION('center_axis',(0.0704606418503398,0.249961827639647,0.965688553661627));
#5806=DIRECTION('ref_axis',(-0.0762454648068629,-0.963912993907156,0.255065421555585));
#5807=DIRECTION('center_axis',(0.,0.,1.));
#5808=DIRECTION('ref_axis',(1.,0.,0.));
#5809=DIRECTION('',(0.,-1.,0.));
#5810=DIRECTION('',(1.,0.,0.));
#5811=DIRECTION('center_axis',(-1.,0.,0.));
#5812=DIRECTION('ref_axis',(0.,0.,1.));
#5813=DIRECTION('',(0.,0.,1.));
#5814=DIRECTION('',(0.,1.,0.));
#5815=DIRECTION('center_axis',(0.,-1.,0.));
#5816=DIRECTION('ref_axis',(-1.77635683940064E-13,0.,-1.));
#5817=DIRECTION('center_axis',(1.76608760139933E-12,-0.70710678118649,-0.707106781186605));
#5818=DIRECTION('ref_axis',(1.95942430412894E-10,0.707106781186605,-0.70710678118649));
#5819=DIRECTION('center_axis',(0.707106781180459,-0.707106781192636,1.99617261652391E-11));
#5820=DIRECTION('ref_axis',(0.707106781192636,0.707106781180459,3.11976594496549E-11));
#5821=DIRECTION('center_axis',(0.,0.,1.));
#5822=DIRECTION('ref_axis',(1.,0.,0.));
#5823=DIRECTION('center_axis',(-0.707106781180402,2.17278137665422E-11,
0.707106781192693));
#5824=DIRECTION('ref_axis',(0.707106781192693,2.17018911860481E-10,0.707106781180402));
#5825=DIRECTION('',(0.,0.,-1.));
#5826=DIRECTION('center_axis',(-0.707106781181481,1.62863991413456E-11,
-0.707106781191614));
#5827=DIRECTION('ref_axis',(0.707106781191614,8.32316291037173E-11,-0.707106781181481));
#5828=DIRECTION('center_axis',(1.,0.,0.));
#5829=DIRECTION('ref_axis',(0.,-3.55271367879868E-13,1.));
#5830=DIRECTION('center_axis',(-1.,0.,0.));
#5831=DIRECTION('ref_axis',(0.,-1.77635683939835E-13,1.));
#5832=DIRECTION('',(1.,0.,0.));
#5833=DIRECTION('center_axis',(1.,0.,0.));
#5834=DIRECTION('ref_axis',(0.,0.,-1.));
#5835=DIRECTION('',(-1.,0.,0.));
#5836=DIRECTION('center_axis',(-1.,0.,0.));
#5837=DIRECTION('ref_axis',(0.,1.77635683939996E-13,-1.));
#5838=DIRECTION('center_axis',(0.,-1.,0.));
#5839=DIRECTION('ref_axis',(0.,0.,-1.));
#5840=DIRECTION('',(0.,0.,1.));
#5841=DIRECTION('center_axis',(0.,0.,1.));
#5842=DIRECTION('ref_axis',(-1.,0.,0.));
#5843=DIRECTION('',(0.,0.,-1.));
#5844=DIRECTION('center_axis',(1.,0.,0.));
#5845=DIRECTION('ref_axis',(0.,0.,-1.));
#5846=DIRECTION('center_axis',(-1.,0.,0.));
#5847=DIRECTION('ref_axis',(0.,1.77635683939745E-13,-1.));
#5848=DIRECTION('center_axis',(-0.707106781181173,-0.707106781191922,-1.60873029304034E-11));
#5849=DIRECTION('ref_axis',(0.707106781191922,-0.707106781181173,-1.51232178617022E-11));
#5850=DIRECTION('',(-1.,0.,0.));
#5851=DIRECTION('',(1.,0.,0.));
#5852=DIRECTION('center_axis',(-0.707106781180672,-2.01937308408119E-11,
-0.707106781192423));
#5853=DIRECTION('ref_axis',(0.707106781192423,-1.6417694284823E-10,-0.707106781180672));
#5854=DIRECTION('center_axis',(0.,1.,0.));
#5855=DIRECTION('ref_axis',(-1.,0.,6.10622663545585E-14));
#5856=DIRECTION('',(0.,1.,0.));
#5857=DIRECTION('center_axis',(0.0704606418560908,-0.249961827639215,0.96568855366132));
#5858=DIRECTION('ref_axis',(0.0762454236869514,-0.963912997694237,-0.255065419535669));
#5859=DIRECTION('',(0.,-1.,0.));
#5860=DIRECTION('center_axis',(0.,0.,1.));
#5861=DIRECTION('ref_axis',(1.,0.,0.));
#5862=DIRECTION('',(0.,-1.,0.));
#5863=DIRECTION('',(1.,0.,0.));
#5864=DIRECTION('',(0.999960034305013,-0.00894034634215515,0.));
#5865=DIRECTION('center_axis',(0.,-1.,0.));
#5866=DIRECTION('ref_axis',(0.,0.,-1.));
#5867=DIRECTION('center_axis',(-3.34240305682845E-12,-0.707106781186102,
0.707106781186993));
#5868=DIRECTION('ref_axis',(-1.64266644823135E-10,-0.707106781186993,-0.707106781186102));
#5869=DIRECTION('',(0.,1.,0.));
#5870=DIRECTION('center_axis',(5.29826280422205E-13,0.707106781186918,0.707106781186177));
#5871=DIRECTION('ref_axis',(2.95925886815248E-11,-0.707106781186177,0.707106781186918));
#5872=DIRECTION('center_axis',(-0.707106781181407,0.707106781191689,-1.53879980571967E-11));
#5873=DIRECTION('ref_axis',(0.707106781191689,0.707106781181407,-1.56862962000702E-11));
#5874=DIRECTION('center_axis',(0.,0.,-1.));
#5875=DIRECTION('ref_axis',(1.,0.,0.));
#5876=DIRECTION('',(0.,0.,1.));
#5877=DIRECTION('center_axis',(0.70710678118174,1.50221656254348E-11,-0.707106781191355));
#5878=DIRECTION('ref_axis',(0.707106781191355,-1.03803961318292E-10,0.70710678118174));
#5879=DIRECTION('center_axis',(-3.50913927757517E-12,-0.707106781186168,
-0.707106781186927));
#5880=DIRECTION('ref_axis',(-3.11368663588664E-10,0.707106781186927,-0.707106781186168));
#5881=DIRECTION('',(0.,0.,-1.));
#5882=DIRECTION('center_axis',(-1.,0.,0.));
#5883=DIRECTION('ref_axis',(0.,0.,1.));
#5884=DIRECTION('',(0.,-1.,0.));
#5885=DIRECTION('',(0.,0.,1.));
#5886=DIRECTION('center_axis',(0.,1.,0.));
#5887=DIRECTION('ref_axis',(0.,0.,1.));
#5888=DIRECTION('center_axis',(-0.707106781181489,-0.707106781191606,1.45630925440067E-11));
#5889=DIRECTION('ref_axis',(0.707106781191607,-0.707106781181489,-2.30063866590604E-11));
#5890=DIRECTION('',(0.,1.,0.));
#5891=DIRECTION('center_axis',(0.707106781180775,-0.70710678119232,-1.84369673044012E-11));
#5892=DIRECTION('ref_axis',(0.70710678119232,0.707106781180775,8.95697877267088E-11));
#5893=DIRECTION('center_axis',(-1.19457726579103E-12,0.707106781186608,
-0.707106781186487));
#5894=DIRECTION('ref_axis',(1.30548922040996E-10,0.707106781186487,0.707106781186608));
#5895=DIRECTION('center_axis',(1.,0.,0.));
#5896=DIRECTION('ref_axis',(0.,-1.,1.16573417585623E-13));
#5897=DIRECTION('center_axis',(1.,0.,0.));
#5898=DIRECTION('ref_axis',(0.,1.77635683939804E-13,1.));
#5899=DIRECTION('',(-1.,0.,0.));
#5900=DIRECTION('',(1.,0.,0.));
#5901=DIRECTION('center_axis',(0.,0.,-1.));
#5902=DIRECTION('ref_axis',(-1.,0.,0.));
#5903=DIRECTION('',(0.,0.,1.));
#5904=DIRECTION('',(0.,0.,-1.));
#5905=DIRECTION('center_axis',(0.,1.,0.));
#5906=DIRECTION('ref_axis',(0.,0.,1.));
#5907=DIRECTION('center_axis',(0.,0.,-1.));
#5908=DIRECTION('ref_axis',(0.,1.,0.));
#5909=DIRECTION('center_axis',(0.707106781180691,-1.98465465389603E-11,
-0.707106781192404));
#5910=DIRECTION('ref_axis',(0.707106781192404,-9.28660452163739E-12,0.707106781180691));
#5911=DIRECTION('',(0.,0.,-1.));
#5912=DIRECTION('center_axis',(0.707106781180751,-1.98130895999706E-11,
0.707106781192344));
#5913=DIRECTION('ref_axis',(0.707106781192344,1.5490608286156E-10,-0.707106781180751));
#5914=DIRECTION('center_axis',(1.,0.,0.));
#5915=DIRECTION('ref_axis',(0.,0.,-1.));
#5916=DIRECTION('',(-1.,0.,0.));
#5917=DIRECTION('center_axis',(-1.,4.28850477329572E-13,-4.28850477329603E-13));
#5918=DIRECTION('ref_axis',(3.55271367879993E-13,1.77635683939996E-13,-1.));
#5919=DIRECTION('center_axis',(-3.9804372340493E-10,-4.88626588738536E-8,
-0.999999999999999));
#5920=DIRECTION('ref_axis',(-1.,0.,3.98043061010521E-10));
#5921=DIRECTION('center_axis',(-0.999840140413017,0.0178799781565484,-3.66125680948638E-11));
#5922=DIRECTION('ref_axis',(3.65929508916338E-11,-8.88178419699848E-13,
-1.));
#5923=DIRECTION('',(-0.999960034304992,0.00894034634452614,0.));
#5924=DIRECTION('center_axis',(0.,0.,1.));
#5925=DIRECTION('ref_axis',(-0.997445717412765,0.0714285714188211,0.));
#5926=DIRECTION('',(0.,0.,1.));
#5927=DIRECTION('',(0.999960034304814,-0.00894034636439354,0.));
#5928=DIRECTION('',(0.,0.,-1.));
#5929=DIRECTION('center_axis',(-1.,0.,0.));
#5930=DIRECTION('ref_axis',(0.,0.,1.));
#5931=DIRECTION('',(-1.,0.,0.));
#5932=DIRECTION('center_axis',(-1.,0.,0.));
#5933=DIRECTION('ref_axis',(0.,1.,9.43689570931236E-14));
#5934=DIRECTION('',(1.,0.,0.));
#5935=DIRECTION('center_axis',(-3.24249553309492E-10,-3.30775983848123E-8,
0.999999999999999));
#5936=DIRECTION('ref_axis',(1.,0.,3.24250242614375E-10));
#5937=DIRECTION('center_axis',(-0.999840140413677,0.0178799781196453,-2.96390484432941E-13));
#5938=DIRECTION('ref_axis',(0.0178799781195897,0.999840140413678,4.49640324973059E-13));
#5939=DIRECTION('',(-0.999960034304703,0.0089403463768073,0.));
#5940=DIRECTION('center_axis',(0.,-1.,0.));
#5941=DIRECTION('ref_axis',(0.,0.,-1.));
#5942=DIRECTION('center_axis',(0.,0.,-1.));
#5943=DIRECTION('ref_axis',(-1.,0.,0.));
#5944=DIRECTION('',(0.,-1.,0.));
#5945=DIRECTION('center_axis',(0.,-1.,0.));
#5946=DIRECTION('ref_axis',(-1.,0.,0.));
#5947=DIRECTION('',(0.,1.,0.));
#5948=DIRECTION('center_axis',(0.0704606418640981,-0.249961827639882,-0.965688553660563));
#5949=DIRECTION('ref_axis',(-0.0762452108454112,0.963913017296353,-0.255065409081238));
#5950=DIRECTION('center_axis',(0.,-1.,0.));
#5951=DIRECTION('ref_axis',(-1.,0.,0.));
#5952=DIRECTION('center_axis',(0.0704606418576935,0.249961827639345,-0.965688553661169));
#5953=DIRECTION('ref_axis',(0.0762452565957816,0.963913013083092,0.2550654113276));
#5954=DIRECTION('',(0.,1.,0.));
#5955=DIRECTION('center_axis',(-1.,0.,0.));
#5956=DIRECTION('ref_axis',(0.,0.,1.));
#5957=DIRECTION('',(0.,0.,1.));
#5958=DIRECTION('',(0.,1.,0.));
#5959=DIRECTION('',(0.,0.,-1.));
#5960=DIRECTION('',(0.,0.,-1.));
#5961=DIRECTION('',(0.,-1.,0.));
#5962=DIRECTION('',(0.,0.,1.));
#5963=DIRECTION('center_axis',(1.,0.,0.));
#5964=DIRECTION('ref_axis',(0.,-1.,0.));
#5965=DIRECTION('center_axis',(1.,0.,0.));
#5966=DIRECTION('ref_axis',(0.,4.4408920985007E-14,-1.));
#5967=DIRECTION('',(1.,0.,0.));
#5968=DIRECTION('center_axis',(-1.,0.,0.));
#5969=DIRECTION('ref_axis',(0.,-1.,2.42861286636758E-14));
#5970=DIRECTION('',(-1.,0.,0.));
#5971=DIRECTION('center_axis',(0.,1.,0.));
#5972=DIRECTION('ref_axis',(0.,0.,-1.));
#5973=DIRECTION('center_axis',(1.65736349425257E-13,1.,2.87063777865718E-13));
#5974=DIRECTION('ref_axis',(-0.866025403784197,2.66453525909812E-13,-0.500000000000418));
#5975=DIRECTION('',(0.,1.,0.));
#5976=DIRECTION('center_axis',(0.,-1.,0.));
#5977=DIRECTION('ref_axis',(8.88178419699445E-14,0.,-1.));
#5978=DIRECTION('',(0.,-1.,0.));
#5979=DIRECTION('center_axis',(-1.,0.,0.));
#5980=DIRECTION('ref_axis',(0.,1.,0.));
#5981=DIRECTION('center_axis',(-1.,0.,0.));
#5982=DIRECTION('ref_axis',(0.,-2.66453525910002E-13,-1.));
#5983=DIRECTION('',(-1.,0.,0.));
#5984=DIRECTION('center_axis',(1.,0.,0.));
#5985=DIRECTION('ref_axis',(0.,1.,-1.26981758441482E-13));
#5986=DIRECTION('',(1.,0.,0.));
#5987=DIRECTION('center_axis',(-0.896587428323173,0.366544626592039,-0.248547822539931));
#5988=DIRECTION('ref_axis',(0.442866778357567,0.742072605537533,-0.503187107086347));
#5989=DIRECTION('center_axis',(-1.25834670207221E-15,-2.10850003091976E-15,
-1.));
#5990=DIRECTION('ref_axis',(0.880123461276121,0.474744871390245,-2.08166817117719E-15));
#5991=DIRECTION('center_axis',(0.,-1.,0.));
#5992=DIRECTION('ref_axis',(0.,0.,-1.));
#5993=DIRECTION('center_axis',(3.31472698850387E-13,-1.,-5.74127555731229E-13));
#5994=DIRECTION('ref_axis',(0.86602540378429,5.3290705181979E-13,-0.500000000000258));
#5995=DIRECTION('',(0.,-1.,0.));
#5996=DIRECTION('center_axis',(0.,1.,0.));
#5997=DIRECTION('ref_axis',(-2.66453525909894E-13,0.,-1.));
#5998=DIRECTION('',(0.,1.,0.));
#5999=DIRECTION('center_axis',(-0.896587428321642,-0.366544626592739,0.248547822544422));
#6000=DIRECTION('ref_axis',(0.442866778360719,-0.742072605532501,0.503187107090994));
#6001=DIRECTION('center_axis',(0.,0.,-1.));
#6002=DIRECTION('ref_axis',(1.33226762955874E-12,1.,0.));
#6003=DIRECTION('center_axis',(-0.896587428323384,-0.366544626591377,-0.248547822540149));
#6004=DIRECTION('ref_axis',(0.442866778357186,-0.742072605537061,-0.503187107087378));
#6005=DIRECTION('center_axis',(1.25834670207172E-15,-2.10850003091874E-15,
-1.));
#6006=DIRECTION('ref_axis',(-1.15463194561337E-12,-1.,2.08166817117794E-15));
#6007=DIRECTION('center_axis',(-0.896587428321236,0.366544626593418,0.248547822544885));
#6008=DIRECTION('ref_axis',(0.442866778361561,0.74207260553214,0.503187107090785));
#6009=DIRECTION('center_axis',(1.25834670207149E-15,2.10850003091857E-15,
-1.));
#6010=DIRECTION('ref_axis',(-0.880123461276229,-0.474744871390044,-2.08166817117787E-15));
#6011=DIRECTION('center_axis',(-1.,2.3760006808424E-12,9.8119714349148E-12));
#6012=DIRECTION('ref_axis',(9.80548975348093E-12,0.,1.));
#6013=DIRECTION('center_axis',(1.,0.,0.));
#6014=DIRECTION('ref_axis',(0.,7.10542735759886E-14,-1.));
#6015=DIRECTION('center_axis',(0.,-1.,0.));
#6016=DIRECTION('ref_axis',(-8.88178419699489E-14,0.,1.));
#6017=DIRECTION('center_axis',(0.,0.,-1.));
#6018=DIRECTION('ref_axis',(0.,-1.,0.));
#6019=DIRECTION('',(0.,0.,1.));
#6020=DIRECTION('center_axis',(0.,-1.,0.));
#6021=DIRECTION('ref_axis',(0.,0.,-1.));
#6022=DIRECTION('',(0.,0.,-1.));
#6023=DIRECTION('',(1.,0.,0.));
#6024=DIRECTION('',(0.,0.,-1.));
#6025=DIRECTION('',(1.,0.,0.));
#6026=DIRECTION('',(0.,0.,1.));
#6027=DIRECTION('',(1.,0.,0.));
#6028=DIRECTION('center_axis',(0.,0.,1.));
#6029=DIRECTION('ref_axis',(0.,-1.,0.));
#6030=DIRECTION('center_axis',(1.,2.66524166063382E-12,1.29775967596815E-11));
#6031=DIRECTION('ref_axis',(1.297924730657E-11,0.,-1.));
#6032=DIRECTION('center_axis',(1.65736349425193E-13,-1.,-2.87063777865621E-13));
#6033=DIRECTION('ref_axis',(-0.866025403784283,-2.66453525909893E-13,0.50000000000027));
#6034=DIRECTION('center_axis',(-1.,0.,0.));
#6035=DIRECTION('ref_axis',(0.,-0.428571428571376,-0.903507902905276));
#6036=DIRECTION('center_axis',(0.,-1.,0.));
#6037=DIRECTION('ref_axis',(0.,0.,1.));
#6038=DIRECTION('center_axis',(0.,1.,0.));
#6039=DIRECTION('ref_axis',(-8.88178419699186E-14,0.,1.));
#6040=DIRECTION('',(0.,-1.,0.));
#6041=DIRECTION('center_axis',(0.,0.,-1.));
#6042=DIRECTION('ref_axis',(-1.,0.,0.));
#6043=DIRECTION('center_axis',(-1.,-3.68990269662573E-13,2.49298839016661E-12));
#6044=DIRECTION('ref_axis',(2.49479449444355E-12,0.,1.));
#6045=DIRECTION('center_axis',(0.,-1.,0.));
#6046=DIRECTION('ref_axis',(-8.88178419699548E-14,0.,1.));
#6047=DIRECTION('center_axis',(1.,0.,0.));
#6048=DIRECTION('ref_axis',(0.,0.428571428569387,-0.90350790290622));
#6049=DIRECTION('center_axis',(0.,1.,0.));
#6050=DIRECTION('ref_axis',(-8.88178419699036E-14,0.,1.));
#6051=DIRECTION('',(0.,1.,0.));
#6052=DIRECTION('center_axis',(0.,0.,1.));
#6053=DIRECTION('ref_axis',(0.,1.,0.));
#6054=DIRECTION('',(0.,0.,-1.));
#6055=DIRECTION('center_axis',(1.,-1.55551933229867E-12,6.11127241521432E-12));
#6056=DIRECTION('ref_axis',(6.11066752753516E-12,0.,-1.));
#6057=DIRECTION('center_axis',(-1.,0.,0.));
#6058=DIRECTION('ref_axis',(0.,-3.5527136788011E-14,-1.));
#6059=DIRECTION('center_axis',(1.,0.,0.));
#6060=DIRECTION('ref_axis',(0.,-1.,0.));
#6061=DIRECTION('',(1.,0.,0.));
#6062=DIRECTION('center_axis',(1.,0.,0.));
#6063=DIRECTION('ref_axis',(0.,0.,-1.));
#6064=DIRECTION('center_axis',(0.,0.,-1.));
#6065=DIRECTION('ref_axis',(-1.,0.,0.));
#6066=DIRECTION('',(-1.,0.,0.));
#6067=DIRECTION('center_axis',(1.67519717706808E-16,1.67519717706808E-16,
1.));
#6068=DIRECTION('ref_axis',(0.,1.,-1.38777878078145E-16));
#6069=DIRECTION('',(0.,1.,0.));
#6070=DIRECTION('center_axis',(1.67519717706804E-16,-1.67519717706804E-16,
1.));
#6071=DIRECTION('ref_axis',(1.,1.77635683940029E-14,-1.38777878078148E-16));
#6072=DIRECTION('center_axis',(0.,0.,-1.));
#6073=DIRECTION('ref_axis',(0.,1.,0.));
#6074=DIRECTION('',(0.,0.,1.));
#6075=DIRECTION('center_axis',(0.,1.,0.));
#6076=DIRECTION('ref_axis',(0.,0.,1.));
#6077=DIRECTION('',(-1.,0.,0.));
#6078=DIRECTION('',(0.,0.,-1.));
#6079=DIRECTION('',(-1.,0.,0.));
#6080=DIRECTION('',(0.,0.,1.));
#6081=DIRECTION('',(-1.,0.,0.));
#6082=DIRECTION('center_axis',(1.,0.,0.));
#6083=DIRECTION('ref_axis',(0.,-1.,0.));
#6084=DIRECTION('center_axis',(1.,0.,0.));
#6085=DIRECTION('ref_axis',(0.,0.,-1.));
#6086=DIRECTION('',(1.,0.,0.));
#6087=DIRECTION('center_axis',(-4.20520813159751E-14,-4.02423864631027E-14,
1.));
#6088=DIRECTION('ref_axis',(1.,0.,4.20404451991249E-14));
#6089=DIRECTION('center_axis',(0.,-1.,0.));
#6090=DIRECTION('ref_axis',(0.,0.,-1.));
#6091=DIRECTION('center_axis',(-1.67519717706799E-16,-1.67519717706802E-16,
1.));
#6092=DIRECTION('ref_axis',(3.55271367880058E-14,-1.,-1.38777878078148E-16));
#6093=DIRECTION('center_axis',(2.23359623609072E-16,2.23359623609073E-16,
-1.));
#6094=DIRECTION('ref_axis',(-1.,1.18423789293353E-14,-1.85037170770863E-16));
#6095=DIRECTION('center_axis',(0.,-1.,0.));
#6096=DIRECTION('ref_axis',(-1.,0.,0.));
#6097=DIRECTION('center_axis',(0.,-1.,0.));
#6098=DIRECTION('ref_axis',(0.,0.,-1.));
#6099=DIRECTION('',(0.,-1.,0.));
#6100=DIRECTION('center_axis',(3.75492086798621E-15,-1.25163468303094E-14,
1.));
#6101=DIRECTION('ref_axis',(1.,0.,-3.7747582837255E-15));
#6102=DIRECTION('center_axis',(-1.,0.,0.));
#6103=DIRECTION('ref_axis',(0.,-3.55271367880064E-14,-1.));
#6104=DIRECTION('center_axis',(-1.67519717706803E-16,1.67519717706806E-16,
1.));
#6105=DIRECTION('ref_axis',(-1.,0.,-1.38777878078145E-16));
#6106=DIRECTION('center_axis',(2.23359623609074E-16,-2.23359623609074E-16,
-1.));
#6107=DIRECTION('ref_axis',(1.18423789293351E-14,1.,-1.85037170770861E-16));
#6108=DIRECTION('center_axis',(-1.,0.,0.));
#6109=DIRECTION('ref_axis',(0.,1.,0.));
#6110=DIRECTION('',(-1.,0.,0.));
#6111=DIRECTION('center_axis',(0.,0.,1.));
#6112=DIRECTION('ref_axis',(-7.10542735760023E-14,1.,0.));
#6113=DIRECTION('center_axis',(0.,0.,1.));
#6114=DIRECTION('ref_axis',(-1.,-1.18423789293351E-14,0.));
#6115=DIRECTION('center_axis',(0.,0.,1.));
#6116=DIRECTION('ref_axis',(-1.,0.,0.));
#6117=DIRECTION('center_axis',(0.,0.,1.));
#6118=DIRECTION('ref_axis',(2.36847578586704E-14,-1.,0.));
#6119=DIRECTION('center_axis',(-1.,0.,0.));
#6120=DIRECTION('ref_axis',(0.,1.,0.));
#6121=DIRECTION('center_axis',(-1.,0.,0.));
#6122=DIRECTION('ref_axis',(0.,-3.55271367880064E-14,-1.));
#6123=DIRECTION('center_axis',(5.82863523327405E-14,5.69527062518332E-14,
1.));
#6124=DIRECTION('ref_axis',(1.,0.,-5.82497013586721E-14));
#6125=DIRECTION('center_axis',(0.,1.,0.));
#6126=DIRECTION('ref_axis',(0.,0.,-1.));
#6127=DIRECTION('center_axis',(0.,0.,-1.));
#6128=DIRECTION('ref_axis',(1.,-4.73695157173421E-14,0.));
#6129=DIRECTION('center_axis',(0.,1.,0.));
#6130=DIRECTION('ref_axis',(1.,0.,1.24900090270333E-14));
#6131=DIRECTION('center_axis',(0.,1.,0.));
#6132=DIRECTION('ref_axis',(0.,0.,-1.));
#6133=DIRECTION('',(0.,-1.,0.));
#6134=DIRECTION('center_axis',(2.61575976450811E-14,-1.67956003189386E-14,
1.));
#6135=DIRECTION('ref_axis',(1.,0.,-2.62012633811522E-14));
#6136=DIRECTION('center_axis',(0.,0.,-1.));
#6137=DIRECTION('ref_axis',(-2.36847578586707E-14,-1.,0.));
#6138=DIRECTION('center_axis',(0.,0.,1.));
#6139=DIRECTION('ref_axis',(-2.36847578586671E-14,-1.,0.));
#6140=DIRECTION('',(0.,0.,1.));
#6141=DIRECTION('center_axis',(0.,0.,1.));
#6142=DIRECTION('ref_axis',(1.,2.36847578586705E-14,0.));
#6143=DIRECTION('',(0.,0.,1.));
#6144=DIRECTION('center_axis',(1.,0.,0.));
#6145=DIRECTION('ref_axis',(0.,0.,-1.));
#6146=DIRECTION('',(0.,0.,-1.));
#6147=DIRECTION('',(0.,1.,0.));
#6148=DIRECTION('',(0.,0.,-1.));
#6149=DIRECTION('center_axis',(0.,0.,1.));
#6150=DIRECTION('ref_axis',(0.999999907350302,-0.000430464153873806,0.));
#6151=DIRECTION('center_axis',(0.,0.,1.));
#6152=DIRECTION('ref_axis',(-3.55271367880066E-14,1.,0.));
#6153=DIRECTION('center_axis',(-1.,0.,0.));
#6154=DIRECTION('ref_axis',(0.,0.,1.));
#6155=DIRECTION('center_axis',(-1.,8.57700954658708E-14,8.5770095465872E-14));
#6156=DIRECTION('ref_axis',(7.10542735760166E-14,1.,-1.06581410364025E-13));
#6157=DIRECTION('center_axis',(1.,-8.57700954658708E-14,-8.5770095465872E-14));
#6158=DIRECTION('ref_axis',(7.10542735760175E-14,-1.06581410364026E-13,
1.));
#6159=DIRECTION('',(1.,0.,0.));
#6160=DIRECTION('center_axis',(-1.83708908555757E-14,-1.53316778265383E-14,
-1.));
#6161=DIRECTION('ref_axis',(-1.,0.,1.77635683940015E-14));
#6162=DIRECTION('center_axis',(0.,1.,0.));
#6163=DIRECTION('ref_axis',(1.,0.,-4.44089209850088E-14));
#6164=DIRECTION('center_axis',(0.,0.,-1.));
#6165=DIRECTION('ref_axis',(1.,0.,0.));
#6166=DIRECTION('center_axis',(-4.41948096622116E-14,3.97935751037342E-14,
-1.));
#6167=DIRECTION('ref_axis',(-1.,0.,4.38168020385449E-14));
#6168=DIRECTION('center_axis',(0.,1.,0.));
#6169=DIRECTION('ref_axis',(-3.55271367880045E-14,0.,1.));
#6170=DIRECTION('center_axis',(0.,0.,-1.));
#6171=DIRECTION('ref_axis',(1.77635683940026E-14,1.,0.));
#6172=DIRECTION('center_axis',(0.,1.,0.));
#6173=DIRECTION('ref_axis',(0.,0.,1.));
#6174=DIRECTION('center_axis',(0.,1.,0.));
#6175=DIRECTION('ref_axis',(1.,0.,-4.44089209850088E-14));
#6176=DIRECTION('',(0.,-1.,0.));
#6177=DIRECTION('center_axis',(0.,-1.,0.));
#6178=DIRECTION('ref_axis',(0.,0.,1.));
#6179=DIRECTION('center_axis',(0.,1.,0.));
#6180=DIRECTION('ref_axis',(-3.55271367880045E-14,0.,1.));
#6181=DIRECTION('',(0.,1.,0.));
#6182=DIRECTION('center_axis',(9.47003278115165E-14,-9.59235121346362E-14,
-1.));
#6183=DIRECTION('ref_axis',(-1.,0.,-9.47390314346926E-14));
#6184=DIRECTION('center_axis',(1.,8.57700954658881E-14,-8.57700954658878E-14));
#6185=DIRECTION('ref_axis',(7.1054273576009E-14,-1.,1.33226762955017E-14));
#6186=DIRECTION('center_axis',(0.,0.,-1.));
#6187=DIRECTION('ref_axis',(-1.77635683940029E-14,-1.,0.));
#6188=DIRECTION('center_axis',(-3.67417817111517E-14,-3.0663355653081E-14,
-1.));
#6189=DIRECTION('ref_axis',(-1.,0.,3.67113746809309E-14));
#6190=DIRECTION('center_axis',(-1.,-8.57700954658881E-14,8.57700954658878E-14));
#6191=DIRECTION('ref_axis',(7.1054273576009E-14,-1.77635683940023E-14,1.));
#6192=DIRECTION('center_axis',(0.,0.,-1.));
#6193=DIRECTION('ref_axis',(-1.,1.77635683940029E-14,0.));
#6194=DIRECTION('center_axis',(1.,0.,0.));
#6195=DIRECTION('ref_axis',(0.,0.,1.));
#6196=DIRECTION('',(-1.,0.,0.));
#6197=DIRECTION('center_axis',(0.,0.,1.));
#6198=DIRECTION('ref_axis',(1.,0.,0.));
#6199=DIRECTION('center_axis',(0.,0.,-1.));
#6200=DIRECTION('ref_axis',(-1.,0.,0.));
#6201=DIRECTION('center_axis',(-0.40824829045919,0.816496580931453,-0.408248290461082));
#6202=DIRECTION('ref_axis',(0.912870929177353,0.365148371666792,-0.182574185831311));
#6203=DIRECTION('center_axis',(-8.16552863725017E-16,3.97753569458594E-16,
-1.));
#6204=DIRECTION('ref_axis',(-1.,2.66453525910091E-13,8.67361737988576E-16));
#6205=DIRECTION('center_axis',(0.,-1.,0.));
#6206=DIRECTION('ref_axis',(5.32907051820233E-13,0.,-1.));
#6207=DIRECTION('center_axis',(-1.,4.28850477329247E-13,4.28850477329276E-13));
#6208=DIRECTION('ref_axis',(-3.55271367880121E-13,-1.,2.1788126858273E-13));
#6209=DIRECTION('center_axis',(-1.,0.,0.));
#6210=DIRECTION('ref_axis',(0.,0.,-1.));
#6211=DIRECTION('center_axis',(1.,0.,0.));
#6212=DIRECTION('ref_axis',(0.,-2.6645352590995E-13,-1.));
#6213=DIRECTION('',(1.,0.,0.));
#6214=DIRECTION('',(-1.,0.,0.));
#6215=DIRECTION('center_axis',(-0.408248290459188,0.81649658093145,0.40824829046109));
#6216=DIRECTION('ref_axis',(0.912870929177358,0.365148371666765,0.182574185831339));
#6217=DIRECTION('center_axis',(-1.,-4.28850477329596E-13,4.2885047732965E-13));
#6218=DIRECTION('ref_axis',(3.55271367879934E-13,-2.66453525909951E-13,
1.));
#6219=DIRECTION('center_axis',(2.14425238664772E-13,-1.,-2.14425238664805E-13));
#6220=DIRECTION('ref_axis',(-1.,-1.77635683939966E-13,3.78169717762818E-13));
#6221=DIRECTION('center_axis',(-8.37598588533589E-16,-8.37598588533664E-16,
1.));
#6222=DIRECTION('ref_axis',(3.55271367880121E-13,-1.,-6.93889390390861E-16));
#6223=DIRECTION('center_axis',(0.,0.,-1.));
#6224=DIRECTION('ref_axis',(0.,-1.,0.));
#6225=DIRECTION('',(0.,0.,1.));
#6226=DIRECTION('',(0.,0.,-1.));
#6227=DIRECTION('center_axis',(-0.408248290457692,0.816496580933148,0.408248290459189));
#6228=DIRECTION('ref_axis',(0.912870929178004,0.365148371665972,0.182574185829695));
#6229=DIRECTION('center_axis',(2.14425238664835E-13,-1.,-2.1442523866483E-13));
#6230=DIRECTION('ref_axis',(-1.,-1.77635683939966E-13,3.71924713249303E-13));
#6231=DIRECTION('center_axis',(0.,0.,1.));
#6232=DIRECTION('ref_axis',(3.55271367880215E-13,-1.,0.));
#6233=DIRECTION('center_axis',(-1.,4.28850477329503E-13,-4.28850477329574E-13));
#6234=DIRECTION('ref_axis',(-3.55271367879995E-13,-8.88178419699986E-14,
1.));
#6235=DIRECTION('center_axis',(1.,0.,0.));
#6236=DIRECTION('ref_axis',(0.,8.88178419700253E-14,1.));
#6237=DIRECTION('center_axis',(1.,4.28850477329427E-13,-4.28850477329455E-13));
#6238=DIRECTION('ref_axis',(3.55271367880026E-13,-1.,7.77156117237557E-14));
#6239=DIRECTION('',(1.,0.,0.));
#6240=DIRECTION('',(-1.,0.,0.));
#6241=DIRECTION('center_axis',(-0.408248290459188,0.816496580931451,-0.408248290461089));
#6242=DIRECTION('ref_axis',(0.912870929177312,0.365148371666861,-0.182574185831379));
#6243=DIRECTION('center_axis',(2.14425238664548E-13,-1.,2.14425238664563E-13));
#6244=DIRECTION('ref_axis',(5.32907051820406E-13,-1.77635683940135E-13,
-1.));
#6245=DIRECTION('center_axis',(-1.,4.28850477329243E-13,4.28850477329271E-13));
#6246=DIRECTION('ref_axis',(-3.55271367880121E-13,-1.,2.27595720048202E-13));
#6247=DIRECTION('center_axis',(1.34015774165357E-14,1.34015774165346E-14,
-1.));
#6248=DIRECTION('ref_axis',(-1.,5.32907051820276E-13,-1.11022302462557E-14));
#6249=DIRECTION('center_axis',(0.,0.,1.));
#6250=DIRECTION('ref_axis',(-1.,-8.88178419699829E-14,0.));
#6251=DIRECTION('',(0.,0.,-1.));
#6252=DIRECTION('',(0.,0.,1.));
#6253=DIRECTION('center_axis',(0.408248290458198,0.81649658093146,0.408248290462059));
#6254=DIRECTION('ref_axis',(0.912870929177805,-0.365148371665722,-0.182574185831192));
#6255=DIRECTION('center_axis',(2.10457248083944E-17,-1.23535215799219E-15,
-1.));
#6256=DIRECTION('ref_axis',(1.77635683940029E-13,1.,-1.21430643318379E-15));
#6257=DIRECTION('center_axis',(-1.,4.2885047732957E-13,-4.28850477329585E-13));
#6258=DIRECTION('ref_axis',(3.55271367879987E-13,1.77635683939993E-13,-1.));
#6259=DIRECTION('center_axis',(0.,1.,0.));
#6260=DIRECTION('ref_axis',(-1.,0.,-9.8445557261581E-13));
#6261=DIRECTION('center_axis',(0.,-1.,0.));
#6262=DIRECTION('ref_axis',(-1.,0.,0.));
#6263=DIRECTION('',(0.,1.,0.));
#6264=DIRECTION('',(0.,-1.,0.));
#6265=DIRECTION('center_axis',(0.408248290458137,0.816496580931481,-0.408248290462079));
#6266=DIRECTION('ref_axis',(0.912870929177825,-0.365148371665673,0.182574185831189));
#6267=DIRECTION('center_axis',(-4.28850477329544E-13,1.,4.28850477329636E-13));
#6268=DIRECTION('ref_axis',(-1.77635683939963E-13,-3.55271367879926E-13,
1.));
#6269=DIRECTION('center_axis',(-1.,0.,0.));
#6270=DIRECTION('ref_axis',(0.,1.,-2.20656826144294E-13));
#6271=DIRECTION('center_axis',(8.37598588533821E-16,-8.3759858853397E-16,
1.));
#6272=DIRECTION('ref_axis',(-1.,0.,6.93889390390738E-16));
#6273=DIRECTION('center_axis',(0.,0.,-1.));
#6274=DIRECTION('ref_axis',(-1.,0.,0.));
#6275=DIRECTION('',(0.,0.,1.));
#6276=DIRECTION('',(0.,0.,-1.));
#6277=DIRECTION('center_axis',(0.408248290455397,0.816496580934242,-0.408248290459296));
#6278=DIRECTION('ref_axis',(0.912870929179055,-0.365148371663948,0.182574185828492));
#6279=DIRECTION('center_axis',(0.,1.,0.));
#6280=DIRECTION('ref_axis',(-7.10542735759646E-13,0.,1.));
#6281=DIRECTION('center_axis',(-1.,0.,0.));
#6282=DIRECTION('ref_axis',(0.,1.,-5.27355936697242E-13));
#6283=DIRECTION('center_axis',(0.,0.,1.));
#6284=DIRECTION('ref_axis',(-1.,5.32907051819897E-13,0.));
#6285=DIRECTION('center_axis',(0.,-1.,0.));
#6286=DIRECTION('ref_axis',(0.,0.,-1.));
#6287=DIRECTION('center_axis',(-4.28850477329616E-13,1.,-4.2885047732953E-13));
#6288=DIRECTION('ref_axis',(1.,4.44089209849993E-13,6.6613381477499E-14));
#6289=DIRECTION('center_axis',(-1.34015774165415E-14,-1.34015774165403E-14,
1.));
#6290=DIRECTION('ref_axis',(1.7763568394006E-13,-1.,-1.11022302462538E-14));
#6291=DIRECTION('center_axis',(0.,1.,0.));
#6292=DIRECTION('ref_axis',(1.,0.,5.82867087928168E-14));
#6293=DIRECTION('center_axis',(1.,0.,0.));
#6294=DIRECTION('ref_axis',(0.,-8.88178419699981E-14,-1.));
#6295=DIRECTION('center_axis',(-1.,0.,0.));
#6296=DIRECTION('ref_axis',(0.,8.88178419700258E-14,-1.));
#6297=DIRECTION('',(1.,0.,0.));
#6298=DIRECTION('',(-1.,0.,0.));
#6299=DIRECTION('center_axis',(0.,0.,-1.));
#6300=DIRECTION('ref_axis',(0.,-1.,0.));
#6301=DIRECTION('center_axis',(0.,0.,-1.));
#6302=DIRECTION('ref_axis',(-1.,2.66453525910091E-13,0.));
#6303=DIRECTION('',(0.,0.,-1.));
#6304=DIRECTION('',(0.,0.,1.));
#6305=DIRECTION('center_axis',(0.408248290455462,0.816496580934231,0.408248290459255));
#6306=DIRECTION('ref_axis',(0.912870929179119,-0.365148371663832,-0.182574185828403));
#6307=DIRECTION('center_axis',(1.34015774165411E-14,-1.34015774165435E-14,
-1.));
#6308=DIRECTION('ref_axis',(3.55271367880184E-13,1.,-1.11022302462557E-14));
#6309=DIRECTION('center_axis',(-1.,-4.28850477329518E-13,4.28850477329473E-13));
#6310=DIRECTION('ref_axis',(-3.55271367880099E-13,0.,-1.));
#6311=DIRECTION('center_axis',(0.,1.,0.));
#6312=DIRECTION('ref_axis',(-1.,0.,-9.93649607038477E-13));
#6313=DIRECTION('center_axis',(0.,1.,0.));
#6314=DIRECTION('ref_axis',(3.55271367880294E-13,0.,-1.));
#6315=DIRECTION('',(0.,-1.,0.));
#6316=DIRECTION('',(0.,1.,0.));
#6317=DIRECTION('center_axis',(-6.94145055655284E-13,1.,-4.32847726273054E-13));
#6318=DIRECTION('ref_axis',(0.,4.26325641456091E-13,1.));
#6319=DIRECTION('center_axis',(0.,-1.,0.));
#6320=DIRECTION('ref_axis',(5.32907051819897E-13,0.,1.));
#6321=DIRECTION('center_axis',(1.,4.28850477329622E-13,-4.28850477329536E-13));
#6322=DIRECTION('ref_axis',(-3.55271367879995E-13,1.,-7.77156117237488E-14));
#6323=DIRECTION('center_axis',(-2.14425238664817E-13,-1.,-2.14425238664804E-13));
#6324=DIRECTION('ref_axis',(2.66453525909991E-13,-1.77635683939994E-13,
1.));
#6325=DIRECTION('center_axis',(0.,0.,1.));
#6326=DIRECTION('ref_axis',(-1.,5.32907051819897E-13,0.));
#6327=DIRECTION('center_axis',(-1.,-1.51036184701208E-12,-1.40695361290964E-12));
#6328=DIRECTION('ref_axis',(-1.42108547151996E-12,0.,1.));
#6329=DIRECTION('center_axis',(1.,-4.28850477329444E-13,-4.28850477329553E-13));
#6330=DIRECTION('ref_axis',(-3.55271367879993E-13,0.,-1.));
#6331=DIRECTION('center_axis',(0.,-1.,0.));
#6332=DIRECTION('ref_axis',(-1.,0.,6.77236045020879E-13));
#6333=DIRECTION('center_axis',(1.,4.28850477329444E-13,4.28850477329456E-13));
#6334=DIRECTION('ref_axis',(4.44089209850075E-13,0.,-1.));
#6335=DIRECTION('center_axis',(0.,0.,-1.));
#6336=DIRECTION('ref_axis',(-3.55271367879931E-13,1.,0.));
#6337=DIRECTION('center_axis',(0.,0.,-1.));
#6338=DIRECTION('ref_axis',(-1.,0.,0.));
#6339=DIRECTION('',(0.,0.,1.));
#6340=DIRECTION('',(0.,0.,-1.));
#6341=DIRECTION('center_axis',(-7.93686499849111E-13,-1.,-7.7552621278997E-13));
#6342=DIRECTION('ref_axis',(0.,7.57912251478138E-13,-1.));
#6343=DIRECTION('center_axis',(0.,-1.,0.));
#6344=DIRECTION('ref_axis',(2.66453525909991E-13,0.,1.));
#6345=DIRECTION('center_axis',(1.34015774165452E-14,-1.34015774165452E-14,
1.));
#6346=DIRECTION('ref_axis',(-1.,0.,1.11022302462518E-14));
#6347=DIRECTION('center_axis',(-4.28850477329809E-13,-1.,-4.28850477329768E-13));
#6348=DIRECTION('ref_axis',(5.32907051819897E-13,-3.55271367879931E-13,
1.));
#6349=DIRECTION('center_axis',(1.,4.28850477329492E-13,-4.28850477329482E-13));
#6350=DIRECTION('ref_axis',(-3.55271367879995E-13,1.,-7.77156117237488E-14));
#6351=DIRECTION('center_axis',(-1.,8.56907369928681E-13,1.15452527342939E-12));
#6352=DIRECTION('ref_axis',(1.13686837721556E-12,0.,1.));
#6353=DIRECTION('center_axis',(-1.,0.,0.));
#6354=DIRECTION('ref_axis',(0.,-1.,2.49800180540666E-14));
#6355=DIRECTION('center_axis',(0.,-1.,0.));
#6356=DIRECTION('ref_axis',(-3.5527136788016E-13,0.,1.));
#6357=DIRECTION('center_axis',(-1.,4.28850477329184E-13,4.2885047732925E-13));
#6358=DIRECTION('ref_axis',(-3.55271367880121E-13,-1.,2.16493489801949E-13));
#6359=DIRECTION('center_axis',(0.,0.,-1.));
#6360=DIRECTION('ref_axis',(1.,-1.77635683940092E-13,0.));
#6361=DIRECTION('center_axis',(0.,0.,1.));
#6362=DIRECTION('ref_axis',(1.,1.77635683939997E-13,0.));
#6363=DIRECTION('center_axis',(1.34015774165411E-14,1.34015774165435E-14,
1.));
#6364=DIRECTION('ref_axis',(-3.55271367880184E-13,1.,-1.11022302462557E-14));
#6365=DIRECTION('',(0.,0.,1.));
#6366=DIRECTION('',(0.,0.,-1.));
#6367=DIRECTION('center_axis',(-1.,0.,0.));
#6368=DIRECTION('ref_axis',(0.,0.,-1.));
#6369=DIRECTION('',(1.,0.,0.));
#6370=DIRECTION('',(-1.,0.,0.));
#6371=DIRECTION('center_axis',(0.40824829045653,0.816496580933098,0.408248290460452));
#6372=DIRECTION('ref_axis',(0.912870929178593,-0.365148371664559,-0.182574185829579));
#6373=DIRECTION('center_axis',(-1.,-4.28850477329572E-13,4.28850477329603E-13));
#6374=DIRECTION('ref_axis',(-3.55271367879993E-13,1.77635683939996E-13,
-1.));
#6375=DIRECTION('center_axis',(0.,1.,0.));
#6376=DIRECTION('ref_axis',(-1.,0.,-9.93649607038477E-13));
#6377=DIRECTION('center_axis',(0.,0.,-1.));
#6378=DIRECTION('ref_axis',(0.,1.,0.));
#6379=DIRECTION('center_axis',(0.,-1.,0.));
#6380=DIRECTION('ref_axis',(0.,0.,-1.));
#6381=DIRECTION('center_axis',(1.34015774165625E-14,1.34015774165625E-14,
1.));
#6382=DIRECTION('ref_axis',(-8.88178419699355E-13,-1.,1.11022302462419E-14));
#6383=DIRECTION('center_axis',(0.,1.,0.));
#6384=DIRECTION('ref_axis',(1.,0.,5.82867087928168E-14));
#6385=DIRECTION('center_axis',(1.,0.,0.));
#6386=DIRECTION('ref_axis',(0.,-1.77635683939996E-13,-1.));
#6387=DIRECTION('center_axis',(-4.28850477329616E-13,1.,-4.2885047732953E-13));
#6388=DIRECTION('ref_axis',(1.,3.55271367879995E-13,6.6613381477499E-14));
#6389=DIRECTION('center_axis',(0.,-1.,0.));
#6390=DIRECTION('ref_axis',(1.,0.,-1.27675647831918E-13));
#6391=DIRECTION('',(0.,1.,0.));
#6392=DIRECTION('',(0.,-1.,0.));
#6393=DIRECTION('center_axis',(0.40824829045597,0.816496580933683,-0.408248290459843));
#6394=DIRECTION('ref_axis',(0.912870929178825,-0.365148371664283,0.18257418582897));
#6395=DIRECTION('center_axis',(-1.,0.,0.));
#6396=DIRECTION('ref_axis',(0.,1.,-2.27595720048202E-13));
#6397=DIRECTION('center_axis',(1.34015774165452E-14,-1.34015774165452E-14,
1.));
#6398=DIRECTION('ref_axis',(-1.,0.,1.11022302462518E-14));
#6399=DIRECTION('center_axis',(0.,1.,0.));
#6400=DIRECTION('ref_axis',(5.32907051820406E-13,0.,1.));
#6401=DIRECTION('center_axis',(-0.408248290459149,0.816496580931514,-0.408248290461001));
#6402=DIRECTION('ref_axis',(0.912870929177371,0.36514837166677,-0.182574185831267));
#6403=DIRECTION('center_axis',(-1.34015774165625E-14,-1.34015774165625E-14,
-1.));
#6404=DIRECTION('ref_axis',(-1.,-8.88178419699355E-13,1.11022302462419E-14));
#6405=DIRECTION('center_axis',(0.,-1.,0.));
#6406=DIRECTION('ref_axis',(-7.10542735759646E-13,0.,-1.));
#6407=DIRECTION('center_axis',(-1.,4.28850477329308E-13,4.28850477329298E-13));
#6408=DIRECTION('ref_axis',(-3.55271367880121E-13,-1.,2.27595720048202E-13));
#6409=DIRECTION('center_axis',(-1.,0.,0.));
#6410=DIRECTION('ref_axis',(0.,1.77635683940031E-13,-1.));
#6411=DIRECTION('',(1.,0.,0.));
#6412=DIRECTION('',(-1.,0.,0.));
#6413=DIRECTION('center_axis',(0.,1.,0.));
#6414=DIRECTION('ref_axis',(1.7763568394009E-13,0.,-1.));
#6415=DIRECTION('',(0.,-1.,0.));
#6416=DIRECTION('',(0.,1.,0.));
#6417=DIRECTION('center_axis',(-0.408248290457382,0.816496580933237,0.408248290459322));
#6418=DIRECTION('ref_axis',(0.912870929178136,0.365148371665684,0.182574185829613));
#6419=DIRECTION('center_axis',(1.34015774165625E-14,1.34015774165625E-14,
1.));
#6420=DIRECTION('ref_axis',(-8.88178419699355E-13,-1.,1.11022302462419E-14));
#6421=DIRECTION('center_axis',(-1.,4.28850477329568E-13,-4.28850477329601E-13));
#6422=DIRECTION('ref_axis',(-3.55271367879995E-13,-1.77635683939997E-13,
1.));
#6423=DIRECTION('center_axis',(0.,-1.,0.));
#6424=DIRECTION('ref_axis',(-1.,0.,3.71924713249303E-13));
#6425=DIRECTION('center_axis',(0.,-1.,0.));
#6426=DIRECTION('ref_axis',(3.55271367880235E-13,0.,1.));
#6427=DIRECTION('',(0.,1.,0.));
#6428=DIRECTION('',(0.,-1.,0.));
#6429=DIRECTION('center_axis',(1.,0.,0.));
#6430=DIRECTION('ref_axis',(0.,1.77635683940031E-13,1.));
#6431=DIRECTION('center_axis',(1.,4.28850477329492E-13,-4.28850477329482E-13));
#6432=DIRECTION('ref_axis',(3.55271367879995E-13,-1.,7.77156117237488E-14));
#6433=DIRECTION('',(1.,0.,0.));
#6434=DIRECTION('',(-1.,0.,0.));
#6435=DIRECTION('center_axis',(1.80419386788575E-13,-1.,4.06905785678818E-14));
#6436=DIRECTION('ref_axis',(0.,-2.84217094304253E-14,-1.));
#6437=DIRECTION('center_axis',(0.,0.,-1.));
#6438=DIRECTION('ref_axis',(3.55271367879931E-13,-1.,0.));
#6439=DIRECTION('center_axis',(0.,1.,0.));
#6440=DIRECTION('ref_axis',(1.,0.,8.21565038222546E-14));
#6441=DIRECTION('center_axis',(0.,-1.,0.));
#6442=DIRECTION('ref_axis',(-1.33226762955038E-13,0.,1.));
#6443=DIRECTION('center_axis',(0.,0.,1.));
#6444=DIRECTION('ref_axis',(-1.,-1.77635683939934E-13,0.));
#6445=DIRECTION('',(0.,0.,-1.));
#6446=DIRECTION('',(0.,0.,1.));
#6447=DIRECTION('center_axis',(0.,0.,-1.));
#6448=DIRECTION('ref_axis',(1.,-1.77635683939966E-13,0.));
#6449=DIRECTION('',(0.,0.,1.));
#6450=DIRECTION('center_axis',(-1.06687835861614E-13,-0.707106781186539,
-0.707106781186556));
#6451=DIRECTION('ref_axis',(1.36882847252745E-11,0.707106781186556,-0.707106781186539));
#6452=DIRECTION('',(0.,0.,-1.));
#6453=DIRECTION('center_axis',(0.,0.,1.));
#6454=DIRECTION('ref_axis',(0.,1.,0.));
#6455=DIRECTION('',(0.,0.,-1.));
#6456=DIRECTION('',(0.,0.,1.));
#6457=DIRECTION('center_axis',(-1.,0.,0.));
#6458=DIRECTION('ref_axis',(0.,-1.77635683940086E-13,1.));
#6459=DIRECTION('center_axis',(1.,0.,0.));
#6460=DIRECTION('ref_axis',(0.,1.77635683939997E-13,1.));
#6461=DIRECTION('',(1.,0.,0.));
#6462=DIRECTION('',(-1.,0.,0.));
#6463=DIRECTION('center_axis',(0.,-1.,0.));
#6464=DIRECTION('ref_axis',(1.,0.,1.2767564783185E-13));
#6465=DIRECTION('',(0.,-1.,0.));
#6466=DIRECTION('',(0.,1.,0.));
#6467=DIRECTION('center_axis',(0.,0.,1.));
#6468=DIRECTION('ref_axis',(-1.,0.,0.));
#6469=DIRECTION('',(0.,0.,1.));
#6470=DIRECTION('center_axis',(3.72061004509933E-13,-0.707106781186407,
-0.707106781186688));
#6471=DIRECTION('ref_axis',(1.05629808665754E-11,0.707106781186688,-0.707106781186407));
#6472=DIRECTION('',(0.,0.,-1.));
#6473=DIRECTION('center_axis',(1.,0.,0.));
#6474=DIRECTION('ref_axis',(0.,-1.77635683940088E-13,-1.));
#6475=DIRECTION('',(-1.,0.,0.));
#6476=DIRECTION('',(1.,0.,0.));
#6477=DIRECTION('center_axis',(4.08108395678809E-13,1.,4.87052943318663E-13));
#6478=DIRECTION('ref_axis',(0.,-4.8316906031734E-13,1.));
#6479=DIRECTION('center_axis',(1.34015774165452E-14,1.34015774165452E-14,
-1.));
#6480=DIRECTION('ref_axis',(1.,0.,1.11022302462518E-14));
#6481=DIRECTION('center_axis',(0.,1.,0.));
#6482=DIRECTION('ref_axis',(1.,0.,-1.40165656858948E-13));
#6483=DIRECTION('center_axis',(0.,-1.,0.));
#6484=DIRECTION('ref_axis',(1.06581410364006E-13,0.,1.));
#6485=DIRECTION('center_axis',(0.,1.,0.));
#6486=DIRECTION('ref_axis',(-1.,0.,0.));
#6487=DIRECTION('',(0.,-1.,0.));
#6488=DIRECTION('',(0.,1.,0.));
#6489=DIRECTION('center_axis',(0.,0.,-1.));
#6490=DIRECTION('ref_axis',(-1.,0.,0.));
#6491=DIRECTION('center_axis',(-3.3503943541363E-15,3.3503943541363E-15,
-1.));
#6492=DIRECTION('ref_axis',(0.,1.,2.77555756156295E-15));
#6493=DIRECTION('',(0.,0.,-1.));
#6494=DIRECTION('',(0.,0.,1.));
#6495=DIRECTION('center_axis',(0.,0.,1.));
#6496=DIRECTION('ref_axis',(1.,1.77635683939997E-13,0.));
#6497=DIRECTION('center_axis',(1.67519717706815E-15,1.67519717706815E-15,
-1.));
#6498=DIRECTION('ref_axis',(1.,0.,1.38777878078148E-15));
#6499=DIRECTION('',(0.,0.,-1.));
#6500=DIRECTION('',(0.,0.,1.));
#6501=DIRECTION('center_axis',(2.03452892839488E-14,1.,9.02096933942873E-14));
#6502=DIRECTION('ref_axis',(0.,-1.13686837721692E-13,1.));
#6503=DIRECTION('center_axis',(-1.,-4.28850477329633E-13,-4.28850477329548E-13));
#6504=DIRECTION('ref_axis',(-3.55271367879995E-13,1.,9.43689570931236E-14));
#6505=DIRECTION('center_axis',(0.,-1.,0.));
#6506=DIRECTION('ref_axis',(1.06581410364006E-13,0.,1.));
#6507=DIRECTION('center_axis',(0.,1.,0.));
#6508=DIRECTION('ref_axis',(1.,0.,-1.40165656858948E-13));
#6509=DIRECTION('center_axis',(1.35635261893062E-14,-1.,-6.01397955961961E-14));
#6510=DIRECTION('ref_axis',(0.,6.09036630651803E-14,-1.));
#6511=DIRECTION('center_axis',(-1.,-8.57700954658993E-13,-8.57700954658974E-13));
#6512=DIRECTION('ref_axis',(-8.88178419699986E-13,1.,8.50014503228503E-14));
#6513=DIRECTION('center_axis',(0.,1.,0.));
#6514=DIRECTION('ref_axis',(0.,0.,-1.));
#6515=DIRECTION('center_axis',(0.,-1.,0.));
#6516=DIRECTION('ref_axis',(1.,0.,-8.0722465748782E-14));
#6517=DIRECTION('center_axis',(-9.02096933942669E-14,1.,2.03452892839401E-14));
#6518=DIRECTION('ref_axis',(0.,-2.8421709430423E-14,1.));
#6519=DIRECTION('center_axis',(-1.,0.,0.));
#6520=DIRECTION('ref_axis',(0.,1.77635683939994E-13,-1.));
#6521=DIRECTION('center_axis',(-1.07212619332339E-13,1.,1.07212619332337E-13));
#6522=DIRECTION('ref_axis',(-1.33226762955038E-13,8.88178419700253E-14,
-1.));
#6523=DIRECTION('center_axis',(0.,-1.,0.));
#6524=DIRECTION('ref_axis',(1.,0.,3.88578058618813E-14));
#6525=DIRECTION('center_axis',(1.,0.,0.));
#6526=DIRECTION('ref_axis',(0.,-1.77635683940125E-13,-1.));
#6527=DIRECTION('',(-1.,0.,0.));
#6528=DIRECTION('',(1.,0.,0.));
#6529=DIRECTION('center_axis',(0.,-1.,0.));
#6530=DIRECTION('ref_axis',(1.,0.,-1.27675647831918E-13));
#6531=DIRECTION('',(0.,1.,0.));
#6532=DIRECTION('',(0.,-1.,0.));
#6533=DIRECTION('center_axis',(-1.,0.,0.));
#6534=DIRECTION('ref_axis',(0.,-1.77635683940124E-13,1.));
#6535=DIRECTION('',(1.,0.,0.));
#6536=DIRECTION('',(-1.,0.,0.));
#6537=DIRECTION('center_axis',(-1.,1.04674302968975E-14,5.23860313699032E-28));
#6538=DIRECTION('ref_axis',(0.,0.,1.));
#6539=DIRECTION('',(1.,-2.22044604925032E-14,0.));
#6540=DIRECTION('',(-1.,2.22044604925032E-14,0.));
#6541=DIRECTION('center_axis',(1.,-2.01138562550341E-14,-2.13879204254351E-30));
#6542=DIRECTION('ref_axis',(0.,0.,-1.));
#6543=DIRECTION('',(-1.,2.01858731750029E-14,0.));
#6544=DIRECTION('',(1.,-2.01858731750029E-14,0.));
#6545=DIRECTION('center_axis',(0.,0.,-1.));
#6546=DIRECTION('ref_axis',(-1.,1.77635683939776E-13,0.));
#6547=DIRECTION('',(0.,0.,1.));
#6548=DIRECTION('',(0.,0.,-1.));
#6549=DIRECTION('center_axis',(0.,-1.,0.));
#6550=DIRECTION('ref_axis',(3.55271367880296E-13,0.,1.));
#6551=DIRECTION('',(0.,1.,0.));
#6552=DIRECTION('',(0.,-1.,0.));
#6553=DIRECTION('center_axis',(0.,-1.,0.));
#6554=DIRECTION('ref_axis',(1.77635683940013E-13,0.,1.));
#6555=DIRECTION('',(0.,1.,0.));
#6556=DIRECTION('',(0.,-1.,0.));
#6557=DIRECTION('center_axis',(0.,1.,0.));
#6558=DIRECTION('ref_axis',(0.,0.,1.));
#6559=DIRECTION('center_axis',(-1.,0.,0.));
#6560=DIRECTION('ref_axis',(0.,-2.66453525909951E-13,1.));
#6561=DIRECTION('center_axis',(0.,1.,0.));
#6562=DIRECTION('ref_axis',(8.88178419700054E-14,0.,-1.));
#6563=DIRECTION('center_axis',(4.28850477329421E-14,-1.,-4.28850477329412E-14));
#6564=DIRECTION('ref_axis',(1.,3.55271367880058E-14,3.91353616180376E-14));
#6565=DIRECTION('center_axis',(1.,0.,0.));
#6566=DIRECTION('ref_axis',(0.,0.,1.));
#6567=DIRECTION('',(-1.,0.,0.));
#6568=DIRECTION('',(1.,0.,0.));
#6569=DIRECTION('center_axis',(4.51048466972084E-14,-1.,1.01726446420284E-14));
#6570=DIRECTION('ref_axis',(0.,0.,-1.));
#6571=DIRECTION('center_axis',(0.,0.,-1.));
#6572=DIRECTION('ref_axis',(5.3290705181985E-13,-1.,0.));
#6573=DIRECTION('center_axis',(0.,1.,0.));
#6574=DIRECTION('ref_axis',(1.,0.,8.21565038222546E-14));
#6575=DIRECTION('center_axis',(0.,-1.,0.));
#6576=DIRECTION('ref_axis',(-1.33226762955038E-13,0.,1.));
#6577=DIRECTION('center_axis',(-2.04054197840077E-13,-1.,2.43526471660094E-13));
#6578=DIRECTION('ref_axis',(0.,-2.55795384873331E-13,-1.));
#6579=DIRECTION('center_axis',(0.,0.,1.));
#6580=DIRECTION('ref_axis',(1.,-3.55271367879868E-13,0.));
#6581=DIRECTION('center_axis',(0.,-1.,0.));
#6582=DIRECTION('ref_axis',(1.,0.,1.41900380334925E-13));
#6583=DIRECTION('center_axis',(-4.28850477329421E-14,1.,4.28850477329412E-14));
#6584=DIRECTION('ref_axis',(-3.55271367880064E-14,3.55271367880064E-14,
-1.));
#6585=DIRECTION('center_axis',(0.,0.,1.));
#6586=DIRECTION('ref_axis',(0.,-1.,0.));
#6587=DIRECTION('',(0.,0.,-1.));
#6588=DIRECTION('',(0.,0.,1.));
#6589=DIRECTION('center_axis',(0.,0.,1.));
#6590=DIRECTION('ref_axis',(1.,0.,0.));
#6591=DIRECTION('',(0.,1.,0.));
#6592=DIRECTION('center_axis',(0.,-1.,0.));
#6593=DIRECTION('ref_axis',(-3.55271367880069E-14,0.,-1.));
#6594=DIRECTION('',(0.,-1.,0.));
#6595=DIRECTION('center_axis',(0.,0.,1.));
#6596=DIRECTION('ref_axis',(1.,0.,0.));
#6597=DIRECTION('',(0.,1.,0.));
#6598=DIRECTION('center_axis',(0.,1.,0.));
#6599=DIRECTION('ref_axis',(-3.55271367880109E-14,0.,1.));
#6600=DIRECTION('',(0.,-1.,0.));
#6601=DIRECTION('',(0.,1.,0.));
#6602=DIRECTION('center_axis',(0.,0.,1.));
#6603=DIRECTION('ref_axis',(1.,0.,0.));
#6604=DIRECTION('center_axis',(0.,-1.,0.));
#6605=DIRECTION('ref_axis',(0.,0.,-1.));
#6606=DIRECTION('',(-1.,0.,0.));
#6607=DIRECTION('center_axis',(-1.,0.,2.53130849614536E-12));
#6608=DIRECTION('ref_axis',(2.53095322477748E-12,0.,1.));
#6609=DIRECTION('center_axis',(-1.,0.,0.));
#6610=DIRECTION('ref_axis',(0.,0.,1.));
#6611=DIRECTION('center_axis',(-2.03540887847946E-14,-1.,0.));
#6612=DIRECTION('ref_axis',(0.,0.,-1.));
#6613=DIRECTION('center_axis',(0.,0.,-1.));
#6614=DIRECTION('ref_axis',(-1.,0.,0.));
#6615=DIRECTION('center_axis',(0.,1.,0.));
#6616=DIRECTION('ref_axis',(0.,0.,1.));
#6617=DIRECTION('center_axis',(0.,0.,-1.));
#6618=DIRECTION('ref_axis',(-1.,0.,0.));
#6619=DIRECTION('center_axis',(-1.,0.,0.));
#6620=DIRECTION('ref_axis',(0.,0.,1.));
#6621=DIRECTION('center_axis',(1.8503717077086E-14,1.,0.));
#6622=DIRECTION('ref_axis',(0.,0.,1.));
#6623=DIRECTION('center_axis',(1.,0.,0.));
#6624=DIRECTION('ref_axis',(0.,0.,-1.));
#6625=DIRECTION('',(0.,1.,0.));
#6626=DIRECTION('',(0.,-1.,0.));
#6627=DIRECTION('center_axis',(0.,1.,0.));
#6628=DIRECTION('ref_axis',(-3.55271367880073E-14,0.,1.));
#6629=DIRECTION('center_axis',(0.,-1.,0.));
#6630=DIRECTION('ref_axis',(-3.55271367880078E-14,0.,-1.));
#6631=DIRECTION('',(0.,-1.,0.));
#6632=DIRECTION('center_axis',(0.,0.,1.));
#6633=DIRECTION('ref_axis',(1.,0.,0.));
#6634=DIRECTION('center_axis',(-1.,0.,0.));
#6635=DIRECTION('ref_axis',(0.,0.,1.));
#6636=DIRECTION('center_axis',(0.,0.,-1.));
#6637=DIRECTION('ref_axis',(-1.,0.,0.));
#6638=DIRECTION('center_axis',(-0.408248290464974,-0.816496580927816,0.408248290462572));
#6639=DIRECTION('ref_axis',(0.912870929174765,-0.365148371671384,0.18257418583507));
#6640=DIRECTION('center_axis',(-1.23535215799271E-15,2.10457248089197E-17,
1.));
#6641=DIRECTION('ref_axis',(1.,0.,1.21430643318358E-15));
#6642=DIRECTION('center_axis',(-1.,4.28850477329182E-13,4.28850477329249E-13));
#6643=DIRECTION('ref_axis',(-3.55271367880121E-13,-1.,2.1788126858273E-13));
#6644=DIRECTION('center_axis',(0.,1.,0.));
#6645=DIRECTION('ref_axis',(-1.77635683940047E-13,0.,-1.));
#6646=DIRECTION('center_axis',(-1.,0.,0.));
#6647=DIRECTION('ref_axis',(0.,0.,-1.));
#6648=DIRECTION('center_axis',(1.,0.,0.));
#6649=DIRECTION('ref_axis',(0.,0.,-1.));
#6650=DIRECTION('',(1.,0.,0.));
#6651=DIRECTION('',(-1.,0.,0.));
#6652=DIRECTION('center_axis',(-0.408248290465163,-0.816496580927626,-0.408248290462762));
#6653=DIRECTION('ref_axis',(0.91287092917467,-0.365148371671516,-0.182574185835278));
#6654=DIRECTION('center_axis',(-1.,0.,0.));
#6655=DIRECTION('ref_axis',(0.,0.,1.));
#6656=DIRECTION('center_axis',(-8.3759858853415E-16,8.37598588534001E-16,
-1.));
#6657=DIRECTION('ref_axis',(1.77635683939997E-13,-1.,-6.93889390390614E-16));
#6658=DIRECTION('center_axis',(-2.14425238664564E-13,1.,-2.14425238664559E-13));
#6659=DIRECTION('ref_axis',(1.,1.77635683940124E-13,-5.22845655659699E-13));
#6660=DIRECTION('center_axis',(0.,0.,1.));
#6661=DIRECTION('ref_axis',(0.,-1.,0.));
#6662=DIRECTION('',(0.,0.,-1.));
#6663=DIRECTION('',(0.,0.,1.));
#6664=DIRECTION('center_axis',(-0.408248290464878,-0.816496580927908,-0.408248290462484));
#6665=DIRECTION('ref_axis',(0.912870929174839,-0.365148371671243,-0.182574185834978));
#6666=DIRECTION('center_axis',(-2.14425238664719E-13,1.,-2.14425238664676E-13));
#6667=DIRECTION('ref_axis',(1.,1.7763568394006E-13,-2.27595720048202E-13));
#6668=DIRECTION('center_axis',(-1.,0.,0.));
#6669=DIRECTION('ref_axis',(0.,-1.77635683939971E-13,1.));
#6670=DIRECTION('center_axis',(0.,0.,-1.));
#6671=DIRECTION('ref_axis',(3.55271367879995E-13,-1.,0.));
#6672=DIRECTION('center_axis',(1.,0.,0.));
#6673=DIRECTION('ref_axis',(0.,0.,1.));
#6674=DIRECTION('center_axis',(1.,4.2885047732927E-13,-4.28850477329336E-13));
#6675=DIRECTION('ref_axis',(3.55271367880089E-13,-1.,-7.21644966006431E-14));
#6676=DIRECTION('',(1.,0.,0.));
#6677=DIRECTION('',(-1.,0.,0.));
#6678=DIRECTION('center_axis',(-0.408248290465065,-0.816496580927714,0.408248290462685));
#6679=DIRECTION('ref_axis',(0.91287092917476,-0.365148371671354,0.182574185835153));
#6680=DIRECTION('center_axis',(-2.14425238664759E-13,1.,2.14425238664736E-13));
#6681=DIRECTION('ref_axis',(0.,1.7763568394005E-13,-1.));
#6682=DIRECTION('center_axis',(0.,0.,1.));
#6683=DIRECTION('ref_axis',(1.,0.,0.));
#6684=DIRECTION('center_axis',(-1.,0.,0.));
#6685=DIRECTION('ref_axis',(0.,-1.,2.27595720048202E-13));
#6686=DIRECTION('center_axis',(0.,0.,-1.));
#6687=DIRECTION('ref_axis',(1.,0.,0.));
#6688=DIRECTION('',(0.,0.,1.));
#6689=DIRECTION('',(0.,0.,-1.));
#6690=DIRECTION('center_axis',(0.408248290465331,-0.816496580927819,-0.408248290462209));
#6691=DIRECTION('ref_axis',(0.91287092917463,0.365148371671699,0.182574185835113));
#6692=DIRECTION('center_axis',(2.10457248089306E-17,1.23535215799272E-15,
1.));
#6693=DIRECTION('ref_axis',(3.55271367879931E-13,1.,-1.21430643318336E-15));
#6694=DIRECTION('center_axis',(0.,-1.,0.));
#6695=DIRECTION('ref_axis',(1.,0.,5.22151766269308E-13));
#6696=DIRECTION('center_axis',(-1.,0.,0.));
#6697=DIRECTION('ref_axis',(0.,1.77635683939993E-13,-1.));
#6698=DIRECTION('center_axis',(0.,1.,0.));
#6699=DIRECTION('ref_axis',(1.,0.,6.27969898303618E-14));
#6700=DIRECTION('',(0.,-1.,0.));
#6701=DIRECTION('',(0.,1.,0.));
#6702=DIRECTION('center_axis',(0.408248290463863,-0.816496580929289,0.408248290460736));
#6703=DIRECTION('ref_axis',(0.912870929175269,0.365148371670818,-0.182574185833678));
#6704=DIRECTION('center_axis',(4.28850477329385E-13,-1.,4.28850477329401E-13));
#6705=DIRECTION('ref_axis',(-1.77635683940048E-13,3.55271367880096E-13,
1.));
#6706=DIRECTION('center_axis',(-8.37598588534435E-16,-8.37598588534435E-16,
-1.));
#6707=DIRECTION('ref_axis',(1.,3.55271367879931E-13,-6.93889390390491E-16));
#6708=DIRECTION('center_axis',(-1.,0.,0.));
#6709=DIRECTION('ref_axis',(0.,1.,-5.22845655659699E-13));
#6710=DIRECTION('center_axis',(0.,0.,1.));
#6711=DIRECTION('ref_axis',(1.,0.,0.));
#6712=DIRECTION('',(0.,0.,-1.));
#6713=DIRECTION('',(0.,0.,1.));
#6714=DIRECTION('center_axis',(0.408248290464211,-0.816496580928422,0.408248290462124));
#6715=DIRECTION('ref_axis',(0.912870929175131,0.365148371670791,-0.182574185834423));
#6716=DIRECTION('center_axis',(0.,-1.,0.));
#6717=DIRECTION('ref_axis',(0.,0.,1.));
#6718=DIRECTION('center_axis',(0.,0.,-1.));
#6719=DIRECTION('ref_axis',(1.,3.55271367879931E-13,0.));
#6720=DIRECTION('center_axis',(-1.,4.28850477329124E-13,4.28850477329114E-13));
#6721=DIRECTION('ref_axis',(3.55271367880247E-13,1.,-5.27355936697242E-13));
#6722=DIRECTION('center_axis',(5.77262636712522E-13,1.,-4.28453684962391E-13));
#6723=DIRECTION('ref_axis',(0.,4.26325641456687E-13,1.));
#6724=DIRECTION('center_axis',(0.,-1.,0.));
#6725=DIRECTION('ref_axis',(-1.,0.,-2.05391259555695E-13));
#6726=DIRECTION('center_axis',(1.,0.,0.));
#6727=DIRECTION('ref_axis',(0.,-1.77635683939969E-13,-1.));
#6728=DIRECTION('center_axis',(0.,-1.,0.));
#6729=DIRECTION('ref_axis',(-1.,0.,-2.77555756156295E-14));
#6730=DIRECTION('center_axis',(-1.34015774165423E-14,1.34015774165423E-14,
-1.));
#6731=DIRECTION('ref_axis',(0.,-1.,-1.11022302462498E-14));
#6732=DIRECTION('center_axis',(-1.,0.,0.));
#6733=DIRECTION('ref_axis',(0.,0.,-1.));
#6734=DIRECTION('',(1.,0.,0.));
#6735=DIRECTION('',(-1.,0.,0.));
#6736=DIRECTION('center_axis',(0.,0.,1.));
#6737=DIRECTION('ref_axis',(0.,-1.,0.));
#6738=DIRECTION('center_axis',(0.,0.,1.));
#6739=DIRECTION('ref_axis',(1.,0.,0.));
#6740=DIRECTION('',(0.,0.,1.));
#6741=DIRECTION('',(0.,0.,-1.));
#6742=DIRECTION('center_axis',(0.408248290467234,-0.816496580923525,-0.408248290468895));
#6743=DIRECTION('ref_axis',(0.91287092917376,0.365148371671863,0.182574185839138));
#6744=DIRECTION('center_axis',(1.34015774165493E-14,1.34015774165469E-14,
1.));
#6745=DIRECTION('ref_axis',(1.77635683940029E-13,1.,-1.11022302462518E-14));
#6746=DIRECTION('center_axis',(0.,-1.,0.));
#6747=DIRECTION('ref_axis',(1.,0.,-7.77156117237488E-14));
#6748=DIRECTION('center_axis',(-1.,0.,0.));
#6749=DIRECTION('ref_axis',(0.,1.77635683939996E-13,-1.));
#6750=DIRECTION('center_axis',(0.,-1.,0.));
#6751=DIRECTION('ref_axis',(-1.77635683940064E-13,0.,-1.));
#6752=DIRECTION('',(0.,1.,0.));
#6753=DIRECTION('',(0.,-1.,0.));
#6754=DIRECTION('center_axis',(0.,-1.,0.));
#6755=DIRECTION('ref_axis',(0.,0.,-1.));
#6756=DIRECTION('center_axis',(0.,1.,0.));
#6757=DIRECTION('ref_axis',(-1.77635683939999E-13,0.,1.));
#6758=DIRECTION('center_axis',(-1.34015774165469E-14,-1.34015774165493E-14,
-1.));
#6759=DIRECTION('ref_axis',(1.,3.55271367879931E-13,-1.11022302462479E-14));
#6760=DIRECTION('center_axis',(0.,1.,0.));
#6761=DIRECTION('ref_axis',(0.,0.,1.));
#6762=DIRECTION('center_axis',(1.,4.28850477329492E-13,-4.28850477329482E-13));
#6763=DIRECTION('ref_axis',(-3.55271367879995E-13,1.,-7.77156117237488E-14));
#6764=DIRECTION('center_axis',(-1.,8.13811571360395E-14,3.60838773577412E-13));
#6765=DIRECTION('ref_axis',(3.78956125738778E-13,0.,1.));
#6766=DIRECTION('center_axis',(1.,0.,0.));
#6767=DIRECTION('ref_axis',(0.,0.,-1.));
#6768=DIRECTION('center_axis',(0.,0.,1.));
#6769=DIRECTION('ref_axis',(1.77635683939966E-13,1.,0.));
#6770=DIRECTION('center_axis',(1.,2.14425238664735E-13,2.1442523866476E-13));
#6771=DIRECTION('ref_axis',(1.77635683940003E-13,-8.88178419700014E-14,
-1.));
#6772=DIRECTION('center_axis',(4.28850477329366E-13,1.,4.2885047732943E-13));
#6773=DIRECTION('ref_axis',(1.,-3.55271367879995E-13,8.32667268468737E-14));
#6774=DIRECTION('center_axis',(0.,0.,1.));
#6775=DIRECTION('ref_axis',(1.,0.,0.));
#6776=DIRECTION('',(0.,0.,-1.));
#6777=DIRECTION('',(0.,0.,1.));
#6778=DIRECTION('center_axis',(-6.13267113061896E-13,1.,7.34835634223218E-13));
#6779=DIRECTION('ref_axis',(0.,-7.10542735759657E-13,1.));
#6780=DIRECTION('center_axis',(0.,1.,0.));
#6781=DIRECTION('ref_axis',(0.,0.,1.));
#6782=DIRECTION('center_axis',(1.,4.28850477329492E-13,-4.28850477329482E-13));
#6783=DIRECTION('ref_axis',(-3.55271367879995E-13,1.,-7.77156117237488E-14));
#6784=DIRECTION('center_axis',(4.28850477329564E-13,1.,-4.288504773296E-13));
#6785=DIRECTION('ref_axis',(-1.77635683939999E-13,3.55271367879999E-13,
1.));
#6786=DIRECTION('center_axis',(-1.34015774165469E-14,-1.34015774165493E-14,
-1.));
#6787=DIRECTION('ref_axis',(1.,3.55271367879931E-13,-1.11022302462479E-14));
#6788=DIRECTION('center_axis',(-1.,7.75526212791674E-13,7.93686499851124E-13));
#6789=DIRECTION('ref_axis',(8.05281767194236E-13,0.,1.));
#6790=DIRECTION('center_axis',(-1.,0.,0.));
#6791=DIRECTION('ref_axis',(0.,-1.,2.49800180540666E-14));
#6792=DIRECTION('center_axis',(0.,0.,1.));
#6793=DIRECTION('ref_axis',(-1.,5.32907051819803E-13,0.));
#6794=DIRECTION('center_axis',(-1.,4.28850477329184E-13,4.2885047732925E-13));
#6795=DIRECTION('ref_axis',(-3.55271367880121E-13,-1.,2.16493489801949E-13));
#6796=DIRECTION('center_axis',(0.,1.,0.));
#6797=DIRECTION('ref_axis',(-3.55271367879884E-13,0.,1.));
#6798=DIRECTION('center_axis',(0.,0.,-1.));
#6799=DIRECTION('ref_axis',(-1.,0.,0.));
#6800=DIRECTION('center_axis',(1.34015774165526E-14,-1.3401577416555E-14,
-1.));
#6801=DIRECTION('ref_axis',(-3.55271367879868E-13,1.,-1.11022302462459E-14));
#6802=DIRECTION('',(0.,0.,-1.));
#6803=DIRECTION('',(0.,0.,1.));
#6804=DIRECTION('center_axis',(-1.,0.,0.));
#6805=DIRECTION('ref_axis',(0.,0.,-1.));
#6806=DIRECTION('',(1.,0.,0.));
#6807=DIRECTION('',(-1.,0.,0.));
#6808=DIRECTION('center_axis',(0.408248290465592,-0.816496580925215,-0.408248290467155));
#6809=DIRECTION('ref_axis',(0.912870929174506,0.365148371670826,0.182574185837478));
#6810=DIRECTION('center_axis',(-1.,0.,0.));
#6811=DIRECTION('ref_axis',(0.,1.77635683939996E-13,-1.));
#6812=DIRECTION('center_axis',(0.,0.,1.));
#6813=DIRECTION('ref_axis',(5.32907051819897E-13,1.,0.));
#6814=DIRECTION('center_axis',(-4.28850477329622E-13,-1.,4.28850477329536E-13));
#6815=DIRECTION('ref_axis',(1.,-3.55271367879995E-13,-7.77156117237488E-14));
#6816=DIRECTION('center_axis',(-7.93686499848894E-13,1.,7.75526212789878E-13));
#6817=DIRECTION('ref_axis',(0.,-7.5791225147806E-13,1.));
#6818=DIRECTION('center_axis',(-1.34015774165452E-14,1.34015774165452E-14,
-1.));
#6819=DIRECTION('ref_axis',(1.77635683939966E-13,-1.,-1.11022302462479E-14));
#6820=DIRECTION('center_axis',(0.,-1.,0.));
#6821=DIRECTION('ref_axis',(-1.,0.,-2.05391259555695E-13));
#6822=DIRECTION('center_axis',(1.,0.,0.));
#6823=DIRECTION('ref_axis',(0.,0.,-1.));
#6824=DIRECTION('center_axis',(0.,-1.,0.));
#6825=DIRECTION('ref_axis',(-1.,0.,-2.77555756156295E-14));
#6826=DIRECTION('center_axis',(0.,1.,0.));
#6827=DIRECTION('ref_axis',(-1.,0.,0.));
#6828=DIRECTION('',(0.,-1.,0.));
#6829=DIRECTION('',(0.,1.,0.));
#6830=DIRECTION('center_axis',(0.408248290465528,-0.81649658092523,0.408248290467189));
#6831=DIRECTION('ref_axis',(0.912870929174549,0.365148371670729,-0.182574185837456));
#6832=DIRECTION('center_axis',(-1.,4.28850477329308E-13,4.28850477329298E-13));
#6833=DIRECTION('ref_axis',(3.55271367880121E-13,1.,-2.27595720048202E-13));
#6834=DIRECTION('center_axis',(4.28850477329514E-13,-1.,4.28850477329471E-13));
#6835=DIRECTION('ref_axis',(0.,3.55271367880103E-13,1.));
#6836=DIRECTION('center_axis',(0.,0.,-1.));
#6837=DIRECTION('ref_axis',(1.,3.55271367879931E-13,0.));
#6838=DIRECTION('center_axis',(-0.408248290464687,-0.816496580928095,0.408248290462302));
#6839=DIRECTION('ref_axis',(0.912870929174904,-0.365148371671184,0.182574185834775));
#6840=DIRECTION('center_axis',(0.,0.,1.));
#6841=DIRECTION('ref_axis',(1.,-1.77635683939966E-13,0.));
#6842=DIRECTION('center_axis',(-1.,0.,0.));
#6843=DIRECTION('ref_axis',(0.,-1.,2.27595720048202E-13));
#6844=DIRECTION('center_axis',(-4.28850477329518E-13,1.,4.28850477329473E-13));
#6845=DIRECTION('ref_axis',(0.,3.55271367880099E-13,-1.));
#6846=DIRECTION('center_axis',(-1.,0.,0.));
#6847=DIRECTION('ref_axis',(0.,0.,-1.));
#6848=DIRECTION('',(1.,0.,0.));
#6849=DIRECTION('',(-1.,0.,0.));
#6850=DIRECTION('center_axis',(0.,-1.,0.));
#6851=DIRECTION('ref_axis',(0.,0.,-1.));
#6852=DIRECTION('',(0.,1.,0.));
#6853=DIRECTION('',(0.,-1.,0.));
#6854=DIRECTION('center_axis',(-0.408248290464685,-0.816496580928092,-0.408248290462309));
#6855=DIRECTION('ref_axis',(0.912870929174904,-0.365148371671184,-0.182574185834775));
#6856=DIRECTION('center_axis',(0.,0.,-1.));
#6857=DIRECTION('ref_axis',(5.32907051819897E-13,-1.,0.));
#6858=DIRECTION('center_axis',(0.,1.,0.));
#6859=DIRECTION('ref_axis',(1.,0.,-2.27595720048202E-13));
#6860=DIRECTION('center_axis',(-1.,0.,0.));
#6861=DIRECTION('ref_axis',(0.,0.,1.));
#6862=DIRECTION('center_axis',(0.,1.,0.));
#6863=DIRECTION('ref_axis',(0.,0.,1.));
#6864=DIRECTION('',(0.,-1.,0.));
#6865=DIRECTION('',(0.,1.,0.));
#6866=DIRECTION('center_axis',(1.,0.,0.));
#6867=DIRECTION('ref_axis',(0.,0.,1.));
#6868=DIRECTION('center_axis',(1.,4.28850477329362E-13,-4.28850477329428E-13));
#6869=DIRECTION('ref_axis',(3.55271367879995E-13,-1.,7.77156117237488E-14));
#6870=DIRECTION('',(1.,0.,0.));
#6871=DIRECTION('',(-1.,0.,0.));
#6872=DIRECTION('center_axis',(9.02096933943305E-14,1.,-2.03452892839796E-14));
#6873=DIRECTION('ref_axis',(0.,2.84217094304134E-14,1.));
#6874=DIRECTION('center_axis',(-1.3401577416551E-14,-1.3401577416551E-14,
1.));
#6875=DIRECTION('ref_axis',(-3.55271367879868E-13,-1.,-1.11022302462459E-14));
#6876=DIRECTION('center_axis',(0.,1.,0.));
#6877=DIRECTION('ref_axis',(4.44089209850094E-14,0.,1.));
#6878=DIRECTION('center_axis',(0.,-1.,0.));
#6879=DIRECTION('ref_axis',(-1.,0.,2.10942374678777E-14));
#6880=DIRECTION('center_axis',(0.,0.,-1.));
#6881=DIRECTION('ref_axis',(1.,0.,0.));
#6882=DIRECTION('',(0.,0.,1.));
#6883=DIRECTION('',(0.,0.,-1.));
#6884=DIRECTION('center_axis',(0.,0.,1.));
#6885=DIRECTION('ref_axis',(-1.,0.,0.));
#6886=DIRECTION('',(0.,0.,1.));
#6887=DIRECTION('',(0.,0.,-1.));
#6888=DIRECTION('center_axis',(-2.14401516298566E-13,0.707106781186423,
0.707106781186672));
#6889=DIRECTION('ref_axis',(-1.554217307797E-11,-0.707106781186672,0.707106781186423));
#6890=DIRECTION('center_axis',(0.,0.,-1.));
#6891=DIRECTION('ref_axis',(0.,1.,0.));
#6892=DIRECTION('',(0.,0.,1.));
#6893=DIRECTION('',(0.,0.,-1.));
#6894=DIRECTION('center_axis',(-1.,0.,0.));
#6895=DIRECTION('ref_axis',(0.,0.,1.));
#6896=DIRECTION('center_axis',(1.,0.,0.));
#6897=DIRECTION('ref_axis',(0.,1.77635683939997E-13,1.));
#6898=DIRECTION('',(1.,0.,0.));
#6899=DIRECTION('',(-1.,0.,0.));
#6900=DIRECTION('center_axis',(0.,1.,0.));
#6901=DIRECTION('ref_axis',(-1.,0.,0.));
#6902=DIRECTION('',(0.,-1.,0.));
#6903=DIRECTION('',(0.,1.,0.));
#6904=DIRECTION('center_axis',(0.,0.,-1.));
#6905=DIRECTION('ref_axis',(1.,0.,0.));
#6906=DIRECTION('',(0.,0.,1.));
#6907=DIRECTION('',(0.,0.,-1.));
#6908=DIRECTION('center_axis',(2.05040684546295E-13,0.707106781186427,0.707106781186668));
#6909=DIRECTION('ref_axis',(-7.03564975538113E-12,-0.707106781186668,0.707106781186427));
#6910=DIRECTION('center_axis',(1.,0.,0.));
#6911=DIRECTION('ref_axis',(0.,0.,-1.));
#6912=DIRECTION('',(-1.,0.,0.));
#6913=DIRECTION('',(1.,0.,0.));
#6914=DIRECTION('center_axis',(2.03452892839737E-14,-1.,-9.02096933943117E-14));
#6915=DIRECTION('ref_axis',(0.,1.13686837721659E-13,-1.));
#6916=DIRECTION('center_axis',(-1.34015774165526E-14,1.3401577416555E-14,
1.));
#6917=DIRECTION('ref_axis',(-1.,5.32907051819803E-13,-1.11022302462459E-14));
#6918=DIRECTION('center_axis',(0.,1.,0.));
#6919=DIRECTION('ref_axis',(0.,0.,1.));
#6920=DIRECTION('center_axis',(0.,-1.,0.));
#6921=DIRECTION('ref_axis',(-1.,0.,-7.07767178198584E-14));
#6922=DIRECTION('center_axis',(0.,-1.,0.));
#6923=DIRECTION('ref_axis',(1.,0.,0.));
#6924=DIRECTION('',(0.,-1.,0.));
#6925=DIRECTION('',(0.,1.,0.));
#6926=DIRECTION('center_axis',(0.,0.,1.));
#6927=DIRECTION('ref_axis',(1.,0.,0.));
#6928=DIRECTION('center_axis',(0.,0.,1.));
#6929=DIRECTION('ref_axis',(1.77635683939966E-13,1.,0.));
#6930=DIRECTION('',(0.,0.,1.));
#6931=DIRECTION('',(0.,0.,-1.));
#6932=DIRECTION('center_axis',(0.,0.,-1.));
#6933=DIRECTION('ref_axis',(-1.,0.,0.));
#6934=DIRECTION('center_axis',(-1.67519717706908E-15,1.67519717706938E-15,
1.));
#6935=DIRECTION('ref_axis',(-1.,5.32907051819803E-13,-1.38777878078074E-15));
#6936=DIRECTION('',(0.,0.,1.));
#6937=DIRECTION('',(0.,0.,-1.));
#6938=DIRECTION('center_axis',(-4.08108395679495E-13,-1.,4.87052943319435E-13));
#6939=DIRECTION('ref_axis',(0.,-4.83169060316766E-13,-1.));
#6940=DIRECTION('center_axis',(-1.,-4.28850477329503E-13,-4.28850477329494E-13));
#6941=DIRECTION('ref_axis',(-3.55271367879995E-13,1.,9.43689570931236E-14));
#6942=DIRECTION('center_axis',(1.0721261933235E-13,-1.,-1.07212619332348E-13));
#6943=DIRECTION('ref_axis',(-1.,-8.88178419700184E-14,-7.07767178198584E-14));
#6944=DIRECTION('center_axis',(0.,1.,0.));
#6945=DIRECTION('ref_axis',(0.,0.,1.));
#6946=DIRECTION('center_axis',(2.72072263786254E-13,1.,3.24701962212855E-13));
#6947=DIRECTION('ref_axis',(0.,-3.2481953634757E-13,1.));
#6948=DIRECTION('center_axis',(-1.,-4.28850477329497E-13,-4.28850477329487E-13));
#6949=DIRECTION('ref_axis',(-3.55271367879995E-13,1.,8.50014503228503E-14));
#6950=DIRECTION('center_axis',(0.,1.,0.));
#6951=DIRECTION('ref_axis',(-1.,0.,6.96202355025415E-14));
#6952=DIRECTION('center_axis',(8.57700954658842E-14,-1.,8.57700954658824E-14));
#6953=DIRECTION('ref_axis',(0.,-7.10542735760128E-14,-1.));
#6954=DIRECTION('center_axis',(-1.80419386788632E-13,-1.,-4.06905785679494E-14));
#6955=DIRECTION('ref_axis',(0.,2.84217094304121E-14,-1.));
#6956=DIRECTION('center_axis',(-1.,0.,0.));
#6957=DIRECTION('ref_axis',(0.,1.77635683939994E-13,-1.));
#6958=DIRECTION('center_axis',(-8.5770095465879E-14,1.,-8.57700954658803E-14));
#6959=DIRECTION('ref_axis',(-1.,-7.10542735760115E-14,3.88578058618813E-14));
#6960=DIRECTION('center_axis',(0.,-1.,0.));
#6961=DIRECTION('ref_axis',(4.44089209850093E-14,0.,-1.));
#6962=DIRECTION('center_axis',(1.,0.,0.));
#6963=DIRECTION('ref_axis',(0.,0.,-1.));
#6964=DIRECTION('',(-1.,0.,0.));
#6965=DIRECTION('',(1.,0.,0.));
#6966=DIRECTION('center_axis',(0.,1.,0.));
#6967=DIRECTION('ref_axis',(-1.,0.,0.));
#6968=DIRECTION('',(0.,-1.,0.));
#6969=DIRECTION('',(0.,1.,0.));
#6970=DIRECTION('center_axis',(-1.,0.,0.));
#6971=DIRECTION('ref_axis',(0.,0.,1.));
#6972=DIRECTION('',(1.,0.,0.));
#6973=DIRECTION('',(-1.,0.,0.));
#6974=DIRECTION('center_axis',(-1.,0.,0.));
#6975=DIRECTION('ref_axis',(0.,0.,1.));
#6976=DIRECTION('',(1.,0.,0.));
#6977=DIRECTION('',(-1.,0.,0.));
#6978=DIRECTION('center_axis',(1.,0.,0.));
#6979=DIRECTION('ref_axis',(0.,0.,-1.));
#6980=DIRECTION('',(-1.,0.,0.));
#6981=DIRECTION('',(1.,0.,0.));
#6982=DIRECTION('center_axis',(0.,0.,1.));
#6983=DIRECTION('ref_axis',(1.,0.,0.));
#6984=DIRECTION('',(0.,0.,-1.));
#6985=DIRECTION('',(0.,0.,1.));
#6986=DIRECTION('center_axis',(0.,1.,0.));
#6987=DIRECTION('ref_axis',(-1.77635683940064E-13,0.,1.));
#6988=DIRECTION('',(0.,-1.,0.));
#6989=DIRECTION('',(0.,1.,0.));
#6990=DIRECTION('center_axis',(0.,1.,0.));
#6991=DIRECTION('ref_axis',(0.,0.,1.));
#6992=DIRECTION('',(0.,-1.,0.));
#6993=DIRECTION('',(0.,1.,0.));
#6994=DIRECTION('center_axis',(-6.01397955962566E-14,-1.,-1.35635261893526E-14));
#6995=DIRECTION('ref_axis',(0.,2.03012210217115E-14,-1.));
#6996=DIRECTION('center_axis',(-1.,-4.28850477329439E-13,4.28850477329531E-13));
#6997=DIRECTION('ref_axis',(3.55271367879988E-13,0.,1.));
#6998=DIRECTION('center_axis',(0.,1.,0.));
#6999=DIRECTION('ref_axis',(-1.,0.,3.91353616180376E-14));
#7000=DIRECTION('center_axis',(0.,-1.,0.));
#7001=DIRECTION('ref_axis',(8.88178419700188E-14,0.,-1.));
#7002=DIRECTION('center_axis',(1.,0.,0.));
#7003=DIRECTION('ref_axis',(0.,0.,1.));
#7004=DIRECTION('',(-1.,0.,0.));
#7005=DIRECTION('',(1.,0.,0.));
#7006=DIRECTION('center_axis',(4.51048466971804E-14,1.,-1.01726446420063E-14));
#7007=DIRECTION('ref_axis',(0.,0.,1.));
#7008=DIRECTION('center_axis',(-1.34015774165481E-14,-1.34015774165481E-14,
1.));
#7009=DIRECTION('ref_axis',(-3.552713678799E-13,-1.,-1.11022302462469E-14));
#7010=DIRECTION('center_axis',(0.,1.,0.));
#7011=DIRECTION('ref_axis',(4.44089209850094E-14,0.,1.));
#7012=DIRECTION('center_axis',(0.,-1.,0.));
#7013=DIRECTION('ref_axis',(-1.,0.,2.10942374678777E-14));
#7014=DIRECTION('center_axis',(-1.93881553197831E-13,1.,-1.98421624962663E-13));
#7015=DIRECTION('ref_axis',(0.,1.98951966012787E-13,1.));
#7016=DIRECTION('center_axis',(1.67519717706851E-15,1.67519717706851E-15,
-1.));
#7017=DIRECTION('ref_axis',(-1.,-2.66453525909901E-13,-1.38777878078074E-15));
#7018=DIRECTION('center_axis',(0.,-1.,0.));
#7019=DIRECTION('ref_axis',(3.55271367880064E-14,0.,-1.));
#7020=DIRECTION('center_axis',(0.,1.,0.));
#7021=DIRECTION('ref_axis',(-1.,0.,6.90419943438815E-14));
#7022=DIRECTION('center_axis',(0.,0.,-1.));
#7023=DIRECTION('ref_axis',(0.,-1.,0.));
#7024=DIRECTION('',(0.,0.,1.));
#7025=DIRECTION('',(0.,0.,-1.));
#7026=DIRECTION('center_axis',(0.,0.,1.));
#7027=DIRECTION('ref_axis',(1.,0.,0.));
#7028=DIRECTION('',(0.,1.,0.));
#7029=DIRECTION('center_axis',(0.,1.,0.));
#7030=DIRECTION('ref_axis',(0.,0.,-1.));
#7031=DIRECTION('',(0.,-1.,0.));
#7032=DIRECTION('center_axis',(0.,0.,1.));
#7033=DIRECTION('ref_axis',(1.,0.,0.));
#7034=DIRECTION('',(0.,1.,0.));
#7035=DIRECTION('center_axis',(0.,-1.,0.));
#7036=DIRECTION('ref_axis',(3.5527136788006E-14,0.,1.));
#7037=DIRECTION('',(0.,1.,0.));
#7038=DIRECTION('',(0.,-1.,0.));
#7039=DIRECTION('center_axis',(0.,0.,1.));
#7040=DIRECTION('ref_axis',(1.,0.,0.));
#7041=DIRECTION('center_axis',(0.,-1.,0.));
#7042=DIRECTION('ref_axis',(0.,0.,-1.));
#7043=DIRECTION('',(1.,0.,0.));
#7044=DIRECTION('center_axis',(1.,0.,0.));
#7045=DIRECTION('ref_axis',(0.,0.,-1.));
#7046=DIRECTION('center_axis',(1.,0.,0.));
#7047=DIRECTION('ref_axis',(0.,0.,-1.));
#7048=DIRECTION('center_axis',(0.,-1.,0.));
#7049=DIRECTION('ref_axis',(0.,0.,-1.));
#7050=DIRECTION('center_axis',(0.,0.,-1.));
#7051=DIRECTION('ref_axis',(-1.,0.,0.));
#7052=DIRECTION('center_axis',(0.,1.,0.));
#7053=DIRECTION('ref_axis',(0.,0.,1.));
#7054=DIRECTION('center_axis',(0.,0.,-1.));
#7055=DIRECTION('ref_axis',(-1.,0.,0.));
#7056=DIRECTION('center_axis',(1.,0.,0.));
#7057=DIRECTION('ref_axis',(0.,0.,-1.));
#7058=DIRECTION('center_axis',(0.,1.,0.));
#7059=DIRECTION('ref_axis',(0.,0.,1.));
#7060=DIRECTION('center_axis',(-1.,0.,0.));
#7061=DIRECTION('ref_axis',(0.,0.,1.));
#7062=DIRECTION('',(0.,-1.,0.));
#7063=DIRECTION('',(0.,1.,0.));
#7064=DIRECTION('center_axis',(0.,-1.,0.));
#7065=DIRECTION('ref_axis',(0.,0.,1.));
#7066=DIRECTION('center_axis',(0.,1.,0.));
#7067=DIRECTION('ref_axis',(0.,0.,-1.));
#7068=DIRECTION('',(0.,-1.,0.));
#7069=DIRECTION('center_axis',(0.,0.,1.));
#7070=DIRECTION('ref_axis',(1.,0.,0.));
#7071=DIRECTION('center_axis',(1.,0.,0.));
#7072=DIRECTION('ref_axis',(0.,0.,-1.));
#7073=DIRECTION('center_axis',(0.,0.,-1.));
#7074=DIRECTION('ref_axis',(-1.,0.,0.));
#7075=CARTESIAN_POINT('',(0.,0.,0.));
#7076=CARTESIAN_POINT('Origin',(131.29509861359,89.7812719910205,3.70000000000001));
#7077=CARTESIAN_POINT('',(130.630453952649,89.6812719910205,3.7));
#7078=CARTESIAN_POINT('',(130.55974327453,89.7105613129018,3.62928932188135));
#7079=CARTESIAN_POINT('Origin',(130.63045395264,89.7812719910072,3.69999999999363));
#7080=CARTESIAN_POINT('',(132.030453952649,89.6812719910205,3.7));
#7081=CARTESIAN_POINT('',(130.630453952649,89.6812719910205,3.7));
#7082=CARTESIAN_POINT('',(132.030453952649,89.7812719910205,3.6));
#7083=CARTESIAN_POINT('Origin',(132.030453952649,89.7812719910205,3.70000000000003));
#7084=CARTESIAN_POINT('',(130.630453952649,89.7812719910205,3.6));
#7085=CARTESIAN_POINT('',(132.030453952649,89.7812719910205,3.6));
#7086=CARTESIAN_POINT('Origin',(130.630453952647,89.7812719910217,3.70000000000256));
#7087=CARTESIAN_POINT('Ctrl Pts',(132.130453952649,89.5812719910205,3.5));
#7088=CARTESIAN_POINT('Ctrl Pts',(132.130453952649,89.6037119385461,3.54487989505129));
#7089=CARTESIAN_POINT('Ctrl Pts',(132.117328682495,89.6409701175321,3.61939625302329));
#7090=CARTESIAN_POINT('Ctrl Pts',(132.075274540829,89.6744254590122,3.68630693598332));
#7091=CARTESIAN_POINT('Ctrl Pts',(132.045413917666,89.6812719910205,3.70000000000001));
#7092=CARTESIAN_POINT('Ctrl Pts',(132.030453952649,89.6812719910205,3.70000000000001));
#7093=CARTESIAN_POINT('Ctrl Pts',(132.130453952649,89.5812719910205,3.5));
#7094=CARTESIAN_POINT('Ctrl Pts',(132.130453952649,89.6079862142653,3.54060561933212));
#7095=CARTESIAN_POINT('Ctrl Pts',(132.111328163148,89.6523110247594,3.60813210025288));
#7096=CARTESIAN_POINT('Ctrl Pts',(132.062891226231,89.6795245112365,3.66170685221067));
#7097=CARTESIAN_POINT('Ctrl Pts',(132.040870703316,89.6812719910205,3.67008006996582));
#7098=CARTESIAN_POINT('Ctrl Pts',(132.030453952649,89.6812719910205,3.67008006996582));
#7099=CARTESIAN_POINT('Ctrl Pts',(132.130453952649,89.5812719910205,3.5));
#7100=CARTESIAN_POINT('Ctrl Pts',(132.130453952649,89.6154661967739,3.53312563682357));
#7101=CARTESIAN_POINT('Ctrl Pts',(132.106958478954,89.6722453624358,3.58809589064586));
#7102=CARTESIAN_POINT('Ctrl Pts',(132.052547584427,89.7059457123603,3.61877981718386));
#7103=CARTESIAN_POINT('Ctrl Pts',(132.036967503404,89.7064069340524,3.6183064339747));
#7104=CARTESIAN_POINT('Ctrl Pts',(132.030453952649,89.7064069340524,3.6183064339747));
#7105=CARTESIAN_POINT('Ctrl Pts',(132.130453952649,89.5812719910205,3.5));
#7106=CARTESIAN_POINT('Ctrl Pts',(132.130453952649,89.6229461792824,3.52564565431503));
#7107=CARTESIAN_POINT('Ctrl Pts',(132.112815667313,89.6921217006474,3.56809475377648));
#7108=CARTESIAN_POINT('Ctrl Pts',(132.066082127081,89.7490956448107,3.59694181968646));
#7109=CARTESIAN_POINT('Ctrl Pts',(132.04205161773,89.7588320434949,3.6));
#7110=CARTESIAN_POINT('Ctrl Pts',(132.030453952649,89.7588320434949,3.6));
#7111=CARTESIAN_POINT('Ctrl Pts',(132.130453952649,89.5812719910205,3.5));
#7112=CARTESIAN_POINT('Ctrl Pts',(132.130453952649,89.6261518860718,3.52243994752565));
#7113=CARTESIAN_POINT('Ctrl Pts',(132.117328682495,89.7006682440438,3.55969812651165));
#7114=CARTESIAN_POINT('Ctrl Pts',(132.075274540829,89.7675789270038,3.59315346799166));
#7115=CARTESIAN_POINT('Ctrl Pts',(132.045413917666,89.7812719910205,3.6));
#7116=CARTESIAN_POINT('Ctrl Pts',(132.030453952649,89.7812719910205,3.6));
#7117=CARTESIAN_POINT('',(132.130453952649,89.5812719910205,3.5));
#7118=CARTESIAN_POINT('Ctrl Pts',(132.030453952649,89.6812719910205,3.70000000000001));
#7119=CARTESIAN_POINT('Ctrl Pts',(132.045413917666,89.6812719910205,3.70000000000001));
#7120=CARTESIAN_POINT('Ctrl Pts',(132.060344229248,89.6778487250164,3.69315346799167));
#7121=CARTESIAN_POINT('Ctrl Pts',(132.073817119562,89.6713577575171,3.6801715329932));
#7122=CARTESIAN_POINT('Ctrl Pts',(132.087290009876,89.6648667900179,3.66718959799474));
#7123=CARTESIAN_POINT('Ctrl Pts',(132.099305478924,89.6553081210236,3.64807226000616));
#7124=CARTESIAN_POINT('Ctrl Pts',(132.108614803577,89.6436116109892,3.62467923993749));
#7125=CARTESIAN_POINT('Ctrl Pts',(132.122578790557,89.6260668459377,3.58958970983449));
#7126=CARTESIAN_POINT('Ctrl Pts',(132.130453952649,89.6037119385461,3.54487989505129));
#7127=CARTESIAN_POINT('Ctrl Pts',(132.130453952649,89.5812719910205,3.5));
#7128=CARTESIAN_POINT('Ctrl Pts',(132.130453952649,89.5812719910205,3.5));
#7129=CARTESIAN_POINT('Ctrl Pts',(132.130453952649,89.6261518860718,3.52243994752565));
#7130=CARTESIAN_POINT('Ctrl Pts',(132.117328682495,89.7006682440438,3.55969812651165));
#7131=CARTESIAN_POINT('Ctrl Pts',(132.075274540829,89.7675789270038,3.59315346799166));
#7132=CARTESIAN_POINT('Ctrl Pts',(132.045413917666,89.7812719910205,3.6));
#7133=CARTESIAN_POINT('Ctrl Pts',(132.030453952649,89.7812719910205,3.6));
#7134=CARTESIAN_POINT('Origin',(132.030453952649,92.9220269961032,3.50000000000001));
#7135=CARTESIAN_POINT('',(132.130453952649,96.1812719910205,3.5));
#7136=CARTESIAN_POINT('',(132.130453952649,89.5812719910205,3.5));
#7137=CARTESIAN_POINT('',(132.128236615705,96.2627861986863,3.52095576003366));
#7138=CARTESIAN_POINT('Origin',(131.282700110478,96.1395832359248,3.42735351661341));
#7139=CARTESIAN_POINT('',(132.030453952649,96.0813039629377,3.6));
#7140=CARTESIAN_POINT('Ctrl Pts',(132.030453952649,96.0813039629377,3.6));
#7141=CARTESIAN_POINT('Ctrl Pts',(132.03931827966,96.0816210015653,3.6));
#7142=CARTESIAN_POINT('Ctrl Pts',(132.056957010124,96.0871229825212,3.59762018532104));
#7143=CARTESIAN_POINT('Ctrl Pts',(132.087667640951,96.1140266747046,3.58464261114465));
#7144=CARTESIAN_POINT('Ctrl Pts',(132.114272346416,96.1676336633789,3.55951821420528));
#7145=CARTESIAN_POINT('Ctrl Pts',(132.125390345706,96.2215059976479,3.53362948553233));
#7146=CARTESIAN_POINT('Ctrl Pts',(132.127962678186,96.2569065786388,3.52222828431957));
#7147=CARTESIAN_POINT('Ctrl Pts',(132.128236615705,96.2627861986863,3.52095576003366));
#7148=CARTESIAN_POINT('',(132.030453952649,96.0813039629377,3.6));
#7149=CARTESIAN_POINT('Origin',(132.030453952649,89.5812719910205,3.8));
#7150=CARTESIAN_POINT('',(132.030453952649,89.6812719910205,3.9));
#7151=CARTESIAN_POINT('',(132.030453952649,89.6812719910205,3.7));
#7152=CARTESIAN_POINT('',(132.130453952649,89.5812719910205,4.1));
#7153=CARTESIAN_POINT('Ctrl Pts',(132.130453952649,89.5812719910205,4.1));
#7154=CARTESIAN_POINT('Ctrl Pts',(132.130453952649,89.6037119385461,4.05512010494871));
#7155=CARTESIAN_POINT('Ctrl Pts',(132.122578789783,89.6260668456031,4.01041029083481));
#7156=CARTESIAN_POINT('Ctrl Pts',(132.108614802653,89.6436116105627,3.97532076091562));
#7157=CARTESIAN_POINT('Ctrl Pts',(132.0993054779,89.6553081205357,3.95192774096949));
#7158=CARTESIAN_POINT('Ctrl Pts',(132.08729000903,89.6648667895766,3.93281040288768));
#7159=CARTESIAN_POINT('Ctrl Pts',(132.073817118972,89.6713577571978,3.91982846764531));
#7160=CARTESIAN_POINT('Ctrl Pts',(132.060344228913,89.677848724819,3.90684653240293));
#7161=CARTESIAN_POINT('Ctrl Pts',(132.045413917666,89.6812719910205,3.89999999999999));
#7162=CARTESIAN_POINT('Ctrl Pts',(132.030453952649,89.6812719910205,3.89999999999999));
#7163=CARTESIAN_POINT('',(132.130453952649,89.5812719910205,4.1));
#7164=CARTESIAN_POINT('Origin',(131.330453952649,89.6812719910205,3.9));
#7165=CARTESIAN_POINT('',(130.630453952649,89.6812719910205,3.9));
#7166=CARTESIAN_POINT('',(130.630453952649,89.6812719910205,3.9));
#7167=CARTESIAN_POINT('',(132.030453952649,89.6812719910205,3.9));
#7168=CARTESIAN_POINT('Origin',(131.29509861359,89.7812719910205,3.89999999999999));
#7169=CARTESIAN_POINT('',(130.630453952649,89.7812719910205,4.));
#7170=CARTESIAN_POINT('',(130.55974327453,89.7105613129018,3.97071067811865));
#7171=CARTESIAN_POINT('Origin',(130.630453952645,89.7812719910196,3.90000000000288));
#7172=CARTESIAN_POINT('',(132.030453952649,89.7812719910205,4.));
#7173=CARTESIAN_POINT('',(130.630453952649,89.7812719910205,4.));
#7174=CARTESIAN_POINT('Origin',(132.030453952649,89.7812719910205,3.89999999999999));
#7175=CARTESIAN_POINT('Origin',(130.630453952636,89.7812719909968,3.90000000001018));
#7176=CARTESIAN_POINT('Ctrl Pts',(132.030453952649,89.6812719910205,3.89999999999999));
#7177=CARTESIAN_POINT('Ctrl Pts',(132.045413917666,89.6812719910205,3.89999999999999));
#7178=CARTESIAN_POINT('Ctrl Pts',(132.07527454016,89.6744254586175,3.91369306480587));
#7179=CARTESIAN_POINT('Ctrl Pts',(132.117328681205,89.6409701169744,3.98060374809221));
#7180=CARTESIAN_POINT('Ctrl Pts',(132.130453952649,89.6037119385461,4.05512010494871));
#7181=CARTESIAN_POINT('Ctrl Pts',(132.130453952649,89.5812719910205,4.1));
#7182=CARTESIAN_POINT('Ctrl Pts',(132.030453952649,89.6812719910205,3.92991993003418));
#7183=CARTESIAN_POINT('Ctrl Pts',(132.040870703316,89.6812719910205,3.92991993003418));
#7184=CARTESIAN_POINT('Ctrl Pts',(132.062891224784,89.6795245152635,3.93829314587371));
#7185=CARTESIAN_POINT('Ctrl Pts',(132.111328160083,89.6523110303103,3.99186789721157));
#7186=CARTESIAN_POINT('Ctrl Pts',(132.130453952649,89.6079862142653,4.05939438066788));
#7187=CARTESIAN_POINT('Ctrl Pts',(132.130453952649,89.5812719910205,4.1));
#7188=CARTESIAN_POINT('Ctrl Pts',(132.030453952649,89.7064069349207,3.98169356498333));
#7189=CARTESIAN_POINT('Ctrl Pts',(132.036967503404,89.7064069349207,3.98169356498333));
#7190=CARTESIAN_POINT('Ctrl Pts',(132.052547587896,89.7059457155879,3.98122017901729));
#7191=CARTESIAN_POINT('Ctrl Pts',(132.106958478992,89.6722453653978,4.01190410564226));
#7192=CARTESIAN_POINT('Ctrl Pts',(132.130453952649,89.6154661967739,4.06687436317643));
#7193=CARTESIAN_POINT('Ctrl Pts',(132.130453952649,89.5812719910205,4.1));
#7194=CARTESIAN_POINT('Ctrl Pts',(132.030453952649,89.7588320434949,4.));
#7195=CARTESIAN_POINT('Ctrl Pts',(132.04205161773,89.7588320434949,4.));
#7196=CARTESIAN_POINT('Ctrl Pts',(132.066082127179,89.7490956448691,4.00305817868924));
#7197=CARTESIAN_POINT('Ctrl Pts',(132.11281566561,89.6921217002585,4.03190524441888));
#7198=CARTESIAN_POINT('Ctrl Pts',(132.130453952649,89.6229461792824,4.07435434568497));
#7199=CARTESIAN_POINT('Ctrl Pts',(132.130453952649,89.5812719910205,4.1));
#7200=CARTESIAN_POINT('Ctrl Pts',(132.030453952649,89.7812719910205,4.));
#7201=CARTESIAN_POINT('Ctrl Pts',(132.045413917666,89.7812719910205,4.));
#7202=CARTESIAN_POINT('Ctrl Pts',(132.07527454016,89.7675789262146,4.00684653240294));
#7203=CARTESIAN_POINT('Ctrl Pts',(132.117328681205,89.7006682429283,4.0403018740461));
#7204=CARTESIAN_POINT('Ctrl Pts',(132.130453952649,89.6261518860718,4.07756005247435));
#7205=CARTESIAN_POINT('Ctrl Pts',(132.130453952649,89.5812719910205,4.1));
#7206=CARTESIAN_POINT('Ctrl Pts',(132.030453952649,89.7812719910205,4.));
#7207=CARTESIAN_POINT('Ctrl Pts',(132.045413917666,89.7812719910205,4.));
#7208=CARTESIAN_POINT('Ctrl Pts',(132.07527454016,89.7675789262146,4.00684653240294));
#7209=CARTESIAN_POINT('Ctrl Pts',(132.117328681205,89.7006682429283,4.0403018740461));
#7210=CARTESIAN_POINT('Ctrl Pts',(132.130453952649,89.6261518860718,4.07756005247435));
#7211=CARTESIAN_POINT('Ctrl Pts',(132.130453952649,89.5812719910205,4.1));
#7212=CARTESIAN_POINT('Origin',(132.030453952649,92.9220269961033,4.09999999999999));
#7213=CARTESIAN_POINT('',(132.030453952642,96.0813039629372,4.));
#7214=CARTESIAN_POINT('',(132.030453952649,89.7812719910205,4.));
#7215=CARTESIAN_POINT('',(132.128235094432,96.2627577244572,4.07903807097092));
#7216=CARTESIAN_POINT('Ctrl Pts',(132.128235094432,96.2627577244572,4.07903807097092));
#7217=CARTESIAN_POINT('Ctrl Pts',(132.127960919789,96.2568902725333,4.07776618021808));
#7218=CARTESIAN_POINT('Ctrl Pts',(132.125384986292,96.2215053749874,4.06636687904327));
#7219=CARTESIAN_POINT('Ctrl Pts',(132.114246813607,96.1675081082142,4.04042729886616));
#7220=CARTESIAN_POINT('Ctrl Pts',(132.087668310089,96.1140517716312,4.01536773879645));
#7221=CARTESIAN_POINT('Ctrl Pts',(132.056949768632,96.0871045575053,4.00237186163342));
#7222=CARTESIAN_POINT('Ctrl Pts',(132.039318013359,96.0816209920395,3.99999999999933));
#7223=CARTESIAN_POINT('Ctrl Pts',(132.030453952642,96.0813039629375,4.));
#7224=CARTESIAN_POINT('',(132.130453952649,96.1812719910205,4.1));
#7225=CARTESIAN_POINT('Origin',(131.282698838155,96.1395831142243,4.1726466077113));
#7226=CARTESIAN_POINT('',(132.130453952649,96.1812719910205,4.1));
#7227=CARTESIAN_POINT('Origin',(131.330453952649,89.7812719910205,4.));
#7228=CARTESIAN_POINT('',(130.630453952649,96.0812719910205,4.));
#7229=CARTESIAN_POINT('',(130.630453952649,96.0812719910205,4.));
#7230=CARTESIAN_POINT('',(132.026877957026,96.0812719910205,4.));
#7231=CARTESIAN_POINT('',(132.026877957026,96.0812719910205,4.));
#7232=CARTESIAN_POINT('',(132.030453952642,96.0813039629376,4.));
#7233=CARTESIAN_POINT('Origin',(130.630453952649,92.9312719910205,3.9));
#7234=CARTESIAN_POINT('',(130.530453952649,89.7812719910205,3.9));
#7235=CARTESIAN_POINT('Origin',(130.630453952653,89.7812719910218,3.89999999999883));
#7236=CARTESIAN_POINT('',(130.530453952649,96.0812719910205,3.9));
#7237=CARTESIAN_POINT('',(130.530453952649,89.7812719910205,3.9));
#7238=CARTESIAN_POINT('',(130.55974327453,96.1519826691392,3.97071067811865));
#7239=CARTESIAN_POINT('Origin',(130.630453952651,96.0812719910192,3.89999999999835));
#7240=CARTESIAN_POINT('Origin',(130.630453952648,96.0812719910175,3.89999999999278));
#7241=CARTESIAN_POINT('Origin',(130.630453952649,89.7812719910204,3.8));
#7242=CARTESIAN_POINT('',(130.530453952649,89.7812719910205,3.7));
#7243=CARTESIAN_POINT('Origin',(130.630453952648,89.7812719910206,3.70000000000006));
#7244=CARTESIAN_POINT('',(130.530453952649,89.7812719910205,3.7));
#7245=CARTESIAN_POINT('Origin',(130.630453952649,92.9312719910205,3.7));
#7246=CARTESIAN_POINT('',(130.630453952649,96.0812719910205,3.6));
#7247=CARTESIAN_POINT('',(130.630453952649,89.7812719910205,3.6));
#7248=CARTESIAN_POINT('',(130.55974327453,96.1519826691392,3.62928932188135));
#7249=CARTESIAN_POINT('Origin',(130.630453952647,96.0812719910194,3.70000000000301));
#7250=CARTESIAN_POINT('',(130.530453952649,96.0812719910205,3.7));
#7251=CARTESIAN_POINT('Origin',(130.63045395262,96.081271991032,3.69999999998879));
#7252=CARTESIAN_POINT('',(130.530453952649,96.0812719910205,3.7));
#7253=CARTESIAN_POINT('Origin',(131.293310615778,96.0812719910205,3.89999999999999));
#7254=CARTESIAN_POINT('',(130.630453952649,96.1812719910205,3.9));
#7255=CARTESIAN_POINT('Origin',(130.630453952643,96.0812719910275,3.9000000000025));
#7256=CARTESIAN_POINT('',(132.026877957026,96.1812719910205,3.9));
#7257=CARTESIAN_POINT('',(130.630453952649,96.1812719910205,3.9));
#7258=CARTESIAN_POINT('Origin',(132.026877957026,96.0812719910205,3.89999999999997));
#7259=CARTESIAN_POINT('Origin',(130.630453952649,96.0812719910205,3.8));
#7260=CARTESIAN_POINT('',(130.530453952649,96.0812719910205,3.9));
#7261=CARTESIAN_POINT('',(130.630453952649,96.1812719910205,3.7));
#7262=CARTESIAN_POINT('Origin',(130.630453952646,96.0812719910218,3.69999999999955));
#7263=CARTESIAN_POINT('',(130.630453952649,96.1812719910205,3.7));
#7264=CARTESIAN_POINT('Origin',(130.530453952649,92.9312719910205,3.9));
#7265=CARTESIAN_POINT('Origin',(131.293310615778,96.0812719910205,3.70000000000001));
#7266=CARTESIAN_POINT('',(132.026877957026,96.0812719910205,3.6));
#7267=CARTESIAN_POINT('',(130.630453952649,96.0812719910205,3.6));
#7268=CARTESIAN_POINT('',(132.026877957026,96.1812719910205,3.7));
#7269=CARTESIAN_POINT('Origin',(132.026877957026,96.0812719910205,3.70000000000001));
#7270=CARTESIAN_POINT('',(132.026877957026,96.1812719910205,3.7));
#7271=CARTESIAN_POINT('Origin',(132.026877957198,96.281271973551,3.70000001406233));
#7272=CARTESIAN_POINT('',(132.028665954838,96.1812879769791,3.7));
#7273=CARTESIAN_POINT('Origin',(132.030453952649,96.0813039629377,3.70000000000001));
#7274=CARTESIAN_POINT('',(132.028665954838,96.1812879769791,3.7));
#7275=CARTESIAN_POINT('',(132.026877957026,96.0812719910205,3.6));
#7276=CARTESIAN_POINT('Origin',(131.328665954838,96.1812719910205,3.9));
#7277=CARTESIAN_POINT('',(132.026877957026,96.1812719910205,3.9));
#7278=CARTESIAN_POINT('Origin',(132.026877957029,96.2812719910194,3.79995190507123));
#7279=CARTESIAN_POINT('',(132.126622528767,96.2884148481633,3.54022484923369));
#7280=CARTESIAN_POINT('Ctrl Pts',(132.126622528767,96.2884148481637,3.54022484923394));
#7281=CARTESIAN_POINT('Ctrl Pts',(132.126921554593,96.2842391797548,3.53731206810901));
#7282=CARTESIAN_POINT('Ctrl Pts',(132.126956198837,96.2748725260023,3.53714604207856));
#7283=CARTESIAN_POINT('Ctrl Pts',(132.123942208388,96.2522123923944,3.56567621217679));
#7284=CARTESIAN_POINT('Ctrl Pts',(132.112484348604,96.2244528271997,3.61903642841057));
#7285=CARTESIAN_POINT('Ctrl Pts',(132.085879643139,96.1976493328625,3.66928522228933));
#7286=CARTESIAN_POINT('Ctrl Pts',(132.055169012313,96.1841974867708,3.69524037064207));
#7287=CARTESIAN_POINT('Ctrl Pts',(132.037530281849,96.1814464962929,3.7));
#7288=CARTESIAN_POINT('Ctrl Pts',(132.028665954838,96.1812879769791,3.7));
#7289=CARTESIAN_POINT('',(132.126622528807,96.288414847612,4.0597751515354));
#7290=CARTESIAN_POINT('',(132.126622528767,96.2884148481633,3.54022484923369));
#7291=CARTESIAN_POINT('',(132.028665954838,96.1812879769791,3.9));
#7292=CARTESIAN_POINT('Ctrl Pts',(132.028665954838,96.1812879769792,3.9));
#7293=CARTESIAN_POINT('Ctrl Pts',(132.034005011271,96.1813834544544,3.90000000000005));
#7294=CARTESIAN_POINT('Ctrl Pts',(132.039333555082,96.1819196434341,3.90086371397265));
#7295=CARTESIAN_POINT('Ctrl Pts',(132.044524220591,96.1828485383753,3.90253127045656));
#7296=CARTESIAN_POINT('Ctrl Pts',(132.047948010107,96.1834612422292,3.9036311992417));
#7297=CARTESIAN_POINT('Ctrl Pts',(132.051313078609,96.1842446723489,3.90506856944736));
#7298=CARTESIAN_POINT('Ctrl Pts',(132.054588421451,96.1851855112356,3.90682751030825));
#7299=CARTESIAN_POINT('Ctrl Pts',(132.061329906758,96.1871219960064,3.91044785619087));
#7300=CARTESIAN_POINT('Ctrl Pts',(132.067691885627,96.1897260806798,3.91543118802849));
#7301=CARTESIAN_POINT('Ctrl Pts',(132.073550578319,96.1928093564347,3.92132296113396));
#7302=CARTESIAN_POINT('Ctrl Pts',(132.08551854746,96.1991077835794,3.93335850599177));
#7303=CARTESIAN_POINT('Ctrl Pts',(132.095351169575,96.2074204716232,3.94916315521062));
#7304=CARTESIAN_POINT('Ctrl Pts',(132.103111684734,96.2165791908014,3.96649380493695));
#7305=CARTESIAN_POINT('Ctrl Pts',(132.105476517506,96.2193700930567,3.97177490903734));
#7306=CARTESIAN_POINT('Ctrl Pts',(132.10765974834,96.222248941698,3.97721739048152));
#7307=CARTESIAN_POINT('Ctrl Pts',(132.109663679822,96.2251823197289,3.9827838607967));
#7308=CARTESIAN_POINT('Ctrl Pts',(132.11634980429,96.234969545892,4.00135640866829));
#7309=CARTESIAN_POINT('Ctrl Pts',(132.121026164949,96.245319246043,4.02134503457412));
#7310=CARTESIAN_POINT('Ctrl Pts',(132.123910072095,96.2571433213095,4.03929160740632));
#7311=CARTESIAN_POINT('Ctrl Pts',(132.124422767596,96.2592453828135,4.04248211482693));
#7312=CARTESIAN_POINT('Ctrl Pts',(132.124880543287,96.2614041956351,4.04551754887384));
#7313=CARTESIAN_POINT('Ctrl Pts',(132.125279946103,96.2636058147618,4.04846954537486));
#7314=CARTESIAN_POINT('Ctrl Pts',(132.125852393029,96.2667613010307,4.05270051535126));
#7315=CARTESIAN_POINT('Ctrl Pts',(132.126307107272,96.2699923970843,4.05678618316992));
#7316=CARTESIAN_POINT('Ctrl Pts',(132.126581136385,96.2735959761248,4.05941021536615));
#7317=CARTESIAN_POINT('Ctrl Pts',(132.12677317932,96.2761214081338,4.06124916903601));
#7318=CARTESIAN_POINT('Ctrl Pts',(132.126867638755,96.2787881871489,4.06240388974206));
#7319=CARTESIAN_POINT('Ctrl Pts',(132.126863924746,96.2814759387954,4.06234667767972));
#7320=CARTESIAN_POINT('Ctrl Pts',(132.126860657381,96.2838404635396,4.06229634589507));
#7321=CARTESIAN_POINT('Ctrl Pts',(132.126782049243,96.2861872656693,4.06132902406869));
#7322=CARTESIAN_POINT('Ctrl Pts',(132.126622528819,96.2884148474322,4.05977515127633));
#7323=CARTESIAN_POINT('',(132.026877957026,96.1812719910205,3.9));
#7324=CARTESIAN_POINT('Ctrl Pts',(132.128410526579,96.2955577053069,3.52011242461697));
#7325=CARTESIAN_POINT('Ctrl Pts',(132.128709552405,96.2872063684891,3.5186560340545));
#7326=CARTESIAN_POINT('Ctrl Pts',(132.128744196649,96.2684730609841,3.51857302103928));
#7327=CARTESIAN_POINT('Ctrl Pts',(132.1257302062,96.2231527937682,3.53283810608839));
#7328=CARTESIAN_POINT('Ctrl Pts',(132.114272346416,96.1676336633789,3.55951821420528));
#7329=CARTESIAN_POINT('Ctrl Pts',(132.087667640951,96.1140266747046,3.58464261114465));
#7330=CARTESIAN_POINT('Ctrl Pts',(132.056957010124,96.0871229825212,3.59762018532104));
#7331=CARTESIAN_POINT('Ctrl Pts',(132.03931827966,96.0816210015653,3.6));
#7332=CARTESIAN_POINT('Ctrl Pts',(132.030453952649,96.0813039629377,3.6));
#7333=CARTESIAN_POINT('Ctrl Pts',(132.127636069945,96.294186662736,3.52388437752421));
#7334=CARTESIAN_POINT('Ctrl Pts',(132.128046537844,96.286639561881,3.52217017021174));
#7335=CARTESIAN_POINT('Ctrl Pts',(132.128093588487,96.2696817180916,3.52209874228696));
#7336=CARTESIAN_POINT('Ctrl Pts',(132.123972128601,96.2287603078939,3.53890013394853));
#7337=CARTESIAN_POINT('Ctrl Pts',(132.108371506514,96.1790899296085,3.56944298968211));
#7338=CARTESIAN_POINT('Ctrl Pts',(132.076163898235,96.1344705830832,3.59215637991887));
#7339=CARTESIAN_POINT('Ctrl Pts',(132.048530674663,96.1150639802641,3.59934555600288));
#7340=CARTESIAN_POINT('Ctrl Pts',(132.036091842604,96.1114576755245,3.60004887078342));
#7341=CARTESIAN_POINT('Ctrl Pts',(132.029918984955,96.1112191099843,3.6));
#7342=CARTESIAN_POINT('Ctrl Pts',(132.126710971701,96.2917873477077,3.53057359671567));
#7343=CARTESIAN_POINT('Ctrl Pts',(132.127206130344,96.2856476425771,3.52837891187189));
#7344=CARTESIAN_POINT('Ctrl Pts',(132.127265762395,96.2718147372472,3.52826927643145));
#7345=CARTESIAN_POINT('Ctrl Pts',(132.122288290669,96.2386534671122,3.54968715066837));
#7346=CARTESIAN_POINT('Ctrl Pts',(132.103549485433,96.1992752185813,3.58881721100109));
#7347=CARTESIAN_POINT('Ctrl Pts',(132.066350262144,96.1703795338717,3.61721770301581));
#7348=CARTESIAN_POINT('Ctrl Pts',(132.040857341069,96.163532706138,3.62491207093095));
#7349=CARTESIAN_POINT('Ctrl Pts',(132.032854220414,96.1630921076069,3.62521031331064));
#7350=CARTESIAN_POINT('Ctrl Pts',(132.028993273755,96.1629844539017,3.62513495601857));
#7351=CARTESIAN_POINT('Ctrl Pts',(132.126550580928,96.2894195450583,3.53732947524993));
#7352=CARTESIAN_POINT('Ctrl Pts',(132.126933657524,96.2846606171149,3.53463212098813));
#7353=CARTESIAN_POINT('Ctrl Pts',(132.126977365014,96.2739501771811,3.53448185493021));
#7354=CARTESIAN_POINT('Ctrl Pts',(132.123129145531,96.2481874146303,3.56087445286763));
#7355=CARTESIAN_POINT('Ctrl Pts',(132.108545473226,96.2173527956823,3.60996188545823));
#7356=CARTESIAN_POINT('Ctrl Pts',(132.077761418151,96.1921424823736,3.65365768039823));
#7357=CARTESIAN_POINT('Ctrl Pts',(132.049335274498,96.1829210900149,3.67415816166625));
#7358=CARTESIAN_POINT('Ctrl Pts',(132.035538637956,96.1814104713065,3.67758249831449));
#7359=CARTESIAN_POINT('Ctrl Pts',(132.028665954838,96.1812879769872,3.6775600524975));
#7360=CARTESIAN_POINT('Ctrl Pts',(132.126622528767,96.2884148481621,3.54022484923842));
#7361=CARTESIAN_POINT('Ctrl Pts',(132.126921554593,96.2842391797541,3.53731206811315));
#7362=CARTESIAN_POINT('Ctrl Pts',(132.126956198837,96.2748725260037,3.53714604208268));
#7363=CARTESIAN_POINT('Ctrl Pts',(132.123942208389,96.2522123924006,3.56567621218421));
#7364=CARTESIAN_POINT('Ctrl Pts',(132.11248434861,96.2244528272107,3.61903642842459));
#7365=CARTESIAN_POINT('Ctrl Pts',(132.085879643152,96.197649332871,3.66928522231348));
#7366=CARTESIAN_POINT('Ctrl Pts',(132.055169012322,96.1841974867728,3.69524037067465));
#7367=CARTESIAN_POINT('Ctrl Pts',(132.037530281852,96.181446496293,3.70000000003464));
#7368=CARTESIAN_POINT('Ctrl Pts',(132.028665954838,96.1812879769791,3.70000000003467));
#7369=CARTESIAN_POINT('Ctrl Pts',(132.12823718192,96.2627913023311,3.52095310900298));
#7370=CARTESIAN_POINT('Ctrl Pts',(132.127863452538,96.2696579648679,3.5227327783617));
#7371=CARTESIAN_POINT('Ctrl Pts',(132.127560897731,96.2744471944368,3.52540020495377));
#7372=CARTESIAN_POINT('Ctrl Pts',(132.127217654743,96.2797738360472,3.52924024400708));
#7373=CARTESIAN_POINT('Ctrl Pts',(132.12709189678,96.2816598479904,3.53091153531079));
#7374=CARTESIAN_POINT('Ctrl Pts',(132.126841472446,96.2853313442439,3.53499233301587));
#7375=CARTESIAN_POINT('Ctrl Pts',(132.126726383538,96.2869634081137,3.5373899345717));
#7376=CARTESIAN_POINT('Ctrl Pts',(132.126626810389,96.2883550460616,3.54010693403797));
#7377=CARTESIAN_POINT('Ctrl Pts',(132.126624666859,96.2883849913337,3.54016578580734));
#7378=CARTESIAN_POINT('Ctrl Pts',(132.126622528768,96.2884148481565,3.54022484923448));
#7379=CARTESIAN_POINT('Origin',(131.330453952649,89.7812719910205,3.6));
#7380=CARTESIAN_POINT('Origin',(132.0268779576,96.2812719216345,3.89999994615492));
#7381=CARTESIAN_POINT('Origin',(132.030453952653,96.0813039629377,3.89999999999995));
#7382=CARTESIAN_POINT('Ctrl Pts',(132.126622528767,96.2884148481625,4.05977515076386));
#7383=CARTESIAN_POINT('Ctrl Pts',(132.126921474122,96.2842403034667,4.06268714803136));
#7384=CARTESIAN_POINT('Ctrl Pts',(132.126956785555,96.2748725576062,4.06285453442552));
#7385=CARTESIAN_POINT('Ctrl Pts',(132.123939135282,96.2522180377208,4.03432740267744));
#7386=CARTESIAN_POINT('Ctrl Pts',(132.112458815799,96.2243900496234,3.9808545977247));
#7387=CARTESIAN_POINT('Ctrl Pts',(132.085880312284,96.1976618813306,3.93073547757972));
#7388=CARTESIAN_POINT('Ctrl Pts',(132.055161770825,96.184188274264,3.90474372324909));
#7389=CARTESIAN_POINT('Ctrl Pts',(132.037530015549,96.1814464915301,3.89999999997971));
#7390=CARTESIAN_POINT('Ctrl Pts',(132.02866595483,96.1812879769791,3.89999999998103));
#7391=CARTESIAN_POINT('Ctrl Pts',(132.126526598315,96.2897544440234,4.06363564941397));
#7392=CARTESIAN_POINT('Ctrl Pts',(132.126937633486,96.2848024335248,4.06626048245738));
#7393=CARTESIAN_POINT('Ctrl Pts',(132.126985862842,96.2736330924026,4.06639803941273));
#7394=CARTESIAN_POINT('Ctrl Pts',(132.122853651315,96.2468086829481,4.04068948445556));
#7395=CARTESIAN_POINT('Ctrl Pts',(132.107198174555,96.2148439280828,3.99290222036995));
#7396=CARTESIAN_POINT('Ctrl Pts',(132.074970076239,96.1901937802453,3.9514544738317));
#7397=CARTESIAN_POINT('Ctrl Pts',(132.047281302016,96.182472424544,3.93284386558216));
#7398=CARTESIAN_POINT('Ctrl Pts',(132.034838949357,96.1813971234459,3.92988908729617));
#7399=CARTESIAN_POINT('Ctrl Pts',(132.028665954832,96.1812879769851,3.9299199300217));
#7400=CARTESIAN_POINT('Ctrl Pts',(132.126796768545,96.2921300967847,4.07039149538257));
#7401=CARTESIAN_POINT('Ctrl Pts',(132.127291624449,96.2857910512484,4.07251381700637));
#7402=CARTESIAN_POINT('Ctrl Pts',(132.127352319824,96.271512220945,4.07261706266355));
#7403=CARTESIAN_POINT('Ctrl Pts',(132.122371392011,96.2372655981636,4.05190300655005));
#7404=CARTESIAN_POINT('Ctrl Pts',(132.103603661786,96.1963148978298,4.01412159111318));
#7405=CARTESIAN_POINT('Ctrl Pts',(132.066461636786,96.1654244729888,3.9878402444221));
#7406=CARTESIAN_POINT('Ctrl Pts',(132.040970052597,96.1570476534435,3.98158650848983));
#7407=CARTESIAN_POINT('Ctrl Pts',(132.032976116026,96.1562801643382,3.98161361006406));
#7408=CARTESIAN_POINT('Ctrl Pts',(132.029115367317,96.1561570379781,3.98169354917816));
#7409=CARTESIAN_POINT('Ctrl Pts',(132.127829684103,96.294529423378,4.07705861070274));
#7410=CARTESIAN_POINT('Ctrl Pts',(132.128212149355,96.2867833458015,4.07870792472455));
#7411=CARTESIAN_POINT('Ctrl Pts',(132.128256531183,96.2693860097405,4.07879006374109));
#7412=CARTESIAN_POINT('Ctrl Pts',(132.124408893317,96.2273995838835,4.06265162486591));
#7413=CARTESIAN_POINT('Ctrl Pts',(132.109816277919,96.1761589894813,4.03303216832408));
#7414=CARTESIAN_POINT('Ctrl Pts',(132.079107743712,96.1294711301395,4.00983025889566));
#7415=CARTESIAN_POINT('Ctrl Pts',(132.050707029074,96.1080714131904,4.00108668166755));
#7416=CARTESIAN_POINT('Ctrl Pts',(132.036924962941,96.1039994129501,3.99996409918017));
#7417=CARTESIAN_POINT('Ctrl Pts',(132.030052726873,96.1037403232224,4.00000000000003));
#7418=CARTESIAN_POINT('Ctrl Pts',(132.128410526579,96.2955577053062,4.07988757538316));
#7419=CARTESIAN_POINT('Ctrl Pts',(132.128709471934,96.2872086159136,4.08134357401681));
#7420=CARTESIAN_POINT('Ctrl Pts',(132.128744783366,96.2684731241902,4.08142726721387));
#7421=CARTESIAN_POINT('Ctrl Pts',(132.125727133092,96.2231640844142,4.06716370134075));
#7422=CARTESIAN_POINT('Ctrl Pts',(132.114246813607,96.1675081082142,4.04042729886616));
#7423=CARTESIAN_POINT('Ctrl Pts',(132.087668310089,96.1140517716312,4.01536773879645));
#7424=CARTESIAN_POINT('Ctrl Pts',(132.056949768632,96.0871045575053,4.00237186163342));
#7425=CARTESIAN_POINT('Ctrl Pts',(132.039318013359,96.0816209920395,3.99999999999933));
#7426=CARTESIAN_POINT('Ctrl Pts',(132.030453952642,96.0813039629375,4.));
#7427=CARTESIAN_POINT('Ctrl Pts',(132.126622528797,96.2884148477389,4.05977515159997));
#7428=CARTESIAN_POINT('Ctrl Pts',(132.126624669319,96.2883849569802,4.05983423909583));
#7429=CARTESIAN_POINT('Ctrl Pts',(132.126626814933,96.2883549825907,4.05989310522034));
#7430=CARTESIAN_POINT('Ctrl Pts',(132.126726207604,96.286965865733,4.06260320288397));
#7431=CARTESIAN_POINT('Ctrl Pts',(132.126840910901,96.2853392908599,4.06499203888793));
#7432=CARTESIAN_POINT('Ctrl Pts',(132.12709041054,96.2816818789164,4.06906167592496));
#7433=CARTESIAN_POINT('Ctrl Pts',(132.12721566986,96.2798037499785,4.07073035348758));
#7434=CARTESIAN_POINT('Ctrl Pts',(132.127568608545,96.2743290150592,4.0746951171854));
#7435=CARTESIAN_POINT('Ctrl Pts',(132.127871088976,96.2695176031268,4.07731487402235));
#7436=CARTESIAN_POINT('Ctrl Pts',(132.128237145907,96.2627919639966,4.07904761220751));
#7437=CARTESIAN_POINT('Origin',(130.630453952649,77.2812719910204,3.8));
#7438=CARTESIAN_POINT('',(130.530453952649,77.2812719910205,3.7));
#7439=CARTESIAN_POINT('',(130.55974327453,77.2105613129019,3.62928932188134));
#7440=CARTESIAN_POINT('Origin',(130.630453952652,77.2812719910212,3.70000000000068));
#7441=CARTESIAN_POINT('',(130.530453952649,77.2812719910205,3.9));
#7442=CARTESIAN_POINT('',(130.530453952649,77.2812719910205,3.7));
#7443=CARTESIAN_POINT('',(130.55974327453,77.2105613129019,3.97071067811866));
#7444=CARTESIAN_POINT('Origin',(130.630453952653,77.2812719910211,3.89999999999926));
#7445=CARTESIAN_POINT('',(130.630453952649,77.1812719910205,3.9));
#7446=CARTESIAN_POINT('Origin',(130.630453952652,77.2812719910337,3.89999999999416));
#7447=CARTESIAN_POINT('',(130.630453952649,77.1812719910205,3.7));
#7448=CARTESIAN_POINT('',(130.630453952649,77.1812719910205,3.9));
#7449=CARTESIAN_POINT('Origin',(130.630453952644,77.2812719910165,3.69999999999785));
#7450=CARTESIAN_POINT('Origin',(131.293310615778,77.2812719910205,3.70000000000001));
#7451=CARTESIAN_POINT('',(132.026877957026,77.1812719910205,3.7));
#7452=CARTESIAN_POINT('',(130.630453952649,77.1812719910205,3.7));
#7453=CARTESIAN_POINT('',(132.026877957026,77.2812719910205,3.6));
#7454=CARTESIAN_POINT('Origin',(132.026877957026,77.2812719910205,3.70000000000004));
#7455=CARTESIAN_POINT('',(130.630453952649,77.2812719910205,3.6));
#7456=CARTESIAN_POINT('',(132.026877957026,77.2812719910205,3.6));
#7457=CARTESIAN_POINT('Origin',(130.630453952649,77.2812719910241,3.70000000000936));
#7458=CARTESIAN_POINT('Origin',(131.328665954838,77.1812719910205,3.9));
#7459=CARTESIAN_POINT('',(132.026877957026,77.1812719910205,3.9));
#7460=CARTESIAN_POINT('',(132.026877957026,77.1812719910205,3.9));
#7461=CARTESIAN_POINT('',(132.026877957026,77.1812719910205,3.7));
#7462=CARTESIAN_POINT('Origin',(131.293310615778,77.2812719910205,3.9));
#7463=CARTESIAN_POINT('',(130.630453952649,77.2812719910205,4.));
#7464=CARTESIAN_POINT('Origin',(130.630453952645,77.2812719910204,3.89999999999979));
#7465=CARTESIAN_POINT('',(132.026877957026,77.2812719910205,4.));
#7466=CARTESIAN_POINT('',(130.630453952649,77.2812719910205,4.));
#7467=CARTESIAN_POINT('Origin',(132.026877957026,77.2812719910205,3.90000000000001));
#7468=CARTESIAN_POINT('Origin',(130.630453952649,83.5812719910205,3.70000000000015));
#7469=CARTESIAN_POINT('',(130.530453952649,83.5812719910205,3.7));
#7470=CARTESIAN_POINT('',(130.630453952649,83.6812719910205,3.7));
#7471=CARTESIAN_POINT('Origin',(130.630453952649,83.5812719910205,3.7));
#7472=CARTESIAN_POINT('',(130.630453952649,83.5812719910205,3.6));
#7473=CARTESIAN_POINT('Origin',(130.630453952649,83.5812719910205,3.70000000000002));
#7474=CARTESIAN_POINT('Origin',(130.630453952649,83.5812719910205,3.70000000000003));
#7475=CARTESIAN_POINT('Origin',(130.630453952649,80.3959166519611,3.70000000000005));
#7476=CARTESIAN_POINT('',(130.630453952649,77.2812719910205,3.6));
#7477=CARTESIAN_POINT('',(130.530453952649,83.5812719910205,3.7));
#7478=CARTESIAN_POINT('Origin',(131.330453952649,83.5812719910205,3.70000000000001));
#7479=CARTESIAN_POINT('',(132.030453952649,83.5812719910205,3.6));
#7480=CARTESIAN_POINT('',(132.030453952649,83.6812719910205,3.7));
#7481=CARTESIAN_POINT('Origin',(132.030453952649,83.5812719910205,3.70000000000001));
#7482=CARTESIAN_POINT('',(132.030453952649,83.6812719910205,3.7));
#7483=CARTESIAN_POINT('',(130.630453952649,83.5812719910205,3.6));
#7484=CARTESIAN_POINT('Origin',(130.630453952649,83.5812719910205,3.89999999999994));
#7485=CARTESIAN_POINT('',(130.530453952649,83.5812719910205,3.9));
#7486=CARTESIAN_POINT('',(130.630453952649,83.5812719910205,4.));
#7487=CARTESIAN_POINT('Origin',(130.630453952649,83.5812719910205,3.89999999999997));
#7488=CARTESIAN_POINT('',(130.630453952649,83.6812719910205,3.9));
#7489=CARTESIAN_POINT('Origin',(130.630453952649,83.5812719910205,3.9));
#7490=CARTESIAN_POINT('Origin',(130.630453952649,83.5812719910206,3.90000000000005));
#7491=CARTESIAN_POINT('Origin',(130.630453952649,83.5812719910206,3.8));
#7492=CARTESIAN_POINT('',(130.530453952649,83.5812719910205,3.9));
#7493=CARTESIAN_POINT('',(130.630453952649,83.6812719910205,3.7));
#7494=CARTESIAN_POINT('Ctrl Pts',(132.130453952649,83.7812719910205,4.1));
#7495=CARTESIAN_POINT('Ctrl Pts',(132.130453952649,83.7588320434948,4.05512010494871));
#7496=CARTESIAN_POINT('Ctrl Pts',(132.117328699361,83.7215738572186,3.98060373239622));
#7497=CARTESIAN_POINT('Ctrl Pts',(132.075274549577,83.6881185178711,3.91369305370125));
#7498=CARTESIAN_POINT('Ctrl Pts',(132.045413917666,83.6812719910205,3.89999999999999));
#7499=CARTESIAN_POINT('Ctrl Pts',(132.030453952649,83.6812719910205,3.89999999999999));
#7500=CARTESIAN_POINT('Ctrl Pts',(132.130453952649,83.7812719910205,4.1));
#7501=CARTESIAN_POINT('Ctrl Pts',(132.130453952649,83.7545577677757,4.05939438066788));
#7502=CARTESIAN_POINT('Ctrl Pts',(132.111328203221,83.7102330298354,3.99186793288843));
#7503=CARTESIAN_POINT('Ctrl Pts',(132.062891245146,83.6830195234412,3.93829317282864));
#7504=CARTESIAN_POINT('Ctrl Pts',(132.040870703316,83.6812719910205,3.92991993003418));
#7505=CARTESIAN_POINT('Ctrl Pts',(132.030453952649,83.6812719910205,3.92991993003418));
#7506=CARTESIAN_POINT('Ctrl Pts',(132.130453952649,83.7812719910205,4.1));
#7507=CARTESIAN_POINT('Ctrl Pts',(132.130453952649,83.7470777852671,4.06687436317643));
#7508=CARTESIAN_POINT('Ctrl Pts',(132.106958478464,83.6902986583193,4.01190415786851));
#7509=CARTESIAN_POINT('Ctrl Pts',(132.052547539071,83.6565983118723,3.98122023247298));
#7510=CARTESIAN_POINT('Ctrl Pts',(132.036967503404,83.6561370593418,3.98169357964753));
#7511=CARTESIAN_POINT('Ctrl Pts',(132.030453952649,83.6561370593418,3.98169357964753));
#7512=CARTESIAN_POINT('Ctrl Pts',(132.130453952649,83.7812719910205,4.1));
#7513=CARTESIAN_POINT('Ctrl Pts',(132.130453952649,83.7395978027586,4.07435434568497));
#7514=CARTESIAN_POINT('Ctrl Pts',(132.112815689579,83.6704222763091,4.03190526981091));
#7515=CARTESIAN_POINT('Ctrl Pts',(132.066082125795,83.6134483379952,4.00305820154538));
#7516=CARTESIAN_POINT('Ctrl Pts',(132.04205161773,83.6037119385461,4.));
#7517=CARTESIAN_POINT('Ctrl Pts',(132.030453952649,83.6037119385461,4.));
#7518=CARTESIAN_POINT('Ctrl Pts',(132.130453952649,83.7812719910205,4.1));
#7519=CARTESIAN_POINT('Ctrl Pts',(132.130453952649,83.7363920959692,4.07756005247435));
#7520=CARTESIAN_POINT('Ctrl Pts',(132.117328699361,83.6618757234167,4.0403018661981));
#7521=CARTESIAN_POINT('Ctrl Pts',(132.075274549577,83.5949650447217,4.00684652685062));
#7522=CARTESIAN_POINT('Ctrl Pts',(132.045413917666,83.5812719910205,4.));
#7523=CARTESIAN_POINT('Ctrl Pts',(132.030453952649,83.5812719910205,4.));
#7524=CARTESIAN_POINT('',(132.030453952649,83.5812719910205,4.));
#7525=CARTESIAN_POINT('',(132.030453952649,83.6812719910205,3.89999999999999));
#7526=CARTESIAN_POINT('Origin',(132.030453952649,83.5812719910205,3.89999999999998));
#7527=CARTESIAN_POINT('',(132.130453952649,83.7812719910205,4.1));
#7528=CARTESIAN_POINT('Ctrl Pts',(132.030453952649,83.6812719910205,3.89999999999999));
#7529=CARTESIAN_POINT('Ctrl Pts',(132.045413917666,83.6812719910205,3.89999999999999));
#7530=CARTESIAN_POINT('Ctrl Pts',(132.060344233621,83.6846952544458,3.90684652685062));
#7531=CARTESIAN_POINT('Ctrl Pts',(132.073817127283,83.691186220351,3.91982845866093));
#7532=CARTESIAN_POINT('Ctrl Pts',(132.087290020944,83.6976771862561,3.93281039047124));
#7533=CARTESIAN_POINT('Ctrl Pts',(132.099305492311,83.7072358546411,3.95192772724123));
#7534=CARTESIAN_POINT('Ctrl Pts',(132.108614815657,83.7189323654763,3.97532074891163));
#7535=CARTESIAN_POINT('Ctrl Pts',(132.122578800676,83.7364771317291,4.01041028141722));
#7536=CARTESIAN_POINT('Ctrl Pts',(132.130453952649,83.7588320434948,4.05512010494871));
#7537=CARTESIAN_POINT('Ctrl Pts',(132.130453952649,83.7812719910205,4.1));
#7538=CARTESIAN_POINT('Ctrl Pts',(132.130453952649,83.7812719910205,4.1));
#7539=CARTESIAN_POINT('Ctrl Pts',(132.130453952649,83.7363920959692,4.07756005247435));
#7540=CARTESIAN_POINT('Ctrl Pts',(132.117328699361,83.6618757234167,4.0403018661981));
#7541=CARTESIAN_POINT('Ctrl Pts',(132.075274549577,83.5949650447217,4.00684652685062));
#7542=CARTESIAN_POINT('Ctrl Pts',(132.045413917666,83.5812719910205,4.));
#7543=CARTESIAN_POINT('Ctrl Pts',(132.030453952649,83.5812719910205,4.));
#7544=CARTESIAN_POINT('Origin',(131.330453952649,83.5812719910205,3.89999999999999));
#7545=CARTESIAN_POINT('',(132.030453952649,83.5812719910205,4.));
#7546=CARTESIAN_POINT('',(130.630453952649,83.6812719910205,3.9));
#7547=CARTESIAN_POINT('Origin',(130.630453952649,80.3959166519611,3.89999999999995));
#7548=CARTESIAN_POINT('',(130.530453952649,77.2812719910205,3.9));
#7549=CARTESIAN_POINT('',(130.630453952649,83.5812719910205,4.));
#7550=CARTESIAN_POINT('Ctrl Pts',(132.030453952649,83.6812719910205,3.70000000000001));
#7551=CARTESIAN_POINT('Ctrl Pts',(132.045413917666,83.6812719910205,3.70000000000001));
#7552=CARTESIAN_POINT('Ctrl Pts',(132.067726243226,83.6864722500124,3.68959948201631));
#7553=CARTESIAN_POINT('Ctrl Pts',(132.112549921621,83.7144019413323,3.63374009937631));
#7554=CARTESIAN_POINT('Ctrl Pts',(132.130453952649,83.7513520609863,3.55983986006838));
#7555=CARTESIAN_POINT('Ctrl Pts',(132.130453952649,83.7812719910205,3.5));
#7556=CARTESIAN_POINT('Ctrl Pts',(132.030453952649,83.6812719910205,3.67008006996582));
#7557=CARTESIAN_POINT('Ctrl Pts',(132.040870703316,83.6812719910205,3.67008006996582));
#7558=CARTESIAN_POINT('Ctrl Pts',(132.057156145501,83.6830686366567,3.66344848192301));
#7559=CARTESIAN_POINT('Ctrl Pts',(132.103777401985,83.702995026365,3.6204800150676));
#7560=CARTESIAN_POINT('Ctrl Pts',(132.130453952649,83.7456530266941,3.55414082577616));
#7561=CARTESIAN_POINT('Ctrl Pts',(132.130453952649,83.7812719910205,3.5));
#7562=CARTESIAN_POINT('Ctrl Pts',(132.030453952649,83.6561370605445,3.61830641890954));
#7563=CARTESIAN_POINT('Ctrl Pts',(132.036967503404,83.6561370605445,3.61830641890954));
#7564=CARTESIAN_POINT('Ctrl Pts',(132.048206876584,83.6571546445038,3.61794872238653));
#7565=CARTESIAN_POINT('Ctrl Pts',(132.097074905994,83.6810144532532,3.59687029557277));
#7566=CARTESIAN_POINT('Ctrl Pts',(132.130453952649,83.7356797166827,3.54416751576476));
#7567=CARTESIAN_POINT('Ctrl Pts',(132.130453952649,83.7812719910205,3.5));
#7568=CARTESIAN_POINT('Ctrl Pts',(132.030453952649,83.6037119385461,3.6));
#7569=CARTESIAN_POINT('Ctrl Pts',(132.04205161773,83.6037119385461,3.6));
#7570=CARTESIAN_POINT('Ctrl Pts',(132.059890441381,83.6113053773358,3.59733144696584));
#7571=CARTESIAN_POINT('Ctrl Pts',(132.105980701245,83.6575991921419,3.5752901139071));
#7572=CARTESIAN_POINT('Ctrl Pts',(132.130453952649,83.7257064066713,3.53419420575337));
#7573=CARTESIAN_POINT('Ctrl Pts',(132.130453952649,83.7812719910205,3.5));
#7574=CARTESIAN_POINT('Ctrl Pts',(132.030453952649,83.5812719910205,3.6));
#7575=CARTESIAN_POINT('Ctrl Pts',(132.045413917666,83.5812719910205,3.6));
#7576=CARTESIAN_POINT('Ctrl Pts',(132.067726243226,83.5916725090042,3.59479974100815));
#7577=CARTESIAN_POINT('Ctrl Pts',(132.112549921621,83.6475318916442,3.56687004968815));
#7578=CARTESIAN_POINT('Ctrl Pts',(132.130453952649,83.7214321309521,3.5299199300342));
#7579=CARTESIAN_POINT('Ctrl Pts',(132.130453952649,83.7812719910205,3.5));
#7580=CARTESIAN_POINT('',(132.130453952649,83.7812719910205,3.5));
#7581=CARTESIAN_POINT('Ctrl Pts',(132.030453952649,83.5812719910205,3.6));
#7582=CARTESIAN_POINT('Ctrl Pts',(132.045413917666,83.5812719910205,3.6));
#7583=CARTESIAN_POINT('Ctrl Pts',(132.067726243226,83.5916725090042,3.59479974100815));
#7584=CARTESIAN_POINT('Ctrl Pts',(132.112549921621,83.6475318916442,3.56687004968815));
#7585=CARTESIAN_POINT('Ctrl Pts',(132.130453952649,83.7214321309521,3.5299199300342));
#7586=CARTESIAN_POINT('Ctrl Pts',(132.130453952649,83.7812719910205,3.5));
#7587=CARTESIAN_POINT('Ctrl Pts',(132.130453952649,83.7812719910205,3.5));
#7588=CARTESIAN_POINT('Ctrl Pts',(132.130453952649,83.7513520609863,3.55983986006838));
#7589=CARTESIAN_POINT('Ctrl Pts',(132.116130727827,83.7217919652631,3.61896005151472));
#7590=CARTESIAN_POINT('Ctrl Pts',(132.092775258453,83.7031120872294,3.65631980758228));
#7591=CARTESIAN_POINT('Ctrl Pts',(132.08693639111,83.6984421177209,3.66565974659917));
#7592=CARTESIAN_POINT('Ctrl Pts',(132.080533008482,83.6944521618181,3.67363965840488));
#7593=CARTESIAN_POINT('Ctrl Pts',(132.073784939445,83.6912143846615,3.68011521271799));
#7594=CARTESIAN_POINT('Ctrl Pts',(132.060288801373,83.6847388303484,3.69306632134421));
#7595=CARTESIAN_POINT('Ctrl Pts',(132.045413917666,83.6812719910205,3.70000000000001));
#7596=CARTESIAN_POINT('Ctrl Pts',(132.030453952649,83.6812719910205,3.70000000000001));
#7597=CARTESIAN_POINT('Origin',(132.030453952649,80.4405169859378,3.49999999999999));
#7598=CARTESIAN_POINT('',(132.030453952642,77.2812400191038,3.6));
#7599=CARTESIAN_POINT('',(132.030453952649,83.5812719910205,3.6));
#7600=CARTESIAN_POINT('',(132.128235094687,77.0997862550663,3.52096192757155));
#7601=CARTESIAN_POINT('Ctrl Pts',(132.128235094687,77.0997862550663,3.52096192757155));
#7602=CARTESIAN_POINT('Ctrl Pts',(132.127960920074,77.1056537058068,3.52223381829442));
#7603=CARTESIAN_POINT('Ctrl Pts',(132.125384986672,77.1410386002912,3.53363312045775));
#7604=CARTESIAN_POINT('Ctrl Pts',(132.114246814745,77.1950358537676,3.55957269734287));
#7605=CARTESIAN_POINT('Ctrl Pts',(132.087668309079,77.2484922084861,3.5846322612944));
#7606=CARTESIAN_POINT('Ctrl Pts',(132.056949768645,77.2754394189732,3.59762813727659));
#7607=CARTESIAN_POINT('Ctrl Pts',(132.039318013158,77.2809229900086,3.60000000000067));
#7608=CARTESIAN_POINT('Ctrl Pts',(132.030453952642,77.2812400191035,3.6));
#7609=CARTESIAN_POINT('',(132.130453952649,77.1812719910205,3.5));
#7610=CARTESIAN_POINT('Origin',(131.282699746007,77.2229607742898,3.42735348277807));
#7611=CARTESIAN_POINT('',(132.130453952649,77.1812719910205,3.5));
#7612=CARTESIAN_POINT('Origin',(131.330453952649,77.2812400191034,3.6));
#7613=CARTESIAN_POINT('',(132.030453952642,77.2812400191034,3.6));
#7614=CARTESIAN_POINT('Origin',(132.030453952649,83.7812719910205,3.8));
#7615=CARTESIAN_POINT('',(132.130453952649,83.7812719910205,3.5));
#7616=CARTESIAN_POINT('',(132.030453952649,83.6812719910205,3.89999999999999));
#7617=CARTESIAN_POINT('Origin',(130.530453952649,80.4312719910205,3.9));
#7618=CARTESIAN_POINT('Origin',(132.026877956982,77.081271986226,3.9000000029556));
#7619=CARTESIAN_POINT('',(132.030453952649,77.2812400191033,4.));
#7620=CARTESIAN_POINT('',(132.028665954838,77.1812560050619,3.9));
#7621=CARTESIAN_POINT('Origin',(132.03045395265,77.2812400191033,3.9));
#7622=CARTESIAN_POINT('',(132.028665954838,77.1812560050619,3.9));
#7623=CARTESIAN_POINT('',(132.026877957026,77.2812719910205,4.));
#7624=CARTESIAN_POINT('Origin',(131.330453952649,77.2812400191033,4.));
#7625=CARTESIAN_POINT('',(132.030453952649,77.2812400191033,4.));
#7626=CARTESIAN_POINT('Origin',(132.026877956564,77.0812719351245,3.69999995889956));
#7627=CARTESIAN_POINT('',(132.028665954838,77.1812560050619,3.7));
#7628=CARTESIAN_POINT('Origin',(132.03045395265,77.2812400191032,3.69999999999995));
#7629=CARTESIAN_POINT('',(132.026877957026,77.1812719910205,3.7));
#7630=CARTESIAN_POINT('Ctrl Pts',(132.126622528767,77.0741291338798,3.54022484923992));
#7631=CARTESIAN_POINT('Ctrl Pts',(132.126921474227,77.0783036800312,3.53731285095626));
#7632=CARTESIAN_POINT('Ctrl Pts',(132.126956785844,77.0876714227787,3.53714546154943));
#7633=CARTESIAN_POINT('Ctrl Pts',(132.123939135679,77.1103259410416,3.56567259634832));
#7634=CARTESIAN_POINT('Ctrl Pts',(132.112458816943,77.1381539223784,3.61914539470546));
#7635=CARTESIAN_POINT('Ctrl Pts',(132.085880311286,77.1648820997411,3.66926452262268));
#7636=CARTESIAN_POINT('Ctrl Pts',(132.055161770847,77.178355704994,3.69525627459918));
#7637=CARTESIAN_POINT('Ctrl Pts',(132.03753001535,77.1810974905145,3.70000000005027));
#7638=CARTESIAN_POINT('Ctrl Pts',(132.02866595483,77.181256005062,3.70000000004899));
#7639=CARTESIAN_POINT('Ctrl Pts',(132.126526598315,77.0727895380184,3.53636435058853));
#7640=CARTESIAN_POINT('Ctrl Pts',(132.12693763363,77.0777415502441,3.53373951662922));
#7641=CARTESIAN_POINT('Ctrl Pts',(132.126985863954,77.0889108845691,3.53360195555833));
#7642=CARTESIAN_POINT('Ctrl Pts',(132.122853654532,77.1157352833926,3.55931050930834));
#7643=CARTESIAN_POINT('Ctrl Pts',(132.107198182186,77.1477000198352,3.60709776277019));
#7644=CARTESIAN_POINT('Ctrl Pts',(132.074970084268,77.1723501864082,3.64854551972268));
#7645=CARTESIAN_POINT('Ctrl Pts',(132.047281310167,77.1800715439592,3.66715612757673));
#7646=CARTESIAN_POINT('Ctrl Pts',(132.034838949218,77.181146858588,3.67011091272288));
#7647=CARTESIAN_POINT('Ctrl Pts',(132.028665954832,77.1812560050463,3.67008006999808));
#7648=CARTESIAN_POINT('Ctrl Pts',(132.126796768521,77.0704138852575,3.52960850461588));
#7649=CARTESIAN_POINT('Ctrl Pts',(132.127291624597,77.0767529330049,3.52748618225158));
#7650=CARTESIAN_POINT('Ctrl Pts',(132.127352319916,77.0910317567112,3.52738293175697));
#7651=CARTESIAN_POINT('Ctrl Pts',(132.122371390977,77.125278369397,3.54809697999689));
#7652=CARTESIAN_POINT('Ctrl Pts',(132.103603660811,77.166229055176,3.58587838411763));
#7653=CARTESIAN_POINT('Ctrl Pts',(132.066461634698,77.197119473749,3.61215971343816));
#7654=CARTESIAN_POINT('Ctrl Pts',(132.040970051124,77.205496288323,3.61841344563709));
#7655=CARTESIAN_POINT('Ctrl Pts',(132.032976115202,77.2062637765911,3.61838634061014));
#7656=CARTESIAN_POINT('Ctrl Pts',(132.029115366582,77.2063869029483,3.61830640149785));
#7657=CARTESIAN_POINT('Ctrl Pts',(132.127829684104,77.0680145586629,3.52294138929721));
#7658=CARTESIAN_POINT('Ctrl Pts',(132.128212149488,77.0757606389417,3.52129207470001));
#7659=CARTESIAN_POINT('Ctrl Pts',(132.128256531597,77.0931579694166,3.52120993300826));
#7660=CARTESIAN_POINT('Ctrl Pts',(132.124408893941,77.1351443926496,3.53734837082476));
#7661=CARTESIAN_POINT('Ctrl Pts',(132.10981627977,77.1863849752593,3.56696782053683));
#7662=CARTESIAN_POINT('Ctrl Pts',(132.079107744008,77.2330728509784,3.59016973703141));
#7663=CARTESIAN_POINT('Ctrl Pts',(132.050707030141,77.2544725640569,3.59891331393279));
#7664=CARTESIAN_POINT('Ctrl Pts',(132.036924962785,77.2585445690968,3.60003590081902));
#7665=CARTESIAN_POINT('Ctrl Pts',(132.030052726873,77.2588036588186,3.59999999999997));
#7666=CARTESIAN_POINT('Ctrl Pts',(132.128410526579,77.0669862767348,3.5201124246168));
#7667=CARTESIAN_POINT('Ctrl Pts',(132.128709472038,77.07533536904,3.5186564254752));
#7668=CARTESIAN_POINT('Ctrl Pts',(132.128744783656,77.0940708545408,3.5185727307718));
#7669=CARTESIAN_POINT('Ctrl Pts',(132.125727133488,77.1393798910804,3.53283629816893));
#7670=CARTESIAN_POINT('Ctrl Pts',(132.114246814745,77.1950358537676,3.55957269734287));
#7671=CARTESIAN_POINT('Ctrl Pts',(132.087668309079,77.2484922084861,3.5846322612944));
#7672=CARTESIAN_POINT('Ctrl Pts',(132.056949768645,77.2754394189732,3.59762813727659));
#7673=CARTESIAN_POINT('Ctrl Pts',(132.039318013158,77.2809229900086,3.60000000000067));
#7674=CARTESIAN_POINT('Ctrl Pts',(132.030453952642,77.2812400191035,3.6));
#7675=CARTESIAN_POINT('',(132.126622528807,77.0741291344297,3.54022484846339));
#7676=CARTESIAN_POINT('Ctrl Pts',(132.028665954838,77.1812560050619,3.7));
#7677=CARTESIAN_POINT('Ctrl Pts',(132.034004962018,77.1811605284675,3.69999999999994));
#7678=CARTESIAN_POINT('Ctrl Pts',(132.039333456758,77.1806243479846,3.69913630211228));
#7679=CARTESIAN_POINT('Ctrl Pts',(132.044524076712,77.1796954683799,3.69746877570806));
#7680=CARTESIAN_POINT('Ctrl Pts',(132.047947915813,77.1790827603917,3.69636884118111));
#7681=CARTESIAN_POINT('Ctrl Pts',(132.051313032805,77.1782993211431,3.69493145521064));
#7682=CARTESIAN_POINT('Ctrl Pts',(132.054588421579,77.1773584688565,3.69317248950762));
#7683=CARTESIAN_POINT('Ctrl Pts',(132.06132984952,77.1754220001407,3.68955217407162));
#7684=CARTESIAN_POINT('Ctrl Pts',(132.067691777227,77.172817943519,3.68456889563782));
#7685=CARTESIAN_POINT('Ctrl Pts',(132.07355042815,77.1697347023054,3.67867718827294));
#7686=CARTESIAN_POINT('Ctrl Pts',(132.085518394049,77.163436302523,3.66664169516198));
#7687=CARTESIAN_POINT('Ctrl Pts',(132.095351022055,77.1551236411446,3.65083709916511));
#7688=CARTESIAN_POINT('Ctrl Pts',(132.103111547058,77.1459649480251,3.63350649623944));
#7689=CARTESIAN_POINT('Ctrl Pts',(132.105476432615,77.143173994956,3.62822529522179));
#7690=CARTESIAN_POINT('Ctrl Pts',(132.107659709234,77.1402950915351,3.62278271062113));
#7691=CARTESIAN_POINT('Ctrl Pts',(132.109663679616,77.1373616566702,3.61721613279591));
#7692=CARTESIAN_POINT('Ctrl Pts',(132.116349755782,77.1275745015744,3.59864372091786));
#7693=CARTESIAN_POINT('Ctrl Pts',(132.121026098468,77.1172248803432,3.57865525643462));
#7694=CARTESIAN_POINT('Ctrl Pts',(132.123910011196,77.1054009088075,3.56070877905733));
#7695=CARTESIAN_POINT('Ctrl Pts',(132.124422732525,77.1032987639181,3.55751813405389));
#7696=CARTESIAN_POINT('Ctrl Pts',(132.124880529023,77.1011398651539,3.55448257856343));
#7697=CARTESIAN_POINT('Ctrl Pts',(132.125279947939,77.0989381563462,3.55153046425958));
#7698=CARTESIAN_POINT('Ctrl Pts',(132.125852348377,77.0957829249968,3.54729983958934));
#7699=CARTESIAN_POINT('Ctrl Pts',(132.126307035336,77.0925520921613,3.54321449017342));
#7700=CARTESIAN_POINT('Ctrl Pts',(132.126581071996,77.0889488546971,3.54059042326794));
#7701=CARTESIAN_POINT('Ctrl Pts',(132.126773149764,77.0864232735939,3.53875116236561));
#7702=CARTESIAN_POINT('Ctrl Pts',(132.126867631931,77.0837563099392,3.53759618819963));
#7703=CARTESIAN_POINT('Ctrl Pts',(132.126863925355,77.081068360199,3.53765331557802));
#7704=CARTESIAN_POINT('Ctrl Pts',(132.126860664623,77.0787037294531,3.53770357141181));
#7705=CARTESIAN_POINT('Ctrl Pts',(132.126782056425,77.0763568166645,3.53867090597133));
#7706=CARTESIAN_POINT('Ctrl Pts',(132.12662252882,77.0741291346098,3.54022484872285));
#7707=CARTESIAN_POINT('Ctrl Pts',(132.126622528798,77.0741291343121,3.54022484840359));
#7708=CARTESIAN_POINT('Ctrl Pts',(132.126624668588,77.0741590148518,3.54016578115443));
#7709=CARTESIAN_POINT('Ctrl Pts',(132.126626815698,77.0741890101405,3.54010687439185));
#7710=CARTESIAN_POINT('Ctrl Pts',(132.12672619462,77.0755779348553,3.53739714971204));
#7711=CARTESIAN_POINT('Ctrl Pts',(132.126840908066,77.0772046495977,3.53500801087966));
#7712=CARTESIAN_POINT('Ctrl Pts',(132.12709041052,77.0808621028557,3.53093832702045));
#7713=CARTESIAN_POINT('Ctrl Pts',(132.127215669687,77.082740229481,3.52926964952616));
#7714=CARTESIAN_POINT('Ctrl Pts',(132.127568610218,77.0882149927531,3.52530486124686));
#7715=CARTESIAN_POINT('Ctrl Pts',(132.127871090566,77.0930264080844,3.52268511714835));
#7716=CARTESIAN_POINT('Ctrl Pts',(132.128237145944,77.0997520187166,3.52095238735675));
#7717=CARTESIAN_POINT('Origin',(132.026877957029,77.0812719910216,3.80005019418262));
#7718=CARTESIAN_POINT('',(132.126622528767,77.0741291338776,4.05977515076642));
#7719=CARTESIAN_POINT('Ctrl Pts',(132.126622528767,77.0741291338772,4.0597751507661));
#7720=CARTESIAN_POINT('Ctrl Pts',(132.126921553393,77.0783047855246,4.06268792019891));
#7721=CARTESIAN_POINT('Ctrl Pts',(132.126952641778,77.0876114688684,4.06277999412618));
#7722=CARTESIAN_POINT('Ctrl Pts',(132.124958414943,77.1029445256601,4.04405693251899));
#7723=CARTESIAN_POINT('Ctrl Pts',(132.120090840753,77.11929457886,4.01605635652061));
#7724=CARTESIAN_POINT('Ctrl Pts',(132.107176279565,77.1436415747943,3.97117418024356));
#7725=CARTESIAN_POINT('Ctrl Pts',(132.085870743539,77.1647870425645,3.93055364250526));
#7726=CARTESIAN_POINT('Ctrl Pts',(132.055170946395,77.1783789023772,3.90480248639221));
#7727=CARTESIAN_POINT('Ctrl Pts',(132.037530197603,77.1810974872546,3.9));
#7728=CARTESIAN_POINT('Ctrl Pts',(132.028665954838,77.1812560050619,3.9));
#7729=CARTESIAN_POINT('',(132.126622528767,77.0741291338776,4.05977515076642));
#7730=CARTESIAN_POINT('Ctrl Pts',(132.128410526579,77.0669862767339,4.07988757538306));
#7731=CARTESIAN_POINT('Ctrl Pts',(132.128709551204,77.0753375800287,4.08134396009946));
#7732=CARTESIAN_POINT('Ctrl Pts',(132.128740639589,77.0939509467164,4.08138999706309));
#7733=CARTESIAN_POINT('Ctrl Pts',(132.126746412755,77.1246170602997,4.0720284662595));
#7734=CARTESIAN_POINT('Ctrl Pts',(132.121878838564,77.1573171666995,4.05802817826031));
#7735=CARTESIAN_POINT('Ctrl Pts',(132.108964277376,77.2060111585681,4.03558709012176));
#7736=CARTESIAN_POINT('Ctrl Pts',(132.087658741351,77.2483020941086,4.01527682125263));
#7737=CARTESIAN_POINT('Ctrl Pts',(132.056958944207,77.275485813734,4.00240124319611));
#7738=CARTESIAN_POINT('Ctrl Pts',(132.039318195415,77.2809229834888,4.));
#7739=CARTESIAN_POINT('Ctrl Pts',(132.030453952649,77.2812400191033,4.));
#7740=CARTESIAN_POINT('Ctrl Pts',(132.127636069945,77.0683573193048,4.07611562247582));
#7741=CARTESIAN_POINT('Ctrl Pts',(132.128046536196,77.075904389865,4.07782982290733));
#7742=CARTESIAN_POINT('Ctrl Pts',(132.128085798529,77.0927487069516,4.07786403712275));
#7743=CARTESIAN_POINT('Ctrl Pts',(132.125365886388,77.120454731562,4.06682090371139));
#7744=CARTESIAN_POINT('Ctrl Pts',(132.118722959378,77.1497864502697,4.05068028074236));
#7745=CARTESIAN_POINT('Ctrl Pts',(132.101959510582,77.1927485463808,4.0261212010301));
#7746=CARTESIAN_POINT('Ctrl Pts',(132.076151249667,77.2278711674589,4.00775785823843));
#7747=CARTESIAN_POINT('Ctrl Pts',(132.04853586529,77.247543842527,4.00067061427917));
#7748=CARTESIAN_POINT('Ctrl Pts',(132.036091783938,77.2510863087838,3.99995112968104));
#7749=CARTESIAN_POINT('Ctrl Pts',(132.029918984955,77.2513248720567,4.));
#7750=CARTESIAN_POINT('Ctrl Pts',(132.126710971677,77.0707566343343,4.06942640328593));
#7751=CARTESIAN_POINT('Ctrl Pts',(132.127206128333,77.0768963148194,4.0716210793201));
#7752=CARTESIAN_POINT('Ctrl Pts',(132.12725046813,77.0906218145795,4.07169283327429));
#7753=CARTESIAN_POINT('Ctrl Pts',(132.123984214921,77.1131285242563,4.05757621479369));
#7754=CARTESIAN_POINT('Ctrl Pts',(132.11596371797,77.1365118345668,4.03697554812705));
#7755=CARTESIAN_POINT('Ctrl Pts',(132.096165853273,77.1693913548493,4.00564234332043));
#7756=CARTESIAN_POINT('Ctrl Pts',(132.066328900743,77.1919789265881,3.98268564284307));
#7757=CARTESIAN_POINT('Ctrl Pts',(132.04086756613,77.1990706185289,3.97511000459432));
#7758=CARTESIAN_POINT('Ctrl Pts',(132.032854182881,77.1994518285632,3.97478972648908));
#7759=CARTESIAN_POINT('Ctrl Pts',(132.028993272916,77.1995594812453,3.97486508306495));
#7760=CARTESIAN_POINT('Ctrl Pts',(132.126550580928,77.0731244369831,4.06267052474898));
#7761=CARTESIAN_POINT('Ctrl Pts',(132.126933655986,77.0778833458234,4.06536786818349));
#7762=CARTESIAN_POINT('Ctrl Pts',(132.12697097763,77.0885179292637,4.06545530039415));
#7763=CARTESIAN_POINT('Ctrl Pts',(132.124428897731,77.1059755844018,4.04811543137855));
#7764=CARTESIAN_POINT('Ctrl Pts',(132.118224519782,77.1242682995302,4.02233809865503));
#7765=CARTESIAN_POINT('Ctrl Pts',(132.102412851207,77.1504816982797,3.98152394299022));
#7766=CARTESIAN_POINT('Ctrl Pts',(132.077750171148,77.1702682640614,3.94620086579639));
#7767=CARTESIAN_POINT('Ctrl Pts',(132.049339432892,77.1796658637943,3.9258786437217));
#7768=CARTESIAN_POINT('Ctrl Pts',(132.03553857264,77.1811335118956,3.92241750189009));
#7769=CARTESIAN_POINT('Ctrl Pts',(132.028665954838,77.1812560050508,3.92243994749374));
#7770=CARTESIAN_POINT('Ctrl Pts',(132.126622528767,77.0741291338793,4.05977515075993));
#7771=CARTESIAN_POINT('Ctrl Pts',(132.126921553393,77.0783047855255,4.0626879201932));
#7772=CARTESIAN_POINT('Ctrl Pts',(132.126952641778,77.0876114688665,4.06277999412048));
#7773=CARTESIAN_POINT('Ctrl Pts',(132.124958414944,77.1029445256536,4.04405693251035));
#7774=CARTESIAN_POINT('Ctrl Pts',(132.120090840757,77.1192945788494,4.01605635650723));
#7775=CARTESIAN_POINT('Ctrl Pts',(132.107176279575,77.1436415747797,3.97117418022152));
#7776=CARTESIAN_POINT('Ctrl Pts',(132.085870743556,77.1647870425528,3.93055364247194));
#7777=CARTESIAN_POINT('Ctrl Pts',(132.055170946407,77.1783789023745,3.90480248634733));
#7778=CARTESIAN_POINT('Ctrl Pts',(132.037530197607,77.1810974872545,3.89999999995226));
#7779=CARTESIAN_POINT('Ctrl Pts',(132.028665954838,77.1812560050619,3.89999999995222));
#7780=CARTESIAN_POINT('',(132.128237189545,77.0997586224719,4.07904769839309));
#7781=CARTESIAN_POINT('Ctrl Pts',(132.030453952649,77.2812400191033,4.));
#7782=CARTESIAN_POINT('Ctrl Pts',(132.039318195415,77.2809229834888,4.));
#7783=CARTESIAN_POINT('Ctrl Pts',(132.056958944207,77.275485813734,4.00240124319611));
#7784=CARTESIAN_POINT('Ctrl Pts',(132.087658741351,77.2483020941086,4.01527682125263));
#7785=CARTESIAN_POINT('Ctrl Pts',(132.108964277376,77.2060111585681,4.03558709012176));
#7786=CARTESIAN_POINT('Ctrl Pts',(132.121878838564,77.1573171666995,4.05802817826031));
#7787=CARTESIAN_POINT('Ctrl Pts',(132.126486608493,77.1263624116163,4.07128120810706));
#7788=CARTESIAN_POINT('Ctrl Pts',(132.127964705162,77.1056827014966,4.07778953434585));
#7789=CARTESIAN_POINT('Ctrl Pts',(132.128237189545,77.0997586224719,4.07904769839309));
#7790=CARTESIAN_POINT('Ctrl Pts',(132.128237335239,77.0997554967477,4.07904837128799));
#7791=CARTESIAN_POINT('Ctrl Pts',(132.127894754059,77.0934609130265,4.07741414680818));
#7792=CARTESIAN_POINT('Ctrl Pts',(132.127591616186,77.0885730027257,4.07496590055247));
#7793=CARTESIAN_POINT('Ctrl Pts',(132.127216410345,77.0827511031172,4.07077456222556));
#7794=CARTESIAN_POINT('Ctrl Pts',(132.127091062626,77.0808717237615,4.06910335114291));
#7795=CARTESIAN_POINT('Ctrl Pts',(132.126841267943,77.0772098528013,4.06501264655882));
#7796=CARTESIAN_POINT('Ctrl Pts',(132.1267262892,77.0755792564328,4.06260606312373));
#7797=CARTESIAN_POINT('Ctrl Pts',(132.126626814895,77.0741889989256,4.0598931141768));
#7798=CARTESIAN_POINT('Ctrl Pts',(132.126624668152,77.0741590087592,4.05983420946484));
#7799=CARTESIAN_POINT('Ctrl Pts',(132.126622528768,77.0741291338912,4.05977515076818));
#7800=CARTESIAN_POINT('Origin',(132.030453952649,80.4405169859378,4.09999999999999));
#7801=CARTESIAN_POINT('',(132.130453952649,77.1812719910205,4.1));
#7802=CARTESIAN_POINT('',(132.130453952649,83.7812719910205,4.1));
#7803=CARTESIAN_POINT('Origin',(131.282700496436,77.2229607079882,4.1726464453161));
#7804=CARTESIAN_POINT('Origin',(131.330453952649,83.6812719910205,3.9));
#7805=CARTESIAN_POINT('Origin',(110.930453952649,77.2812719910204,3.8));
#7806=CARTESIAN_POINT('',(110.930453952649,77.1812719910205,3.7));
#7807=CARTESIAN_POINT('',(111.001164630768,77.2105613129018,3.62928932188135));
#7808=CARTESIAN_POINT('Origin',(110.930453952644,77.2812719910269,3.70000000000268));
#7809=CARTESIAN_POINT('',(110.930453952649,77.1812719910205,3.9));
#7810=CARTESIAN_POINT('',(110.930453952649,77.1812719910205,3.7));
#7811=CARTESIAN_POINT('',(111.001164630768,77.2105613129018,3.97071067811865));
#7812=CARTESIAN_POINT('Origin',(110.930453952643,77.281271991028,3.899999999997));
#7813=CARTESIAN_POINT('',(111.030453952649,77.2812719910204,3.9));
#7814=CARTESIAN_POINT('Origin',(110.930453952622,77.281271991033,3.89999999998766));
#7815=CARTESIAN_POINT('',(111.030453952649,77.2812719910204,3.7));
#7816=CARTESIAN_POINT('',(111.030453952649,77.2812719910204,3.9));
#7817=CARTESIAN_POINT('Origin',(110.930453952623,77.2812719910321,3.70000000001144));
#7818=CARTESIAN_POINT('Origin',(110.930453952649,80.4312719910205,3.90000000000002));
#7819=CARTESIAN_POINT('',(110.930453952649,77.2812719910204,4.));
#7820=CARTESIAN_POINT('Origin',(110.930453952648,77.2812719910194,3.90000000000247));
#7821=CARTESIAN_POINT('',(110.930453952649,83.5812719910205,4.));
#7822=CARTESIAN_POINT('',(110.930453952649,77.2812719910204,4.));
#7823=CARTESIAN_POINT('',(111.001164630768,83.6519826691391,3.97071067811866));
#7824=CARTESIAN_POINT('Origin',(110.930453952647,83.5812719910209,3.90000000000102));
#7825=CARTESIAN_POINT('',(111.030453952649,83.5812719910205,3.9));
#7826=CARTESIAN_POINT('Origin',(110.930453952657,83.5812719910236,3.90000000000305));
#7827=CARTESIAN_POINT('',(111.030453952649,83.5812719910205,3.9));
#7828=CARTESIAN_POINT('Origin',(110.26759728952,77.2812719910204,3.90000000000007));
#7829=CARTESIAN_POINT('',(109.534029948272,77.1812719910205,3.9));
#7830=CARTESIAN_POINT('',(110.930453952649,77.1812719910205,3.9));
#7831=CARTESIAN_POINT('',(109.534029948272,77.2812719910204,4.));
#7832=CARTESIAN_POINT('Origin',(109.534029948272,77.2812719910205,3.90000000000001));
#7833=CARTESIAN_POINT('',(109.534029948272,77.2812719910204,4.));
#7834=CARTESIAN_POINT('Origin',(110.232241950461,77.1812719910205,3.9));
#7835=CARTESIAN_POINT('',(109.534029948272,77.1812719910205,3.7));
#7836=CARTESIAN_POINT('',(109.534029948272,77.1812719910205,3.7));
#7837=CARTESIAN_POINT('',(109.534029948272,77.1812719910205,3.9));
#7838=CARTESIAN_POINT('Origin',(109.53402994838,77.0812719785568,3.90000000871473));
#7839=CARTESIAN_POINT('',(109.532241950461,77.1812560050618,3.9));
#7840=CARTESIAN_POINT('',(109.530453952657,77.2812400191038,4.));
#7841=CARTESIAN_POINT('Origin',(109.530453952646,77.2812400191031,3.89999999999999));
#7842=CARTESIAN_POINT('',(109.530453952657,77.2812400191034,4.));
#7843=CARTESIAN_POINT('',(109.534029948272,77.1812719910205,3.9));
#7844=CARTESIAN_POINT('Origin',(110.230453952649,77.2812400191034,4.));
#7845=CARTESIAN_POINT('',(109.530453952649,83.5812719910204,4.));
#7846=CARTESIAN_POINT('',(109.530453952649,83.5812719910204,4.));
#7847=CARTESIAN_POINT('',(110.930453952649,83.5812719910205,4.));
#7848=CARTESIAN_POINT('Ctrl Pts',(109.434285376531,77.0741291338776,4.05977515076651));
#7849=CARTESIAN_POINT('Ctrl Pts',(109.433986431072,77.0783036800302,4.06268714904971));
#7850=CARTESIAN_POINT('Ctrl Pts',(109.433951119165,77.0876714210421,4.06285454232448));
#7851=CARTESIAN_POINT('Ctrl Pts',(109.436968769278,77.1103259325583,4.03432740672887));
#7852=CARTESIAN_POINT('Ctrl Pts',(109.448449087431,77.138153909751,3.98085461228988));
#7853=CARTESIAN_POINT('Ctrl Pts',(109.47502759327,77.1648820953068,3.93073548170026));
#7854=CARTESIAN_POINT('Ctrl Pts',(109.505746133867,77.1783557013232,3.90474372773835));
#7855=CARTESIAN_POINT('Ctrl Pts',(109.523377889952,77.1810974905145,3.89999999999865));
#7856=CARTESIAN_POINT('Ctrl Pts',(109.532241950468,77.181256005062,3.9));
#7857=CARTESIAN_POINT('Ctrl Pts',(109.434381306983,77.0727895380169,4.06363564941578));
#7858=CARTESIAN_POINT('Ctrl Pts',(109.433970271669,77.0777415502435,4.06626048337478));
#7859=CARTESIAN_POINT('Ctrl Pts',(109.433922039967,77.088910878253,4.06639804984902));
#7860=CARTESIAN_POINT('Ctrl Pts',(109.438054246573,77.1157352569696,4.04068950088535));
#7861=CARTESIAN_POINT('Ctrl Pts',(109.45370971337,77.1476999742009,3.99290225737805));
#7862=CARTESIAN_POINT('Ctrl Pts',(109.485937807563,77.1723501621335,3.9514544929638));
#7863=CARTESIAN_POINT('Ctrl Pts',(109.513626583663,77.1800715256586,3.93284388117721));
#7864=CARTESIAN_POINT('Ctrl Pts',(109.526068956081,77.1811468586036,3.92988908730937));
#7865=CARTESIAN_POINT('Ctrl Pts',(109.532241950466,77.1812560050619,3.92991993003421));
#7866=CARTESIAN_POINT('Ctrl Pts',(109.434111136811,77.0704138852577,4.07039149539008));
#7867=CARTESIAN_POINT('Ctrl Pts',(109.433616280735,77.0767529330056,4.07251381775423));
#7868=CARTESIAN_POINT('Ctrl Pts',(109.433555585442,77.0910317515224,4.07261707467317));
#7869=CARTESIAN_POINT('Ctrl Pts',(109.438536516005,77.1252783433079,4.05190303989884));
#7870=CARTESIAN_POINT('Ctrl Pts',(109.457304246675,77.1662290169026,4.01412164753681));
#7871=CARTESIAN_POINT('Ctrl Pts',(109.494446270797,77.1971194212922,3.98784034697849));
#7872=CARTESIAN_POINT('Ctrl Pts',(109.519937856208,77.2054962333939,3.98158661673641));
#7873=CARTESIAN_POINT('Ctrl Pts',(109.527931791106,77.2062637200873,3.98161372722248));
#7874=CARTESIAN_POINT('Ctrl Pts',(109.531792539727,77.2063868464446,3.98169366633476));
#7875=CARTESIAN_POINT('Ctrl Pts',(109.433078221195,77.0680145586628,4.07705861070285));
#7876=CARTESIAN_POINT('Ctrl Pts',(109.43269575581,77.0757606389417,4.07870792530005));
#7877=CARTESIAN_POINT('Ctrl Pts',(109.432651373276,77.0931579664546,4.07879007050152));
#7878=CARTESIAN_POINT('Ctrl Pts',(109.436499010722,77.1351443776326,4.06265163615345));
#7879=CARTESIAN_POINT('Ctrl Pts',(109.451091623705,77.1863849535688,4.03303219288076));
#7880=CARTESIAN_POINT('Ctrl Pts',(109.481800158532,77.2330728441533,4.00983027073014));
#7881=CARTESIAN_POINT('Ctrl Pts',(109.510200873348,77.2544725578016,4.00108669163587));
#7882=CARTESIAN_POINT('Ctrl Pts',(109.523982942514,77.2585445690967,3.99996409918098));
#7883=CARTESIAN_POINT('Ctrl Pts',(109.530855178426,77.2588036588185,4.00000000000003));
#7884=CARTESIAN_POINT('Ctrl Pts',(109.43249737872,77.0669862767347,4.07988757538325));
#7885=CARTESIAN_POINT('Ctrl Pts',(109.43219843326,77.0753353690399,4.08134357452485));
#7886=CARTESIAN_POINT('Ctrl Pts',(109.432163121354,77.0940708510638,4.08142727116224));
#7887=CARTESIAN_POINT('Ctrl Pts',(109.435180771466,77.1393798740961,4.06716370336444));
#7888=CARTESIAN_POINT('Ctrl Pts',(109.44666108962,77.1950358284815,4.04042730614492));
#7889=CARTESIAN_POINT('Ctrl Pts',(109.473239595459,77.2484921995931,4.01536774085017));
#7890=CARTESIAN_POINT('Ctrl Pts',(109.503958136055,77.2754394116259,4.00237186386916));
#7891=CARTESIAN_POINT('Ctrl Pts',(109.521589892141,77.2809229900086,3.99999999999932));
#7892=CARTESIAN_POINT('Ctrl Pts',(109.530453952657,77.2812400191035,4.));
#7893=CARTESIAN_POINT('',(109.434285376492,77.0741291344296,4.05977515153661));
#7894=CARTESIAN_POINT('Ctrl Pts',(109.532241950461,77.1812560050619,3.9));
#7895=CARTESIAN_POINT('Ctrl Pts',(109.52690294328,77.1811605284675,3.90000000000001));
#7896=CARTESIAN_POINT('Ctrl Pts',(109.521574448588,77.1806243473208,3.90086369788686));
#7897=CARTESIAN_POINT('Ctrl Pts',(109.516383828826,77.1796954670419,3.90253122429158));
#7898=CARTESIAN_POINT('Ctrl Pts',(109.512959989365,77.1790827585215,3.90363115897551));
#7899=CARTESIAN_POINT('Ctrl Pts',(109.509594872055,77.178299318684,3.90506854541139));
#7900=CARTESIAN_POINT('Ctrl Pts',(109.506319483039,77.1773584659362,3.90682751165114));
#7901=CARTESIAN_POINT('Ctrl Pts',(109.499578056027,77.175421996681,3.91044782742581));
#7902=CARTESIAN_POINT('Ctrl Pts',(109.493216129416,77.172817940386,3.91543110586691));
#7903=CARTESIAN_POINT('Ctrl Pts',(109.487357479121,77.1697346993045,3.92132281256426));
#7904=CARTESIAN_POINT('Ctrl Pts',(109.475389513677,77.1634362993562,3.93335830514432));
#7905=CARTESIAN_POINT('Ctrl Pts',(109.465556886848,77.1551236372588,3.94916290082489));
#7906=CARTESIAN_POINT('Ctrl Pts',(109.457796362299,77.1459649445915,3.9664935037635));
#7907=CARTESIAN_POINT('Ctrl Pts',(109.455431475573,77.1431739901163,3.97177470770669));
#7908=CARTESIAN_POINT('Ctrl Pts',(109.453248197658,77.140295084961,3.97721729503379));
#7909=CARTESIAN_POINT('Ctrl Pts',(109.451244226086,77.1373616482746,3.98278387563308));
#7910=CARTESIAN_POINT('Ctrl Pts',(109.444558150755,77.1275744941386,4.00135628341278));
#7911=CARTESIAN_POINT('Ctrl Pts',(109.439881807928,77.1172248744072,4.02134474348583));
#7912=CARTESIAN_POINT('Ctrl Pts',(109.436997895069,77.1054009076647,4.03929122009813));
#7913=CARTESIAN_POINT('Ctrl Pts',(109.436485173312,77.1032987619709,4.0424818674799));
#7914=CARTESIAN_POINT('Ctrl Pts',(109.436027376371,77.1011398619968,4.04551742463296));
#7915=CARTESIAN_POINT('Ctrl Pts',(109.435627957105,77.0989381518454,4.04846954054458));
#7916=CARTESIAN_POINT('Ctrl Pts',(109.435055556769,77.0957829219036,4.05270016304947));
#7917=CARTESIAN_POINT('Ctrl Pts',(109.434600869852,77.092552090386,4.05678551066442));
#7918=CARTESIAN_POINT('Ctrl Pts',(109.434326833211,77.0889488546496,4.05940957664602));
#7919=CARTESIAN_POINT('Ctrl Pts',(109.434134755374,77.0864232736609,4.06124883769943));
#7920=CARTESIAN_POINT('Ctrl Pts',(109.434040273193,77.0837563099423,4.06240381180203));
#7921=CARTESIAN_POINT('Ctrl Pts',(109.434043979827,77.0810683601993,4.06234668442311));
#7922=CARTESIAN_POINT('Ctrl Pts',(109.434047240611,77.0787037294508,4.06229642858885));
#7923=CARTESIAN_POINT('Ctrl Pts',(109.434125848873,77.0763568166643,4.06132909402892));
#7924=CARTESIAN_POINT('Ctrl Pts',(109.434285376479,77.0741291346097,4.05977515127718));
#7925=CARTESIAN_POINT('',(109.432672810341,77.0997862496823,4.07903807410736));
#7926=CARTESIAN_POINT('Ctrl Pts',(109.434285376501,77.0741291342982,4.05977515160341));
#7927=CARTESIAN_POINT('Ctrl Pts',(109.434283237439,77.0741590046772,4.05983419874585));
#7928=CARTESIAN_POINT('Ctrl Pts',(109.434281088847,77.0741890206781,4.05989314580527));
#7929=CARTESIAN_POINT('Ctrl Pts',(109.434181723562,77.0755777547974,4.06260250153577));
#7930=CARTESIAN_POINT('Ctrl Pts',(109.434066999981,77.0772046092402,4.06499194144889));
#7931=CARTESIAN_POINT('Ctrl Pts',(109.433817494654,77.0808621047219,4.06906167278998));
#7932=CARTESIAN_POINT('Ctrl Pts',(109.433692235582,77.082740229958,4.0707303510374));
#7933=CARTESIAN_POINT('Ctrl Pts',(109.433339286709,77.0882151225921,4.07469523627169));
#7934=CARTESIAN_POINT('Ctrl Pts',(109.433036805909,77.093026570174,4.0773149265014));
#7935=CARTESIAN_POINT('Ctrl Pts',(109.432670759344,77.0997520189137,4.07904761312002));
#7936=CARTESIAN_POINT('Ctrl Pts',(109.432672810341,77.0997862496823,4.07903807410736));
#7937=CARTESIAN_POINT('Ctrl Pts',(109.432946984921,77.1056536988899,4.07776618354115));
#7938=CARTESIAN_POINT('Ctrl Pts',(109.435522918265,77.1410385830595,4.0663668811339));
#7939=CARTESIAN_POINT('Ctrl Pts',(109.44666108962,77.1950358284815,4.04042730614492));
#7940=CARTESIAN_POINT('Ctrl Pts',(109.473239595459,77.2484921995931,4.01536774085017));
#7941=CARTESIAN_POINT('Ctrl Pts',(109.503958136055,77.2754394116259,4.00237186386916));
#7942=CARTESIAN_POINT('Ctrl Pts',(109.521589892141,77.2809229900086,3.99999999999932));
#7943=CARTESIAN_POINT('Ctrl Pts',(109.530453952657,77.2812400191035,4.));
#7944=CARTESIAN_POINT('Origin',(109.534029948275,77.0812719910197,3.79994980581745));
#7945=CARTESIAN_POINT('',(109.532241950461,77.1812560050618,3.7));
#7946=CARTESIAN_POINT('',(109.532241950461,77.1812560050619,3.7));
#7947=CARTESIAN_POINT('',(109.434285376531,77.0741291338776,3.5402248492335));
#7948=CARTESIAN_POINT('Ctrl Pts',(109.434285376531,77.0741291338772,3.54022484923386));
#7949=CARTESIAN_POINT('Ctrl Pts',(109.433986351906,77.0783047855246,3.53731207980104));
#7950=CARTESIAN_POINT('Ctrl Pts',(109.433951662117,77.0876713397472,3.53714593006302));
#7951=CARTESIAN_POINT('Ctrl Pts',(109.436965824331,77.1103313925029,3.56567615028719));
#7952=CARTESIAN_POINT('Ctrl Pts',(109.448423555745,77.1380914124497,3.61903693603788));
#7953=CARTESIAN_POINT('Ctrl Pts',(109.475028534185,77.1648945924701,3.66928522214678));
#7954=CARTESIAN_POINT('Ctrl Pts',(109.505738932959,77.1783464784573,3.69524035500109));
#7955=CARTESIAN_POINT('Ctrl Pts',(109.523377707695,77.1810974872546,3.7));
#7956=CARTESIAN_POINT('Ctrl Pts',(109.532241950461,77.1812560050618,3.7));
#7957=CARTESIAN_POINT('',(109.434285376531,77.0741291338776,3.5402248492335));
#7958=CARTESIAN_POINT('Origin',(110.26759728952,77.2812719910204,3.69999999999994));
#7959=CARTESIAN_POINT('',(110.930453952649,77.2812719910204,3.6));
#7960=CARTESIAN_POINT('Origin',(110.930453952649,77.2812719910182,3.69999999999404));
#7961=CARTESIAN_POINT('',(109.534029948272,77.2812719910204,3.6));
#7962=CARTESIAN_POINT('',(110.930453952649,77.2812719910204,3.6));
#7963=CARTESIAN_POINT('Origin',(109.534029948272,77.2812719910204,3.69999999999993));
#7964=CARTESIAN_POINT('Origin',(109.534029948364,77.08127198178,3.69999999311475));
#7965=CARTESIAN_POINT('',(109.530453952649,77.2812400191032,3.6));
#7966=CARTESIAN_POINT('Origin',(109.530453952649,77.2812400191032,3.69999999999999));
#7967=CARTESIAN_POINT('',(109.534029948272,77.2812719910204,3.6));
#7968=CARTESIAN_POINT('Ctrl Pts',(109.43249737872,77.0669862767338,3.52011242461693));
#7969=CARTESIAN_POINT('Ctrl Pts',(109.432198354094,77.0753375800287,3.51865603990052));
#7970=CARTESIAN_POINT('Ctrl Pts',(109.432163664305,77.0940706884739,3.51857296503151));
#7971=CARTESIAN_POINT('Ctrl Pts',(109.43517782652,77.1393907939853,3.5328380751436));
#7972=CARTESIAN_POINT('Ctrl Pts',(109.446635557934,77.1949108338789,3.55951846801894));
#7973=CARTESIAN_POINT('Ctrl Pts',(109.473240536373,77.2485171939197,3.58464261107339));
#7974=CARTESIAN_POINT('Ctrl Pts',(109.503950935147,77.2754209658941,3.59762017750053));
#7975=CARTESIAN_POINT('Ctrl Pts',(109.521589709884,77.2809229834887,3.6));
#7976=CARTESIAN_POINT('Ctrl Pts',(109.530453952649,77.2812400191032,3.6));
#7977=CARTESIAN_POINT('Ctrl Pts',(109.433271835353,77.0683573193048,3.52388437752416));
#7978=CARTESIAN_POINT('Ctrl Pts',(109.432861369102,77.075904389865,3.52217017709264));
#7979=CARTESIAN_POINT('Ctrl Pts',(109.432814260789,77.0928620550896,3.5220986774918));
#7980=CARTESIAN_POINT('Ctrl Pts',(109.436935922324,77.1337832858619,3.53890003422345));
#7981=CARTESIAN_POINT('Ctrl Pts',(109.452536434312,77.1834545061532,3.56944325604411));
#7982=CARTESIAN_POINT('Ctrl Pts',(109.484744242635,77.2280732311893,3.59215626152638));
#7983=CARTESIAN_POINT('Ctrl Pts',(109.512377224203,77.2474799543825,3.59934551612864));
#7984=CARTESIAN_POINT('Ctrl Pts',(109.524816121361,77.2510863087837,3.60004887031896));
#7985=CARTESIAN_POINT('Ctrl Pts',(109.530988920343,77.2513248720566,3.6));
#7986=CARTESIAN_POINT('Ctrl Pts',(109.434196933656,77.070756634335,3.53057359670884));
#7987=CARTESIAN_POINT('Ctrl Pts',(109.433701777,77.0768963148205,3.52837892067479));
#7988=CARTESIAN_POINT('Ctrl Pts',(109.433642081544,77.0907290801516,3.52826919888593));
#7989=CARTESIAN_POINT('Ctrl Pts',(109.438619792433,77.1238901428864,3.54968703463149));
#7990=CARTESIAN_POINT('Ctrl Pts',(109.457358515782,77.163269127827,3.58881759195519));
#7991=CARTESIAN_POINT('Ctrl Pts',(109.494557897904,77.1921641332751,3.6172175017591));
#7992=CARTESIAN_POINT('Ctrl Pts',(109.520050558514,77.1990111329498,3.62491196113323));
#7993=CARTESIAN_POINT('Ctrl Pts',(109.528053723674,77.1994517582375,3.62521021486923));
#7994=CARTESIAN_POINT('Ctrl Pts',(109.53191463364,77.1995594109196,3.62513485829336));
#7995=CARTESIAN_POINT('Ctrl Pts',(109.43435732437,77.0731244369815,3.53732947524687));
#7996=CARTESIAN_POINT('Ctrl Pts',(109.433974249313,77.0778833458228,3.53463213181266));
#7997=CARTESIAN_POINT('Ctrl Pts',(109.433930488427,77.0885936765131,3.53448175501976));
#7998=CARTESIAN_POINT('Ctrl Pts',(109.437778905641,77.1143563068428,3.56087438289662));
#7999=CARTESIAN_POINT('Ctrl Pts',(109.452362469093,77.1451914773615,3.60996236792556));
#8000=CARTESIAN_POINT('Ctrl Pts',(109.483146745121,77.1704013614964,3.65365764629956));
#8001=CARTESIAN_POINT('Ctrl Pts',(109.511572648491,77.179622860369,3.67415814435284));
#8002=CARTESIAN_POINT('Ctrl Pts',(109.52536933266,77.1811335119067,3.67758249807805));
#8003=CARTESIAN_POINT('Ctrl Pts',(109.532241950461,77.1812560050618,3.67756005247436));
#8004=CARTESIAN_POINT('Ctrl Pts',(109.434285376531,77.0741291338772,3.54022484923386));
#8005=CARTESIAN_POINT('Ctrl Pts',(109.433986351906,77.0783047855246,3.53731207980104));
#8006=CARTESIAN_POINT('Ctrl Pts',(109.433951662117,77.0876713397472,3.53714593006302));
#8007=CARTESIAN_POINT('Ctrl Pts',(109.436965824331,77.1103313925029,3.56567615028719));
#8008=CARTESIAN_POINT('Ctrl Pts',(109.448423555745,77.1380914124497,3.61903693603788));
#8009=CARTESIAN_POINT('Ctrl Pts',(109.475028534185,77.1648945924701,3.66928522214678));
#8010=CARTESIAN_POINT('Ctrl Pts',(109.505738932959,77.1783464784573,3.69524035500109));
#8011=CARTESIAN_POINT('Ctrl Pts',(109.523377707695,77.1810974872546,3.7));
#8012=CARTESIAN_POINT('Ctrl Pts',(109.532241950461,77.1812560050618,3.7));
#8013=CARTESIAN_POINT('',(109.432671289229,77.0997577820334,3.52095576591413));
#8014=CARTESIAN_POINT('Ctrl Pts',(109.530453952649,77.2812400191032,3.6));
#8015=CARTESIAN_POINT('Ctrl Pts',(109.521589709884,77.2809229834887,3.6));
#8016=CARTESIAN_POINT('Ctrl Pts',(109.503950935147,77.2754209658941,3.59762017750053));
#8017=CARTESIAN_POINT('Ctrl Pts',(109.473240536373,77.2485171939197,3.58464261107339));
#8018=CARTESIAN_POINT('Ctrl Pts',(109.446635557934,77.1949108338789,3.55951846801894));
#8019=CARTESIAN_POINT('Ctrl Pts',(109.435517695801,77.1410376781159,3.53362949236356));
#8020=CARTESIAN_POINT('Ctrl Pts',(109.432945236823,77.1056372793012,3.52222828277538));
#8021=CARTESIAN_POINT('Ctrl Pts',(109.432671289229,77.0997577820334,3.52095576591413));
#8022=CARTESIAN_POINT('Ctrl Pts',(109.432670723435,77.0997526786714,3.52095311692222));
#8023=CARTESIAN_POINT('Ctrl Pts',(109.433044459833,77.0928858873242,3.52273287079602));
#8024=CARTESIAN_POINT('Ctrl Pts',(109.433347008471,77.0880967816283,3.5254003770166));
#8025=CARTESIAN_POINT('Ctrl Pts',(109.433690235468,77.0827703751248,3.5292402311253));
#8026=CARTESIAN_POINT('Ctrl Pts',(109.433815993875,77.0808843519795,3.53091151392147));
#8027=CARTESIAN_POINT('Ctrl Pts',(109.434066428533,77.0772126973202,3.53499239333407));
#8028=CARTESIAN_POINT('Ctrl Pts',(109.434181540914,77.0755803063131,3.5373905750179));
#8029=CARTESIAN_POINT('Ctrl Pts',(109.434281093204,77.0741889598022,3.54010689330871));
#8030=CARTESIAN_POINT('Ctrl Pts',(109.434283239672,77.0741589734825,3.54016582247203));
#8031=CARTESIAN_POINT('Ctrl Pts',(109.434285376531,77.0741291338737,3.54022484923151));
#8032=CARTESIAN_POINT('Origin',(109.530453952649,80.4405169859376,3.5));
#8033=CARTESIAN_POINT('',(109.530453952649,83.5812719910205,3.6));
#8034=CARTESIAN_POINT('',(109.530453952649,77.2812400191032,3.6));
#8035=CARTESIAN_POINT('',(109.430453952649,83.7812719910204,3.5));
#8036=CARTESIAN_POINT('Ctrl Pts',(109.430453952649,83.7812719910204,3.5));
#8037=CARTESIAN_POINT('Ctrl Pts',(109.430453952649,83.7363920959692,3.52243994752564));
#8038=CARTESIAN_POINT('Ctrl Pts',(109.44357912373,83.6618756523601,3.55969816933019));
#8039=CARTESIAN_POINT('Ctrl Pts',(109.485633313103,83.5949649944467,3.59315349828684));
#8040=CARTESIAN_POINT('Ctrl Pts',(109.515493987632,83.5812719910204,3.6));
#8041=CARTESIAN_POINT('Ctrl Pts',(109.530453952649,83.5812719910204,3.6));
#8042=CARTESIAN_POINT('',(109.430453952649,77.1812719910205,3.5));
#8043=CARTESIAN_POINT('',(109.430453952649,83.7812719910204,3.5));
#8044=CARTESIAN_POINT('Origin',(110.278208848326,77.2229608451363,3.42735341432583));
#8045=CARTESIAN_POINT('Origin',(110.230453952649,77.2812400191032,3.6));
#8046=CARTESIAN_POINT('',(110.930453952649,83.5812719910205,3.6));
#8047=CARTESIAN_POINT('',(110.930453952649,83.5812719910205,3.6));
#8048=CARTESIAN_POINT('',(109.530453952649,83.5812719910205,3.6));
#8049=CARTESIAN_POINT('Origin',(111.030453952649,80.4312719910205,3.9));
#8050=CARTESIAN_POINT('',(111.030453952649,83.5812719910205,3.7));
#8051=CARTESIAN_POINT('',(111.030453952649,83.5812719910205,3.7));
#8052=CARTESIAN_POINT('',(111.030453952649,77.2812719910204,3.7));
#8053=CARTESIAN_POINT('Origin',(110.930453952649,80.4312719910205,3.69999999999998));
#8054=CARTESIAN_POINT('',(111.001164630768,83.6519826691391,3.62928932188134));
#8055=CARTESIAN_POINT('Origin',(110.93045395262,83.5812719910058,3.7000000000144));
#8056=CARTESIAN_POINT('Origin',(110.93045395265,83.5812719910242,3.69999999999028));
#8057=CARTESIAN_POINT('Origin',(110.930453952649,83.5812719910205,3.8));
#8058=CARTESIAN_POINT('',(110.930453952649,83.6812719910205,3.9));
#8059=CARTESIAN_POINT('Origin',(110.930453952632,83.5812719909845,3.89999999998573));
#8060=CARTESIAN_POINT('',(110.930453952649,83.6812719910205,3.7));
#8061=CARTESIAN_POINT('',(110.930453952649,83.6812719910205,3.9));
#8062=CARTESIAN_POINT('Origin',(110.930453952642,83.5812719910081,3.70000000000481));
#8063=CARTESIAN_POINT('Ctrl Pts',(109.530453952649,83.6812719910205,3.89999999999999));
#8064=CARTESIAN_POINT('Ctrl Pts',(109.515493987632,83.6812719910205,3.89999999999999));
#8065=CARTESIAN_POINT('Ctrl Pts',(109.493181563602,83.6864721805781,3.9104003791153));
#8066=CARTESIAN_POINT('Ctrl Pts',(109.448357826847,83.7144018418418,3.96625970164264));
#8067=CARTESIAN_POINT('Ctrl Pts',(109.430453952649,83.7513520609863,4.04016013993162));
#8068=CARTESIAN_POINT('Ctrl Pts',(109.430453952649,83.7812719910204,4.1));
#8069=CARTESIAN_POINT('Ctrl Pts',(109.530453952649,83.6812719910205,3.92991993003418));
#8070=CARTESIAN_POINT('Ctrl Pts',(109.520037201982,83.6812719910205,3.92991993003418));
#8071=CARTESIAN_POINT('Ctrl Pts',(109.503751517407,83.6830686352358,3.93655144510088));
#8072=CARTESIAN_POINT('Ctrl Pts',(109.457130102596,83.7029949536727,3.97951984014446));
#8073=CARTESIAN_POINT('Ctrl Pts',(109.430453952649,83.745653026694,4.04585917422385));
#8074=CARTESIAN_POINT('Ctrl Pts',(109.430453952649,83.7812719910204,4.1));
#8075=CARTESIAN_POINT('Ctrl Pts',(109.530453952649,83.6561371136671,3.98169364483019));
#8076=CARTESIAN_POINT('Ctrl Pts',(109.523940401894,83.6561371136671,3.98169364483019));
#8077=CARTESIAN_POINT('Ctrl Pts',(109.512700999006,83.6571544736824,3.98205112274559));
#8078=CARTESIAN_POINT('Ctrl Pts',(109.463832672057,83.6810140964918,4.00312935977571));
#8079=CARTESIAN_POINT('Ctrl Pts',(109.430453952649,83.7356797166826,4.05583248423525));
#8080=CARTESIAN_POINT('Ctrl Pts',(109.430453952649,83.7812719910204,4.1));
#8081=CARTESIAN_POINT('Ctrl Pts',(109.530453952649,83.6037119385461,4.));
#8082=CARTESIAN_POINT('Ctrl Pts',(109.518856287569,83.6037119385461,4.));
#8083=CARTESIAN_POINT('Ctrl Pts',(109.501017357737,83.6113052045362,4.00266844311158));
#8084=CARTESIAN_POINT('Ctrl Pts',(109.454926951185,83.6575989149181,4.02470967583857));
#8085=CARTESIAN_POINT('Ctrl Pts',(109.430453952649,83.7257064066712,4.06580579424665));
#8086=CARTESIAN_POINT('Ctrl Pts',(109.430453952649,83.7812719910204,4.1));
#8087=CARTESIAN_POINT('Ctrl Pts',(109.530453952649,83.5812719910204,4.));
#8088=CARTESIAN_POINT('Ctrl Pts',(109.515493987632,83.5812719910204,4.));
#8089=CARTESIAN_POINT('Ctrl Pts',(109.493181563602,83.5916723701358,4.00520018955765));
#8090=CARTESIAN_POINT('Ctrl Pts',(109.448357826847,83.6475316926631,4.03312985082131));
#8091=CARTESIAN_POINT('Ctrl Pts',(109.430453952649,83.7214321309521,4.07008006996582));
#8092=CARTESIAN_POINT('Ctrl Pts',(109.430453952649,83.7812719910204,4.1));
#8093=CARTESIAN_POINT('',(109.530453952649,83.6812719910205,3.89999999999999));
#8094=CARTESIAN_POINT('Origin',(109.530453952649,83.5812719910204,3.89999999999995));
#8095=CARTESIAN_POINT('',(109.430453952649,83.7812719910204,4.1));
#8096=CARTESIAN_POINT('Ctrl Pts',(109.530453952649,83.5812719910204,4.));
#8097=CARTESIAN_POINT('Ctrl Pts',(109.515493987632,83.5812719910204,4.));
#8098=CARTESIAN_POINT('Ctrl Pts',(109.493181563602,83.5916723701358,4.00520018955765));
#8099=CARTESIAN_POINT('Ctrl Pts',(109.448357826847,83.6475316926631,4.03312985082131));
#8100=CARTESIAN_POINT('Ctrl Pts',(109.430453952649,83.7214321309521,4.07008006996582));
#8101=CARTESIAN_POINT('Ctrl Pts',(109.430453952649,83.7812719910204,4.1));
#8102=CARTESIAN_POINT('Ctrl Pts',(109.430453952649,83.7812719910204,4.1));
#8103=CARTESIAN_POINT('Ctrl Pts',(109.430453952649,83.7513520609863,4.04016013993162));
#8104=CARTESIAN_POINT('Ctrl Pts',(109.444777052007,83.7217918856707,3.98103978930044));
#8105=CARTESIAN_POINT('Ctrl Pts',(109.468132522967,83.7031120054585,3.94368002887599));
#8106=CARTESIAN_POINT('Ctrl Pts',(109.473971390707,83.6984420354054,3.93434008876987));
#8107=CARTESIAN_POINT('Ctrl Pts',(109.480374781672,83.6944520837963,3.92636018555168));
#8108=CARTESIAN_POINT('Ctrl Pts',(109.487122867208,83.6912143172172,3.91988465239341));
#8109=CARTESIAN_POINT('Ctrl Pts',(109.500619038279,83.6847387840589,3.90693358607686));
#8110=CARTESIAN_POINT('Ctrl Pts',(109.515493987632,83.6812719910205,3.89999999999999));
#8111=CARTESIAN_POINT('Ctrl Pts',(109.530453952649,83.6812719910205,3.89999999999999));
#8112=CARTESIAN_POINT('Origin',(110.265809291709,83.5812719910204,3.89999999999989));
#8113=CARTESIAN_POINT('',(109.530453952649,83.6812719910205,3.9));
#8114=CARTESIAN_POINT('Origin',(110.265809291709,83.5812719910205,3.70000000000001));
#8115=CARTESIAN_POINT('',(109.530453952649,83.6812719910205,3.7));
#8116=CARTESIAN_POINT('',(110.930453952649,83.6812719910205,3.7));
#8117=CARTESIAN_POINT('Origin',(109.530453952649,83.5812719910205,3.70000000000003));
#8118=CARTESIAN_POINT('Ctrl Pts',(109.430453952649,83.7812719910204,3.5));
#8119=CARTESIAN_POINT('Ctrl Pts',(109.430453952649,83.7588320434948,3.54487989505129));
#8120=CARTESIAN_POINT('Ctrl Pts',(109.44357912373,83.7215738216903,3.61939633866037));
#8121=CARTESIAN_POINT('Ctrl Pts',(109.485633313103,83.6881184927336,3.68630699657369));
#8122=CARTESIAN_POINT('Ctrl Pts',(109.515493987632,83.6812719910205,3.70000000000001));
#8123=CARTESIAN_POINT('Ctrl Pts',(109.530453952649,83.6812719910205,3.70000000000001));
#8124=CARTESIAN_POINT('Ctrl Pts',(109.430453952649,83.7812719910204,3.5));
#8125=CARTESIAN_POINT('Ctrl Pts',(109.430453952649,83.7545577677756,3.54060561933211));
#8126=CARTESIAN_POINT('Ctrl Pts',(109.449579506745,83.7102333834137,3.60813190560742));
#8127=CARTESIAN_POINT('Ctrl Pts',(109.498016568007,83.6830197799847,3.6617067051294));
#8128=CARTESIAN_POINT('Ctrl Pts',(109.520037201982,83.6812719910205,3.67008006996582));
#8129=CARTESIAN_POINT('Ctrl Pts',(109.530453952649,83.6812719910205,3.67008006996582));
#8130=CARTESIAN_POINT('Ctrl Pts',(109.430453952649,83.7812719910204,3.5));
#8131=CARTESIAN_POINT('Ctrl Pts',(109.430453952649,83.7470777852671,3.53312563682356));
#8132=CARTESIAN_POINT('Ctrl Pts',(109.453949429065,83.6902988469176,3.58809560577592));
#8133=CARTESIAN_POINT('Ctrl Pts',(109.508360587508,83.6565985175594,3.61877952545382));
#8134=CARTESIAN_POINT('Ctrl Pts',(109.523940401894,83.656137114736,3.61830635388723));
#8135=CARTESIAN_POINT('Ctrl Pts',(109.530453952649,83.656137114736,3.61830635388723));
#8136=CARTESIAN_POINT('Ctrl Pts',(109.430453952649,83.7812719910204,3.5));
#8137=CARTESIAN_POINT('Ctrl Pts',(109.430453952649,83.7395978027585,3.52564565431501));
#8138=CARTESIAN_POINT('Ctrl Pts',(109.448092107138,83.6704222515115,3.56809461525754));
#8139=CARTESIAN_POINT('Ctrl Pts',(109.494825785841,83.6134483417405,3.59694169495738));
#8140=CARTESIAN_POINT('Ctrl Pts',(109.518856287569,83.6037119385461,3.6));
#8141=CARTESIAN_POINT('Ctrl Pts',(109.530453952649,83.6037119385461,3.6));
#8142=CARTESIAN_POINT('Ctrl Pts',(109.430453952649,83.7812719910204,3.5));
#8143=CARTESIAN_POINT('Ctrl Pts',(109.430453952649,83.7363920959692,3.52243994752564));
#8144=CARTESIAN_POINT('Ctrl Pts',(109.44357912373,83.6618756523601,3.55969816933019));
#8145=CARTESIAN_POINT('Ctrl Pts',(109.485633313103,83.5949649944467,3.59315349828684));
#8146=CARTESIAN_POINT('Ctrl Pts',(109.515493987632,83.5812719910204,3.6));
#8147=CARTESIAN_POINT('Ctrl Pts',(109.530453952649,83.5812719910204,3.6));
#8148=CARTESIAN_POINT('Ctrl Pts',(109.530453952649,83.6812719910205,3.70000000000001));
#8149=CARTESIAN_POINT('Ctrl Pts',(109.515493987632,83.6812719910205,3.70000000000001));
#8150=CARTESIAN_POINT('Ctrl Pts',(109.500563650368,83.684695241877,3.69315349828685));
#8151=CARTESIAN_POINT('Ctrl Pts',(109.487090740396,83.6911862000134,3.68017158201408));
#8152=CARTESIAN_POINT('Ctrl Pts',(109.473617830425,83.6976771581498,3.66718966574131));
#8153=CARTESIAN_POINT('Ctrl Pts',(109.461602347747,83.707235823566,3.64807233490894));
#8154=CARTESIAN_POINT('Ctrl Pts',(109.452293030767,83.7189323383045,3.62467930543206));
#8155=CARTESIAN_POINT('Ctrl Pts',(109.438329055298,83.7364771104121,3.58958976121674));
#8156=CARTESIAN_POINT('Ctrl Pts',(109.430453952649,83.7588320434948,3.54487989505129));
#8157=CARTESIAN_POINT('Ctrl Pts',(109.430453952649,83.7812719910204,3.5));
#8158=CARTESIAN_POINT('Origin',(110.230453952649,83.6812719910205,3.9));
#8159=CARTESIAN_POINT('',(109.530453952649,83.6812719910205,3.7));
#8160=CARTESIAN_POINT('Origin',(109.530453952649,83.7812719910204,3.8));
#8161=CARTESIAN_POINT('',(109.430453952649,83.7812719910204,4.1));
#8162=CARTESIAN_POINT('Ctrl Pts',(109.530453952649,89.6812719910205,3.70000000000001));
#8163=CARTESIAN_POINT('Ctrl Pts',(109.515493987632,89.6812719910205,3.70000000000001));
#8164=CARTESIAN_POINT('Ctrl Pts',(109.493181590502,89.6760717824934,3.68959958294581));
#8165=CARTESIAN_POINT('Ctrl Pts',(109.448357869704,89.6481421130127,3.63374024398437));
#8166=CARTESIAN_POINT('Ctrl Pts',(109.430453952649,89.6111919210546,3.55983986006838));
#8167=CARTESIAN_POINT('Ctrl Pts',(109.430453952649,89.5812719910205,3.5));
#8168=CARTESIAN_POINT('Ctrl Pts',(109.530453952649,89.6812719910205,3.67008006996582));
#8169=CARTESIAN_POINT('Ctrl Pts',(109.520037201982,89.6812719910205,3.67008006996582));
#8170=CARTESIAN_POINT('Ctrl Pts',(109.503751583623,89.6794753464244,3.66344853496627));
#8171=CARTESIAN_POINT('Ctrl Pts',(109.457130212101,89.6595490084965,3.62048012028664));
#8172=CARTESIAN_POINT('Ctrl Pts',(109.430453952649,89.6168909553469,3.55414082577615));
#8173=CARTESIAN_POINT('Ctrl Pts',(109.430453952649,89.5812719910205,3.5));
#8174=CARTESIAN_POINT('Ctrl Pts',(109.530453952649,89.7064068828989,3.61830637259788));
#8175=CARTESIAN_POINT('Ctrl Pts',(109.523940401894,89.7064068828989,3.61830637259788));
#8176=CARTESIAN_POINT('Ctrl Pts',(109.512701007084,89.705389461703,3.61794883495875));
#8177=CARTESIAN_POINT('Ctrl Pts',(109.463832761505,89.6815297880486,3.59687054603176));
#8178=CARTESIAN_POINT('Ctrl Pts',(109.430453952649,89.6268642653583,3.54416751576475));
#8179=CARTESIAN_POINT('Ctrl Pts',(109.430453952649,89.5812719910205,3.5));
#8180=CARTESIAN_POINT('Ctrl Pts',(109.530453952649,89.7588320434948,3.6));
#8181=CARTESIAN_POINT('Ctrl Pts',(109.518856287569,89.7588320434948,3.6));
#8182=CARTESIAN_POINT('Ctrl Pts',(109.501017386735,89.751238730299,3.59733152686311));
#8183=CARTESIAN_POINT('Ctrl Pts',(109.454927020294,89.7049449913661,3.57529026670196));
#8184=CARTESIAN_POINT('Ctrl Pts',(109.430453952649,89.6368375753697,3.53419420575335));
#8185=CARTESIAN_POINT('Ctrl Pts',(109.430453952649,89.5812719910205,3.5));
#8186=CARTESIAN_POINT('Ctrl Pts',(109.530453952649,89.7812719910205,3.6));
#8187=CARTESIAN_POINT('Ctrl Pts',(109.515493987632,89.7812719910205,3.6));
#8188=CARTESIAN_POINT('Ctrl Pts',(109.493181590502,89.7708715739663,3.5947997914729));
#8189=CARTESIAN_POINT('Ctrl Pts',(109.448357869704,89.7150122350048,3.56687012199219));
#8190=CARTESIAN_POINT('Ctrl Pts',(109.430453952649,89.6411118510889,3.52991993003418));
#8191=CARTESIAN_POINT('Ctrl Pts',(109.430453952649,89.5812719910205,3.5));
#8192=CARTESIAN_POINT('',(109.530453952649,89.6812719910205,3.70000000000001));
#8193=CARTESIAN_POINT('',(109.530453952649,89.7812719910205,3.6));
#8194=CARTESIAN_POINT('Origin',(109.530453952649,89.7812719910205,3.70000000000002));
#8195=CARTESIAN_POINT('',(109.430453952649,89.5812719910205,3.5));
#8196=CARTESIAN_POINT('Ctrl Pts',(109.530453952649,89.7812719910205,3.6));
#8197=CARTESIAN_POINT('Ctrl Pts',(109.515493987632,89.7812719910205,3.6));
#8198=CARTESIAN_POINT('Ctrl Pts',(109.493181590502,89.7708715739663,3.5947997914729));
#8199=CARTESIAN_POINT('Ctrl Pts',(109.448357869704,89.7150122350048,3.56687012199219));
#8200=CARTESIAN_POINT('Ctrl Pts',(109.430453952649,89.6411118510889,3.52991993003419));
#8201=CARTESIAN_POINT('Ctrl Pts',(109.430453952649,89.5812719910205,3.50000000000001));
#8202=CARTESIAN_POINT('Ctrl Pts',(109.430453952649,89.5812719910205,3.5));
#8203=CARTESIAN_POINT('Ctrl Pts',(109.430453952649,89.6111919210546,3.55983986006838));
#8204=CARTESIAN_POINT('Ctrl Pts',(109.444777086293,89.6407520746211,3.61896016720117));
#8205=CARTESIAN_POINT('Ctrl Pts',(109.468132556815,89.6594319542398,3.65631992643868));
#8206=CARTESIAN_POINT('Ctrl Pts',(109.473971424446,89.6641019241445,3.66565986624805));
#8207=CARTESIAN_POINT('Ctrl Pts',(109.480374813131,89.6680918769275,3.67363977181397));
#8208=CARTESIAN_POINT('Ctrl Pts',(109.487122894158,89.6713296463969,3.68011531075283));
#8209=CARTESIAN_POINT('Ctrl Pts',(109.500619056212,89.6778051853358,3.69306638863054));
#8210=CARTESIAN_POINT('Ctrl Pts',(109.515493987632,89.6812719910205,3.70000000000001));
#8211=CARTESIAN_POINT('Ctrl Pts',(109.530453952649,89.6812719910205,3.70000000000001));
#8212=CARTESIAN_POINT('Origin',(110.265809291709,89.7812719910205,3.70000000000016));
#8213=CARTESIAN_POINT('',(110.930453952649,89.7812719910204,3.6));
#8214=CARTESIAN_POINT('',(111.001164630768,89.7105613129018,3.62928932188134));
#8215=CARTESIAN_POINT('Origin',(110.930453952647,89.7812719910203,3.69999999999879));
#8216=CARTESIAN_POINT('',(110.930453952649,89.7812719910204,3.6));
#8217=CARTESIAN_POINT('',(110.930453952649,89.6812719910205,3.7));
#8218=CARTESIAN_POINT('',(109.530453952649,89.6812719910205,3.7));
#8219=CARTESIAN_POINT('Origin',(110.930453952636,89.7812719910469,3.70000000001048));
#8220=CARTESIAN_POINT('Origin',(109.530453952649,92.9220269961033,3.49999999999999));
#8221=CARTESIAN_POINT('',(109.530453952657,96.0813039629371,3.6));
#8222=CARTESIAN_POINT('',(109.530453952649,89.7812719910205,3.6));
#8223=CARTESIAN_POINT('',(109.432672543428,96.2627631684963,3.52095796363026));
#8224=CARTESIAN_POINT('Ctrl Pts',(109.43267340896,96.2627490013158,3.52096198030622));
#8225=CARTESIAN_POINT('Ctrl Pts',(109.432944503855,96.256844127712,3.52221594837627));
#8226=CARTESIAN_POINT('Ctrl Pts',(109.434414153687,96.236220220419,3.52869915983791));
#8227=CARTESIAN_POINT('Ctrl Pts',(109.440994628664,96.1921320215394,3.54761060605872));
#8228=CARTESIAN_POINT('Ctrl Pts',(109.456458429439,96.1449941586646,3.57002921963729));
#8229=CARTESIAN_POINT('Ctrl Pts',(109.480936398,96.1073719507696,3.58796161094026));
#8230=CARTESIAN_POINT('Ctrl Pts',(109.50394319041,96.0871396789255,3.59757434062632));
#8231=CARTESIAN_POINT('Ctrl Pts',(109.521589892141,96.0816209920323,3.60000000000067));
#8232=CARTESIAN_POINT('Ctrl Pts',(109.530453952657,96.0813039629374,3.6));
#8233=CARTESIAN_POINT('',(109.430453952649,96.1812719910205,3.5));
#8234=CARTESIAN_POINT('Origin',(110.27820868047,96.1395831526247,3.42735343063721));
#8235=CARTESIAN_POINT('',(109.430453952649,96.1812719910205,3.5));
#8236=CARTESIAN_POINT('Origin',(110.230453952649,89.7812719910204,3.6));
#8237=CARTESIAN_POINT('',(110.930453952649,96.0812719910205,3.6));
#8238=CARTESIAN_POINT('',(110.930453952649,96.0812719910205,3.6));
#8239=CARTESIAN_POINT('',(109.534029948272,96.0812719910205,3.6));
#8240=CARTESIAN_POINT('',(109.534029948272,96.0812719910205,3.6));
#8241=CARTESIAN_POINT('',(109.530453952657,96.0813039629375,3.6));
#8242=CARTESIAN_POINT('Origin',(110.930453952649,92.9312719910205,3.69999999999997));
#8243=CARTESIAN_POINT('',(111.030453952649,89.7812719910204,3.7));
#8244=CARTESIAN_POINT('Origin',(110.930453952681,89.7812719910087,3.69999999998786));
#8245=CARTESIAN_POINT('',(111.030453952649,96.0812719910205,3.7));
#8246=CARTESIAN_POINT('',(111.030453952649,89.7812719910204,3.7));
#8247=CARTESIAN_POINT('',(111.001164630768,96.1519826691391,3.62928932188135));
#8248=CARTESIAN_POINT('Origin',(110.930453952655,96.0812719910227,3.69999999999788));
#8249=CARTESIAN_POINT('Origin',(110.930453952647,96.0812719910205,3.69999999999889));
#8250=CARTESIAN_POINT('Origin',(110.930453952649,89.7812719910204,3.8));
#8251=CARTESIAN_POINT('',(110.930453952649,89.6812719910205,3.9));
#8252=CARTESIAN_POINT('',(110.930453952649,89.6812719910205,3.7));
#8253=CARTESIAN_POINT('',(111.001164630768,89.7105613129018,3.97071067811865));
#8254=CARTESIAN_POINT('Origin',(110.930453952641,89.7812719910364,3.89999999999372));
#8255=CARTESIAN_POINT('',(111.030453952649,89.7812719910204,3.9));
#8256=CARTESIAN_POINT('Origin',(110.930453952599,89.7812719910438,3.89999999997712));
#8257=CARTESIAN_POINT('',(111.030453952649,89.7812719910204,3.9));
#8258=CARTESIAN_POINT('Origin',(111.030453952649,92.9312719910205,3.9));
#8259=CARTESIAN_POINT('',(111.030453952649,96.0812719910205,3.9));
#8260=CARTESIAN_POINT('',(111.030453952649,96.0812719910205,3.9));
#8261=CARTESIAN_POINT('',(111.030453952649,96.0812719910205,3.7));
#8262=CARTESIAN_POINT('Origin',(110.930453952649,92.9312719910205,3.90000000000004));
#8263=CARTESIAN_POINT('',(110.930453952649,89.7812719910204,4.));
#8264=CARTESIAN_POINT('Origin',(110.93045395265,89.7812719910176,3.90000000000739));
#8265=CARTESIAN_POINT('',(110.930453952649,96.0812719910205,4.));
#8266=CARTESIAN_POINT('',(110.930453952649,89.7812719910204,4.));
#8267=CARTESIAN_POINT('',(111.001164630768,96.1519826691391,3.97071067811866));
#8268=CARTESIAN_POINT('Origin',(110.930453952641,96.0812719910153,3.89999999998728));
#8269=CARTESIAN_POINT('Origin',(110.930453952629,96.0812719910109,3.89999999999055));
#8270=CARTESIAN_POINT('Ctrl Pts',(109.430453952649,89.5812719910205,4.1));
#8271=CARTESIAN_POINT('Ctrl Pts',(109.430453952649,89.6037119385461,4.05512010494871));
#8272=CARTESIAN_POINT('Ctrl Pts',(109.443579148352,89.6409701497105,3.98060368261995));
#8273=CARTESIAN_POINT('Ctrl Pts',(109.485633325865,89.6744254817787,3.91369301848349));
#8274=CARTESIAN_POINT('Ctrl Pts',(109.515493987632,89.6812719910205,3.89999999999999));
#8275=CARTESIAN_POINT('Ctrl Pts',(109.530453952649,89.6812719910205,3.89999999999999));
#8276=CARTESIAN_POINT('Ctrl Pts',(109.430453952649,89.5812719910205,4.1));
#8277=CARTESIAN_POINT('Ctrl Pts',(109.430453952649,89.6079862142653,4.05939438066789));
#8278=CARTESIAN_POINT('Ctrl Pts',(109.449579565251,89.6523107045174,3.99186804602583));
#8279=CARTESIAN_POINT('Ctrl Pts',(109.498016595598,89.6795242788911,3.93829325831829));
#8280=CARTESIAN_POINT('Ctrl Pts',(109.520037201982,89.6812719910205,3.92991993003418));
#8281=CARTESIAN_POINT('Ctrl Pts',(109.530453952649,89.6812719910205,3.92991993003418));
#8282=CARTESIAN_POINT('Ctrl Pts',(109.430453952649,89.5812719910205,4.1));
#8283=CARTESIAN_POINT('Ctrl Pts',(109.430453952649,89.6154661967738,4.06687436317644));
#8284=CARTESIAN_POINT('Ctrl Pts',(109.453949428424,89.6722451915932,4.01190432345232));
#8285=CARTESIAN_POINT('Ctrl Pts',(109.508360521195,89.7059455260939,3.98122040203594));
#8286=CARTESIAN_POINT('Ctrl Pts',(109.523940401894,89.706406883906,3.98169362619379));
#8287=CARTESIAN_POINT('Ctrl Pts',(109.530453952649,89.706406883906,3.98169362619379));
#8288=CARTESIAN_POINT('Ctrl Pts',(109.430453952649,89.5812719910205,4.1));
#8289=CARTESIAN_POINT('Ctrl Pts',(109.430453952649,89.6229461792824,4.07435434568499));
#8290=CARTESIAN_POINT('Ctrl Pts',(109.448092139669,89.6921217230997,4.03190535032565));
#8291=CARTESIAN_POINT('Ctrl Pts',(109.494825783931,89.7490956414252,4.00305827404231));
#8292=CARTESIAN_POINT('Ctrl Pts',(109.518856287569,89.7588320434948,4.));
#8293=CARTESIAN_POINT('Ctrl Pts',(109.530453952649,89.7588320434948,4.));
#8294=CARTESIAN_POINT('Ctrl Pts',(109.430453952649,89.5812719910205,4.1));
#8295=CARTESIAN_POINT('Ctrl Pts',(109.430453952649,89.6261518860718,4.07756005247436));
#8296=CARTESIAN_POINT('Ctrl Pts',(109.443579148352,89.7006683084005,4.04030184130997));
#8297=CARTESIAN_POINT('Ctrl Pts',(109.485633325865,89.767578972537,4.00684650924175));
#8298=CARTESIAN_POINT('Ctrl Pts',(109.515493987632,89.7812719910205,4.));
#8299=CARTESIAN_POINT('Ctrl Pts',(109.530453952649,89.7812719910205,4.));
#8300=CARTESIAN_POINT('',(109.530453952649,89.7812719910205,4.));
#8301=CARTESIAN_POINT('',(109.530453952649,89.6812719910205,3.89999999999999));
#8302=CARTESIAN_POINT('Origin',(109.530453952649,89.7812719910205,3.89999999999998));
#8303=CARTESIAN_POINT('',(109.430453952649,89.5812719910205,4.1));
#8304=CARTESIAN_POINT('Ctrl Pts',(109.530453952649,89.6812719910205,3.89999999999999));
#8305=CARTESIAN_POINT('Ctrl Pts',(109.515493987632,89.6812719910205,3.89999999999999));
#8306=CARTESIAN_POINT('Ctrl Pts',(109.500563656749,89.6778487363996,3.90684650924174));
#8307=CARTESIAN_POINT('Ctrl Pts',(109.487090751662,89.6713577759365,3.91982843016782));
#8308=CARTESIAN_POINT('Ctrl Pts',(109.473617846576,89.6648668154735,3.93281035109391));
#8309=CARTESIAN_POINT('Ctrl Pts',(109.461602367286,89.6553081491683,3.95192768370432));
#8310=CARTESIAN_POINT('Ctrl Pts',(109.4522930484,89.6436116355989,3.97532071084318));
#8311=CARTESIAN_POINT('Ctrl Pts',(109.438329070071,89.6260668652448,4.01041025155145));
#8312=CARTESIAN_POINT('Ctrl Pts',(109.430453952649,89.6037119385461,4.05512010494871));
#8313=CARTESIAN_POINT('Ctrl Pts',(109.430453952649,89.5812719910205,4.1));
#8314=CARTESIAN_POINT('Ctrl Pts',(109.430453952649,89.5812719910205,4.1));
#8315=CARTESIAN_POINT('Ctrl Pts',(109.430453952649,89.6261518860718,4.07756005247436));
#8316=CARTESIAN_POINT('Ctrl Pts',(109.443579148352,89.7006683084005,4.04030184130997));
#8317=CARTESIAN_POINT('Ctrl Pts',(109.485633325865,89.767578972537,4.00684650924175));
#8318=CARTESIAN_POINT('Ctrl Pts',(109.515493987632,89.7812719910205,4.));
#8319=CARTESIAN_POINT('Ctrl Pts',(109.530453952649,89.7812719910205,4.));
#8320=CARTESIAN_POINT('Origin',(110.265809291709,89.7812719910205,3.89999999999988));
#8321=CARTESIAN_POINT('',(110.930453952649,89.6812719910205,3.9));
#8322=CARTESIAN_POINT('',(109.530453952649,89.7812719910204,4.));
#8323=CARTESIAN_POINT('Origin',(109.530453952649,89.5812719910205,3.8));
#8324=CARTESIAN_POINT('',(109.430453952649,89.5812719910205,3.5));
#8325=CARTESIAN_POINT('',(109.530453952649,89.6812719910205,3.89999999999999));
#8326=CARTESIAN_POINT('Origin',(110.230453952649,89.6812719910205,3.9));
#8327=CARTESIAN_POINT('Origin',(110.930453952649,96.0812719910205,3.80000000000001));
#8328=CARTESIAN_POINT('',(110.930453952649,96.1812719910205,3.9));
#8329=CARTESIAN_POINT('Origin',(110.930453952648,96.0812719910253,3.90000000000225));
#8330=CARTESIAN_POINT('',(110.930453952649,96.1812719910205,3.7));
#8331=CARTESIAN_POINT('',(110.930453952649,96.1812719910205,3.9));
#8332=CARTESIAN_POINT('Origin',(110.930453952636,96.0812719909958,3.70000000000985));
#8333=CARTESIAN_POINT('Origin',(110.26759728952,96.0812719910205,3.70000000000001));
#8334=CARTESIAN_POINT('',(109.534029948272,96.1812719910205,3.7));
#8335=CARTESIAN_POINT('',(110.930453952649,96.1812719910205,3.7));
#8336=CARTESIAN_POINT('Origin',(109.534029948272,96.0812719910205,3.70000000000003));
#8337=CARTESIAN_POINT('Origin',(109.534029948394,96.2812720053161,3.69999999022716));
#8338=CARTESIAN_POINT('',(109.532241950461,96.1812879769791,3.7));
#8339=CARTESIAN_POINT('Origin',(109.530453952645,96.0813039629378,3.70000000000003));
#8340=CARTESIAN_POINT('',(109.534029948272,96.1812719910204,3.7));
#8341=CARTESIAN_POINT('Ctrl Pts',(109.434285376531,96.2884148481633,3.54022484923349));
#8342=CARTESIAN_POINT('Ctrl Pts',(109.433986431072,96.2842403020107,3.53731285095027));
#8343=CARTESIAN_POINT('Ctrl Pts',(109.433960648792,96.2749201744623,3.53724768351478));
#8344=CARTESIAN_POINT('Ctrl Pts',(109.435939953852,96.2596244482421,3.5558912744531));
#8345=CARTESIAN_POINT('Ctrl Pts',(109.442782626476,96.2367020062799,3.59522121211753));
#8346=CARTESIAN_POINT('Ctrl Pts',(109.45824642725,96.2131330748425,3.64005843927453));
#8347=CARTESIAN_POINT('Ctrl Pts',(109.482724395811,96.194321970895,3.6759232218805));
#8348=CARTESIAN_POINT('Ctrl Pts',(109.505731188222,96.184205834973,3.69514868125263));
#8349=CARTESIAN_POINT('Ctrl Pts',(109.523377889952,96.1814464915264,3.70000000000135));
#8350=CARTESIAN_POINT('Ctrl Pts',(109.532241950468,96.1812879769789,3.7));
#8351=CARTESIAN_POINT('Ctrl Pts',(109.434381306983,96.289754444024,3.53636435058422));
#8352=CARTESIAN_POINT('Ctrl Pts',(109.433970271669,96.2848024317974,3.5337395166252));
#8353=CARTESIAN_POINT('Ctrl Pts',(109.433928453744,96.2736921491582,3.53369148790406));
#8354=CARTESIAN_POINT('Ctrl Pts',(109.436666075774,96.2555847871244,3.55049604164184));
#8355=CARTESIAN_POINT('Ctrl Pts',(109.44589635761,96.2289096501756,3.58573933796938));
#8356=CARTESIAN_POINT('Ctrl Pts',(109.4661766305,96.2038800620603,3.62471991380234));
#8357=CARTESIAN_POINT('Ctrl Pts',(109.492929863601,96.1883423864121,3.65331831148277));
#8358=CARTESIAN_POINT('Ctrl Pts',(109.513552710869,96.1824319493816,3.66709084999762));
#8359=CARTESIAN_POINT('Ctrl Pts',(109.526068956081,96.1813971234373,3.67011091269063));
#8360=CARTESIAN_POINT('Ctrl Pts',(109.532241950466,96.181287976979,3.67008006996579));
#8361=CARTESIAN_POINT('Ctrl Pts',(109.434111136782,96.2921300967841,3.52960850461317));
#8362=CARTESIAN_POINT('Ctrl Pts',(109.433616280706,96.2857910490361,3.527486182249));
#8363=CARTESIAN_POINT('Ctrl Pts',(109.433561829027,96.2715965887718,3.52744656635974));
#8364=CARTESIAN_POINT('Ctrl Pts',(109.436869866281,96.2484338259582,3.54101584018165));
#8365=CARTESIAN_POINT('Ctrl Pts',(109.447896106056,96.2143744831418,3.56903781366455));
#8366=CARTESIAN_POINT('Ctrl Pts',(109.472016727766,96.1824913384298,3.59767024166267));
#8367=CARTESIAN_POINT('Ctrl Pts',(109.500946981848,96.1634446631022,3.61376499136524));
#8368=CARTESIAN_POINT('Ctrl Pts',(109.519801087873,96.1570034596726,3.61841311853024));
#8369=CARTESIAN_POINT('Ctrl Pts',(109.527931790241,96.156280213619,3.61838633078154));
#8370=CARTESIAN_POINT('Ctrl Pts',(109.531792538863,96.1561570872617,3.61830639166926));
#8371=CARTESIAN_POINT('Ctrl Pts',(109.433078221195,96.2945294233781,3.52294138929715));
#8372=CARTESIAN_POINT('Ctrl Pts',(109.43269575581,96.2867833430992,3.52129207469993));
#8373=CARTESIAN_POINT('Ctrl Pts',(109.432658416023,96.269478213732,3.52126479416749));
#8374=CARTESIAN_POINT('Ctrl Pts',(109.43520275704,96.2411164132544,3.53181690037383));
#8375=CARTESIAN_POINT('Ctrl Pts',(109.443824031734,96.1988117765576,3.55376774535984));
#8376=CARTESIAN_POINT('Ctrl Pts',(109.462852165231,96.1562559153675,3.57704027801238));
#8377=CARTESIAN_POINT('Ctrl Pts',(109.488955247202,96.1241956990563,3.59241036937785));
#8378=CARTESIAN_POINT('Ctrl Pts',(109.510143778048,96.108083468275,3.59889449988548));
#8379=CARTESIAN_POINT('Ctrl Pts',(109.523982942514,96.1039994129442,3.60003590081902));
#8380=CARTESIAN_POINT('Ctrl Pts',(109.530855178426,96.1037403232224,3.59999999999997));
#8381=CARTESIAN_POINT('Ctrl Pts',(109.43249737872,96.2955577053062,3.52011242461675));
#8382=CARTESIAN_POINT('Ctrl Pts',(109.43219843326,96.2872086130009,3.51865642547513));
#8383=CARTESIAN_POINT('Ctrl Pts',(109.43217265098,96.2685683579042,3.51862384175738));
#8384=CARTESIAN_POINT('Ctrl Pts',(109.434151956041,96.2379769054637,3.52794563722655));
#8385=CARTESIAN_POINT('Ctrl Pts',(109.440994628664,96.1921320215394,3.54761060605872));
#8386=CARTESIAN_POINT('Ctrl Pts',(109.456458429439,96.1449941586646,3.57002921963729));
#8387=CARTESIAN_POINT('Ctrl Pts',(109.480936398,96.1073719507696,3.58796161094026));
#8388=CARTESIAN_POINT('Ctrl Pts',(109.50394319041,96.0871396789255,3.59757434062632));
#8389=CARTESIAN_POINT('Ctrl Pts',(109.521589892141,96.0816209920323,3.60000000000067));
#8390=CARTESIAN_POINT('Ctrl Pts',(109.530453952657,96.0813039629374,3.6));
#8391=CARTESIAN_POINT('',(109.434285376492,96.2884148476113,3.54022484846342));
#8392=CARTESIAN_POINT('Ctrl Pts',(109.532241950461,96.1812879769774,3.7));
#8393=CARTESIAN_POINT('Ctrl Pts',(109.52690294328,96.1813834535719,3.69999999999998));
#8394=CARTESIAN_POINT('Ctrl Pts',(109.521575259375,96.1819105894691,3.69911927122937));
#8395=CARTESIAN_POINT('Ctrl Pts',(109.516384729548,96.1828410697791,3.6974550702633));
#8396=CARTESIAN_POINT('Ctrl Pts',(109.51295726576,96.1834554940622,3.69635614804582));
#8397=CARTESIAN_POINT('Ctrl Pts',(109.50958604152,96.1842454349956,3.69491445322563));
#8398=CARTESIAN_POINT('Ctrl Pts',(109.506305624164,96.1851920146834,3.69315685136453));
#8399=CARTESIAN_POINT('Ctrl Pts',(109.499564629839,96.1871371599531,3.68954512063522));
#8400=CARTESIAN_POINT('Ctrl Pts',(109.493206374254,96.1897445759574,3.68459852617621));
#8401=CARTESIAN_POINT('Ctrl Pts',(109.4873513419,96.1928349642315,3.67871574880485));
#8402=CARTESIAN_POINT('Ctrl Pts',(109.478882725346,96.197304847865,3.67020700234351));
#8403=CARTESIAN_POINT('Ctrl Pts',(109.471468788373,96.2027680193402,3.65975310194179));
#8404=CARTESIAN_POINT('Ctrl Pts',(109.465119328557,96.2088059542136,3.64825304119541));
#8405=CARTESIAN_POINT('Ctrl Pts',(109.46363501589,96.2102174417224,3.64556467299768));
#8406=CARTESIAN_POINT('Ctrl Pts',(109.462203671705,96.2116659113745,3.64281882182509));
#8407=CARTESIAN_POINT('Ctrl Pts',(109.460837442801,96.2131334766335,3.64002332837546));
#8408=CARTESIAN_POINT('Ctrl Pts',(109.459789496839,96.2142591511693,3.63787908588127));
#8409=CARTESIAN_POINT('Ctrl Pts',(109.45876968007,96.2154068772581,3.63570563668417));
#8410=CARTESIAN_POINT('Ctrl Pts',(109.457783895373,96.2165685180277,3.63350651913567));
#8411=CARTESIAN_POINT('Ctrl Pts',(109.450765289618,96.2248391866784,3.61784920661333));
#8412=CARTESIAN_POINT('Ctrl Pts',(109.445368634318,96.2338843931347,3.60091965734911));
#8413=CARTESIAN_POINT('Ctrl Pts',(109.441465295085,96.2434330563051,3.58393298073272));
#8414=CARTESIAN_POINT('Ctrl Pts',(109.439659372241,96.2478508503857,3.5760739078902));
#8415=CARTESIAN_POINT('Ctrl Pts',(109.438168587514,96.2523730557605,3.56820424541016));
#8416=CARTESIAN_POINT('Ctrl Pts',(109.436974994754,96.2571818271046,3.56076523437732));
#8417=CARTESIAN_POINT('Ctrl Pts',(109.436458333729,96.2592633617901,3.55754516871332));
#8418=CARTESIAN_POINT('Ctrl Pts',(109.435999899728,96.261395468759,3.55446172326206));
#8419=CARTESIAN_POINT('Ctrl Pts',(109.435605819033,96.263588926141,3.55148711466566));
#8420=CARTESIAN_POINT('Ctrl Pts',(109.435041996085,96.2667271707329,3.54723125384192));
#8421=CARTESIAN_POINT('Ctrl Pts',(109.4346035197,96.2699802755451,3.54317860209024));
#8422=CARTESIAN_POINT('Ctrl Pts',(109.434325342649,96.273591390952,3.5405807367718));
#8423=CARTESIAN_POINT('Ctrl Pts',(109.434130230988,96.2761242049238,3.53875861013391));
#8424=CARTESIAN_POINT('Ctrl Pts',(109.434024680393,96.2787873366067,3.53759622514954));
#8425=CARTESIAN_POINT('Ctrl Pts',(109.434030155677,96.2814756597263,3.53765332376713));
#8426=CARTESIAN_POINT('Ctrl Pts',(109.434034972369,96.2838406189402,3.53770355429961));
#8427=CARTESIAN_POINT('Ctrl Pts',(109.43412584887,96.2861871653766,3.53867090597108));
#8428=CARTESIAN_POINT('Ctrl Pts',(109.434285376479,96.2884148474313,3.54022484872282));
#8429=CARTESIAN_POINT('Ctrl Pts',(109.434285376501,96.2884148477448,3.54022484839596));
#8430=CARTESIAN_POINT('Ctrl Pts',(109.434283255485,96.288385229371,3.54016596515121));
#8431=CARTESIAN_POINT('Ctrl Pts',(109.434281125366,96.2883554715357,3.54010719783618));
#8432=CARTESIAN_POINT('Ctrl Pts',(109.434182081045,96.2869712330965,3.53739179449885));
#8433=CARTESIAN_POINT('Ctrl Pts',(109.434067461673,96.2853459914963,3.53500718877853));
#8434=CARTESIAN_POINT('Ctrl Pts',(109.433817952327,96.2816887126108,3.5309387216814));
#8435=CARTESIAN_POINT('Ctrl Pts',(109.433692522062,96.2798081436512,3.52926759438601));
#8436=CARTESIAN_POINT('Ctrl Pts',(109.433306272132,96.2738168436519,3.52492913357197));
#8437=CARTESIAN_POINT('Ctrl Pts',(109.433002131113,96.2688803085681,3.52251728541295));
#8438=CARTESIAN_POINT('Ctrl Pts',(109.432670771075,96.2627921786752,3.52094973867057));
#8439=CARTESIAN_POINT('Origin',(109.534029948275,96.2812719910212,3.8000501941826));
#8440=CARTESIAN_POINT('',(109.534029948272,96.1812719910205,3.9));
#8441=CARTESIAN_POINT('',(109.534029948272,96.1812719910205,3.7));
#8442=CARTESIAN_POINT('',(109.532241950461,96.1812879769791,3.9));
#8443=CARTESIAN_POINT('',(109.532241950461,96.1812879769791,3.9));
#8444=CARTESIAN_POINT('',(109.434285376531,96.2884148481633,4.05977515076651));
#8445=CARTESIAN_POINT('Ctrl Pts',(109.434285376531,96.2884148481638,4.05977515076619));
#8446=CARTESIAN_POINT('Ctrl Pts',(109.433986351906,96.2842391965163,4.062687920199));
#8447=CARTESIAN_POINT('Ctrl Pts',(109.433955263464,96.274932513215,4.06277999505902));
#8448=CARTESIAN_POINT('Ctrl Pts',(109.435949490261,96.2595994564615,4.04405693405955));
#8449=CARTESIAN_POINT('Ctrl Pts',(109.44081706438,96.2432494032182,4.01605635903689));
#8450=CARTESIAN_POINT('Ctrl Pts',(109.453731625532,96.2189024073744,3.97117418289346));
#8451=CARTESIAN_POINT('Ctrl Pts',(109.475037161641,96.1977569395863,3.93055364376042));
#8452=CARTESIAN_POINT('Ctrl Pts',(109.505736958804,96.1841650797187,3.90480248730131));
#8453=CARTESIAN_POINT('Ctrl Pts',(109.523377707695,96.1814464947863,3.9));
#8454=CARTESIAN_POINT('Ctrl Pts',(109.532241950461,96.1812879769791,3.9));
#8455=CARTESIAN_POINT('',(109.434285376531,96.2884148481633,4.05977515076651));
#8456=CARTESIAN_POINT('Origin',(110.26759728952,96.0812719910205,3.89999999999998));
#8457=CARTESIAN_POINT('',(109.534029948272,96.0812719910205,4.));
#8458=CARTESIAN_POINT('',(110.930453952649,96.0812719910205,4.));
#8459=CARTESIAN_POINT('Origin',(109.534029948272,96.0812719910205,3.89999999999999));
#8460=CARTESIAN_POINT('',(109.534029948272,96.1812719910205,3.9));
#8461=CARTESIAN_POINT('Origin',(109.534029948395,96.2812720036588,3.9000000066158));
#8462=CARTESIAN_POINT('',(109.530453952649,96.0813039629377,4.));
#8463=CARTESIAN_POINT('Origin',(109.530453952649,96.0813039629377,3.89999999999996));
#8464=CARTESIAN_POINT('',(109.534029948272,96.0812719910204,4.));
#8465=CARTESIAN_POINT('Origin',(110.232241950461,96.1812719910205,3.9));
#8466=CARTESIAN_POINT('Ctrl Pts',(109.43249737872,96.2955577053071,4.07988757538309));
#8467=CARTESIAN_POINT('Ctrl Pts',(109.432198354094,96.2872064020122,4.0813439600995));
#8468=CARTESIAN_POINT('Ctrl Pts',(109.432167265653,96.2685930354097,4.08138999752951));
#8469=CARTESIAN_POINT('Ctrl Pts',(109.434161492449,96.2379269219025,4.07202846702977));
#8470=CARTESIAN_POINT('Ctrl Pts',(109.439029066568,96.205226815416,4.05802817951846));
#8471=CARTESIAN_POINT('Ctrl Pts',(109.451943627721,96.1565328237282,4.03558709144668));
#8472=CARTESIAN_POINT('Ctrl Pts',(109.47324916383,96.1142418881522,4.01527682188022));
#8473=CARTESIAN_POINT('Ctrl Pts',(109.503948960992,96.0870581684169,4.00240124365066));
#8474=CARTESIAN_POINT('Ctrl Pts',(109.521589709884,96.0816209985522,4.));
#8475=CARTESIAN_POINT('Ctrl Pts',(109.530453952649,96.0813039629377,4.));
#8476=CARTESIAN_POINT('Ctrl Pts',(109.433271835353,96.2941866627362,4.07611562247587));
#8477=CARTESIAN_POINT('Ctrl Pts',(109.432861369102,96.2866395921759,4.07782982290738));
#8478=CARTESIAN_POINT('Ctrl Pts',(109.432822106542,96.2697952754473,4.07786403830346));
#8479=CARTESIAN_POINT('Ctrl Pts',(109.435542018459,96.2420892511398,4.0668209057737));
#8480=CARTESIAN_POINT('Ctrl Pts',(109.442184945062,96.212757532914,4.05068028462839));
#8481=CARTESIAN_POINT('Ctrl Pts',(109.45894839299,96.1697954374741,4.02612120608914));
#8482=CARTESIAN_POINT('Ctrl Pts',(109.484756653736,96.1346728160294,4.00775786164871));
#8483=CARTESIAN_POINT('Ctrl Pts',(109.512372038356,96.1150001405183,4.0006706166855));
#8484=CARTESIAN_POINT('Ctrl Pts',(109.524816121361,96.1114576732572,3.99995112968104));
#8485=CARTESIAN_POINT('Ctrl Pts',(109.530988920343,96.1112191099843,4.));
#8486=CARTESIAN_POINT('Ctrl Pts',(109.434196933626,96.2917873477071,4.06942640328846));
#8487=CARTESIAN_POINT('Ctrl Pts',(109.43370177697,96.2856476672216,4.07162107932251));
#8488=CARTESIAN_POINT('Ctrl Pts',(109.433657437165,96.2719221681783,4.07169283446494));
#8489=CARTESIAN_POINT('Ctrl Pts',(109.436923690352,96.2494154590792,4.05757621682468));
#8490=CARTESIAN_POINT('Ctrl Pts',(109.444944187397,96.2260321502767,4.03697555208402));
#8491=CARTESIAN_POINT('Ctrl Pts',(109.464742052025,96.1931526320387,4.0056423488433));
#8492=CARTESIAN_POINT('Ctrl Pts',(109.494579004649,96.1705650640915,3.98268565059585));
#8493=CARTESIAN_POINT('Ctrl Pts',(109.520040339448,96.1634733723846,3.97511001246658));
#8494=CARTESIAN_POINT('Ctrl Pts',(109.528053722593,96.1630921633251,3.97478973471823));
#8495=CARTESIAN_POINT('Ctrl Pts',(109.531914632558,96.162984510643,3.9748650912941));
#8496=CARTESIAN_POINT('Ctrl Pts',(109.43435732437,96.2894195450594,4.06267052475317));
#8497=CARTESIAN_POINT('Ctrl Pts',(109.433974249313,96.2846606362181,4.06536786818738));
#8498=CARTESIAN_POINT('Ctrl Pts',(109.433936927596,96.274026053014,4.06545530121902));
#8499=CARTESIAN_POINT('Ctrl Pts',(109.43647900743,96.2565683980668,4.04811543272596));
#8500=CARTESIAN_POINT('Ctrl Pts',(109.442683385296,96.2382756832669,4.02233810082855));
#8501=CARTESIAN_POINT('Ctrl Pts',(109.4584950537,96.212062284898,3.98152394517719));
#8502=CARTESIAN_POINT('Ctrl Pts',(109.483157733794,96.1922757188503,3.94620086677844));
#8503=CARTESIAN_POINT('Ctrl Pts',(109.511568472149,96.182878118866,3.9258786445056));
#8504=CARTESIAN_POINT('Ctrl Pts',(109.52536933266,96.1814104701342,3.92241750192195));
#8505=CARTESIAN_POINT('Ctrl Pts',(109.532241950461,96.1812879769791,3.92243994752564));
#8506=CARTESIAN_POINT('Ctrl Pts',(109.434285376531,96.2884148481638,4.05977515076619));
#8507=CARTESIAN_POINT('Ctrl Pts',(109.433986351906,96.2842391965163,4.062687920199));
#8508=CARTESIAN_POINT('Ctrl Pts',(109.433955263464,96.274932513215,4.06277999505902));
#8509=CARTESIAN_POINT('Ctrl Pts',(109.435949490261,96.2595994564615,4.04405693405955));
#8510=CARTESIAN_POINT('Ctrl Pts',(109.44081706438,96.2432494032182,4.01605635903689));
#8511=CARTESIAN_POINT('Ctrl Pts',(109.453731625532,96.2189024073744,3.97117418289346));
#8512=CARTESIAN_POINT('Ctrl Pts',(109.475037161641,96.1977569395863,3.93055364376042));
#8513=CARTESIAN_POINT('Ctrl Pts',(109.505736958804,96.1841650797187,3.90480248730131));
#8514=CARTESIAN_POINT('Ctrl Pts',(109.523377707695,96.1814464947863,3.9));
#8515=CARTESIAN_POINT('Ctrl Pts',(109.532241950461,96.1812879769791,3.9));
#8516=CARTESIAN_POINT('',(109.432670715703,96.2627853594701,4.0790476988482));
#8517=CARTESIAN_POINT('Ctrl Pts',(109.530453952649,96.0813039629377,4.));
#8518=CARTESIAN_POINT('Ctrl Pts',(109.521589709884,96.0816209985522,4.));
#8519=CARTESIAN_POINT('Ctrl Pts',(109.503948960992,96.0870581684169,4.00240124365066));
#8520=CARTESIAN_POINT('Ctrl Pts',(109.47324916383,96.1142418881522,4.01527682188022));
#8521=CARTESIAN_POINT('Ctrl Pts',(109.451943627721,96.1565328237282,4.03558709144668));
#8522=CARTESIAN_POINT('Ctrl Pts',(109.439029066568,96.205226815416,4.05802817951846));
#8523=CARTESIAN_POINT('Ctrl Pts',(109.434421296716,96.2361815705288,4.07128120888092));
#8524=CARTESIAN_POINT('Ctrl Pts',(109.432943200075,96.2568612805365,4.0777895348911));
#8525=CARTESIAN_POINT('Ctrl Pts',(109.432670715703,96.2627853594701,4.0790476988482));
#8526=CARTESIAN_POINT('Ctrl Pts',(109.432670570042,96.26278848497,4.07904837158587));
#8527=CARTESIAN_POINT('Ctrl Pts',(109.433013152599,96.2690830940305,4.07741414038459));
#8528=CARTESIAN_POINT('Ctrl Pts',(109.433316290317,96.2739709979473,4.07496588690899));
#8529=CARTESIAN_POINT('Ctrl Pts',(109.433691494873,96.2797928777277,4.07077456341329));
#8530=CARTESIAN_POINT('Ctrl Pts',(109.433816842603,96.2816722572543,4.06910335222913));
#8531=CARTESIAN_POINT('Ctrl Pts',(109.434066639373,96.2853341588308,4.06501261351472));
#8532=CARTESIAN_POINT('Ctrl Pts',(109.434181625297,96.286964854158,4.06260581473818));
#8533=CARTESIAN_POINT('Ctrl Pts',(109.434281089867,96.2883549756218,4.05989312858113));
#8534=CARTESIAN_POINT('Ctrl Pts',(109.434283237668,96.2883849805635,4.05983419510223));
#8535=CARTESIAN_POINT('Ctrl Pts',(109.434285376531,96.2884148481675,4.05977515076866));
#8536=CARTESIAN_POINT('Origin',(110.230453952649,89.7812719910204,4.));
#8537=CARTESIAN_POINT('',(109.530453952649,96.0813039629377,4.));
#8538=CARTESIAN_POINT('Origin',(109.530453952649,92.9220269961034,4.1));
#8539=CARTESIAN_POINT('',(109.430453952649,96.1812719910205,4.1));
#8540=CARTESIAN_POINT('',(109.430453952649,89.5812719910205,4.1));
#8541=CARTESIAN_POINT('Origin',(110.278207830114,96.13958323576,4.17264648580534));
#8542=CARTESIAN_POINT('Origin',(109.530453952649,80.4405169859376,4.1));
#8543=CARTESIAN_POINT('',(109.430453952649,77.1812719910205,4.1));
#8544=CARTESIAN_POINT('Origin',(110.278208010546,77.2229607643679,4.17264650364642));
#8545=CARTESIAN_POINT('',(109.430453952649,77.1812719910205,4.1));
#8546=CARTESIAN_POINT('Origin',(109.430453952649,86.6812719910205,0.9));
#8547=CARTESIAN_POINT('',(109.430453952649,96.1812719910205,0.9));
#8548=CARTESIAN_POINT('',(109.430453952649,96.1812719910205,0.9));
#8549=CARTESIAN_POINT('',(109.430453952649,77.1812719910205,0.9));
#8550=CARTESIAN_POINT('',(109.430453952649,77.1812719910205,0.9));
#8551=CARTESIAN_POINT('',(109.430453952649,77.1812719910205,3.5));
#8552=CARTESIAN_POINT('',(109.430453952649,77.1812719910205,12.1));
#8553=CARTESIAN_POINT('',(109.430453952649,77.1812719910205,12.1));
#8554=CARTESIAN_POINT('',(109.430453952649,96.1812719910205,12.1));
#8555=CARTESIAN_POINT('',(109.430453952649,96.1812719910205,12.1));
#8556=CARTESIAN_POINT('',(109.430453952649,96.1812719910205,4.1));
#8557=CARTESIAN_POINT('Origin',(120.780453952649,75.8812719910205,0.4));
#8558=CARTESIAN_POINT('',(115.630453952649,75.6812719910205,0.4));
#8559=CARTESIAN_POINT('',(115.630453952649,75.8812719910204,0.2));
#8560=CARTESIAN_POINT('Origin',(115.630453952649,75.8812719910205,0.399999999999994));
#8561=CARTESIAN_POINT('',(125.930453952649,75.8812719910205,0.2));
#8562=CARTESIAN_POINT('',(115.630453952649,75.8812719910205,0.2));
#8563=CARTESIAN_POINT('',(125.930453952649,75.6812719910205,0.4));
#8564=CARTESIAN_POINT('Origin',(125.930453952649,75.8812719910205,0.399999999999995));
#8565=CARTESIAN_POINT('',(125.930453952649,75.6812719910205,0.4));
#8566=CARTESIAN_POINT('Origin',(115.576864114163,86.6812719910205,0.400000000000205));
#8567=CARTESIAN_POINT('',(115.576864114163,76.1812719910205,0.2));
#8568=CARTESIAN_POINT('',(115.403659033406,76.1812719910205,0.299999999999996));
#8569=CARTESIAN_POINT('Origin',(115.576864114163,76.1812719910205,0.400000000000171));
#8570=CARTESIAN_POINT('',(115.403659033406,97.1812719910205,0.299999999999997));
#8571=CARTESIAN_POINT('',(115.403659033406,76.1812719910205,0.3));
#8572=CARTESIAN_POINT('',(115.576864114163,97.1812719910205,0.2));
#8573=CARTESIAN_POINT('Origin',(115.576864114163,97.1812719910205,0.40000000000014));
#8574=CARTESIAN_POINT('',(115.576864114163,97.1812719910205,0.2));
#8575=CARTESIAN_POINT('Ctrl Pts',(115.416540434861,97.4508968940561,0.334258625267687));
#8576=CARTESIAN_POINT('Ctrl Pts',(115.409835878229,97.3705433363858,0.314798103606528));
#8577=CARTESIAN_POINT('Ctrl Pts',(115.403497976467,97.2764432270897,0.30006044484698));
#8578=CARTESIAN_POINT('Ctrl Pts',(115.403552218511,97.1800426077093,0.3001866455846));
#8579=CARTESIAN_POINT('Ctrl Pts',(115.427999609841,97.4489622921589,0.30086481547953));
#8580=CARTESIAN_POINT('Ctrl Pts',(115.423754690434,97.3681936040273,0.285374849741946));
#8581=CARTESIAN_POINT('Ctrl Pts',(115.418474389346,97.2750719739654,0.274100283217572));
#8582=CARTESIAN_POINT('Ctrl Pts',(115.41851955562,97.1800603002119,0.274196839967273));
#8583=CARTESIAN_POINT('Ctrl Pts',(115.47552295063,97.4409390768214,0.230344412654633));
#8584=CARTESIAN_POINT('Ctrl Pts',(115.472629267795,97.3599518943346,0.225061600847205));
#8585=CARTESIAN_POINT('Ctrl Pts',(115.467195721338,97.2706017937045,0.221550222340467));
#8586=CARTESIAN_POINT('Ctrl Pts',(115.467242171555,97.1801180083651,0.221580302569596));
#8587=CARTESIAN_POINT('Ctrl Pts',(115.556414728451,97.4272823219313,0.199998952780204));
#8588=CARTESIAN_POINT('Ctrl Pts',(115.546936774236,97.3474314958676,0.200081762016903));
#8589=CARTESIAN_POINT('Ctrl Pts',(115.536885420094,97.2642190388696,0.199999301846989));
#8590=CARTESIAN_POINT('Ctrl Pts',(115.536971422148,97.1802004483752,0.200000004471146));
#8591=CARTESIAN_POINT('Ctrl Pts',(115.602791152882,97.4194527050506,0.2));
#8592=CARTESIAN_POINT('Ctrl Pts',(115.589417162255,97.3402740406919,0.2));
#8593=CARTESIAN_POINT('Ctrl Pts',(115.576756450105,97.2605619118457,0.2));
#8594=CARTESIAN_POINT('Ctrl Pts',(115.576864804686,97.1802476831334,0.2));
#8595=CARTESIAN_POINT('',(115.416245018508,97.4499074759891,0.333667826723762));
#8596=CARTESIAN_POINT('',(115.602620618468,97.4184428187596,0.2));
#8597=CARTESIAN_POINT('Ctrl Pts',(115.416537464079,97.4498573766403,0.333771718986611));
#8598=CARTESIAN_POINT('Ctrl Pts',(115.43187819201,97.44726756244,0.289440086779021));
#8599=CARTESIAN_POINT('Ctrl Pts',(115.463226708663,97.4419753110624,0.25101202351517));
#8600=CARTESIAN_POINT('Ctrl Pts',(115.50315569333,97.4352344990632,0.227296734052608));
#8601=CARTESIAN_POINT('Ctrl Pts',(115.533102432154,97.430178890009,0.209510266763185));
#8602=CARTESIAN_POINT('Ctrl Pts',(115.567875514049,97.4243084943669,0.199999999982147));
#8603=CARTESIAN_POINT('Ctrl Pts',(115.602620618468,97.4184428187596,0.200000000000006));
#8604=CARTESIAN_POINT('Ctrl Pts',(115.602620618468,97.4184428187596,0.2));
#8605=CARTESIAN_POINT('Ctrl Pts',(115.589366573167,97.3399328939954,0.2));
#8606=CARTESIAN_POINT('Ctrl Pts',(115.576864114163,97.2608982513448,0.2));
#8607=CARTESIAN_POINT('Ctrl Pts',(115.576864114163,97.1812719910205,0.2));
#8608=CARTESIAN_POINT('Ctrl Pts',(115.403659033406,97.1812719910205,0.300000000000047));
#8609=CARTESIAN_POINT('Ctrl Pts',(115.403659033406,97.247918641494,0.300000000000033));
#8610=CARTESIAN_POINT('Ctrl Pts',(115.406594992036,97.3135895230611,0.306729172039964));
#8611=CARTESIAN_POINT('Ctrl Pts',(115.410736193963,97.3741429486354,0.317703526117067));
#8612=CARTESIAN_POINT('Ctrl Pts',(115.412532246263,97.4004051597489,0.322463137994899));
#8613=CARTESIAN_POINT('Ctrl Pts',(115.414532574489,97.4257208315413,0.327955984803333));
#8614=CARTESIAN_POINT('Ctrl Pts',(115.416537285559,97.4498574065559,0.33377223477325));
#8615=CARTESIAN_POINT('Origin',(120.780453952649,97.4812719910206,0.4));
#8616=CARTESIAN_POINT('',(125.930453952649,97.6812719910205,0.4));
#8617=CARTESIAN_POINT('',(125.930453952649,97.4812719910204,0.2));
#8618=CARTESIAN_POINT('Origin',(125.930453952649,97.4812719910205,0.400000000000024));
#8619=CARTESIAN_POINT('',(115.630453952649,97.4812719910204,0.2));
#8620=CARTESIAN_POINT('',(125.930453952649,97.4812719910204,0.2));
#8621=CARTESIAN_POINT('',(115.630453952649,97.6812719910205,0.4));
#8622=CARTESIAN_POINT('Origin',(115.630453952649,97.4812719910205,0.400000000000025));
#8623=CARTESIAN_POINT('',(115.630453952649,97.6812719910205,0.4));
#8624=CARTESIAN_POINT('Origin',(125.93045395265,97.4812719910206,0.400000000000162));
#8625=CARTESIAN_POINT('',(126.106468391401,97.5762002817608,0.400015478783452));
#8626=CARTESIAN_POINT('Ctrl Pts',(126.106478644904,97.5762209652988,0.399999999999998));
#8627=CARTESIAN_POINT('Ctrl Pts',(126.106478644904,97.5762209652988,0.340160139931621));
#8628=CARTESIAN_POINT('Ctrl Pts',(126.081216793592,97.5625945425524,0.280968533779029));
#8629=CARTESIAN_POINT('Ctrl Pts',(126.0402460887,97.5404946521613,0.24365790121091));
#8630=CARTESIAN_POINT('Ctrl Pts',(126.009518060031,97.523919734368,0.215674926784824));
#8631=CARTESIAN_POINT('Ctrl Pts',(125.969953801223,97.5025784910247,0.200000000000002));
#8632=CARTESIAN_POINT('Ctrl Pts',(125.930453952649,97.4812719910205,0.199999999999999));
#8633=CARTESIAN_POINT('Origin',(125.930453952649,97.481271991021,0.4));
#8634=CARTESIAN_POINT('Origin',(125.984043791135,86.6812719910205,0.40000000000022));
#8635=CARTESIAN_POINT('',(125.984043791135,97.1812719910205,0.2));
#8636=CARTESIAN_POINT('',(126.157248871892,97.1812719910205,0.30000000000001));
#8637=CARTESIAN_POINT('Origin',(125.984043791135,97.1812719910204,0.400000000000106));
#8638=CARTESIAN_POINT('',(126.157248871892,76.1812719910205,0.300000000000001));
#8639=CARTESIAN_POINT('',(126.157248871892,97.1812719910205,0.3));
#8640=CARTESIAN_POINT('',(125.984043791135,76.1812719910205,0.2));
#8641=CARTESIAN_POINT('Origin',(125.984043791135,76.1812719910205,0.400000000000109));
#8642=CARTESIAN_POINT('',(125.984043791135,76.1812719910205,0.2));
#8643=CARTESIAN_POINT('Ctrl Pts',(126.157351007984,97.1800966855799,0.300178400712828));
#8644=CARTESIAN_POINT('Ctrl Pts',(126.157402837811,97.2764599593632,0.300057811911156));
#8645=CARTESIAN_POINT('Ctrl Pts',(126.151068764599,97.3705224338517,0.314786975757804));
#8646=CARTESIAN_POINT('Ctrl Pts',(126.144367625595,97.450851212217,0.334237205945464));
#8647=CARTESIAN_POINT('Ctrl Pts',(126.142383989325,97.1801135986862,0.274192051479699));
#8648=CARTESIAN_POINT('Ctrl Pts',(126.142427148355,97.2750886290932,0.274099786888637));
#8649=CARTESIAN_POINT('Ctrl Pts',(126.137149996697,97.3681731423563,0.285368101817625));
#8650=CARTESIAN_POINT('Ctrl Pts',(126.132906399347,97.4489162641968,0.300849780952287));
#8651=CARTESIAN_POINT('Ctrl Pts',(126.09366261299,97.1801687657283,0.22157932766009));
#8652=CARTESIAN_POINT('Ctrl Pts',(126.093706999447,97.2706180002896,0.221550583616972));
#8653=CARTESIAN_POINT('Ctrl Pts',(126.088276766009,97.3599330588504,0.225060173782832));
#8654=CARTESIAN_POINT('Ctrl Pts',(126.085382920045,97.4408930312663,0.230340106464269));
#8655=CARTESIAN_POINT('Ctrl Pts',(126.023936530328,97.1802475757855,0.200000004085752));
#8656=CARTESIAN_POINT('Ctrl Pts',(126.024018711199,97.2642344465308,0.199999332802336));
#8657=CARTESIAN_POINT('Ctrl Pts',(126.013973117203,97.3474153091124,0.200081715712762));
#8658=CARTESIAN_POINT('Ctrl Pts',(126.004498493255,97.4272375318736,0.199998999212002));
#8659=CARTESIAN_POINT('Ctrl Pts',(125.984043160051,97.180292732724,0.2));
#8660=CARTESIAN_POINT('Ctrl Pts',(125.984146701392,97.2605767032749,0.2));
#8661=CARTESIAN_POINT('Ctrl Pts',(125.971492976487,97.340259037,0.2));
#8662=CARTESIAN_POINT('Ctrl Pts',(125.958124254043,97.4194082923167,0.2));
#8663=CARTESIAN_POINT('',(125.95828728683,97.4184428187601,0.2));
#8664=CARTESIAN_POINT('',(126.144663275846,97.4499075334517,0.333667688096156));
#8665=CARTESIAN_POINT('Ctrl Pts',(125.95828728683,97.4184428187601,0.200000000000001));
#8666=CARTESIAN_POINT('Ctrl Pts',(125.993032391249,97.4243084943683,0.19999999998214));
#8667=CARTESIAN_POINT('Ctrl Pts',(126.02780546369,97.4301788884148,0.20951027846927));
#8668=CARTESIAN_POINT('Ctrl Pts',(126.057752201164,97.4352344972409,0.227296747431104));
#8669=CARTESIAN_POINT('Ctrl Pts',(126.097681184029,97.4419753089362,0.25101203912353));
#8670=CARTESIAN_POINT('Ctrl Pts',(126.129029666286,97.4472675545065,0.289440013687752));
#8671=CARTESIAN_POINT('Ctrl Pts',(126.144370413545,97.4498573719688,0.333771639015893));
#8672=CARTESIAN_POINT('Ctrl Pts',(126.144370619726,97.4498574065635,0.333772234739162));
#8673=CARTESIAN_POINT('Ctrl Pts',(126.148620126253,97.3986936581314,0.321443180208727));
#8674=CARTESIAN_POINT('Ctrl Pts',(126.152820859367,97.3421351513534,0.310694714315267));
#8675=CARTESIAN_POINT('Ctrl Pts',(126.155180345862,97.2827915600791,0.304925916817177));
#8676=CARTESIAN_POINT('Ctrl Pts',(126.156500432595,97.2495899767329,0.301698386989135));
#8677=CARTESIAN_POINT('Ctrl Pts',(126.157248871892,97.2155521305889,0.300000000000056));
#8678=CARTESIAN_POINT('Ctrl Pts',(126.157248871892,97.1812719910205,0.300000000000083));
#8679=CARTESIAN_POINT('Ctrl Pts',(125.984043791135,97.1812719910205,0.2));
#8680=CARTESIAN_POINT('Ctrl Pts',(125.984043791135,97.2608982513457,0.2));
#8681=CARTESIAN_POINT('Ctrl Pts',(125.971541332132,97.339932893994,0.2));
#8682=CARTESIAN_POINT('Ctrl Pts',(125.95828728683,97.4184428187601,0.2));
#8683=CARTESIAN_POINT('Ctrl Pts',(125.930453952649,97.4812719910205,0.199999999999999));
#8684=CARTESIAN_POINT('Ctrl Pts',(125.932790558026,97.4769401881179,0.199999999999999));
#8685=CARTESIAN_POINT('Ctrl Pts',(125.937409743877,97.4682465163049,0.199999999999999));
#8686=CARTESIAN_POINT('Ctrl Pts',(125.943330790685,97.4565401030035,0.2));
#8687=CARTESIAN_POINT('Ctrl Pts',(125.94824339824,97.446157593812,0.2));
#8688=CARTESIAN_POINT('Ctrl Pts',(125.952186938258,97.4371342964628,0.2));
#8689=CARTESIAN_POINT('Ctrl Pts',(125.955148401273,97.4294828343267,0.200000000000001));
#8690=CARTESIAN_POINT('Ctrl Pts',(125.956918706525,97.4240171937836,0.200000000000001));
#8691=CARTESIAN_POINT('Ctrl Pts',(125.957677267123,97.4212480415677,0.200000000000001));
#8692=CARTESIAN_POINT('Ctrl Pts',(125.958008416157,97.4198507779172,0.200000000000001));
#8693=CARTESIAN_POINT('Ctrl Pts',(125.958177486107,97.4190481390561,0.200000000000001));
#8694=CARTESIAN_POINT('Ctrl Pts',(125.958253149526,97.4186450299969,0.200000000000001));
#8695=CARTESIAN_POINT('Ctrl Pts',(125.958287287331,97.4184428157928,0.200000000000001));
#8696=CARTESIAN_POINT('Ctrl Pts',(125.969953801223,97.5025784910247,0.199999999999999));
#8697=CARTESIAN_POINT('Ctrl Pts',(125.972025592798,97.4978880733037,0.200007229174636));
#8698=CARTESIAN_POINT('Ctrl Pts',(125.97611167904,97.4883788882751,0.200000240890447));
#8699=CARTESIAN_POINT('Ctrl Pts',(125.981336259702,97.4752484585139,0.199995896095201));
#8700=CARTESIAN_POINT('Ctrl Pts',(125.985630030438,97.4632399200311,0.199988955912907));
#8701=CARTESIAN_POINT('Ctrl Pts',(125.989017179742,97.4524048601725,0.199989677838018));
#8702=CARTESIAN_POINT('Ctrl Pts',(125.991451743492,97.4426742752699,0.199981696517172));
#8703=CARTESIAN_POINT('Ctrl Pts',(125.99272964142,97.4349377109886,0.199987286260054));
#8704=CARTESIAN_POINT('Ctrl Pts',(125.993131856176,97.4304565288288,0.199990961934627));
#8705=CARTESIAN_POINT('Ctrl Pts',(125.993208845509,97.4278373870779,0.199994410702607));
#8706=CARTESIAN_POINT('Ctrl Pts',(125.993172300166,97.4260627113839,0.199997091805786));
#8707=CARTESIAN_POINT('Ctrl Pts',(125.993107371128,97.4250055899946,0.199998782792119));
#8708=CARTESIAN_POINT('Ctrl Pts',(125.993032390077,97.4243084845628,0.200000000000001));
#8709=CARTESIAN_POINT('Ctrl Pts',(126.062270405108,97.5523747254925,0.236574829164585));
#8710=CARTESIAN_POINT('Ctrl Pts',(126.063713067664,97.5468396023134,0.235879931815502));
#8711=CARTESIAN_POINT('Ctrl Pts',(126.06655552994,97.535428823728,0.234461563818918));
#8712=CARTESIAN_POINT('Ctrl Pts',(126.070148683706,97.5189709226132,0.232424029487896));
#8713=CARTESIAN_POINT('Ctrl Pts',(126.072994922611,97.5031648418691,0.230470921733733));
#8714=CARTESIAN_POINT('Ctrl Pts',(126.075072067043,97.4880920667682,0.228600478933622));
#8715=CARTESIAN_POINT('Ctrl Pts',(126.076274696075,97.4735068750392,0.226781541054403));
#8716=CARTESIAN_POINT('Ctrl Pts',(126.076387087518,97.4604574123569,0.225122971432183));
#8717=CARTESIAN_POINT('Ctrl Pts',(126.075946702791,97.451972149556,0.224028210970547));
#8718=CARTESIAN_POINT('Ctrl Pts',(126.075422157298,97.4464949650958,0.223313104521396));
#8719=CARTESIAN_POINT('Ctrl Pts',(126.07489933397,97.442446893684,0.22278014157768));
#8720=CARTESIAN_POINT('Ctrl Pts',(126.074502179654,97.4398603560482,0.222437604726535));
#8721=CARTESIAN_POINT('Ctrl Pts',(126.074169557089,97.4380060623221,0.222190646293137));
#8722=CARTESIAN_POINT('Ctrl Pts',(126.106478644904,97.5762209652988,0.340160139931621));
#8723=CARTESIAN_POINT('Ctrl Pts',(126.108444475933,97.5707220764063,0.337852792852951));
#8724=CARTESIAN_POINT('Ctrl Pts',(126.112446993741,97.5593324241503,0.333062026203562));
#8725=CARTESIAN_POINT('Ctrl Pts',(126.11767737202,97.5424113610742,0.326079116993307));
#8726=CARTESIAN_POINT('Ctrl Pts',(126.122103573898,97.5256597918928,0.319279517311132));
#8727=CARTESIAN_POINT('Ctrl Pts',(126.125650367885,97.5091306439833,0.312697946403932));
#8728=CARTESIAN_POINT('Ctrl Pts',(126.128295961647,97.4925067820863,0.30618900069537));
#8729=CARTESIAN_POINT('Ctrl Pts',(126.129588894557,97.4767449971602,0.300196877008658));
#8730=CARTESIAN_POINT('Ctrl Pts',(126.129856673437,97.4660148220761,0.296203789965916));
#8731=CARTESIAN_POINT('Ctrl Pts',(126.129745047045,97.4588455420318,0.293581889418686));
#8732=CARTESIAN_POINT('Ctrl Pts',(126.129497652722,97.4534050976005,0.291619832785139));
#8733=CARTESIAN_POINT('Ctrl Pts',(126.129261384854,97.4498614984546,0.29035505671297));
#8734=CARTESIAN_POINT('Ctrl Pts',(126.129030016799,97.4472676059585,0.289440554948748));
#8735=CARTESIAN_POINT('Ctrl Pts',(126.106478644904,97.5762209652988,0.399999999999998));
#8736=CARTESIAN_POINT('Ctrl Pts',(126.109218022698,97.5711424677507,0.397146250294459));
#8737=CARTESIAN_POINT('Ctrl Pts',(126.11472925832,97.5605364327494,0.391201747148228));
#8738=CARTESIAN_POINT('Ctrl Pts',(126.122133547577,97.5446205201233,0.382378700131491));
#8739=CARTESIAN_POINT('Ctrl Pts',(126.128634590071,97.5286533575316,0.373654976435547));
#8740=CARTESIAN_POINT('Ctrl Pts',(126.134191986011,97.512691885325,0.36508431584253));
#8741=CARTESIAN_POINT('Ctrl Pts',(126.138770418142,97.4963363464327,0.356495894845043));
#8742=CARTESIAN_POINT('Ctrl Pts',(126.141854803024,97.4804920596686,0.348452959571905));
#8743=CARTESIAN_POINT('Ctrl Pts',(126.143290086973,97.4695010203579,0.343039886252673));
#8744=CARTESIAN_POINT('Ctrl Pts',(126.143932757512,97.462061136794,0.339461689368548));
#8745=CARTESIAN_POINT('Ctrl Pts',(126.144238900444,97.456358379631,0.336772184987307));
#8746=CARTESIAN_POINT('Ctrl Pts',(126.144353551042,97.4526170663688,0.335033297789049));
#8747=CARTESIAN_POINT('Ctrl Pts',(126.14437061999,97.4498574068207,0.3337722356026));
#8748=CARTESIAN_POINT('Ctrl Pts',(125.95828728683,97.4184428187601,0.200000000000001));
#8749=CARTESIAN_POINT('Ctrl Pts',(125.958253149156,97.4186450319687,0.200000000000001));
#8750=CARTESIAN_POINT('Ctrl Pts',(125.958177485901,97.4190481400376,0.200000000000001));
#8751=CARTESIAN_POINT('Ctrl Pts',(125.958008416157,97.4198507779172,0.200000000000001));
#8752=CARTESIAN_POINT('Ctrl Pts',(125.957677267123,97.4212480415677,0.200000000000001));
#8753=CARTESIAN_POINT('Ctrl Pts',(125.956918706525,97.4240171937836,0.200000000000001));
#8754=CARTESIAN_POINT('Ctrl Pts',(125.955148401273,97.4294828343267,0.200000000000001));
#8755=CARTESIAN_POINT('Ctrl Pts',(125.952186938258,97.4371342964628,0.2));
#8756=CARTESIAN_POINT('Ctrl Pts',(125.94824339824,97.446157593812,0.2));
#8757=CARTESIAN_POINT('Ctrl Pts',(125.943330790685,97.4565401030035,0.2));
#8758=CARTESIAN_POINT('Ctrl Pts',(125.937409743877,97.4682465163049,0.199999999999999));
#8759=CARTESIAN_POINT('Ctrl Pts',(125.932790558026,97.4769401881179,0.199999999999999));
#8760=CARTESIAN_POINT('Ctrl Pts',(125.930453952649,97.4812719910205,0.199999999999999));
#8761=CARTESIAN_POINT('Ctrl Pts',(126.106468391401,97.5762002817608,0.400015478783452));
#8762=CARTESIAN_POINT('Ctrl Pts',(126.109199024873,97.5711322527912,0.39714680502947));
#8763=CARTESIAN_POINT('Ctrl Pts',(126.111952900698,97.5658285160295,0.394174756092667));
#8764=CARTESIAN_POINT('Ctrl Pts',(126.114721939269,97.5601944358626,0.391034478477523));
#8765=CARTESIAN_POINT('Ctrl Pts',(126.117490977839,97.5545603556957,0.38789420086238));
#8766=CARTESIAN_POINT('Ctrl Pts',(126.120277693885,97.5485972068152,0.384585061038127));
#8767=CARTESIAN_POINT('Ctrl Pts',(126.123068778108,97.5421082111486,0.381017330426243));
#8768=CARTESIAN_POINT('Ctrl Pts',(126.124929500923,97.5377822140375,0.378638843351654));
#8769=CARTESIAN_POINT('Ctrl Pts',(126.126792359016,97.5332227101463,0.376145569443898));
#8770=CARTESIAN_POINT('Ctrl Pts',(126.128658784262,97.5282863979538,0.373468769949351));
#8771=CARTESIAN_POINT('Ctrl Pts',(126.130525209509,97.5233500857613,0.370791970454804));
#8772=CARTESIAN_POINT('Ctrl Pts',(126.132398472988,97.5180381556072,0.367930784257265));
#8773=CARTESIAN_POINT('Ctrl Pts',(126.134251883382,97.5121104000839,0.364781238231547));
#8774=CARTESIAN_POINT('Ctrl Pts',(126.136105293776,97.5061826445606,0.36163169220583));
#8775=CARTESIAN_POINT('Ctrl Pts',(126.137968354712,97.4996516648378,0.358188134959565));
#8776=CARTESIAN_POINT('Ctrl Pts',(126.139789121833,97.4914431485348,0.353966917216534));
#8777=CARTESIAN_POINT('Ctrl Pts',(126.140699505394,97.4873388903833,0.351856308345018));
#8778=CARTESIAN_POINT('Ctrl Pts',(126.141607735886,97.4828183652837,0.349549249104114));
#8779=CARTESIAN_POINT('Ctrl Pts',(126.142481202894,97.4771269649884,0.346708290657552));
#8780=CARTESIAN_POINT('Ctrl Pts',(126.142917936398,97.4742812648407,0.345287811434271));
#8781=CARTESIAN_POINT('Ctrl Pts',(126.14334893884,97.4711436813651,0.343732967811159));
#8782=CARTESIAN_POINT('Ctrl Pts',(126.143749772781,97.4672627451916,0.341845432458439));
#8783=CARTESIAN_POINT('Ctrl Pts',(126.144150606722,97.4633818090181,0.339957897105719));
#8784=CARTESIAN_POINT('Ctrl Pts',(126.144645073513,97.460975862336,0.338703533999973));
#8785=CARTESIAN_POINT('Ctrl Pts',(126.144722724369,97.4499177225714,0.333645768915393));
#8786=CARTESIAN_POINT('Ctrl Pts',(126.144367470492,75.9116471037722,0.334258617864204));
#8787=CARTESIAN_POINT('Ctrl Pts',(126.151072025943,75.992000652883,0.314798099759356));
#8788=CARTESIAN_POINT('Ctrl Pts',(126.15740992638,76.086100749166,0.300060443937286));
#8789=CARTESIAN_POINT('Ctrl Pts',(126.15735568517,76.182501355641,0.300186642734298));
#8790=CARTESIAN_POINT('Ctrl Pts',(126.132908294761,75.913581705796,0.300864810332847));
#8791=CARTESIAN_POINT('Ctrl Pts',(126.137153213712,75.994350385096,0.285374847459006));
#8792=CARTESIAN_POINT('Ctrl Pts',(126.142433513732,76.0874720023171,0.274100283074595));
#8793=CARTESIAN_POINT('Ctrl Pts',(126.142388348152,76.1824836634078,0.274196838340279));
#8794=CARTESIAN_POINT('Ctrl Pts',(126.085384973607,75.921604917817,0.230344386840542));
#8795=CARTESIAN_POINT('Ctrl Pts',(126.088278656591,76.002592090875,0.225061575937402));
#8796=CARTESIAN_POINT('Ctrl Pts',(126.093712191217,76.0919421827618,0.221550208666004));
#8797=CARTESIAN_POINT('Ctrl Pts',(126.093665741806,76.1824259561327,0.221580288342448));
#8798=CARTESIAN_POINT('Ctrl Pts',(126.004493178684,75.9352616755894,0.199998952796258));
#8799=CARTESIAN_POINT('Ctrl Pts',(126.01397113175,76.0151124917711,0.200081762000898));
#8800=CARTESIAN_POINT('Ctrl Pts',(126.024022483899,76.0983249378444,0.199999301857692));
#8801=CARTESIAN_POINT('Ctrl Pts',(126.023936483167,76.1823435173775,0.200000004471009));
#8802=CARTESIAN_POINT('Ctrl Pts',(125.958116755008,75.9430912923396,0.2));
#8803=CARTESIAN_POINT('Ctrl Pts',(125.971490743816,76.0222699465378,0.2));
#8804=CARTESIAN_POINT('Ctrl Pts',(125.98415145355,76.1019820650814,0.2));
#8805=CARTESIAN_POINT('Ctrl Pts',(125.984043100633,76.1822962833374,0.2));
#8806=CARTESIAN_POINT('',(126.144662853247,75.9126365119029,0.333667838804318));
#8807=CARTESIAN_POINT('',(125.95828728683,75.9441011632808,0.2));
#8808=CARTESIAN_POINT('Ctrl Pts',(126.144370441256,75.912686605394,0.333771719093843));
#8809=CARTESIAN_POINT('Ctrl Pts',(126.129029713351,75.9152764195888,0.289440086877436));
#8810=CARTESIAN_POINT('Ctrl Pts',(126.097681211092,75.9205686685357,0.251012005615714));
#8811=CARTESIAN_POINT('Ctrl Pts',(126.05775222436,75.9273094808837,0.227296718710111));
#8812=CARTESIAN_POINT('Ctrl Pts',(126.027805483987,75.9323650901994,0.209510253338391));
#8813=CARTESIAN_POINT('Ctrl Pts',(125.993032391249,75.9382354876726,0.199999999982135));
#8814=CARTESIAN_POINT('Ctrl Pts',(125.95828728683,75.9441011632808,0.199999999999996));
#8815=CARTESIAN_POINT('Ctrl Pts',(125.95828728683,75.9441011632808,0.2));
#8816=CARTESIAN_POINT('Ctrl Pts',(125.971541332132,76.0226110880486,0.2));
#8817=CARTESIAN_POINT('Ctrl Pts',(125.984043791135,76.1016457306946,0.2));
#8818=CARTESIAN_POINT('Ctrl Pts',(125.984043791135,76.1812719910205,0.2));
#8819=CARTESIAN_POINT('Ctrl Pts',(126.157248871892,76.1812719910205,0.300000000000067));
#8820=CARTESIAN_POINT('Ctrl Pts',(126.157248871892,76.1146302311634,0.299999999999957));
#8821=CARTESIAN_POINT('Ctrl Pts',(126.154313362264,76.0489640797458,0.306728128905514));
#8822=CARTESIAN_POINT('Ctrl Pts',(126.150172622978,75.9884143639542,0.317701110242521));
#8823=CARTESIAN_POINT('Ctrl Pts',(126.148376335661,75.9621473910637,0.322461281277811));
#8824=CARTESIAN_POINT('Ctrl Pts',(126.14637567,75.9368272343379,0.327955000710982));
#8825=CARTESIAN_POINT('Ctrl Pts',(126.144370619739,75.9126865754847,0.333772234773708));
#8826=CARTESIAN_POINT('Origin',(115.630453952649,97.4812719910209,0.399999999999213));
#8827=CARTESIAN_POINT('',(115.454429260394,97.5762209652992,0.400000000000212));
#8828=CARTESIAN_POINT('Ctrl Pts',(115.630453952649,97.4812719910206,0.199999999999999));
#8829=CARTESIAN_POINT('Ctrl Pts',(115.590954104075,97.5025784910248,0.199999999999999));
#8830=CARTESIAN_POINT('Ctrl Pts',(115.551389819365,97.5239197483401,0.215674902269165));
#8831=CARTESIAN_POINT('Ctrl Pts',(115.520661786996,97.5404946681295,0.243657873193042));
#8832=CARTESIAN_POINT('Ctrl Pts',(115.47969107717,97.562594561182,0.280968501091546));
#8833=CARTESIAN_POINT('Ctrl Pts',(115.454429260394,97.5762209652992,0.340160139931766));
#8834=CARTESIAN_POINT('Ctrl Pts',(115.454429260394,97.5762209652992,0.400000000000212));
#8835=CARTESIAN_POINT('Origin',(115.630453952649,97.4812719910218,0.4));
#8836=CARTESIAN_POINT('Ctrl Pts',(125.958287287331,75.9441011662481,0.199999999999996));
#8837=CARTESIAN_POINT('Ctrl Pts',(125.958253135939,75.9438988715608,0.199999999999996));
#8838=CARTESIAN_POINT('Ctrl Pts',(125.958177459804,75.943495713621,0.199999999999996));
#8839=CARTESIAN_POINT('Ctrl Pts',(125.95800847812,75.942693520454,0.199999999999996));
#8840=CARTESIAN_POINT('Ctrl Pts',(125.957677911476,75.941298577462,0.199999999999996));
#8841=CARTESIAN_POINT('Ctrl Pts',(125.956921224291,75.9385357226236,0.199999999999996));
#8842=CARTESIAN_POINT('Ctrl Pts',(125.95515347873,75.9330739201966,0.199999999999996));
#8843=CARTESIAN_POINT('Ctrl Pts',(125.952774918018,75.9269295056915,0.199999999999996));
#8844=CARTESIAN_POINT('Ctrl Pts',(125.950208448126,75.9208818702155,0.199999999999995));
#8845=CARTESIAN_POINT('Ctrl Pts',(125.946202844211,75.9119081863067,0.199999999999995));
#8846=CARTESIAN_POINT('Ctrl Pts',(125.941149879322,75.9016003363991,0.199999999999994));
#8847=CARTESIAN_POINT('Ctrl Pts',(125.935107738662,75.8899567789341,0.199999999999993));
#8848=CARTESIAN_POINT('Ctrl Pts',(125.932012309561,75.8841610090211,0.199999999999993));
#8849=CARTESIAN_POINT('Ctrl Pts',(125.930453952649,75.8812719910205,0.199999999999993));
#8850=CARTESIAN_POINT('Ctrl Pts',(125.993032390077,75.9382354974781,0.199999999999996));
#8851=CARTESIAN_POINT('Ctrl Pts',(125.993107400972,75.9375381145918,0.199998782307655));
#8852=CARTESIAN_POINT('Ctrl Pts',(125.993172309824,75.9364809732331,0.199997091996406));
#8853=CARTESIAN_POINT('Ctrl Pts',(125.993208824036,75.9347073068885,0.199994410933354));
#8854=CARTESIAN_POINT('Ctrl Pts',(125.993132067098,75.9320922086915,0.199990979989198));
#8855=CARTESIAN_POINT('Ctrl Pts',(125.992731107555,75.9276201926678,0.199987260671649));
#8856=CARTESIAN_POINT('Ctrl Pts',(125.991456393916,75.9198845483336,0.199981990914112));
#8857=CARTESIAN_POINT('Ctrl Pts',(125.989500089329,75.9120738824668,0.19998808851763));
#8858=CARTESIAN_POINT('Ctrl Pts',(125.987315567577,75.9047018738011,0.199984202855127));
#8859=CARTESIAN_POINT('Ctrl Pts',(125.98385406561,75.8940379519075,0.199980556414823));
#8860=CARTESIAN_POINT('Ctrl Pts',(125.979423364594,75.8823024454484,0.20001395207262));
#8861=CARTESIAN_POINT('Ctrl Pts',(125.974073047444,75.8694129661957,0.199999294139512));
#8862=CARTESIAN_POINT('Ctrl Pts',(125.971335545335,75.8630936807172,0.200004821367937));
#8863=CARTESIAN_POINT('Ctrl Pts',(125.969953801223,75.8599654910163,0.199999999999993));
#8864=CARTESIAN_POINT('Ctrl Pts',(126.074169604449,75.9245379117232,0.222190587654423));
#8865=CARTESIAN_POINT('Ctrl Pts',(126.074502359402,75.9226828799708,0.222437644379599));
#8866=CARTESIAN_POINT('Ctrl Pts',(126.074899475343,75.9200963904137,0.22278017363106));
#8867=CARTESIAN_POINT('Ctrl Pts',(126.075421986876,75.9160506453026,0.22331283048958));
#8868=CARTESIAN_POINT('Ctrl Pts',(126.075945922211,75.9105815452489,0.22402688111856));
#8869=CARTESIAN_POINT('Ctrl Pts',(126.076386155528,75.9021121161176,0.225119641550935));
#8870=CARTESIAN_POINT('Ctrl Pts',(126.076278070959,75.8890570247273,0.226778919889459));
#8871=CARTESIAN_POINT('Ctrl Pts',(126.075309377386,75.8773555119712,0.22823821522044));
#8872=CARTESIAN_POINT('Ctrl Pts',(126.074027995119,75.866883191369,0.229541852314253));
#8873=CARTESIAN_POINT('Ctrl Pts',(126.071850552586,75.8522631303549,0.231355739392805));
#8874=CARTESIAN_POINT('Ctrl Pts',(126.068846128115,75.837215987435,0.233202709847102));
#8875=CARTESIAN_POINT('Ctrl Pts',(126.065136225617,75.8213998119744,0.235173478682113));
#8876=CARTESIAN_POINT('Ctrl Pts',(126.063232692695,75.8138607373648,0.236111257074179));
#8877=CARTESIAN_POINT('Ctrl Pts',(126.062270534862,75.8101691865579,0.236574706357367));
#8878=CARTESIAN_POINT('Ctrl Pts',(126.129030016799,75.9152763760823,0.289440554948797));
#8879=CARTESIAN_POINT('Ctrl Pts',(126.12926147694,75.9126814511925,0.290355420693321));
#8880=CARTESIAN_POINT('Ctrl Pts',(126.129497697999,75.9091379548334,0.291620168476132));
#8881=CARTESIAN_POINT('Ctrl Pts',(126.129744944135,75.9037006413824,0.29358109437497));
#8882=CARTESIAN_POINT('Ctrl Pts',(126.129856546906,75.8965418280636,0.29619916286568));
#8883=CARTESIAN_POINT('Ctrl Pts',(126.12959025712,75.8858308143437,0.300184894844006));
#8884=CARTESIAN_POINT('Ctrl Pts',(126.128300200082,75.8700595250814,0.306180616284952));
#8885=CARTESIAN_POINT('Ctrl Pts',(126.126174594446,75.8567249172387,0.311401724146256));
#8886=CARTESIAN_POINT('Ctrl Pts',(126.123889285456,75.8450941667395,0.315999733714899));
#8887=CARTESIAN_POINT('Ctrl Pts',(126.120295456766,75.8291854795704,0.322355405938966));
#8888=CARTESIAN_POINT('Ctrl Pts',(126.115677017229,75.8135838895431,0.328798762277334));
#8889=CARTESIAN_POINT('Ctrl Pts',(126.110465038589,75.7974844466226,0.335459669681186));
#8890=CARTESIAN_POINT('Ctrl Pts',(126.107789720537,75.7899904017436,0.33862129631524));
#8891=CARTESIAN_POINT('Ctrl Pts',(126.106478644904,75.7863230167421,0.340160139931621));
#8892=CARTESIAN_POINT('Ctrl Pts',(126.14437061999,75.9126865752201,0.333772235602667));
#8893=CARTESIAN_POINT('Ctrl Pts',(126.144353544249,75.9099258173015,0.335033799703726));
#8894=CARTESIAN_POINT('Ctrl Pts',(126.144238853684,75.9061846244689,0.33677264458492));
#8895=CARTESIAN_POINT('Ctrl Pts',(126.143932875873,75.9004851566787,0.339460599907672));
#8896=CARTESIAN_POINT('Ctrl Pts',(126.143291341465,75.8930560381022,0.343033562996346));
#8897=CARTESIAN_POINT('Ctrl Pts',(126.141859562454,75.8820844645184,0.348436796485982));
#8898=CARTESIAN_POINT('Ctrl Pts',(126.13877832365,75.8662282254221,0.35648456571226));
#8899=CARTESIAN_POINT('Ctrl Pts',(126.135101010091,75.853111160883,0.363373737461503));
#8900=CARTESIAN_POINT('Ctrl Pts',(126.131403902085,75.8418295737405,0.369390896083223));
#8901=CARTESIAN_POINT('Ctrl Pts',(126.125851763067,75.8265295201679,0.377643441018066));
#8902=CARTESIAN_POINT('Ctrl Pts',(126.119351716952,75.8117025587219,0.385814894564214));
#8903=CARTESIAN_POINT('Ctrl Pts',(126.111977126307,75.796681916753,0.394185083969565));
#8904=CARTESIAN_POINT('Ctrl Pts',(126.108305623632,75.7897100293008,0.39809674298344));
#8905=CARTESIAN_POINT('Ctrl Pts',(126.106478644904,75.7863230167421,0.4));
#8906=CARTESIAN_POINT('',(126.106478644904,75.7863230167421,0.4));
#8907=CARTESIAN_POINT('Ctrl Pts',(126.106478644904,75.7863230167421,0.4));
#8908=CARTESIAN_POINT('Ctrl Pts',(126.106478644904,75.7863230167421,0.34016013993162));
#8909=CARTESIAN_POINT('Ctrl Pts',(126.081216867737,75.799949399494,0.280968463603475));
#8910=CARTESIAN_POINT('Ctrl Pts',(126.040246152253,75.8220492955986,0.243657841060434));
#8911=CARTESIAN_POINT('Ctrl Pts',(126.00951811564,75.838624217677,0.215674874153155));
#8912=CARTESIAN_POINT('Ctrl Pts',(125.969953801223,75.8599654910163,0.199999999999995));
#8913=CARTESIAN_POINT('Ctrl Pts',(125.930453952649,75.8812719910205,0.199999999999993));
#8914=CARTESIAN_POINT('Ctrl Pts',(125.930453952649,75.8812719910205,0.199999999999993));
#8915=CARTESIAN_POINT('Ctrl Pts',(125.932012309561,75.8841610090211,0.199999999999993));
#8916=CARTESIAN_POINT('Ctrl Pts',(125.935107738662,75.8899567789341,0.199999999999993));
#8917=CARTESIAN_POINT('Ctrl Pts',(125.941149879322,75.9016003363991,0.199999999999994));
#8918=CARTESIAN_POINT('Ctrl Pts',(125.946202844211,75.9119081863067,0.199999999999995));
#8919=CARTESIAN_POINT('Ctrl Pts',(125.950208448126,75.9208818702155,0.199999999999995));
#8920=CARTESIAN_POINT('Ctrl Pts',(125.952774918018,75.9269295056915,0.199999999999996));
#8921=CARTESIAN_POINT('Ctrl Pts',(125.95515347873,75.9330739201966,0.199999999999996));
#8922=CARTESIAN_POINT('Ctrl Pts',(125.956921224291,75.9385357226236,0.199999999999996));
#8923=CARTESIAN_POINT('Ctrl Pts',(125.957677911476,75.941298577462,0.199999999999996));
#8924=CARTESIAN_POINT('Ctrl Pts',(125.95800847812,75.942693520454,0.199999999999996));
#8925=CARTESIAN_POINT('Ctrl Pts',(125.958177459597,75.9434957126405,0.199999999999996));
#8926=CARTESIAN_POINT('Ctrl Pts',(125.958253135569,75.9438988695896,0.199999999999996));
#8927=CARTESIAN_POINT('Ctrl Pts',(125.95828728683,75.9441011632808,0.199999999999996));
#8928=CARTESIAN_POINT('Ctrl Pts',(126.144712666157,75.9126279719581,0.333649495412369));
#8929=CARTESIAN_POINT('Ctrl Pts',(126.144672966443,75.9070974362758,0.336179459687029));
#8930=CARTESIAN_POINT('Ctrl Pts',(126.144489657873,75.9045700682645,0.337389533592339));
#8931=CARTESIAN_POINT('Ctrl Pts',(126.144316033511,75.9019612455316,0.33863135258621));
#8932=CARTESIAN_POINT('Ctrl Pts',(126.143795160423,75.8941347773331,0.342356809567822));
#8933=CARTESIAN_POINT('Ctrl Pts',(126.143149168401,75.8897029967837,0.344564523283583));
#8934=CARTESIAN_POINT('Ctrl Pts',(126.142501555437,75.8854369723761,0.346691140071326));
#8935=CARTESIAN_POINT('Ctrl Pts',(126.141638071485,75.8797489398327,0.34952662912165));
#8936=CARTESIAN_POINT('Ctrl Pts',(126.140736635079,75.8752224208423,0.351833888304924));
#8937=CARTESIAN_POINT('Ctrl Pts',(126.139830878133,75.871110762562,0.353946028405938));
#8938=CARTESIAN_POINT('Ctrl Pts',(126.138019364243,75.8628874460012,0.358170308607965));
#8939=CARTESIAN_POINT('Ctrl Pts',(126.136157755885,75.8563354036786,0.36162225502079));
#8940=CARTESIAN_POINT('Ctrl Pts',(126.134303538682,75.8503902160796,0.364780053630511));
#8941=CARTESIAN_POINT('Ctrl Pts',(126.13337643008,75.84741762228,0.366358952935372));
#8942=CARTESIAN_POINT('Ctrl Pts',(126.132442449007,75.8446004532532,0.367865990800563));
#8943=CARTESIAN_POINT('Ctrl Pts',(126.131511317895,75.841917257828,0.369307765961805));
#8944=CARTESIAN_POINT('Ctrl Pts',(126.128644117357,75.8336549849092,0.373747375450537));
#8945=CARTESIAN_POINT('Ctrl Pts',(126.125774493595,75.8265102819685,0.377658281595461));
#8946=CARTESIAN_POINT('Ctrl Pts',(126.122907412603,75.8198821633491,0.381305782690017));
#8947=CARTESIAN_POINT('Ctrl Pts',(126.121119032152,75.8157477849342,0.383580960709557));
#8948=CARTESIAN_POINT('Ctrl Pts',(126.119336723026,75.811843061117,0.385735566585386));
#8949=CARTESIAN_POINT('Ctrl Pts',(126.117554595709,75.8080861609939,0.387823711766737));
#8950=CARTESIAN_POINT('Ctrl Pts',(126.115698922325,75.8041742185081,0.389998031973169));
#8951=CARTESIAN_POINT('Ctrl Pts',(126.113843023594,75.8004253169425,0.392091586562253));
#8952=CARTESIAN_POINT('Ctrl Pts',(126.111994121039,75.7968095915006,0.394116256682377));
#8953=CARTESIAN_POINT('Ctrl Pts',(126.110145218485,75.7931938660587,0.396140926802502));
#8954=CARTESIAN_POINT('Ctrl Pts',(126.108303291119,75.7897112799095,0.398097011019177));
#8955=CARTESIAN_POINT('Ctrl Pts',(126.106471362943,75.7863377096193,0.400010863003973));
#8956=CARTESIAN_POINT('Ctrl Pts',(115.602620617967,97.4184428157927,0.200000000000006));
#8957=CARTESIAN_POINT('Ctrl Pts',(115.60265475795,97.4186450428953,0.200000000000006));
#8958=CARTESIAN_POINT('Ctrl Pts',(115.602730408604,97.4190480806107,0.200000000000006));
#8959=CARTESIAN_POINT('Ctrl Pts',(115.602899358401,97.4198501667213,0.200000000000006));
#8960=CARTESIAN_POINT('Ctrl Pts',(115.603229991121,97.4212454427909,0.200000000000005));
#8961=CARTESIAN_POINT('Ctrl Pts',(115.603987662383,97.4240121237861,0.200000000000005));
#8962=CARTESIAN_POINT('Ctrl Pts',(115.605759886505,97.4294852928594,0.200000000000005));
#8963=CARTESIAN_POINT('Ctrl Pts',(115.608130253717,97.4356066546723,0.200000000000004));
#8964=CARTESIAN_POINT('Ctrl Pts',(115.610689624244,97.4416398397358,0.200000000000004));
#8965=CARTESIAN_POINT('Ctrl Pts',(115.614704901721,97.4506361743375,0.200000000000003));
#8966=CARTESIAN_POINT('Ctrl Pts',(115.619760267504,97.460948299851,0.200000000000001));
#8967=CARTESIAN_POINT('Ctrl Pts',(115.625801370662,97.4725893956541,0.2));
#8968=CARTESIAN_POINT('Ctrl Pts',(115.62889611637,97.4783839382144,0.199999999999999));
#8969=CARTESIAN_POINT('Ctrl Pts',(115.630453952649,97.4812719910208,0.199999999999999));
#8970=CARTESIAN_POINT('Ctrl Pts',(115.567875515221,97.4243084845627,0.200000000000006));
#8971=CARTESIAN_POINT('Ctrl Pts',(115.567800529387,97.4250056344596,0.199998782714484));
#8972=CARTESIAN_POINT('Ctrl Pts',(115.567735617898,97.4260625439041,0.199997092744935));
#8973=CARTESIAN_POINT('Ctrl Pts',(115.567699075976,97.4278360797324,0.19999441183233));
#8974=CARTESIAN_POINT('Ctrl Pts',(115.567775807669,97.4304519438554,0.199990979654976));
#8975=CARTESIAN_POINT('Ctrl Pts',(115.568177284906,97.4349301011984,0.199987251837065));
#8976=CARTESIAN_POINT('Ctrl Pts',(115.569455857478,97.4426795231953,0.199981964670902));
#8977=CARTESIAN_POINT('Ctrl Pts',(115.571405685928,97.4504596157348,0.199988101446821));
#8978=CARTESIAN_POINT('Ctrl Pts',(115.573583876142,97.4578154374344,0.199984237445543));
#8979=CARTESIAN_POINT('Ctrl Pts',(115.577053665666,97.4685067890602,0.199980555298391));
#8980=CARTESIAN_POINT('Ctrl Pts',(115.581486531021,97.4802468542309,0.200013945012318));
#8981=CARTESIAN_POINT('Ctrl Pts',(115.586835932295,97.4931333599582,0.199999290477335));
#8982=CARTESIAN_POINT('Ctrl Pts',(115.589572821591,97.4994513464234,0.200004819757169));
#8983=CARTESIAN_POINT('Ctrl Pts',(115.590954104075,97.502578491025,0.199999999999999));
#8984=CARTESIAN_POINT('Ctrl Pts',(115.486738326149,97.4380060660462,0.222190618979379));
#8985=CARTESIAN_POINT('Ctrl Pts',(115.486405682367,97.439860478049,0.222437593165096));
#8986=CARTESIAN_POINT('Ctrl Pts',(115.48600861791,97.4424464744131,0.222780057835381));
#8987=CARTESIAN_POINT('Ctrl Pts',(115.485486088748,97.446492033987,0.223312691583426));
#8988=CARTESIAN_POINT('Ctrl Pts',(115.484961912324,97.4519629122115,0.224026976948243));
#8989=CARTESIAN_POINT('Ctrl Pts',(115.484521090529,97.4604438997,0.225121229040779));
#8990=CARTESIAN_POINT('Ctrl Pts',(115.484631557001,97.4735184209004,0.226782916318701));
#8991=CARTESIAN_POINT('Ctrl Pts',(115.485597867943,97.485171740633,0.228236142814533));
#8992=CARTESIAN_POINT('Ctrl Pts',(115.486874749635,97.4956237909179,0.229537284757883));
#8993=CARTESIAN_POINT('Ctrl Pts',(115.489057182982,97.5102824848164,0.23135598525914));
#8994=CARTESIAN_POINT('Ctrl Pts',(115.492063230299,97.5253348391893,0.233203616264982));
#8995=CARTESIAN_POINT('Ctrl Pts',(115.495772509246,97.5411468391644,0.23517387789686));
#8996=CARTESIAN_POINT('Ctrl Pts',(115.497675603367,97.5486844406004,0.236111477512356));
#8997=CARTESIAN_POINT('Ctrl Pts',(115.498637439752,97.5523747580942,0.23657477196142));
#8998=CARTESIAN_POINT('Ctrl Pts',(115.431877888499,97.4472676059582,0.289440554948648));
#8999=CARTESIAN_POINT('Ctrl Pts',(115.431646505687,97.4498616639066,0.290355115044648));
#9000=CARTESIAN_POINT('Ctrl Pts',(115.431410298836,97.4534045112238,0.291619625742714));
#9001=CARTESIAN_POINT('Ctrl Pts',(115.431163013787,97.4588416184302,0.293580469150637));
#9002=CARTESIAN_POINT('Ctrl Pts',(115.431051288804,97.4660028337409,0.296199401987903));
#9003=CARTESIAN_POINT('Ctrl Pts',(115.431317962809,97.4767284429519,0.300190568132018));
#9004=CARTESIAN_POINT('Ctrl Pts',(115.432612304718,97.4925212531887,0.306194793485804));
#9005=CARTESIAN_POINT('Ctrl Pts',(115.434731078107,97.5057993531112,0.311394153662736));
#9006=CARTESIAN_POINT('Ctrl Pts',(115.437009952196,97.5174092173211,0.315983613329856));
#9007=CARTESIAN_POINT('Ctrl Pts',(115.440612398253,97.5333606770574,0.322356187653146));
#9008=CARTESIAN_POINT('Ctrl Pts',(115.445232923211,97.5489673181349,0.328801688012583));
#9009=CARTESIAN_POINT('Ctrl Pts',(115.45044388832,97.5650621714734,0.335460785537545));
#9010=CARTESIAN_POINT('Ctrl Pts',(115.45311862278,97.5725548055372,0.338621810428852));
#9011=CARTESIAN_POINT('Ctrl Pts',(115.454429260394,97.5762209652992,0.340160139931795));
#9012=CARTESIAN_POINT('Ctrl Pts',(115.416537285308,97.4498574068204,0.333772235602459));
#9013=CARTESIAN_POINT('Ctrl Pts',(115.416554355345,97.4526172423943,0.33503337822615));
#9014=CARTESIAN_POINT('Ctrl Pts',(115.416668991742,97.4563577604728,0.336771899079255));
#9015=CARTESIAN_POINT('Ctrl Pts',(115.416974903855,97.462057029105,0.339459744968314));
#9016=CARTESIAN_POINT('Ctrl Pts',(115.417616559401,97.4694886697941,0.34303389415105));
#9017=CARTESIAN_POINT('Ctrl Pts',(115.419050331299,97.4804751666831,0.348444504184033));
#9018=CARTESIAN_POINT('Ctrl Pts',(115.422138520079,97.4963521833533,0.35650345963308));
#9019=CARTESIAN_POINT('Ctrl Pts',(115.425802354163,97.5094132264685,0.363363633871759));
#9020=CARTESIAN_POINT('Ctrl Pts',(115.429490284881,97.5206752963816,0.369369895272583));
#9021=CARTESIAN_POINT('Ctrl Pts',(115.435056314477,97.5360166907449,0.377644562584238));
#9022=CARTESIAN_POINT('Ctrl Pts',(115.441559147039,97.5508482296265,0.38581865945274));
#9023=CARTESIAN_POINT('Ctrl Pts',(115.448932177248,97.5658644748954,0.394186455824503));
#9024=CARTESIAN_POINT('Ctrl Pts',(115.452602892043,97.5728350843101,0.398097378844241));
#9025=CARTESIAN_POINT('Ctrl Pts',(115.454429260394,97.5762209652992,0.400000000000212));
#9026=CARTESIAN_POINT('Ctrl Pts',(115.630453952649,97.4812719910208,0.199999999999999));
#9027=CARTESIAN_POINT('Ctrl Pts',(115.62889611637,97.4783839382144,0.199999999999999));
#9028=CARTESIAN_POINT('Ctrl Pts',(115.625801370662,97.4725893956541,0.2));
#9029=CARTESIAN_POINT('Ctrl Pts',(115.619760267504,97.460948299851,0.200000000000001));
#9030=CARTESIAN_POINT('Ctrl Pts',(115.614704901721,97.4506361743375,0.200000000000003));
#9031=CARTESIAN_POINT('Ctrl Pts',(115.610689624244,97.4416398397358,0.200000000000004));
#9032=CARTESIAN_POINT('Ctrl Pts',(115.608130253717,97.4356066546723,0.200000000000004));
#9033=CARTESIAN_POINT('Ctrl Pts',(115.605759886505,97.4294852928594,0.200000000000005));
#9034=CARTESIAN_POINT('Ctrl Pts',(115.603987662383,97.4240121237861,0.200000000000005));
#9035=CARTESIAN_POINT('Ctrl Pts',(115.603229991121,97.4212454427909,0.200000000000005));
#9036=CARTESIAN_POINT('Ctrl Pts',(115.602899358401,97.4198501667213,0.200000000000006));
#9037=CARTESIAN_POINT('Ctrl Pts',(115.602730408811,97.4190480815912,0.200000000000006));
#9038=CARTESIAN_POINT('Ctrl Pts',(115.60265475832,97.4186450448662,0.200000000000006));
#9039=CARTESIAN_POINT('Ctrl Pts',(115.602620618468,97.4184428187596,0.200000000000006));
#9040=CARTESIAN_POINT('Ctrl Pts',(115.41619521955,97.4499160135616,0.333649488231642));
#9041=CARTESIAN_POINT('Ctrl Pts',(115.416234906742,97.4554446938061,0.336178603934144));
#9042=CARTESIAN_POINT('Ctrl Pts',(115.416417998411,97.4579721495972,0.337388631570659));
#9043=CARTESIAN_POINT('Ctrl Pts',(115.416591492361,97.4605811752027,0.338630486985636));
#9044=CARTESIAN_POINT('Ctrl Pts',(115.417111974208,97.468408252019,0.342356053230568));
#9045=CARTESIAN_POINT('Ctrl Pts',(115.417758259847,97.4728464515189,0.344566736614349));
#9046=CARTESIAN_POINT('Ctrl Pts',(115.418406697283,97.4771183252383,0.346696203871084));
#9047=CARTESIAN_POINT('Ctrl Pts',(115.419271280531,97.4828141568642,0.349535493546732));
#9048=CARTESIAN_POINT('Ctrl Pts',(115.420174364177,97.4873467687617,0.351845883829149));
#9049=CARTESIAN_POINT('Ctrl Pts',(115.421080394764,97.4914577214813,0.353957773999282));
#9050=CARTESIAN_POINT('Ctrl Pts',(115.422892455936,97.4996796269203,0.358181554339546));
#9051=CARTESIAN_POINT('Ctrl Pts',(115.424747739755,97.5062035321506,0.36161912241864));
#9052=CARTESIAN_POINT('Ctrl Pts',(115.426597584551,97.5121324954425,0.364768640161449));
#9053=CARTESIAN_POINT('Ctrl Pts',(115.428447429347,97.5180614587345,0.367918157904258));
#9054=CARTESIAN_POINT('Ctrl Pts',(115.430316638939,97.5233652218449,0.370774686515049));
#9055=CARTESIAN_POINT('Ctrl Pts',(115.432182731007,97.528300170743,0.373451211244877));
#9056=CARTESIAN_POINT('Ctrl Pts',(115.434126364457,97.5334401806711,0.376238953117782));
#9057=CARTESIAN_POINT('Ctrl Pts',(115.436077721005,97.5381987642286,0.378852461978315));
#9058=CARTESIAN_POINT('Ctrl Pts',(115.438019576307,97.5426843884373,0.381321259373279));
#9059=CARTESIAN_POINT('Ctrl Pts',(115.439806490721,97.5468121041077,0.383593071103412));
#9060=CARTESIAN_POINT('Ctrl Pts',(115.441585893247,97.5507090589896,0.38574333438881));
#9061=CARTESIAN_POINT('Ctrl Pts',(115.443363900882,97.5544583945689,0.387827026568868));
#9062=CARTESIAN_POINT('Ctrl Pts',(115.445218992813,97.5583702800091,0.390001055787852));
#9063=CARTESIAN_POINT('Ctrl Pts',(115.447073055966,97.5621187908766,0.392093833139209));
#9064=CARTESIAN_POINT('Ctrl Pts',(115.448919342235,97.5657348118837,0.394117892642728));
#9065=CARTESIAN_POINT('Ctrl Pts',(115.450765628505,97.5693508328908,0.396141952146248));
#9066=CARTESIAN_POINT('Ctrl Pts',(115.452604174923,97.5728343880809,0.39809759626929));
#9067=CARTESIAN_POINT('Ctrl Pts',(115.4544317211,97.5762086062104,0.400011158635431));
#9068=CARTESIAN_POINT('Origin',(125.930453952649,75.8812719910207,0.399999999999848));
#9069=CARTESIAN_POINT('Origin',(125.930453952649,75.8812719910198,0.4));
#9070=CARTESIAN_POINT('Ctrl Pts',(115.403556897316,76.1824472964334,0.300178400708314));
#9071=CARTESIAN_POINT('Ctrl Pts',(115.403505067491,76.0860840226689,0.300057811909518));
#9072=CARTESIAN_POINT('Ctrl Pts',(115.409839140702,75.9920215482,0.314786975751574));
#9073=CARTESIAN_POINT('Ctrl Pts',(115.416540279704,75.9116927698473,0.334237205933984));
#9074=CARTESIAN_POINT('Ctrl Pts',(115.41852391603,76.1824303833274,0.274192051559812));
#9075=CARTESIAN_POINT('Ctrl Pts',(115.418480757,76.0874553529388,0.274099786970433));
#9076=CARTESIAN_POINT('Ctrl Pts',(115.423757908721,75.9943708397151,0.285368101959267));
#9077=CARTESIAN_POINT('Ctrl Pts',(115.428001506069,75.9136277178874,0.300849781089184));
#9078=CARTESIAN_POINT('Ctrl Pts',(115.467245264565,76.1823752162862,0.221579285498696));
#9079=CARTESIAN_POINT('Ctrl Pts',(115.467200878374,76.0919259818259,0.221550541719188));
#9080=CARTESIAN_POINT('Ctrl Pts',(115.472631079405,76.0026109130518,0.2250600996823));
#9081=CARTESIAN_POINT('Ctrl Pts',(115.475524925634,75.9216509407333,0.230340032625194));
#9082=CARTESIAN_POINT('Ctrl Pts',(115.536971374971,76.1822964062313,0.200000004085752));
#9083=CARTESIAN_POINT('Ctrl Pts',(115.536889194101,76.0983095355021,0.199999332802352));
#9084=CARTESIAN_POINT('Ctrl Pts',(115.546934788094,76.0151286729369,0.200081715712739));
#9085=CARTESIAN_POINT('Ctrl Pts',(115.556409412041,75.9353064501903,0.199998999212026));
#9086=CARTESIAN_POINT('Ctrl Pts',(115.576864745247,76.182251249294,0.2));
#9087=CARTESIAN_POINT('Ctrl Pts',(115.576761203908,76.1019672787584,0.2));
#9088=CARTESIAN_POINT('Ctrl Pts',(115.589414928811,76.0222849450487,0.2));
#9089=CARTESIAN_POINT('Ctrl Pts',(115.602783651253,75.943135689747,0.2));
#9090=CARTESIAN_POINT('',(115.602620618468,75.9441011632809,0.2));
#9091=CARTESIAN_POINT('',(115.41624468563,75.9126364581974,0.333667708352571));
#9092=CARTESIAN_POINT('Ctrl Pts',(115.602620618468,75.9441011632809,0.199999999999996));
#9093=CARTESIAN_POINT('Ctrl Pts',(115.567875514049,75.938235487673,0.199999999982135));
#9094=CARTESIAN_POINT('Ctrl Pts',(115.533102409681,75.9323650882366,0.20951023893947));
#9095=CARTESIAN_POINT('Ctrl Pts',(115.503155667647,75.9273094786404,0.227296702254169));
#9096=CARTESIAN_POINT('Ctrl Pts',(115.463226678699,75.9205686659185,0.251011986417079));
#9097=CARTESIAN_POINT('Ctrl Pts',(115.431878238812,75.915276427501,0.289440013996797));
#9098=CARTESIAN_POINT('Ctrl Pts',(115.416537491636,75.9126866100524,0.33377163935434));
#9099=CARTESIAN_POINT('Ctrl Pts',(115.416537285572,75.9126865754774,0.333772234738841));
#9100=CARTESIAN_POINT('Ctrl Pts',(115.412287780384,75.9638503077923,0.321443184092136));
#9101=CARTESIAN_POINT('Ctrl Pts',(115.408087048544,76.020408794979,0.31069472096162));
#9102=CARTESIAN_POINT('Ctrl Pts',(115.405727561666,76.0797523658797,0.304925922268802));
#9103=CARTESIAN_POINT('Ctrl Pts',(115.40440747356,76.1129539669803,0.301698388938372));
#9104=CARTESIAN_POINT('Ctrl Pts',(115.403659033406,76.1469918321503,0.300000000000049));
#9105=CARTESIAN_POINT('Ctrl Pts',(115.403659033406,76.18127199102,0.300000000000084));
#9106=CARTESIAN_POINT('Ctrl Pts',(115.576864114163,76.1812719910205,0.2));
#9107=CARTESIAN_POINT('Ctrl Pts',(115.576864114163,76.1016457306952,0.2));
#9108=CARTESIAN_POINT('Ctrl Pts',(115.589366573166,76.0226110880471,0.2));
#9109=CARTESIAN_POINT('Ctrl Pts',(115.602620618468,75.9441011632809,0.2));
#9110=CARTESIAN_POINT('Ctrl Pts',(115.630453952649,75.8812719910204,0.199999999999995));
#9111=CARTESIAN_POINT('Ctrl Pts',(115.630259158035,75.8816331182705,0.199999999999995));
#9112=CARTESIAN_POINT('Ctrl Pts',(115.629869694198,75.8823560429196,0.199999999999995));
#9113=CARTESIAN_POINT('Ctrl Pts',(115.629091817413,75.8838038290803,0.199999999999995));
#9114=CARTESIAN_POINT('Ctrl Pts',(115.62773453806,75.8863403179447,0.199999999999995));
#9115=CARTESIAN_POINT('Ctrl Pts',(115.625811531109,75.8899673154108,0.199999999999995));
#9116=CARTESIAN_POINT('Ctrl Pts',(115.62353375526,75.8943233129448,0.199999999999995));
#9117=CARTESIAN_POINT('Ctrl Pts',(115.619031782238,75.9030825804392,0.199999999999995));
#9118=CARTESIAN_POINT('Ctrl Pts',(115.613983150972,75.9133743226479,0.199999999999996));
#9119=CARTESIAN_POINT('Ctrl Pts',(115.608725965462,75.9253912183359,0.199999999999996));
#9120=CARTESIAN_POINT('Ctrl Pts',(115.605754936052,75.933075321211,0.199999999999996));
#9121=CARTESIAN_POINT('Ctrl Pts',(115.604112451195,75.9381455085656,0.199999999999996));
#9122=CARTESIAN_POINT('Ctrl Pts',(115.603446173111,75.9405091824288,0.199999999999996));
#9123=CARTESIAN_POINT('Ctrl Pts',(115.603134978257,75.9416971098309,0.199999999999996));
#9124=CARTESIAN_POINT('Ctrl Pts',(115.602852564128,75.9428928292258,0.199999999999996));
#9125=CARTESIAN_POINT('Ctrl Pts',(115.602688920751,75.9436965768735,0.199999999999996));
#9126=CARTESIAN_POINT('Ctrl Pts',(115.602620617967,75.9441011662481,0.199999999999996));
#9127=CARTESIAN_POINT('Ctrl Pts',(115.590954104075,75.8599654910163,0.199999999999995));
#9128=CARTESIAN_POINT('Ctrl Pts',(115.590781386061,75.8603565147289,0.200000602670988));
#9129=CARTESIAN_POINT('Ctrl Pts',(115.590436238772,75.861139911999,0.200001396233815));
#9130=CARTESIAN_POINT('Ctrl Pts',(115.589746780408,75.8627114407887,0.200003156480001));
#9131=CARTESIAN_POINT('Ctrl Pts',(115.588543945626,75.8654714674458,0.200005708556275));
#9132=CARTESIAN_POINT('Ctrl Pts',(115.586841473439,75.8694396314788,0.200006183241524));
#9133=CARTESIAN_POINT('Ctrl Pts',(115.58482388543,75.8742406306919,0.200010612474111));
#9134=CARTESIAN_POINT('Ctrl Pts',(115.58084393124,75.8839832262013,0.200014041146876));
#9135=CARTESIAN_POINT('Ctrl Pts',(115.576414355685,75.8956770667813,0.199974774793921));
#9136=CARTESIAN_POINT('Ctrl Pts',(115.571890281716,75.9100837396305,0.19998312616421));
#9137=CARTESIAN_POINT('Ctrl Pts',(115.569446112936,75.9198710934711,0.199986836452648));
#9138=CARTESIAN_POINT('Ctrl Pts',(115.5682591031,75.9270294959571,0.199985433079264));
#9139=CARTESIAN_POINT('Ctrl Pts',(115.567886689282,75.9307984742165,0.199989709836289));
#9140=CARTESIAN_POINT('Ctrl Pts',(115.567739690717,75.9327814366382,0.199992058794256));
#9141=CARTESIAN_POINT('Ctrl Pts',(115.567697723418,75.9351206140415,0.199995076868653));
#9142=CARTESIAN_POINT('Ctrl Pts',(115.567725493432,75.9368407317056,0.199997564615313));
#9143=CARTESIAN_POINT('Ctrl Pts',(115.567875515221,75.9382354974781,0.199999999999996));
#9144=CARTESIAN_POINT('Ctrl Pts',(115.498637296093,75.8101691464564,0.236574635994356));
#9145=CARTESIAN_POINT('Ctrl Pts',(115.498517026364,75.8106305903073,0.236516704833957));
#9146=CARTESIAN_POINT('Ctrl Pts',(115.498276715898,75.8115560748332,0.236400729190886));
#9147=CARTESIAN_POINT('Ctrl Pts',(115.497796629361,75.8134184740522,0.236167410850473));
#9148=CARTESIAN_POINT('Ctrl Pts',(115.496958984506,75.8167034475834,0.235756473694645));
#9149=CARTESIAN_POINT('Ctrl Pts',(115.495774647634,75.82146998315,0.235162537655763));
#9150=CARTESIAN_POINT('Ctrl Pts',(115.494372733838,75.8273156043686,0.234433987420784));
#9151=CARTESIAN_POINT('Ctrl Pts',(115.491622481293,75.8393612567866,0.232937447490905));
#9152=CARTESIAN_POINT('Ctrl Pts',(115.488605294419,75.8543021226187,0.231107139973887));
#9153=CARTESIAN_POINT('Ctrl Pts',(115.485815394274,75.8743047666564,0.228622630106472));
#9154=CARTESIAN_POINT('Ctrl Pts',(115.484615802316,75.8890129239913,0.226782742147499));
#9155=CARTESIAN_POINT('Ctrl Pts',(115.484499761803,75.9010513189283,0.22525599586301));
#9156=CARTESIAN_POINT('Ctrl Pts',(115.484823576376,75.9081081211784,0.22434635048669));
#9157=CARTESIAN_POINT('Ctrl Pts',(115.485065506835,75.9119509827445,0.223848770824667));
#9158=CARTESIAN_POINT('Ctrl Pts',(115.485592239771,75.9169645240347,0.223192884814223));
#9159=CARTESIAN_POINT('Ctrl Pts',(115.486072763808,75.9208278436377,0.222684667507353));
#9160=CARTESIAN_POINT('Ctrl Pts',(115.486738273713,75.9245379071422,0.222190554057057));
#9161=CARTESIAN_POINT('Ctrl Pts',(115.454429260394,75.7863230167421,0.340160139931622));
#9162=CARTESIAN_POINT('Ctrl Pts',(115.45426537594,75.7867814398673,0.339967784479573));
#9163=CARTESIAN_POINT('Ctrl Pts',(115.453935929013,75.7877001818099,0.339581603641558));
#9164=CARTESIAN_POINT('Ctrl Pts',(115.453277350246,75.7895533635313,0.338804004305304));
#9165=CARTESIAN_POINT('Ctrl Pts',(115.452123099095,75.7928295133523,0.337430676354934));
#9166=CARTESIAN_POINT('Ctrl Pts',(115.450467449501,75.7976017632225,0.335431178865387));
#9167=CARTESIAN_POINT('Ctrl Pts',(115.448505177026,75.8035189343893,0.332973590445602));
#9168=CARTESIAN_POINT('Ctrl Pts',(115.44458006406,75.8158168696985,0.327884784209485));
#9169=CARTESIAN_POINT('Ctrl Pts',(115.439931561783,75.8312529712499,0.321489597797389));
#9170=CARTESIAN_POINT('Ctrl Pts',(115.435218808653,75.8531872957862,0.312765696798127));
#9171=CARTESIAN_POINT('Ctrl Pts',(115.43261453809,75.8700104241234,0.30620604628459));
#9172=CARTESIAN_POINT('Ctrl Pts',(115.431379150065,75.8845116619746,0.300676662791663));
#9173=CARTESIAN_POINT('Ctrl Pts',(115.431115980529,75.8934024009022,0.297364701290308));
#9174=CARTESIAN_POINT('Ctrl Pts',(115.431044867197,75.8983047821952,0.295548304837302));
#9175=CARTESIAN_POINT('Ctrl Pts',(115.43120607574,75.9049179944998,0.293140568963484));
#9176=CARTESIAN_POINT('Ctrl Pts',(115.431414968217,75.9100865263035,0.291270286437588));
#9177=CARTESIAN_POINT('Ctrl Pts',(115.431877888499,75.9152763760824,0.289440554948753));
#9178=CARTESIAN_POINT('Ctrl Pts',(115.454429260394,75.7863230167421,0.4));
#9179=CARTESIAN_POINT('Ctrl Pts',(115.454200888053,75.786746393312,0.399762092872928));
#9180=CARTESIAN_POINT('Ctrl Pts',(115.453743589417,75.7875959921459,0.399284686842223));
#9181=CARTESIAN_POINT('Ctrl Pts',(115.452827489092,75.7893105717802,0.398321837261236));
#9182=CARTESIAN_POINT('Ctrl Pts',(115.451221700351,75.7923457922529,0.396618598536299));
#9183=CARTESIAN_POINT('Ctrl Pts',(115.4489239672,75.7967837833139,0.394132487086093));
#9184=CARTESIAN_POINT('Ctrl Pts',(115.446164356292,75.8022958213474,0.391054654059445));
#9185=CARTESIAN_POINT('Ctrl Pts',(115.440620420081,75.8138100514787,0.384650605521616));
#9186=CARTESIAN_POINT('Ctrl Pts',(115.434124519036,75.8284771697346,0.376552940315187));
#9187=CARTESIAN_POINT('Ctrl Pts',(115.426718705452,75.8496291675874,0.365186226638271));
#9188=CARTESIAN_POINT('Ctrl Pts',(115.422125294687,75.8661615566763,0.356513206283777));
#9189=CARTESIAN_POINT('Ctrl Pts',(115.419259037134,75.8807472332291,0.349101641037687));
#9190=CARTESIAN_POINT('Ctrl Pts',(115.418021661352,75.8898361608393,0.344614707930219));
#9191=CARTESIAN_POINT('Ctrl Pts',(115.417419093444,75.8948725394003,0.34214724638068));
#9192=CARTESIAN_POINT('Ctrl Pts',(115.416893118672,75.9017567852708,0.338857747376588));
#9193=CARTESIAN_POINT('Ctrl Pts',(115.416571436791,75.9071650593836,0.336295363804431));
#9194=CARTESIAN_POINT('Ctrl Pts',(115.416537285308,75.9126865752202,0.333772235602607));
#9195=CARTESIAN_POINT('Ctrl Pts',(115.602620618468,75.9441011632808,0.199999999999996));
#9196=CARTESIAN_POINT('Ctrl Pts',(115.602688921152,75.9436965749086,0.199999999999996));
#9197=CARTESIAN_POINT('Ctrl Pts',(115.602852564358,75.9428928282515,0.199999999999996));
#9198=CARTESIAN_POINT('Ctrl Pts',(115.603134978257,75.9416971098309,0.199999999999996));
#9199=CARTESIAN_POINT('Ctrl Pts',(115.603446173111,75.9405091824288,0.199999999999996));
#9200=CARTESIAN_POINT('Ctrl Pts',(115.604112451195,75.9381455085656,0.199999999999996));
#9201=CARTESIAN_POINT('Ctrl Pts',(115.605754936052,75.933075321211,0.199999999999996));
#9202=CARTESIAN_POINT('Ctrl Pts',(115.608725965462,75.9253912183359,0.199999999999996));
#9203=CARTESIAN_POINT('Ctrl Pts',(115.613983150972,75.9133743226479,0.199999999999996));
#9204=CARTESIAN_POINT('Ctrl Pts',(115.619031782238,75.9030825804392,0.199999999999995));
#9205=CARTESIAN_POINT('Ctrl Pts',(115.62353375526,75.8943233129448,0.199999999999995));
#9206=CARTESIAN_POINT('Ctrl Pts',(115.625811531109,75.8899673154108,0.199999999999995));
#9207=CARTESIAN_POINT('Ctrl Pts',(115.62773453806,75.8863403179447,0.199999999999995));
#9208=CARTESIAN_POINT('Ctrl Pts',(115.629091817413,75.8838038290803,0.199999999999995));
#9209=CARTESIAN_POINT('Ctrl Pts',(115.629869694198,75.8823560429196,0.199999999999995));
#9210=CARTESIAN_POINT('Ctrl Pts',(115.630259158035,75.8816331182705,0.199999999999995));
#9211=CARTESIAN_POINT('Ctrl Pts',(115.630453952649,75.8812719910204,0.199999999999995));
#9212=CARTESIAN_POINT('',(115.454439485198,75.7863436538816,0.40001544719321));
#9213=CARTESIAN_POINT('Ctrl Pts',(115.630453952649,75.8812719910204,0.199999999999995));
#9214=CARTESIAN_POINT('Ctrl Pts',(115.590954104075,75.8599654910163,0.199999999999995));
#9215=CARTESIAN_POINT('Ctrl Pts',(115.551389757797,75.8386242004906,0.215674843997578));
#9216=CARTESIAN_POINT('Ctrl Pts',(115.520661716632,75.822049275957,0.24365780659692));
#9217=CARTESIAN_POINT('Ctrl Pts',(115.479690995079,75.7999493765789,0.280968423396041));
#9218=CARTESIAN_POINT('Ctrl Pts',(115.454429260394,75.7863230167421,0.340160139931622));
#9219=CARTESIAN_POINT('Ctrl Pts',(115.454429260394,75.7863230167421,0.4));
#9220=CARTESIAN_POINT('Ctrl Pts',(115.454439485198,75.7863436538816,0.40001544719321));
#9221=CARTESIAN_POINT('Ctrl Pts',(115.452664651711,75.7896377083518,0.397988963251664));
#9222=CARTESIAN_POINT('Ctrl Pts',(115.45078482626,75.7932141786051,0.396137610096372));
#9223=CARTESIAN_POINT('Ctrl Pts',(115.448947369579,75.796827411862,0.394117551486201));
#9224=CARTESIAN_POINT('Ctrl Pts',(115.447109912898,75.8004406451189,0.39209749287603));
#9225=CARTESIAN_POINT('Ctrl Pts',(115.445261624207,75.8041902127994,0.390006379477436));
#9226=CARTESIAN_POINT('Ctrl Pts',(115.443413076181,75.8080991896837,0.387836247684059));
#9227=CARTESIAN_POINT('Ctrl Pts',(115.44163890113,75.81185089598,0.385753427203418));
#9228=CARTESIAN_POINT('Ctrl Pts',(115.439869711958,75.8157342700905,0.383614489781515));
#9229=CARTESIAN_POINT('Ctrl Pts',(115.438092463967,75.819845078508,0.381354497301462));
#9230=CARTESIAN_POINT('Ctrl Pts',(115.436166212396,75.8243005350435,0.378905028184278));
#9231=CARTESIAN_POINT('Ctrl Pts',(115.4342297708,75.8290236898929,0.376312023440727));
#9232=CARTESIAN_POINT('Ctrl Pts',(115.43229300245,75.8341394433767,0.373538005331303));
#9233=CARTESIAN_POINT('Ctrl Pts',(115.430431142649,75.8390573344421,0.370871278148517));
#9234=CARTESIAN_POINT('Ctrl Pts',(115.428564374532,75.8443383551523,0.368027158794536));
#9235=CARTESIAN_POINT('Ctrl Pts',(115.426702307843,75.8502818587882,0.364867866591478));
#9236=CARTESIAN_POINT('Ctrl Pts',(115.424840241154,75.8562253624241,0.361708574388419));
#9237=CARTESIAN_POINT('Ctrl Pts',(115.422958189158,75.8628215807354,0.358228689645733));
#9238=CARTESIAN_POINT('Ctrl Pts',(115.421139622348,75.8710024468051,0.354021535866066));
#9239=CARTESIAN_POINT('Ctrl Pts',(115.420230338942,75.87509287984,0.351917958976233));
#9240=CARTESIAN_POINT('Ctrl Pts',(115.419325112128,75.8795745699992,0.349630078949434));
#9241=CARTESIAN_POINT('Ctrl Pts',(115.418442270721,75.8853103181083,0.34676454405189));
#9242=CARTESIAN_POINT('Ctrl Pts',(115.418000850018,75.8881781921628,0.345331776603118));
#9243=CARTESIAN_POINT('Ctrl Pts',(115.417587366725,75.8911457269483,0.343862499659425));
#9244=CARTESIAN_POINT('Ctrl Pts',(115.417174595763,75.8951143896317,0.341929412151884));
#9245=CARTESIAN_POINT('Ctrl Pts',(115.416761824801,75.8990830523151,0.339996324644344));
#9246=CARTESIAN_POINT('Ctrl Pts',(115.416262910721,75.9015637297411,0.338705563374243));
#9247=CARTESIAN_POINT('Ctrl Pts',(115.416185222474,75.9126262665685,0.333645784322985));
#9248=CARTESIAN_POINT('Origin',(115.63045395265,75.8812719910211,0.400000000000388));
#9249=CARTESIAN_POINT('Origin',(115.630453952649,75.8812719910199,0.4));
#9250=CARTESIAN_POINT('Origin',(115.230453952656,76.1812719910204,0.89999999999972));
#9251=CARTESIAN_POINT('',(115.230453952649,75.9669862767347,0.448246048547378));
#9252=CARTESIAN_POINT('Ctrl Pts',(115.416185222972,75.9126262695551,0.333645781510923));
#9253=CARTESIAN_POINT('Ctrl Pts',(115.40403224103,75.9257151903763,0.361239319471458));
#9254=CARTESIAN_POINT('Ctrl Pts',(115.383152277503,75.9386579886289,0.388524986626314));
#9255=CARTESIAN_POINT('Ctrl Pts',(115.355180576023,75.9482677575859,0.408784068268342));
#9256=CARTESIAN_POINT('Ctrl Pts',(115.319410846583,75.9605565643937,0.434691032474925));
#9257=CARTESIAN_POINT('Ctrl Pts',(115.272564383932,75.9669862767347,0.448246048547372));
#9258=CARTESIAN_POINT('Ctrl Pts',(115.230453952649,75.9669862767347,0.448246048547372));
#9259=CARTESIAN_POINT('',(115.230453952649,76.1812719910205,0.4));
#9260=CARTESIAN_POINT('Origin',(115.230453952649,76.1812719910205,0.900000000000151));
#9261=CARTESIAN_POINT('Origin',(115.230453952649,76.1812719910205,0.199999999999846));
#9262=CARTESIAN_POINT('Ctrl Pts',(115.630453952649,75.6812719910204,0.9));
#9263=CARTESIAN_POINT('Ctrl Pts',(115.63032907238,75.6812719910204,0.89966959788164));
#9264=CARTESIAN_POINT('Ctrl Pts',(115.630204201095,75.6812721012007,0.899339222558112));
#9265=CARTESIAN_POINT('Ctrl Pts',(115.612084664999,75.681307496061,0.851398737318527));
#9266=CARTESIAN_POINT('Ctrl Pts',(115.575910488547,75.6862646488668,0.755663951609821));
#9267=CARTESIAN_POINT('Ctrl Pts',(115.524205554343,75.7086149330552,0.615398103880291));
#9268=CARTESIAN_POINT('Ctrl Pts',(115.477690916315,75.7472691308565,0.480797830084823));
#9269=CARTESIAN_POINT('Ctrl Pts',(115.441563155422,75.8037494666128,0.358814602138693));
#9270=CARTESIAN_POINT('Ctrl Pts',(115.430453952649,75.8543134248756,0.293119609407321));
#9271=CARTESIAN_POINT('Ctrl Pts',(115.430453952649,75.8812719910204,0.267544467966336));
#9272=CARTESIAN_POINT('Ctrl Pts',(115.630453952649,75.6812719910204,0.9));
#9273=CARTESIAN_POINT('Ctrl Pts',(115.630305310821,75.6812719910204,0.899687706245218));
#9274=CARTESIAN_POINT('Ctrl Pts',(115.630156600969,75.6812720603653,0.899375052024908));
#9275=CARTESIAN_POINT('Ctrl Pts',(115.608587812919,75.6813188143163,0.854050816073087));
#9276=CARTESIAN_POINT('Ctrl Pts',(115.565520296392,75.6881884021273,0.763507297597874));
#9277=CARTESIAN_POINT('Ctrl Pts',(115.506384180793,75.7185496679685,0.631827257103726));
#9278=CARTESIAN_POINT('Ctrl Pts',(115.458151515822,75.7683958839041,0.507475225284181));
#9279=CARTESIAN_POINT('Ctrl Pts',(115.428862982838,75.8344658576435,0.398508532538119));
#9280=CARTESIAN_POINT('Ctrl Pts',(115.426925399239,75.8838240689941,0.34293288037946));
#9281=CARTESIAN_POINT('Ctrl Pts',(115.430453952649,75.9069176453355,0.321610254446854));
#9282=CARTESIAN_POINT('Ctrl Pts',(115.630453952649,75.6812719910204,0.9));
#9283=CARTESIAN_POINT('Ctrl Pts',(115.63026390871,75.6812719910204,0.899719129272248));
#9284=CARTESIAN_POINT('Ctrl Pts',(115.630073118895,75.6812720486101,0.899438025336987));
#9285=CARTESIAN_POINT('Ctrl Pts',(115.602477329905,75.6813331931452,0.858678007301077));
#9286=CARTESIAN_POINT('Ctrl Pts',(115.54731910005,75.6900257581524,0.777257527275342));
#9287=CARTESIAN_POINT('Ctrl Pts',(115.471627386351,75.728447923172,0.660546444088966));
#9288=CARTESIAN_POINT('Ctrl Pts',(115.41010813405,75.7911688348637,0.5541058362176));
#9289=CARTESIAN_POINT('Ctrl Pts',(115.374283532605,75.8723973949257,0.467604668383679));
#9290=CARTESIAN_POINT('Ctrl Pts',(115.374525742778,75.9280480777066,0.429319032927909));
#9291=CARTESIAN_POINT('Ctrl Pts',(115.380184225863,75.9512951295182,0.41516620567715));
#9292=CARTESIAN_POINT('Ctrl Pts',(115.630453952649,75.6812719910204,0.9));
#9293=CARTESIAN_POINT('Ctrl Pts',(115.630222163187,75.6812719910204,0.899750520630436));
#9294=CARTESIAN_POINT('Ctrl Pts',(115.629989993097,75.6812721249075,0.899501035829986));
#9295=CARTESIAN_POINT('Ctrl Pts',(115.596346908153,75.6813271137544,0.863301980768496));
#9296=CARTESIAN_POINT('Ctrl Pts',(115.529148662089,75.6892344486974,0.791011946771269));
#9297=CARTESIAN_POINT('Ctrl Pts',(115.434064130414,75.7245097616837,0.686474506852245));
#9298=CARTESIAN_POINT('Ctrl Pts',(115.350480690974,75.7838982598097,0.589041371059658));
#9299=CARTESIAN_POINT('Ctrl Pts',(115.289140705687,75.8663466053602,0.505493091417864));
#9300=CARTESIAN_POINT('Ctrl Pts',(115.27364209505,75.9335673389202,0.464105685207412));
#9301=CARTESIAN_POINT('Ctrl Pts',(115.2753338477,75.9669862767347,0.448246048547369));
#9302=CARTESIAN_POINT('Ctrl Pts',(115.630453952649,75.6812719910204,0.9));
#9303=CARTESIAN_POINT('Ctrl Pts',(115.630204192115,75.6812719910204,0.899763998493531));
#9304=CARTESIAN_POINT('Ctrl Pts',(115.629954449541,75.6812721484208,0.899528016112936));
#9305=CARTESIAN_POINT('Ctrl Pts',(115.59371537735,75.6813227125071,0.865284812369938));
#9306=CARTESIAN_POINT('Ctrl Pts',(115.521367024445,75.6884043593724,0.796902822578271));
#9307=CARTESIAN_POINT('Ctrl Pts',(115.417957156039,75.7203333367844,0.69671293134292));
#9308=CARTESIAN_POINT('Ctrl Pts',(115.324927879982,75.7755536193576,0.600569878631952));
#9309=CARTESIAN_POINT('Ctrl Pts',(115.252672358195,75.8562398132953,0.513439001527562));
#9310=CARTESIAN_POINT('Ctrl Pts',(115.230453952649,75.928474039385,0.466514006719498));
#9311=CARTESIAN_POINT('Ctrl Pts',(115.230453952649,75.9669862767347,0.448246048547369));
#9312=CARTESIAN_POINT('',(115.630453952649,75.6812719910205,0.9));
#9313=CARTESIAN_POINT('Ctrl Pts',(115.45446501255,75.7862962985431,0.400108236565363));
#9314=CARTESIAN_POINT('Ctrl Pts',(115.461696942693,75.7728848498476,0.426392035738452));
#9315=CARTESIAN_POINT('Ctrl Pts',(115.48277960259,75.7430403741862,0.495523056270015));
#9316=CARTESIAN_POINT('Ctrl Pts',(115.524205554343,75.7086149330552,0.615398103880291));
#9317=CARTESIAN_POINT('Ctrl Pts',(115.575910488547,75.6862646488668,0.755663951609821));
#9318=CARTESIAN_POINT('Ctrl Pts',(115.612084664999,75.681307496061,0.851398737318527));
#9319=CARTESIAN_POINT('Ctrl Pts',(115.630204201095,75.6812721012007,0.899339222558112));
#9320=CARTESIAN_POINT('Ctrl Pts',(115.63032907238,75.6812719910204,0.89966959788164));
#9321=CARTESIAN_POINT('Ctrl Pts',(115.630453952649,75.6812719910204,0.9));
#9322=CARTESIAN_POINT('Ctrl Pts',(115.630453952649,75.6812719910204,0.9));
#9323=CARTESIAN_POINT('Ctrl Pts',(115.630204192115,75.6812719910204,0.899763998493531));
#9324=CARTESIAN_POINT('Ctrl Pts',(115.629954449541,75.6812721484208,0.899528016112936));
#9325=CARTESIAN_POINT('Ctrl Pts',(115.59371537735,75.6813227125071,0.865284812369938));
#9326=CARTESIAN_POINT('Ctrl Pts',(115.521367024445,75.6884043593724,0.796902822578271));
#9327=CARTESIAN_POINT('Ctrl Pts',(115.417957156039,75.7203333367844,0.69671293134292));
#9328=CARTESIAN_POINT('Ctrl Pts',(115.324927879982,75.7755536193576,0.600569878631952));
#9329=CARTESIAN_POINT('Ctrl Pts',(115.252672358195,75.8562398132953,0.513439001527562));
#9330=CARTESIAN_POINT('Ctrl Pts',(115.230453952649,75.928474039385,0.466514006719498));
#9331=CARTESIAN_POINT('Ctrl Pts',(115.230453952649,75.9669862767347,0.448246048547369));
#9332=CARTESIAN_POINT('Origin',(115.630453952649,75.8812719910207,0.65));
#9333=CARTESIAN_POINT('',(115.630453952649,75.6812719910205,0.4));
#9334=CARTESIAN_POINT('Origin',(120.780453952649,75.6812719910205,0.4));
#9335=CARTESIAN_POINT('',(125.930453952649,75.6812719910205,0.9));
#9336=CARTESIAN_POINT('',(125.930453952649,75.6812719910205,0.9));
#9337=CARTESIAN_POINT('',(130.630453952649,75.6812719910205,0.9));
#9338=CARTESIAN_POINT('',(125.930453952649,75.6812719910205,0.9));
#9339=CARTESIAN_POINT('',(130.630453952649,75.6812719910205,12.1));
#9340=CARTESIAN_POINT('',(130.630453952649,75.6812719910205,12.1));
#9341=CARTESIAN_POINT('',(110.930453952649,75.6812719910205,12.1));
#9342=CARTESIAN_POINT('',(110.930453952649,75.6812719910205,12.1));
#9343=CARTESIAN_POINT('',(110.930453952649,75.6812719910205,0.9));
#9344=CARTESIAN_POINT('',(110.930453952649,75.6812719910205,0.9));
#9345=CARTESIAN_POINT('',(110.930453952649,75.6812719910205,0.9));
#9346=CARTESIAN_POINT('Origin',(125.930453952649,75.8812719910207,0.65));
#9347=CARTESIAN_POINT('Ctrl Pts',(125.930453952649,75.6812719910204,0.9));
#9348=CARTESIAN_POINT('Ctrl Pts',(125.930578832919,75.6812719910204,0.89966959788164));
#9349=CARTESIAN_POINT('Ctrl Pts',(125.930703717587,75.6812721179721,0.899339177328977));
#9350=CARTESIAN_POINT('Ctrl Pts',(125.948820483537,75.6813039944792,0.851408101871197));
#9351=CARTESIAN_POINT('Ctrl Pts',(125.985052859747,75.6862861183504,0.755526085799625));
#9352=CARTESIAN_POINT('Ctrl Pts',(126.028042707714,75.7048409239049,0.638914311522241));
#9353=CARTESIAN_POINT('Ctrl Pts',(126.060055243822,75.7279872819165,0.547850669647952));
#9354=CARTESIAN_POINT('Ctrl Pts',(126.081908922122,75.7494135774534,0.482492557818913));
#9355=CARTESIAN_POINT('Ctrl Pts',(126.097043823923,75.769833953206,0.433481772284667));
#9356=CARTESIAN_POINT('Ctrl Pts',(126.104603754535,75.7828816000662,0.406792167592978));
#9357=CARTESIAN_POINT('Ctrl Pts',(126.106455890812,75.7863090720496,0.400067046952938));
#9358=CARTESIAN_POINT('Ctrl Pts',(126.130453952649,75.8812719910204,0.267544467966331));
#9359=CARTESIAN_POINT('Ctrl Pts',(126.130453952649,75.8543134248756,0.293119609407314));
#9360=CARTESIAN_POINT('Ctrl Pts',(126.122164699041,75.8163467511047,0.342346574937047));
#9361=CARTESIAN_POINT('Ctrl Pts',(126.101282820229,75.7755533095999,0.419754789343093));
#9362=CARTESIAN_POINT('Ctrl Pts',(126.081908922122,75.7494135774534,0.482492557818913));
#9363=CARTESIAN_POINT('Ctrl Pts',(126.060055243822,75.7279872819165,0.547850669647952));
#9364=CARTESIAN_POINT('Ctrl Pts',(126.028042707714,75.7048409239049,0.638914311522241));
#9365=CARTESIAN_POINT('Ctrl Pts',(125.985052859747,75.6862861183504,0.755526085799625));
#9366=CARTESIAN_POINT('Ctrl Pts',(125.948820483537,75.6813039944792,0.851408101871197));
#9367=CARTESIAN_POINT('Ctrl Pts',(125.930703717587,75.6812721179721,0.899339177328977));
#9368=CARTESIAN_POINT('Ctrl Pts',(125.930578832919,75.6812719910204,0.89966959788164));
#9369=CARTESIAN_POINT('Ctrl Pts',(125.930453952649,75.6812719910204,0.9));
#9370=CARTESIAN_POINT('Ctrl Pts',(126.130453952649,75.9069176453355,0.32161025444685));
#9371=CARTESIAN_POINT('Ctrl Pts',(126.134018314897,75.883712282493,0.34295668071816));
#9372=CARTESIAN_POINT('Ctrl Pts',(126.132689277863,75.846957448289,0.384493098738881));
#9373=CARTESIAN_POINT('Ctrl Pts',(126.117706816961,75.8014757255963,0.452822112605112));
#9374=CARTESIAN_POINT('Ctrl Pts',(126.100660209607,75.7703601841226,0.509393407857566));
#9375=CARTESIAN_POINT('Ctrl Pts',(126.07903763241,75.7434815145391,0.569311483143057));
#9376=CARTESIAN_POINT('Ctrl Pts',(126.044875678341,75.713382913328,0.653800177810918));
#9377=CARTESIAN_POINT('Ctrl Pts',(125.995633147678,75.6881756310311,0.763324137535881));
#9378=CARTESIAN_POINT('Ctrl Pts',(125.952339774254,75.6813122144014,0.854044832971425));
#9379=CARTESIAN_POINT('Ctrl Pts',(125.930751193105,75.6812721849713,0.899375176985959));
#9380=CARTESIAN_POINT('Ctrl Pts',(125.930602619636,75.6812719910204,0.899687578950572));
#9381=CARTESIAN_POINT('Ctrl Pts',(125.930453952649,75.6812719910204,0.9));
#9382=CARTESIAN_POINT('Ctrl Pts',(126.180683396962,75.9513114016305,0.415200510301944));
#9383=CARTESIAN_POINT('Ctrl Pts',(126.186181589471,75.9276446395444,0.429540456381509));
#9384=CARTESIAN_POINT('Ctrl Pts',(126.186563987046,75.8863808842651,0.458023082676974));
#9385=CARTESIAN_POINT('Ctrl Pts',(126.168674072563,75.8316932924348,0.510855840772632));
#9386=CARTESIAN_POINT('Ctrl Pts',(126.147483975564,75.7933841511742,0.556748942984867));
#9387=CARTESIAN_POINT('Ctrl Pts',(126.120080601741,75.7598219657538,0.607195504400224));
#9388=CARTESIAN_POINT('Ctrl Pts',(126.076574436546,75.7219578562883,0.680129308147868));
#9389=CARTESIAN_POINT('Ctrl Pts',(126.013588557146,75.6900587089394,0.777188784779283));
#9390=CARTESIAN_POINT('Ctrl Pts',(125.958436544981,75.6813284252429,0.858682499497405));
#9391=CARTESIAN_POINT('Ctrl Pts',(125.93083456788,75.6812722105257,0.899438066047764));
#9392=CARTESIAN_POINT('Ctrl Pts',(125.930644246391,75.6812719910204,0.899719045821202));
#9393=CARTESIAN_POINT('Ctrl Pts',(125.930453952649,75.6812719910204,0.9));
#9394=CARTESIAN_POINT('Ctrl Pts',(126.285574057598,75.9669862767347,0.44824604854737));
#9395=CARTESIAN_POINT('Ctrl Pts',(126.287206933657,75.9333993993108,0.464145309645701));
#9396=CARTESIAN_POINT('Ctrl Pts',(126.275699268492,75.8831269001029,0.495085490025106));
#9397=CARTESIAN_POINT('Ctrl Pts',(126.241067372653,75.8251067196872,0.547166100978016));
#9398=CARTESIAN_POINT('Ctrl Pts',(126.207577041942,75.7866336253511,0.590807570130487));
#9399=CARTESIAN_POINT('Ctrl Pts',(126.168755545709,75.7542162419379,0.637523675933202));
#9400=CARTESIAN_POINT('Ctrl Pts',(126.110889569447,75.7185247364128,0.703944047948394));
#9401=CARTESIAN_POINT('Ctrl Pts',(126.03181322697,75.6892417669427,0.79087517927566));
#9402=CARTESIAN_POINT('Ctrl Pts',(125.964559779652,75.681320665233,0.863303643220047));
#9403=CARTESIAN_POINT('Ctrl Pts',(125.93091781801,75.6812722037505,0.899501032844133));
#9404=CARTESIAN_POINT('Ctrl Pts',(125.930685873145,75.6812719910204,0.899750512691832));
#9405=CARTESIAN_POINT('Ctrl Pts',(125.930453952649,75.6812719910204,0.9));
#9406=CARTESIAN_POINT('Ctrl Pts',(126.330453952649,75.9669862767347,0.44824604854737));
#9407=CARTESIAN_POINT('Ctrl Pts',(126.330453952649,75.9284740393851,0.466514006719457));
#9408=CARTESIAN_POINT('Ctrl Pts',(126.313875445433,75.874235933998,0.501676124955237));
#9409=CARTESIAN_POINT('Ctrl Pts',(126.27211168781,75.8159595889911,0.55696770667384));
#9410=CARTESIAN_POINT('Ctrl Pts',(126.233363891594,75.7786171144961,0.601780398442383));
#9411=CARTESIAN_POINT('Ctrl Pts',(126.189656534996,75.748008120872,0.648464764034492));
#9412=CARTESIAN_POINT('Ctrl Pts',(126.125631462778,75.7149418951411,0.713510222516468));
#9413=CARTESIAN_POINT('Ctrl Pts',(126.039651766845,75.6884350300633,0.796804346999722));
#9414=CARTESIAN_POINT('Ctrl Pts',(125.967187014426,75.6813177102473,0.865291501337549));
#9415=CARTESIAN_POINT('Ctrl Pts',(125.930953482525,75.68127217238,0.899527983806436));
#9416=CARTESIAN_POINT('Ctrl Pts',(125.930703713183,75.6812719910204,0.899763998493531));
#9417=CARTESIAN_POINT('Ctrl Pts',(125.930453952649,75.6812719910204,0.9));
#9418=CARTESIAN_POINT('',(126.330453952649,75.9669862767347,0.448246048547378));
#9419=CARTESIAN_POINT('Ctrl Pts',(126.330453952649,75.9669862767347,0.448246048547371));
#9420=CARTESIAN_POINT('Ctrl Pts',(126.288344645236,75.9669862767347,0.448246048547371));
#9421=CARTESIAN_POINT('Ctrl Pts',(126.24148005192,75.9605635804881,0.43470582491339));
#9422=CARTESIAN_POINT('Ctrl Pts',(126.205707599999,75.9482757197216,0.408800875170718));
#9423=CARTESIAN_POINT('Ctrl Pts',(126.17773206821,75.9386661061496,0.388542136781686));
#9424=CARTESIAN_POINT('Ctrl Pts',(126.156859132757,75.9257193206954,0.361248089482625));
#9425=CARTESIAN_POINT('Ctrl Pts',(126.14471266566,75.9126279749442,0.333649492600009));
#9426=CARTESIAN_POINT('Ctrl Pts',(126.330453952649,75.9669862767347,0.44824604854737));
#9427=CARTESIAN_POINT('Ctrl Pts',(126.330453952649,75.9284740393851,0.466514006719457));
#9428=CARTESIAN_POINT('Ctrl Pts',(126.313875445433,75.874235933998,0.501676124955237));
#9429=CARTESIAN_POINT('Ctrl Pts',(126.27211168781,75.8159595889911,0.55696770667384));
#9430=CARTESIAN_POINT('Ctrl Pts',(126.233363891594,75.7786171144961,0.601780398442383));
#9431=CARTESIAN_POINT('Ctrl Pts',(126.189656534996,75.748008120872,0.648464764034492));
#9432=CARTESIAN_POINT('Ctrl Pts',(126.125631462778,75.7149418951411,0.713510222516468));
#9433=CARTESIAN_POINT('Ctrl Pts',(126.039651766845,75.6884350300633,0.796804346999722));
#9434=CARTESIAN_POINT('Ctrl Pts',(125.967187014426,75.6813177102473,0.865291501337549));
#9435=CARTESIAN_POINT('Ctrl Pts',(125.930953482525,75.68127217238,0.899527983806436));
#9436=CARTESIAN_POINT('Ctrl Pts',(125.930703713183,75.6812719910204,0.899763998493531));
#9437=CARTESIAN_POINT('Ctrl Pts',(125.930453952649,75.6812719910204,0.9));
#9438=CARTESIAN_POINT('Origin',(126.33045395264,76.1812719910198,0.899999999997711));
#9439=CARTESIAN_POINT('',(126.330453952649,76.1812719910205,0.4));
#9440=CARTESIAN_POINT('Origin',(126.330453952649,76.1812719910206,0.199999999999894));
#9441=CARTESIAN_POINT('Origin',(126.330453952649,76.1812719910205,0.900000000000164));
#9442=CARTESIAN_POINT('Origin',(126.330453952649,86.6812719910205,0.199999999999703));
#9443=CARTESIAN_POINT('',(126.330453952649,97.1812719910205,0.4));
#9444=CARTESIAN_POINT('Origin',(126.330453952649,97.1812719910205,0.199999999999806));
#9445=CARTESIAN_POINT('',(126.330453952649,97.1812719910205,0.4));
#9446=CARTESIAN_POINT('Origin',(120.780453952649,75.8812719910204,0.2));
#9447=CARTESIAN_POINT('Ctrl Pts',(115.430453952649,97.4812719910198,0.267544467965652));
#9448=CARTESIAN_POINT('Ctrl Pts',(115.430453952649,97.5082305571647,0.293119609406557));
#9449=CARTESIAN_POINT('Ctrl Pts',(115.441553334351,97.5588114827563,0.358796448264833));
#9450=CARTESIAN_POINT('Ctrl Pts',(115.477686419445,97.6152729247537,0.480818771471922));
#9451=CARTESIAN_POINT('Ctrl Pts',(115.51636944359,97.6474635141773,0.592751109050195));
#9452=CARTESIAN_POINT('Ctrl Pts',(115.55009036607,97.6651112764032,0.68561686703516));
#9453=CARTESIAN_POINT('Ctrl Pts',(115.57619464557,97.6744062788012,0.755995715396983));
#9454=CARTESIAN_POINT('Ctrl Pts',(115.603049210333,97.6800043584553,0.827488900712112));
#9455=CARTESIAN_POINT('Ctrl Pts',(115.621082045037,97.6812535192773,0.875203596758792));
#9456=CARTESIAN_POINT('Ctrl Pts',(115.630204200421,97.6812718857901,0.899339223721017));
#9457=CARTESIAN_POINT('Ctrl Pts',(115.63032907238,97.6812719910205,0.89966959788164));
#9458=CARTESIAN_POINT('Ctrl Pts',(115.630453952649,97.6812719910205,0.9));
#9459=CARTESIAN_POINT('Ctrl Pts',(115.430453952649,97.4556263367048,0.321610254446283));
#9460=CARTESIAN_POINT('Ctrl Pts',(115.426889590401,97.4788316995474,0.342956680717572));
#9461=CARTESIAN_POINT('Ctrl Pts',(115.428610436599,97.5279133546322,0.398353679892381));
#9462=CARTESIAN_POINT('Ctrl Pts',(115.457925271008,97.5941955327696,0.507423942345116));
#9463=CARTESIAN_POINT('Ctrl Pts',(115.498061301198,97.6356846545784,0.610822670872741));
#9464=CARTESIAN_POINT('Ctrl Pts',(115.535860883835,97.6592290409057,0.697703274745527));
#9465=CARTESIAN_POINT('Ctrl Pts',(115.566080946948,97.671853191555,0.763920064695154));
#9466=CARTESIAN_POINT('Ctrl Pts',(115.597784312396,97.6795360444018,0.831419697902486));
#9467=CARTESIAN_POINT('Ctrl Pts',(115.619292056897,97.6812483672043,0.876551408504216));
#9468=CARTESIAN_POINT('Ctrl Pts',(115.63015667296,97.6812718285135,0.89937519942043));
#9469=CARTESIAN_POINT('Ctrl Pts',(115.630305285663,97.6812719910205,0.899687578950572));
#9470=CARTESIAN_POINT('Ctrl Pts',(115.630453952649,97.6812719910205,0.9));
#9471=CARTESIAN_POINT('Ctrl Pts',(115.380224426978,97.4112326094548,0.415200449069466));
#9472=CARTESIAN_POINT('Ctrl Pts',(115.374726234469,97.4348993715411,0.429540395149107));
#9473=CARTESIAN_POINT('Ctrl Pts',(115.374255569455,97.4900779373627,0.467557171785684));
#9474=CARTESIAN_POINT('Ctrl Pts',(115.410223831821,97.5715207266722,0.554230598380466));
#9475=CARTESIAN_POINT('Ctrl Pts',(115.461289504357,97.6236289130813,0.642659325005398));
#9476=CARTESIAN_POINT('Ctrl Pts',(115.50955700398,97.6533618051834,0.719001224030141));
#9477=CARTESIAN_POINT('Ctrl Pts',(115.548185490017,97.6693328524419,0.777886682493424));
#9478=CARTESIAN_POINT('Ctrl Pts',(115.588709296155,97.679065301359,0.838351361827372));
#9479=CARTESIAN_POINT('Ctrl Pts',(115.616174672169,97.6812410921868,0.878915827826602));
#9480=CARTESIAN_POINT('Ctrl Pts',(115.630073362203,97.6812717943234,0.899438104488551));
#9481=CARTESIAN_POINT('Ctrl Pts',(115.630263658908,97.6812719910205,0.899719045821202));
#9482=CARTESIAN_POINT('Ctrl Pts',(115.630453952649,97.6812719910205,0.9));
#9483=CARTESIAN_POINT('Ctrl Pts',(115.275333847701,97.3955577053053,0.448246048546946));
#9484=CARTESIAN_POINT('Ctrl Pts',(115.273700971642,97.4291445827296,0.464145309645378));
#9485=CARTESIAN_POINT('Ctrl Pts',(115.289129066375,97.496199315332,0.505408548394697));
#9486=CARTESIAN_POINT('Ctrl Pts',(115.350530734423,97.5787249367097,0.589031114892036));
#9487=CARTESIAN_POINT('Ctrl Pts',(115.42000474544,97.6281303017191,0.670040220373549));
#9488=CARTESIAN_POINT('Ctrl Pts',(115.481688972323,97.6557147209806,0.738783735232215));
#9489=CARTESIAN_POINT('Ctrl Pts',(115.529819281311,97.6703809720194,0.791420794425006));
#9490=CARTESIAN_POINT('Ctrl Pts',(115.579568670134,97.6792630564002,0.845238754459564));
#9491=CARTESIAN_POINT('Ctrl Pts',(115.613050015054,97.6812437359212,0.88127533825231));
#9492=CARTESIAN_POINT('Ctrl Pts',(115.629990117682,97.6812718130339,0.899501054240372));
#9493=CARTESIAN_POINT('Ctrl Pts',(115.630222032153,97.6812719910205,0.899750512691832));
#9494=CARTESIAN_POINT('Ctrl Pts',(115.630453952649,97.6812719910205,0.9));
#9495=CARTESIAN_POINT('Ctrl Pts',(115.230453952649,97.3955577053052,0.448246048546883));
#9496=CARTESIAN_POINT('Ctrl Pts',(115.230453952649,97.4340699426552,0.466514006719065));
#9497=CARTESIAN_POINT('Ctrl Pts',(115.252652716053,97.5063284077861,0.513426034474934));
#9498=CARTESIAN_POINT('Ctrl Pts',(115.324918886241,97.5869876106394,0.600584836765703));
#9499=CARTESIAN_POINT('Ctrl Pts',(115.402284934531,97.6329741669589,0.680536506464455));
#9500=CARTESIAN_POINT('Ctrl Pts',(115.46972677949,97.658185255853,0.746869190739426));
#9501=CARTESIAN_POINT('Ctrl Pts',(115.521935338489,97.6714638307072,0.797139796712198));
#9502=CARTESIAN_POINT('Ctrl Pts',(115.575644468016,97.679461087356,0.848206357651538));
#9503=CARTESIAN_POINT('Ctrl Pts',(115.611710137423,97.681245602816,0.882288283399194));
#9504=CARTESIAN_POINT('Ctrl Pts',(115.629954448194,97.6812718406914,0.899528016943606));
#9505=CARTESIAN_POINT('Ctrl Pts',(115.630204192115,97.6812719910205,0.899763998493531));
#9506=CARTESIAN_POINT('Ctrl Pts',(115.630453952649,97.6812719910205,0.9));
#9507=CARTESIAN_POINT('',(115.230453952649,97.3955577053052,0.448246048546895));
#9508=CARTESIAN_POINT('Ctrl Pts',(115.416195220048,97.4499160105754,0.333649485419352));
#9509=CARTESIAN_POINT('Ctrl Pts',(115.404048740262,97.4368246692849,0.361248072824471));
#9510=CARTESIAN_POINT('Ctrl Pts',(115.383175790549,97.4238778906329,0.388542105750309));
#9511=CARTESIAN_POINT('Ctrl Pts',(115.355200265449,97.414268276555,0.408800845185233));
#9512=CARTESIAN_POINT('Ctrl Pts',(115.31942781899,97.4019804140798,0.43470579850409));
#9513=CARTESIAN_POINT('Ctrl Pts',(115.272563261659,97.3955577053054,0.44824604854698));
#9514=CARTESIAN_POINT('Ctrl Pts',(115.230453952649,97.3955577053052,0.448246048546886));
#9515=CARTESIAN_POINT('',(115.630453952649,97.6812719910205,0.9));
#9516=CARTESIAN_POINT('Ctrl Pts',(115.230453952649,97.3955577053052,0.448246048546883));
#9517=CARTESIAN_POINT('Ctrl Pts',(115.230453952649,97.4340699426552,0.466514006719065));
#9518=CARTESIAN_POINT('Ctrl Pts',(115.252652716053,97.5063284077861,0.513426034474934));
#9519=CARTESIAN_POINT('Ctrl Pts',(115.324918886241,97.5869876106394,0.600584836765703));
#9520=CARTESIAN_POINT('Ctrl Pts',(115.402284934531,97.6329741669589,0.680536506464455));
#9521=CARTESIAN_POINT('Ctrl Pts',(115.46972677949,97.658185255853,0.746869190739426));
#9522=CARTESIAN_POINT('Ctrl Pts',(115.521935338489,97.6714638307072,0.797139796712198));
#9523=CARTESIAN_POINT('Ctrl Pts',(115.575644468016,97.679461087356,0.848206357651538));
#9524=CARTESIAN_POINT('Ctrl Pts',(115.611710137423,97.681245602816,0.882288283399194));
#9525=CARTESIAN_POINT('Ctrl Pts',(115.629954448194,97.6812718406914,0.899528016943606));
#9526=CARTESIAN_POINT('Ctrl Pts',(115.630204192115,97.6812719910205,0.899763998493531));
#9527=CARTESIAN_POINT('Ctrl Pts',(115.630453952649,97.6812719910205,0.9));
#9528=CARTESIAN_POINT('Ctrl Pts',(115.630453952649,97.6812719910205,0.9));
#9529=CARTESIAN_POINT('Ctrl Pts',(115.63032907238,97.6812719910205,0.89966959788164));
#9530=CARTESIAN_POINT('Ctrl Pts',(115.630204200421,97.6812718857901,0.899339223721017));
#9531=CARTESIAN_POINT('Ctrl Pts',(115.621082045037,97.6812535192773,0.875203596758792));
#9532=CARTESIAN_POINT('Ctrl Pts',(115.603049210333,97.6800043584553,0.827488900712112));
#9533=CARTESIAN_POINT('Ctrl Pts',(115.57619464557,97.6744062788012,0.755995715396983));
#9534=CARTESIAN_POINT('Ctrl Pts',(115.55009036607,97.6651112764032,0.68561686703516));
#9535=CARTESIAN_POINT('Ctrl Pts',(115.51636944359,97.6474635141773,0.592751109050195));
#9536=CARTESIAN_POINT('Ctrl Pts',(115.482764711761,97.6194988927725,0.495513205073487));
#9537=CARTESIAN_POINT('Ctrl Pts',(115.461688260062,97.5896655492329,0.426389712734243));
#9538=CARTESIAN_POINT('Ctrl Pts',(115.454457361186,97.5762561701956,0.400104376587547));
#9539=CARTESIAN_POINT('Origin',(115.230453952651,97.1812719910205,0.900000000000033));
#9540=CARTESIAN_POINT('',(115.230453952649,97.1812719910205,0.4));
#9541=CARTESIAN_POINT('Origin',(115.230453952649,97.1812719910205,0.199999999999873));
#9542=CARTESIAN_POINT('Origin',(115.230453952649,97.1812719910205,0.900000000000038));
#9543=CARTESIAN_POINT('Origin',(115.230453952649,86.6812719910205,0.199999999999753));
#9544=CARTESIAN_POINT('',(115.230453952649,76.1812719910205,0.4));
#9545=CARTESIAN_POINT('Origin',(115.630453952649,97.4812719910206,0.65));
#9546=CARTESIAN_POINT('',(115.630453952649,97.6812719910205,0.9));
#9547=CARTESIAN_POINT('Origin',(126.330453952645,97.1812719910206,0.899999999999247));
#9548=CARTESIAN_POINT('',(126.330453952649,97.3955577053062,0.448246048547378));
#9549=CARTESIAN_POINT('Ctrl Pts',(126.144722723871,97.4499177195849,0.333645766103332));
#9550=CARTESIAN_POINT('Ctrl Pts',(126.156875732822,97.4368288100442,0.361239280491612));
#9551=CARTESIAN_POINT('Ctrl Pts',(126.177755723075,97.4238860325068,0.388524904070006));
#9552=CARTESIAN_POINT('Ctrl Pts',(126.205727405441,97.4142762635946,0.408783985675874));
#9553=CARTESIAN_POINT('Ctrl Pts',(126.241497124154,97.4019874521324,0.434690959769145));
#9554=CARTESIAN_POINT('Ctrl Pts',(126.288343514281,97.3955577053062,0.448246048547372));
#9555=CARTESIAN_POINT('Ctrl Pts',(126.330453952649,97.3955577053062,0.448246048547373));
#9556=CARTESIAN_POINT('Origin',(126.330453952649,97.1812719910205,0.899999999999916));
#9557=CARTESIAN_POINT('Ctrl Pts',(125.930453952649,97.6812719910205,0.9));
#9558=CARTESIAN_POINT('Ctrl Pts',(125.930578832919,97.6812719910205,0.89966959788164));
#9559=CARTESIAN_POINT('Ctrl Pts',(125.930703704218,97.6812718808527,0.899339222533589));
#9560=CARTESIAN_POINT('Ctrl Pts',(125.948823237065,97.6812364833277,0.851398742503923));
#9561=CARTESIAN_POINT('Ctrl Pts',(125.984997391503,97.6762793074671,0.755663987336849));
#9562=CARTESIAN_POINT('Ctrl Pts',(126.036702310948,97.6539290224248,0.615398173180875));
#9563=CARTESIAN_POINT('Ctrl Pts',(126.083216943991,97.6152748291307,0.480797913787688));
#9564=CARTESIAN_POINT('Ctrl Pts',(126.119344701364,97.5587944959814,0.358814700494548));
#9565=CARTESIAN_POINT('Ctrl Pts',(126.130453952649,97.5082305571653,0.293119609407317));
#9566=CARTESIAN_POINT('Ctrl Pts',(126.130453952649,97.4812719910205,0.267544467966335));
#9567=CARTESIAN_POINT('Ctrl Pts',(125.930453952649,97.6812719910205,0.9));
#9568=CARTESIAN_POINT('Ctrl Pts',(125.930602594477,97.6812719910205,0.899687706245219));
#9569=CARTESIAN_POINT('Ctrl Pts',(125.930751304345,97.6812719216881,0.899375052000383));
#9570=CARTESIAN_POINT('Ctrl Pts',(125.952320089145,97.6812251650724,0.85405082125848));
#9571=CARTESIAN_POINT('Ctrl Pts',(125.995387583658,97.6743555542066,0.763507333324901));
#9572=CARTESIAN_POINT('Ctrl Pts',(126.054523684499,97.6439942875115,0.631827326404315));
#9573=CARTESIAN_POINT('Ctrl Pts',(126.102756344485,97.594148076083,0.507475308987043));
#9574=CARTESIAN_POINT('Ctrl Pts',(126.132044873948,97.5280781049506,0.398508630893979));
#9575=CARTESIAN_POINT('Ctrl Pts',(126.133982506059,97.4787199130468,0.342932880379455));
#9576=CARTESIAN_POINT('Ctrl Pts',(126.130453952649,97.4556263367055,0.321610254446853));
#9577=CARTESIAN_POINT('Ctrl Pts',(125.930453952649,97.6812719910205,0.9));
#9578=CARTESIAN_POINT('Ctrl Pts',(125.930643996289,97.6812719910205,0.899719129411461));
#9579=CARTESIAN_POINT('Ctrl Pts',(125.930834786738,97.6812719336443,0.899438025174523));
#9580=CARTESIAN_POINT('Ctrl Pts',(125.958430553015,97.6812107843129,0.858678019379518));
#9581=CARTESIAN_POINT('Ctrl Pts',(126.01358877962,97.6725181172693,0.777257535794474));
#9582=CARTESIAN_POINT('Ctrl Pts',(126.089280423786,97.6340959824775,0.660546508432227));
#9583=CARTESIAN_POINT('Ctrl Pts',(126.150799707521,97.5713748516932,0.554105840470721));
#9584=CARTESIAN_POINT('Ctrl Pts',(126.186624281142,97.4901467728946,0.467604763760893));
#9585=CARTESIAN_POINT('Ctrl Pts',(126.186382470887,97.4344954753582,0.429318671621101));
#9586=CARTESIAN_POINT('Ctrl Pts',(126.18072383495,97.4112489324922,0.415166037086715));
#9587=CARTESIAN_POINT('Ctrl Pts',(125.930453952649,97.6812719910205,0.9));
#9588=CARTESIAN_POINT('Ctrl Pts',(125.930685742112,97.6812719910205,0.899750520630436));
#9589=CARTESIAN_POINT('Ctrl Pts',(125.930917912232,97.6812718571513,0.899501035812465));
#9590=CARTESIAN_POINT('Ctrl Pts',(125.964560990678,97.6812168644969,0.863301984471726));
#9591=CARTESIAN_POINT('Ctrl Pts',(126.031759192714,97.6733094966191,0.791011972290648));
#9592=CARTESIAN_POINT('Ctrl Pts',(126.126843694872,97.6380341824125,0.686474556352055));
#9593=CARTESIAN_POINT('Ctrl Pts',(126.210427124341,97.5786456907255,0.589041430847248));
#9594=CARTESIAN_POINT('Ctrl Pts',(126.271767102587,97.4961973488995,0.505493161671853));
#9595=CARTESIAN_POINT('Ctrl Pts',(126.287265810248,97.4289766431206,0.464105685207359));
#9596=CARTESIAN_POINT('Ctrl Pts',(126.285574057598,97.3955577053062,0.448246048547372));
#9597=CARTESIAN_POINT('Ctrl Pts',(125.930453952649,97.6812719910205,0.9));
#9598=CARTESIAN_POINT('Ctrl Pts',(125.930703713183,97.6812719910205,0.899763998493531));
#9599=CARTESIAN_POINT('Ctrl Pts',(125.930953455787,97.6812718336379,0.899528016095413));
#9600=CARTESIAN_POINT('Ctrl Pts',(125.967192521481,97.6812212657442,0.865284816073165));
#9601=CARTESIAN_POINT('Ctrl Pts',(126.039540830358,97.674139585944,0.796902848097649));
#9602=CARTESIAN_POINT('Ctrl Pts',(126.142950669247,97.6422106073118,0.696712980842732));
#9603=CARTESIAN_POINT('Ctrl Pts',(126.235979935333,97.5869903311776,0.60056993841954));
#9604=CARTESIAN_POINT('Ctrl Pts',(126.308235450079,97.5063041409644,0.513439071781552));
#9605=CARTESIAN_POINT('Ctrl Pts',(126.330453952649,97.4340699426558,0.466514006719445));
#9606=CARTESIAN_POINT('Ctrl Pts',(126.330453952649,97.3955577053062,0.448246048547373));
#9607=CARTESIAN_POINT('',(125.930453952649,97.6812719910205,0.9));
#9608=CARTESIAN_POINT('Ctrl Pts',(126.106442849255,97.5762476645265,0.400108321917901));
#9609=CARTESIAN_POINT('Ctrl Pts',(126.099210916063,97.589659111273,0.426392126008424));
#9610=CARTESIAN_POINT('Ctrl Pts',(126.078128258261,97.6195035853078,0.495523138397276));
#9611=CARTESIAN_POINT('Ctrl Pts',(126.036702310948,97.6539290224248,0.615398173180875));
#9612=CARTESIAN_POINT('Ctrl Pts',(125.984997391503,97.6762793074671,0.755663987336849));
#9613=CARTESIAN_POINT('Ctrl Pts',(125.948823237065,97.6812364833277,0.851398742503923));
#9614=CARTESIAN_POINT('Ctrl Pts',(125.930703704218,97.6812718808527,0.899339222533589));
#9615=CARTESIAN_POINT('Ctrl Pts',(125.930578832919,97.6812719910205,0.89966959788164));
#9616=CARTESIAN_POINT('Ctrl Pts',(125.930453952649,97.6812719910205,0.9));
#9617=CARTESIAN_POINT('Ctrl Pts',(125.930453952649,97.6812719910205,0.9));
#9618=CARTESIAN_POINT('Ctrl Pts',(125.930703713183,97.6812719910205,0.899763998493531));
#9619=CARTESIAN_POINT('Ctrl Pts',(125.930953455787,97.6812718336379,0.899528016095413));
#9620=CARTESIAN_POINT('Ctrl Pts',(125.967192521481,97.6812212657442,0.865284816073165));
#9621=CARTESIAN_POINT('Ctrl Pts',(126.039540830358,97.674139585944,0.796902848097649));
#9622=CARTESIAN_POINT('Ctrl Pts',(126.142950669247,97.6422106073118,0.696712980842732));
#9623=CARTESIAN_POINT('Ctrl Pts',(126.235979935333,97.5869903311776,0.60056993841954));
#9624=CARTESIAN_POINT('Ctrl Pts',(126.308235450079,97.5063041409644,0.513439071781552));
#9625=CARTESIAN_POINT('Ctrl Pts',(126.330453952649,97.4340699426558,0.466514006719445));
#9626=CARTESIAN_POINT('Ctrl Pts',(126.330453952649,97.3955577053062,0.448246048547373));
#9627=CARTESIAN_POINT('Origin',(128.280453952649,76.1812719910205,0.900000000000002));
#9628=CARTESIAN_POINT('',(130.630453952649,76.1812719910205,0.4));
#9629=CARTESIAN_POINT('',(126.330453952649,76.1812719910205,0.4));
#9630=CARTESIAN_POINT('Origin',(130.630453952649,76.1812719910205,0.899999999999996));
#9631=CARTESIAN_POINT('Origin',(128.980453952649,76.1812719910205,0.4));
#9632=CARTESIAN_POINT('',(130.630453952649,97.1812719910205,0.4));
#9633=CARTESIAN_POINT('',(130.630453952649,97.1812719910205,0.4));
#9634=CARTESIAN_POINT('',(131.630453952649,96.1812719910205,0.4));
#9635=CARTESIAN_POINT('Origin',(130.630453952649,96.1812719910205,0.4));
#9636=CARTESIAN_POINT('',(131.630453952649,77.1812719910205,0.4));
#9637=CARTESIAN_POINT('',(131.630453952649,77.1812719910205,0.4));
#9638=CARTESIAN_POINT('Origin',(130.630453952649,77.1812719910205,0.4));
#9639=CARTESIAN_POINT('Origin',(125.930453952649,97.4812719910202,0.65));
#9640=CARTESIAN_POINT('',(125.930453952649,97.6812719910205,0.4));
#9641=CARTESIAN_POINT('Origin',(120.780453952649,97.6812719910205,0.4));
#9642=CARTESIAN_POINT('',(110.930453952649,97.6812719910205,0.9));
#9643=CARTESIAN_POINT('',(115.630453952649,97.6812719910205,0.9));
#9644=CARTESIAN_POINT('',(110.930453952649,97.6812719910205,12.1));
#9645=CARTESIAN_POINT('',(110.930453952649,97.6812719910205,12.1));
#9646=CARTESIAN_POINT('',(130.630453952649,97.6812719910205,12.1));
#9647=CARTESIAN_POINT('',(130.630453952649,97.6812719910205,12.1));
#9648=CARTESIAN_POINT('',(130.630453952649,97.6812719910205,0.9));
#9649=CARTESIAN_POINT('',(130.630453952649,97.6812719910205,0.9));
#9650=CARTESIAN_POINT('',(130.630453952649,97.6812719910205,0.9));
#9651=CARTESIAN_POINT('Origin',(113.280453952649,76.1812719910205,0.900000000000002));
#9652=CARTESIAN_POINT('',(110.930453952649,76.1812719910205,0.4));
#9653=CARTESIAN_POINT('Origin',(110.930453952649,76.1812719910205,0.899999999999996));
#9654=CARTESIAN_POINT('',(110.930453952649,76.1812719910205,0.4));
#9655=CARTESIAN_POINT('Origin',(110.930453952649,77.1812719910209,0.900000000000034));
#9656=CARTESIAN_POINT('',(109.930453952649,77.1812719910205,0.4));
#9657=CARTESIAN_POINT('Origin',(109.930453952649,77.1812719910205,0.899999999999981));
#9658=CARTESIAN_POINT('Origin',(110.930453952649,77.1812719910205,0.4));
#9659=CARTESIAN_POINT('Origin',(110.930453952649,77.1812719910205,0.9));
#9660=CARTESIAN_POINT('Origin',(109.930453952649,86.6812719910205,0.900000000000002));
#9661=CARTESIAN_POINT('',(109.930453952649,96.1812719910205,0.4));
#9662=CARTESIAN_POINT('Origin',(109.930453952649,96.1812719910205,0.899999999999981));
#9663=CARTESIAN_POINT('',(109.930453952649,96.1812719910205,0.4));
#9664=CARTESIAN_POINT('Origin',(110.930453952649,96.1812719910205,0.899999999999982));
#9665=CARTESIAN_POINT('',(110.930453952649,97.1812719910205,0.4));
#9666=CARTESIAN_POINT('Origin',(110.930453952649,97.1812719910205,0.899999999999981));
#9667=CARTESIAN_POINT('Origin',(110.930453952649,96.1812719910205,0.4));
#9668=CARTESIAN_POINT('Origin',(110.930453952649,96.1812719910205,0.9));
#9669=CARTESIAN_POINT('Origin',(113.280453952649,97.1812719910205,0.900000000000002));
#9670=CARTESIAN_POINT('',(115.230453952649,97.1812719910205,0.4));
#9671=CARTESIAN_POINT('Origin',(110.930453952649,96.1812719910203,6.5));
#9672=CARTESIAN_POINT('Origin',(110.930453952649,96.1812719910205,12.1));
#9673=CARTESIAN_POINT('Origin',(110.930453952649,77.1812719910205,6.5));
#9674=CARTESIAN_POINT('Origin',(110.930453952649,77.1812719910205,12.1));
#9675=CARTESIAN_POINT('Origin',(128.280453952649,97.1812719910205,0.900000000000002));
#9676=CARTESIAN_POINT('Origin',(130.630453952649,97.1812719910205,0.899999999999981));
#9677=CARTESIAN_POINT('Origin',(130.630453952649,96.1812719910206,0.900000000000063));
#9678=CARTESIAN_POINT('',(132.130453952649,96.1812719910205,0.9));
#9679=CARTESIAN_POINT('Origin',(131.630453952649,96.1812719910205,0.899999999999981));
#9680=CARTESIAN_POINT('Origin',(130.630453952649,96.1812719910206,0.9));
#9681=CARTESIAN_POINT('Origin',(131.630453952649,86.6812719910205,0.899999999999996));
#9682=CARTESIAN_POINT('',(132.130453952649,77.1812719910205,0.9));
#9683=CARTESIAN_POINT('Origin',(131.630453952649,77.1812719910205,0.899999999999981));
#9684=CARTESIAN_POINT('',(132.130453952649,96.1812719910205,0.9));
#9685=CARTESIAN_POINT('Origin',(130.630453952649,77.1812719910206,0.900000000000015));
#9686=CARTESIAN_POINT('Origin',(130.630453952649,77.1812719910205,0.9));
#9687=CARTESIAN_POINT('Origin',(130.630453952649,77.1812719910207,6.5));
#9688=CARTESIAN_POINT('',(132.130453952649,77.1812719910205,12.1));
#9689=CARTESIAN_POINT('',(132.130453952649,77.1812719910205,4.1));
#9690=CARTESIAN_POINT('Origin',(130.630453952649,77.1812719910205,12.1));
#9691=CARTESIAN_POINT('',(132.130453952649,77.1812719910205,0.9));
#9692=CARTESIAN_POINT('Origin',(132.130453952649,86.6812719910205,0.9));
#9693=CARTESIAN_POINT('',(132.130453952649,96.1812719910205,12.1));
#9694=CARTESIAN_POINT('',(132.130453952649,96.1812719910205,12.1));
#9695=CARTESIAN_POINT('',(132.130453952649,77.1812719910205,12.1));
#9696=CARTESIAN_POINT('',(132.130453952649,96.1812719910205,3.5));
#9697=CARTESIAN_POINT('Origin',(130.630453952646,96.1812719910186,6.5));
#9698=CARTESIAN_POINT('Origin',(130.630453952649,96.1812719910206,12.1));
#9699=CARTESIAN_POINT('Origin',(120.780453952649,97.1812719910205,12.1));
#9700=CARTESIAN_POINT('',(130.630453952649,97.1812719910205,12.6));
#9701=CARTESIAN_POINT('Origin',(130.630453952649,97.1812719910206,12.1000000000001));
#9702=CARTESIAN_POINT('',(110.930453952649,97.1812719910205,12.6));
#9703=CARTESIAN_POINT('Origin',(110.930453952649,97.1812719910206,12.1000000000001));
#9704=CARTESIAN_POINT('',(110.930453952649,97.1812719910205,12.6));
#9705=CARTESIAN_POINT('Origin',(130.630453952649,96.1812719910205,12.1));
#9706=CARTESIAN_POINT('',(131.630453952649,96.1812719910205,12.6));
#9707=CARTESIAN_POINT('Origin',(131.630453952649,96.1812719910205,12.1));
#9708=CARTESIAN_POINT('Origin',(130.630453952649,96.1812719910205,12.6));
#9709=CARTESIAN_POINT('Origin',(110.930453952649,96.1812719910206,12.0999999999999));
#9710=CARTESIAN_POINT('',(109.930453952649,96.1812719910205,12.6));
#9711=CARTESIAN_POINT('Origin',(109.930453952649,96.1812719910205,12.1));
#9712=CARTESIAN_POINT('Origin',(110.930453952649,96.1812719910205,12.6));
#9713=CARTESIAN_POINT('Origin',(131.630453952649,86.6812719910205,12.1));
#9714=CARTESIAN_POINT('',(131.630453952649,77.1812719910205,12.6));
#9715=CARTESIAN_POINT('Origin',(131.630453952649,77.1812719910205,12.1));
#9716=CARTESIAN_POINT('',(131.630453952649,96.1812719910205,12.6));
#9717=CARTESIAN_POINT('Origin',(109.930453952649,86.6812719910205,12.1));
#9718=CARTESIAN_POINT('',(109.930453952649,77.1812719910205,12.6));
#9719=CARTESIAN_POINT('Origin',(109.930453952649,77.1812719910205,12.1));
#9720=CARTESIAN_POINT('',(109.930453952649,77.1812719910205,12.6));
#9721=CARTESIAN_POINT('Origin',(130.630453952649,77.1812719910203,12.0999999999999));
#9722=CARTESIAN_POINT('',(130.630453952649,76.1812719910205,12.6));
#9723=CARTESIAN_POINT('Origin',(130.630453952649,76.1812719910205,12.1));
#9724=CARTESIAN_POINT('Origin',(130.630453952649,77.1812719910205,12.6));
#9725=CARTESIAN_POINT('Origin',(110.930453952649,77.1812719910208,12.1));
#9726=CARTESIAN_POINT('',(110.930453952649,76.1812719910205,12.6));
#9727=CARTESIAN_POINT('Origin',(110.930453952649,76.1812719910205,12.1));
#9728=CARTESIAN_POINT('Origin',(110.930453952649,77.1812719910205,12.6));
#9729=CARTESIAN_POINT('Origin',(120.780453952649,76.1812719910205,12.1));
#9730=CARTESIAN_POINT('',(130.630453952649,76.1812719910205,12.6));
#9731=CARTESIAN_POINT('Origin',(120.780453952649,76.1812719910205,12.6));
#9732=CARTESIAN_POINT('Origin',(112.580453952649,76.1812719910205,0.4));
#9733=CARTESIAN_POINT('Origin',(127.630453952649,77.2812719910204,0.0999999999996957));
#9734=CARTESIAN_POINT('',(127.630453952649,77.1812719910204,0.0999999999999999));
#9735=CARTESIAN_POINT('',(127.530453952649,77.2812719910204,0.1));
#9736=CARTESIAN_POINT('Origin',(127.630453952649,77.2812719910204,0.0999999999999999));
#9737=CARTESIAN_POINT('',(127.630453952649,77.2812719910204,0.));
#9738=CARTESIAN_POINT('Origin',(127.630453952649,77.2812719910204,0.099999999999976));
#9739=CARTESIAN_POINT('Origin',(127.630453952649,77.2812719910204,0.0999999999999781));
#9740=CARTESIAN_POINT('Origin',(129.830453952649,77.2812719910204,0.100000000000024));
#9741=CARTESIAN_POINT('',(132.030453952649,77.1812719910204,0.0999999999999999));
#9742=CARTESIAN_POINT('',(132.030453952649,77.2812719910204,0.));
#9743=CARTESIAN_POINT('Origin',(132.030453952649,77.2812719910204,0.100000000000039));
#9744=CARTESIAN_POINT('',(127.630453952649,77.1812719910204,0.0999999999999999));
#9745=CARTESIAN_POINT('',(132.030453952649,77.2812719910204,0.));
#9746=CARTESIAN_POINT('Origin',(127.630453952649,77.2812719910202,0.300000000000375));
#9747=CARTESIAN_POINT('',(127.630453952649,77.1812719910204,0.3));
#9748=CARTESIAN_POINT('',(127.630453952649,77.2812719910204,0.4));
#9749=CARTESIAN_POINT('Origin',(127.630453952649,77.2812719910204,0.299999999999961));
#9750=CARTESIAN_POINT('',(127.530453952649,77.2812719910204,0.3));
#9751=CARTESIAN_POINT('Origin',(127.630453952649,77.2812719910204,0.299999999999962));
#9752=CARTESIAN_POINT('Origin',(127.630453952649,77.2812719910204,0.3));
#9753=CARTESIAN_POINT('Origin',(127.630453952649,77.2812719910204,0.2));
#9754=CARTESIAN_POINT('',(127.530453952649,77.2812719910204,0.1));
#9755=CARTESIAN_POINT('',(127.630453952649,77.1812719910204,0.3));
#9756=CARTESIAN_POINT('Origin',(130.630453952649,77.2812719910201,3.90000000000045));
#9757=CARTESIAN_POINT('',(130.630453952649,77.2812719910204,4.));
#9758=CARTESIAN_POINT('',(130.530453952649,77.2812719910204,3.9));
#9759=CARTESIAN_POINT('Origin',(130.630453952649,77.2812719910204,3.89999999999996));
#9760=CARTESIAN_POINT('',(130.630453952649,77.1812719910204,3.9));
#9761=CARTESIAN_POINT('Origin',(130.630453952649,77.2812719910203,3.9));
#9762=CARTESIAN_POINT('Origin',(130.630453952649,77.2812719910204,3.89999999999997));
#9763=CARTESIAN_POINT('Origin',(131.330453952649,77.2812719910204,3.90000000000001));
#9764=CARTESIAN_POINT('',(132.030453952649,77.2812719910204,4.));
#9765=CARTESIAN_POINT('',(132.030453952649,77.1812719910204,3.9));
#9766=CARTESIAN_POINT('Origin',(132.030453952649,77.2812719910204,3.89999999999999));
#9767=CARTESIAN_POINT('',(130.630453952649,77.2812719910204,4.));
#9768=CARTESIAN_POINT('',(132.030453952649,77.1812719910204,3.9));
#9769=CARTESIAN_POINT('Origin',(130.630453952649,77.2812719910204,3.69999999999973));
#9770=CARTESIAN_POINT('',(130.530453952649,77.2812719910204,3.7));
#9771=CARTESIAN_POINT('',(130.630453952649,77.2812719910204,3.6));
#9772=CARTESIAN_POINT('Origin',(130.630453952649,77.2812719910204,3.69999999999995));
#9773=CARTESIAN_POINT('',(130.630453952649,77.1812719910204,3.7));
#9774=CARTESIAN_POINT('Origin',(130.630453952649,77.2812719910204,3.69999999999998));
#9775=CARTESIAN_POINT('Origin',(130.630453952649,77.2812719910203,3.7));
#9776=CARTESIAN_POINT('Origin',(130.630453952649,77.2812719910204,3.8));
#9777=CARTESIAN_POINT('',(130.630453952649,77.1812719910204,3.9));
#9778=CARTESIAN_POINT('',(130.530453952649,77.2812719910204,3.7));
#9779=CARTESIAN_POINT('Origin',(127.63045395265,96.081271991021,0.100000000000009));
#9780=CARTESIAN_POINT('',(127.530453952649,96.0812719910205,0.1));
#9781=CARTESIAN_POINT('',(127.630453952649,96.1812719910204,0.0999999999999999));
#9782=CARTESIAN_POINT('Origin',(127.630453952649,96.0812719910204,0.1));
#9783=CARTESIAN_POINT('',(127.630453952649,96.0812719910204,0.));
#9784=CARTESIAN_POINT('Origin',(127.630453952649,96.0812719910204,0.100000000000023));
#9785=CARTESIAN_POINT('Origin',(127.630453952649,96.0812719910204,0.100000000000098));
#9786=CARTESIAN_POINT('Origin',(127.630453952649,86.6812719910205,0.0999999999999938));
#9787=CARTESIAN_POINT('',(127.630453952649,77.2812719910204,0.));
#9788=CARTESIAN_POINT('',(127.530453952649,96.0812719910205,0.1));
#9789=CARTESIAN_POINT('Origin',(127.630453952649,96.0812719910207,0.299999999999857));
#9790=CARTESIAN_POINT('',(127.530453952649,96.0812719910205,0.3));
#9791=CARTESIAN_POINT('',(127.630453952649,96.0812719910204,0.4));
#9792=CARTESIAN_POINT('Origin',(127.630453952649,96.0812719910204,0.299999999999959));
#9793=CARTESIAN_POINT('',(127.630453952649,96.1812719910204,0.3));
#9794=CARTESIAN_POINT('Origin',(127.630453952649,96.0812719910204,0.300000000000022));
#9795=CARTESIAN_POINT('Origin',(127.630453952649,96.0812719910204,0.3));
#9796=CARTESIAN_POINT('Origin',(127.630453952649,96.0812719910204,0.2));
#9797=CARTESIAN_POINT('',(127.630453952649,96.1812719910204,0.0999999999999999));
#9798=CARTESIAN_POINT('',(127.530453952649,96.0812719910205,0.3));
#9799=CARTESIAN_POINT('Origin',(130.630453952649,83.5812719910203,3.89999999999976));
#9800=CARTESIAN_POINT('',(130.530453952649,83.5812719910204,3.9));
#9801=CARTESIAN_POINT('',(130.630453952649,83.5812719910204,4.));
#9802=CARTESIAN_POINT('Origin',(130.630453952649,83.5812719910204,3.89999999999993));
#9803=CARTESIAN_POINT('',(130.630453952649,83.6812719910204,3.9));
#9804=CARTESIAN_POINT('Origin',(130.630453952649,83.5812719910204,3.90000000000005));
#9805=CARTESIAN_POINT('Origin',(130.630453952649,83.5812719910204,3.9));
#9806=CARTESIAN_POINT('Origin',(132.030453952649,77.2812719910204,3.49999999999993));
#9807=CARTESIAN_POINT('',(132.030453952649,77.2812719910204,3.6));
#9808=CARTESIAN_POINT('',(132.130453952649,77.2812719910204,3.5));
#9809=CARTESIAN_POINT('Origin',(132.030453952649,77.2812719910204,3.49999999999999));
#9810=CARTESIAN_POINT('',(132.230453952649,77.1812719910204,3.5));
#9811=CARTESIAN_POINT('Origin',(132.230453952649,77.2812719910204,3.5));
#9812=CARTESIAN_POINT('',(132.030453952649,77.1812719910204,3.7));
#9813=CARTESIAN_POINT('Origin',(132.030453952649,77.1812719910204,3.49999999999999));
#9814=CARTESIAN_POINT('Origin',(132.030453952649,77.2812719910204,3.70000000000003));
#9815=CARTESIAN_POINT('Origin',(131.330453952649,77.2812719910204,3.69999999999999));
#9816=CARTESIAN_POINT('',(130.630453952649,77.1812719910204,3.7));
#9817=CARTESIAN_POINT('',(132.030453952649,77.2812719910204,3.6));
#9818=CARTESIAN_POINT('Origin',(132.230453952649,77.2812719910204,2.2));
#9819=CARTESIAN_POINT('',(132.230453952649,77.1812719910204,0.9));
#9820=CARTESIAN_POINT('',(132.130453952649,77.2812719910204,0.9));
#9821=CARTESIAN_POINT('Origin',(132.230453952649,77.2812719910204,0.9));
#9822=CARTESIAN_POINT('',(132.230453952649,77.1812719910204,3.5));
#9823=CARTESIAN_POINT('',(132.130453952649,77.2812719910204,0.9));
#9824=CARTESIAN_POINT('Origin',(130.63045395265,83.58127199102,3.70000000000039));
#9825=CARTESIAN_POINT('',(130.530453952649,83.5812719910204,3.7));
#9826=CARTESIAN_POINT('',(130.630453952649,83.6812719910204,3.7));
#9827=CARTESIAN_POINT('Origin',(130.630453952649,83.5812719910204,3.7));
#9828=CARTESIAN_POINT('',(130.630453952649,83.5812719910204,3.6));
#9829=CARTESIAN_POINT('Origin',(130.630453952649,83.5812719910204,3.7));
#9830=CARTESIAN_POINT('Origin',(130.630453952649,83.5812719910204,3.7000000000001));
#9831=CARTESIAN_POINT('Origin',(130.630453952649,80.4312719910204,3.69999999999994));
#9832=CARTESIAN_POINT('',(130.530453952649,83.5812719910204,3.7));
#9833=CARTESIAN_POINT('',(130.630453952649,77.2812719910204,3.6));
#9834=CARTESIAN_POINT('Origin',(132.030453952649,83.5812719910203,3.49999999999993));
#9835=CARTESIAN_POINT('',(132.130453952649,83.5812719910204,3.5));
#9836=CARTESIAN_POINT('',(132.030453952649,83.5812719910204,3.6));
#9837=CARTESIAN_POINT('Origin',(132.030453952649,83.5812719910204,3.49999999999996));
#9838=CARTESIAN_POINT('',(132.030453952649,83.6812719910204,3.7));
#9839=CARTESIAN_POINT('Origin',(132.030453952649,83.5812719910204,3.70000000000001));
#9840=CARTESIAN_POINT('',(132.230453952649,83.6812719910204,3.5));
#9841=CARTESIAN_POINT('Origin',(132.030453952649,83.6812719910204,3.49999999999995));
#9842=CARTESIAN_POINT('Origin',(132.230453952649,83.5812719910204,3.5));
#9843=CARTESIAN_POINT('Origin',(132.230453952649,83.7812719910204,3.09999999999995));
#9844=CARTESIAN_POINT('',(132.230453952649,83.6812719910204,3.1));
#9845=CARTESIAN_POINT('',(132.230453952649,83.7812719910204,3.));
#9846=CARTESIAN_POINT('Origin',(132.230453952649,83.7812719910204,3.10000000000003));
#9847=CARTESIAN_POINT('',(132.130453952649,83.7812719910204,2.9));
#9848=CARTESIAN_POINT('Origin',(132.230453952649,83.7812719910204,2.89999999999993));
#9849=CARTESIAN_POINT('',(132.130453952649,83.5812719910204,3.1));
#9850=CARTESIAN_POINT('Origin',(132.130453952649,83.7812719910204,3.10000000000001));
#9851=CARTESIAN_POINT('Origin',(132.230453952649,83.5812719910204,3.1));
#9852=CARTESIAN_POINT('Origin',(132.230453952649,83.5812719910204,3.3));
#9853=CARTESIAN_POINT('',(132.230453952649,83.6812719910204,3.1));
#9854=CARTESIAN_POINT('',(132.130453952649,83.5812719910204,3.5));
#9855=CARTESIAN_POINT('Origin',(132.030453952649,96.0812719910206,3.50000000000021));
#9856=CARTESIAN_POINT('',(132.230453952649,96.1812719910204,3.5));
#9857=CARTESIAN_POINT('',(132.030453952649,96.1812719910204,3.7));
#9858=CARTESIAN_POINT('Origin',(132.030453952649,96.1812719910204,3.49999999999995));
#9859=CARTESIAN_POINT('',(132.130453952649,96.0812719910204,3.5));
#9860=CARTESIAN_POINT('Origin',(132.230453952649,96.0812719910204,3.5));
#9861=CARTESIAN_POINT('',(132.030453952649,96.0812719910204,3.6));
#9862=CARTESIAN_POINT('Origin',(132.030453952649,96.0812719910204,3.49999999999996));
#9863=CARTESIAN_POINT('Origin',(132.030453952649,96.0812719910204,3.70000000000001));
#9864=CARTESIAN_POINT('Origin',(132.430453952649,83.7812719910207,3.10000000000024));
#9865=CARTESIAN_POINT('',(132.530453952649,83.7812719910204,2.9));
#9866=CARTESIAN_POINT('',(132.530453952649,83.5812719910204,3.1));
#9867=CARTESIAN_POINT('Origin',(132.530453952649,83.7812719910204,3.1));
#9868=CARTESIAN_POINT('',(132.430453952649,83.7812719910204,3.));
#9869=CARTESIAN_POINT('Origin',(132.430453952649,83.7812719910204,2.90000000000002));
#9870=CARTESIAN_POINT('',(132.430453952649,83.6812719910204,3.1));
#9871=CARTESIAN_POINT('Origin',(132.430453952649,83.7812719910204,3.09999999999998));
#9872=CARTESIAN_POINT('Origin',(132.430453952649,83.5812719910204,3.1));
#9873=CARTESIAN_POINT('Origin',(132.430453952649,83.5812719910204,3.3));
#9874=CARTESIAN_POINT('',(132.530453952649,83.5812719910204,3.5));
#9875=CARTESIAN_POINT('',(132.430453952649,83.6812719910204,3.5));
#9876=CARTESIAN_POINT('Origin',(132.430453952649,83.5812719910204,3.5));
#9877=CARTESIAN_POINT('',(132.530453952649,83.5812719910204,3.1));
#9878=CARTESIAN_POINT('',(132.430453952649,83.6812719910204,3.5));
#9879=CARTESIAN_POINT('Origin',(132.330453952649,83.7812719910204,3.10000000000003));
#9880=CARTESIAN_POINT('',(132.230453952649,83.7812719910204,3.));
#9881=CARTESIAN_POINT('',(132.430453952649,83.6812719910204,3.1));
#9882=CARTESIAN_POINT('Origin',(130.63045395265,96.0812719910206,3.69999999999999));
#9883=CARTESIAN_POINT('',(130.630453952649,96.1812719910204,3.7));
#9884=CARTESIAN_POINT('',(130.630453952649,96.0812719910204,3.6));
#9885=CARTESIAN_POINT('Origin',(130.630453952649,96.0812719910204,3.70000000000003));
#9886=CARTESIAN_POINT('',(130.530453952649,96.0812719910204,3.7));
#9887=CARTESIAN_POINT('Origin',(130.630453952649,96.0812719910204,3.7000000000001));
#9888=CARTESIAN_POINT('Origin',(130.630453952649,96.0812719910204,3.7));
#9889=CARTESIAN_POINT('Origin',(132.030453952649,89.7812719910204,3.49999999999991));
#9890=CARTESIAN_POINT('',(132.130453952649,89.7812719910204,3.5));
#9891=CARTESIAN_POINT('',(132.230453952649,89.6812719910204,3.5));
#9892=CARTESIAN_POINT('Origin',(132.230453952649,89.7812719910205,3.5));
#9893=CARTESIAN_POINT('',(132.030453952649,89.6812719910204,3.7));
#9894=CARTESIAN_POINT('Origin',(132.030453952649,89.6812719910204,3.49999999999999));
#9895=CARTESIAN_POINT('',(132.030453952649,89.7812719910204,3.6));
#9896=CARTESIAN_POINT('Origin',(132.030453952649,89.7812719910204,3.70000000000003));
#9897=CARTESIAN_POINT('Origin',(132.030453952649,89.7812719910204,3.49999999999999));
#9898=CARTESIAN_POINT('Origin',(132.030453952649,92.9312719910204,3.50000000000002));
#9899=CARTESIAN_POINT('',(132.130453952649,89.7812719910204,3.5));
#9900=CARTESIAN_POINT('',(132.030453952649,96.0812719910204,3.6));
#9901=CARTESIAN_POINT('Origin',(130.630453952649,96.0812719910205,3.8999999999997));
#9902=CARTESIAN_POINT('',(130.630453952649,96.0812719910204,4.));
#9903=CARTESIAN_POINT('',(130.630453952649,96.1812719910204,3.9));
#9904=CARTESIAN_POINT('Origin',(130.630453952649,96.0812719910204,3.90000000000002));
#9905=CARTESIAN_POINT('',(130.530453952649,96.0812719910204,3.9));
#9906=CARTESIAN_POINT('Origin',(130.630453952649,96.0812719910204,3.9));
#9907=CARTESIAN_POINT('Origin',(130.630453952649,96.0812719910204,3.90000000000005));
#9908=CARTESIAN_POINT('Origin',(130.630453952649,89.7812719910204,3.69999999999973));
#9909=CARTESIAN_POINT('',(130.630453952649,89.6812719910204,3.7));
#9910=CARTESIAN_POINT('',(130.530453952649,89.7812719910204,3.7));
#9911=CARTESIAN_POINT('Origin',(130.630453952649,89.7812719910205,3.7));
#9912=CARTESIAN_POINT('',(130.630453952649,89.7812719910204,3.6));
#9913=CARTESIAN_POINT('Origin',(130.630453952649,89.7812719910204,3.70000000000007));
#9914=CARTESIAN_POINT('Origin',(130.630453952649,89.7812719910204,3.69999999999998));
#9915=CARTESIAN_POINT('Origin',(131.330453952649,89.7812719910204,3.7));
#9916=CARTESIAN_POINT('',(130.630453952649,89.6812719910204,3.7));
#9917=CARTESIAN_POINT('',(132.030453952649,89.7812719910204,3.6));
#9918=CARTESIAN_POINT('Origin',(130.630453952649,92.9312719910204,3.69999999999997));
#9919=CARTESIAN_POINT('',(130.530453952649,96.0812719910204,3.7));
#9920=CARTESIAN_POINT('',(130.630453952649,89.7812719910204,3.6));
#9921=CARTESIAN_POINT('Origin',(130.630453952649,89.7812719910201,3.90000000000017));
#9922=CARTESIAN_POINT('',(130.530453952649,89.7812719910204,3.9));
#9923=CARTESIAN_POINT('',(130.630453952649,89.6812719910204,3.9));
#9924=CARTESIAN_POINT('Origin',(130.630453952649,89.7812719910205,3.9));
#9925=CARTESIAN_POINT('',(130.630453952649,89.7812719910204,4.));
#9926=CARTESIAN_POINT('Origin',(130.630453952649,89.7812719910204,3.89999999999997));
#9927=CARTESIAN_POINT('Origin',(130.630453952649,89.7812719910204,3.89999999999996));
#9928=CARTESIAN_POINT('Origin',(130.630453952649,92.9312719910204,3.90000000000004));
#9929=CARTESIAN_POINT('',(130.530453952649,89.7812719910204,3.9));
#9930=CARTESIAN_POINT('',(130.630453952649,96.0812719910204,4.));
#9931=CARTESIAN_POINT('Origin',(131.330453952649,89.7812719910204,3.9));
#9932=CARTESIAN_POINT('',(132.030453952649,89.7812719910204,4.));
#9933=CARTESIAN_POINT('',(132.030453952649,89.6812719910204,3.9));
#9934=CARTESIAN_POINT('Origin',(132.030453952649,89.7812719910204,3.89999999999999));
#9935=CARTESIAN_POINT('',(130.630453952649,89.7812719910204,4.));
#9936=CARTESIAN_POINT('',(132.030453952649,89.6812719910204,3.9));
#9937=CARTESIAN_POINT('Origin',(132.030453952649,89.7812719910203,3.50000000000028));
#9938=CARTESIAN_POINT('',(132.530453952649,89.7812719910204,3.5));
#9939=CARTESIAN_POINT('',(132.430453952649,89.6812719910204,3.5));
#9940=CARTESIAN_POINT('Origin',(132.430453952649,89.7812719910204,3.5));
#9941=CARTESIAN_POINT('Origin',(132.030453952649,89.7812719910204,3.49999999999996));
#9942=CARTESIAN_POINT('Origin',(132.030453952649,89.6812719910204,3.50000000000006));
#9943=CARTESIAN_POINT('Origin',(130.630453952649,89.7812719910204,3.8));
#9944=CARTESIAN_POINT('',(130.630453952649,89.6812719910204,3.9));
#9945=CARTESIAN_POINT('',(130.530453952649,89.7812719910204,3.7));
#9946=CARTESIAN_POINT('Origin',(132.430453952649,89.7812719910204,3.2));
#9947=CARTESIAN_POINT('',(132.430453952649,89.6812719910204,3.));
#9948=CARTESIAN_POINT('',(132.430453952649,89.6812719910204,3.));
#9949=CARTESIAN_POINT('',(132.530453952649,89.7812719910204,2.9));
#9950=CARTESIAN_POINT('Origin',(132.43045395265,89.7812719910192,2.9000000000012));
#9951=CARTESIAN_POINT('',(132.530453952649,89.7812719910204,3.5));
#9952=CARTESIAN_POINT('Origin',(130.630453952649,96.0812719910205,3.8));
#9953=CARTESIAN_POINT('',(130.530453952649,96.0812719910204,3.9));
#9954=CARTESIAN_POINT('',(130.630453952649,96.1812719910204,3.7));
#9955=CARTESIAN_POINT('Origin',(131.330453952649,96.0812719910204,3.90000000000003));
#9956=CARTESIAN_POINT('',(132.030453952649,96.1812719910204,3.9));
#9957=CARTESIAN_POINT('',(132.030453952649,96.0812719910204,4.));
#9958=CARTESIAN_POINT('Origin',(132.030453952649,96.0812719910204,3.89999999999997));
#9959=CARTESIAN_POINT('',(130.630453952649,96.1812719910204,3.9));
#9960=CARTESIAN_POINT('',(132.030453952649,96.0812719910204,4.));
#9961=CARTESIAN_POINT('Origin',(132.430453952649,86.7812719910204,2.89999999999999));
#9962=CARTESIAN_POINT('',(132.530453952649,89.7812719910204,2.9));
#9963=CARTESIAN_POINT('',(132.430453952649,83.7812719910204,3.));
#9964=CARTESIAN_POINT('Origin',(132.230453952649,89.7812719910204,3.2));
#9965=CARTESIAN_POINT('',(132.130453952649,89.7812719910204,2.9));
#9966=CARTESIAN_POINT('',(132.130453952649,89.7812719910204,2.9));
#9967=CARTESIAN_POINT('',(132.230453952649,89.6812719910204,3.));
#9968=CARTESIAN_POINT('Origin',(132.23045395265,89.7812719910213,2.89999999999916));
#9969=CARTESIAN_POINT('',(132.230453952649,89.6812719910204,3.5));
#9970=CARTESIAN_POINT('Origin',(131.330453952649,96.0812719910204,3.69999999999997));
#9971=CARTESIAN_POINT('',(132.030453952649,96.1812719910204,3.7));
#9972=CARTESIAN_POINT('',(130.630453952649,96.0812719910204,3.6));
#9973=CARTESIAN_POINT('Origin',(132.030453952649,96.0812719910207,3.50000000000041));
#9974=CARTESIAN_POINT('',(132.430453952649,96.1812719910204,3.5));
#9975=CARTESIAN_POINT('',(132.530453952649,96.0812719910204,3.5));
#9976=CARTESIAN_POINT('Origin',(132.430453952649,96.0812719910204,3.5));
#9977=CARTESIAN_POINT('Origin',(132.030453952649,96.1812719910204,3.50000000000006));
#9978=CARTESIAN_POINT('Origin',(132.030453952649,96.0812719910204,3.49999999999996));
#9979=CARTESIAN_POINT('Origin',(132.230453952649,86.7812719910204,2.90000000000001));
#9980=CARTESIAN_POINT('',(132.230453952649,89.6812719910204,3.));
#9981=CARTESIAN_POINT('',(132.130453952649,83.7812719910204,2.9));
#9982=CARTESIAN_POINT('Origin',(132.230453952649,96.0812719910204,2.2));
#9983=CARTESIAN_POINT('',(132.130453952649,96.0812719910204,0.9));
#9984=CARTESIAN_POINT('',(132.230453952649,96.1812719910204,0.9));
#9985=CARTESIAN_POINT('Origin',(132.230453952649,96.0812719910204,0.9));
#9986=CARTESIAN_POINT('',(132.130453952649,96.0812719910204,3.5));
#9987=CARTESIAN_POINT('',(132.230453952649,96.1812719910204,0.9));
#9988=CARTESIAN_POINT('Origin',(132.430453952649,96.0812719910204,2.));
#9989=CARTESIAN_POINT('',(132.430453952649,96.1812719910204,0.5));
#9990=CARTESIAN_POINT('',(132.530453952649,96.0812719910204,0.5));
#9991=CARTESIAN_POINT('Origin',(132.430453952649,96.0812719910204,0.5));
#9992=CARTESIAN_POINT('',(132.430453952649,96.1812719910204,3.5));
#9993=CARTESIAN_POINT('',(132.530453952649,96.0812719910204,0.5));
#9994=CARTESIAN_POINT('Origin',(132.030453952649,83.5812719910204,3.50000000000028));
#9995=CARTESIAN_POINT('',(132.030453952649,83.5812719910204,4.));
#9996=CARTESIAN_POINT('',(132.030453952649,83.6812719910204,3.9));
#9997=CARTESIAN_POINT('Origin',(132.030453952649,83.5812719910204,3.89999999999999));
#9998=CARTESIAN_POINT('Origin',(132.030453952649,83.5812719910204,3.49999999999996));
#9999=CARTESIAN_POINT('Origin',(132.030453952649,83.6812719910204,3.50000000000006));
#10000=CARTESIAN_POINT('Origin',(131.630453952649,96.0812719910203,0.899999999999616));
#10001=CARTESIAN_POINT('',(131.630453952649,96.0812719910204,0.4));
#10002=CARTESIAN_POINT('',(131.630453952649,96.1812719910204,0.3));
#10003=CARTESIAN_POINT('Origin',(131.630453952649,96.0812719910204,0.299999999999992));
#10004=CARTESIAN_POINT('Origin',(131.630453952649,96.0812719910204,0.899999999999981));
#10005=CARTESIAN_POINT('Origin',(131.630453952649,96.1812719910204,0.900000000000049));
#10006=CARTESIAN_POINT('Origin',(132.030453952649,96.0812719910204,0.499999999999743));
#10007=CARTESIAN_POINT('',(132.030453952649,96.1812719910204,0.1));
#10008=CARTESIAN_POINT('',(132.030453952649,96.0812719910204,0.));
#10009=CARTESIAN_POINT('Origin',(132.030453952649,96.0812719910204,0.100000000000023));
#10010=CARTESIAN_POINT('Origin',(132.030453952649,96.1812719910204,0.499999999999943));
#10011=CARTESIAN_POINT('Origin',(132.030453952649,96.0812719910204,0.499999999999981));
#10012=CARTESIAN_POINT('Origin',(131.330453952649,83.5812719910204,3.69999999999994));
#10013=CARTESIAN_POINT('',(132.030453952649,83.6812719910204,3.7));
#10014=CARTESIAN_POINT('',(130.630453952649,83.5812719910204,3.6));
#10015=CARTESIAN_POINT('Origin',(132.030453952649,80.4312719910204,3.50000000000002));
#10016=CARTESIAN_POINT('',(132.130453952649,77.2812719910204,3.5));
#10017=CARTESIAN_POINT('',(132.030453952649,83.5812719910204,3.6));
#10018=CARTESIAN_POINT('Origin',(131.330453952649,83.5812719910204,3.90000000000006));
#10019=CARTESIAN_POINT('',(130.630453952649,83.6812719910204,3.9));
#10020=CARTESIAN_POINT('',(132.030453952649,83.5812719910204,4.));
#10021=CARTESIAN_POINT('Origin',(129.630453952649,96.0812719910204,0.299999999999932));
#10022=CARTESIAN_POINT('',(127.630453952649,96.1812719910205,0.3));
#10023=CARTESIAN_POINT('',(131.630453952649,96.0812719910204,0.4));
#10024=CARTESIAN_POINT('Origin',(129.830453952649,96.0812719910205,0.0999999999999215));
#10025=CARTESIAN_POINT('',(132.030453952649,96.1812719910204,0.0999999999999999));
#10026=CARTESIAN_POINT('',(127.630453952649,96.0812719910205,0.));
#10027=CARTESIAN_POINT('Origin',(130.630453952649,83.5812719910204,3.8));
#10028=CARTESIAN_POINT('',(130.630453952649,83.6812719910204,3.7));
#10029=CARTESIAN_POINT('',(130.530453952649,83.5812719910204,3.9));
#10030=CARTESIAN_POINT('Origin',(130.630453952649,80.4312719910204,3.90000000000006));
#10031=CARTESIAN_POINT('',(130.530453952649,77.2812719910204,3.9));
#10032=CARTESIAN_POINT('',(130.630453952649,83.5812719910204,4.));
#10033=CARTESIAN_POINT('Origin',(127.630453952649,86.6812719910205,0.299999999999987));
#10034=CARTESIAN_POINT('',(127.530453952649,77.2812719910204,0.3));
#10035=CARTESIAN_POINT('',(127.630453952649,96.0812719910204,0.4));
#10036=CARTESIAN_POINT('Origin',(131.630453952649,77.2812719910204,0.89999999999983));
#10037=CARTESIAN_POINT('',(131.630453952649,77.1812719910204,0.3));
#10038=CARTESIAN_POINT('',(131.630453952649,77.2812719910204,0.4));
#10039=CARTESIAN_POINT('Origin',(131.630453952649,77.2812719910204,0.299999999999961));
#10040=CARTESIAN_POINT('Origin',(131.630453952649,77.1812719910204,0.900000000000048));
#10041=CARTESIAN_POINT('Origin',(131.630453952649,77.2812719910204,0.899999999999981));
#10042=CARTESIAN_POINT('Origin',(129.630453952649,77.2812719910204,0.30000000000001));
#10043=CARTESIAN_POINT('',(131.630453952649,77.1812719910204,0.3));
#10044=CARTESIAN_POINT('',(127.630453952649,77.2812719910204,0.4));
#10045=CARTESIAN_POINT('Origin',(132.030453952649,77.2812719910204,3.49999999999978));
#10046=CARTESIAN_POINT('',(132.530453952649,77.2812719910204,3.5));
#10047=CARTESIAN_POINT('',(132.430453952649,77.1812719910204,3.5));
#10048=CARTESIAN_POINT('Origin',(132.430453952649,77.2812719910204,3.5));
#10049=CARTESIAN_POINT('Origin',(132.030453952649,77.2812719910204,3.49999999999996));
#10050=CARTESIAN_POINT('Origin',(132.030453952649,77.1812719910204,3.50000000000006));
#10051=CARTESIAN_POINT('Origin',(132.030453952649,77.2812719910206,0.500000000000478));
#10052=CARTESIAN_POINT('',(132.430453952649,77.1812719910204,0.5));
#10053=CARTESIAN_POINT('',(132.530453952649,77.2812719910204,0.5));
#10054=CARTESIAN_POINT('Origin',(132.430453952649,77.2812719910204,0.5));
#10055=CARTESIAN_POINT('Origin',(132.030453952649,77.1812719910204,0.499999999999943));
#10056=CARTESIAN_POINT('Origin',(132.030453952649,77.2812719910204,0.499999999999981));
#10057=CARTESIAN_POINT('Origin',(132.430453952649,77.2812719910204,2.));
#10058=CARTESIAN_POINT('',(132.530453952649,77.2812719910204,3.5));
#10059=CARTESIAN_POINT('',(132.430453952649,77.1812719910204,0.5));
#10060=CARTESIAN_POINT('Origin',(129.630453952649,77.2812719910204,0.4));
#10061=CARTESIAN_POINT('',(131.630453952649,77.2812719910204,0.4));
#10062=CARTESIAN_POINT('Origin',(131.630453952649,86.6812719910204,0.899999999999971));
#10063=CARTESIAN_POINT('',(132.130453952649,96.0812719910204,0.9));
#10064=CARTESIAN_POINT('Origin',(131.330453952649,77.2812719910204,4.));
#10065=CARTESIAN_POINT('',(132.030453952649,77.2812719910204,4.));
#10066=CARTESIAN_POINT('Origin',(132.030453952649,92.9312719910204,3.50000000000008));
#10067=CARTESIAN_POINT('',(132.530453952649,96.0812719910204,3.5));
#10068=CARTESIAN_POINT('',(132.030453952649,89.7812719910204,4.));
#10069=CARTESIAN_POINT('Origin',(131.330453952649,89.7812719910204,4.));
#10070=CARTESIAN_POINT('Origin',(131.530453952649,89.6812719910204,3.9));
#10071=CARTESIAN_POINT('',(132.430453952649,89.6812719910204,3.));
#10072=CARTESIAN_POINT('Origin',(127.530453952649,86.6812719910205,0.1));
#10073=CARTESIAN_POINT('Origin',(130.530453952649,80.4312719910204,3.9));
#10074=CARTESIAN_POINT('Origin',(130.030453952649,77.1812719910204,3.9));
#10075=CARTESIAN_POINT('Origin',(131.330453952649,77.2812719910204,3.6));
#10076=CARTESIAN_POINT('Origin',(131.530453952649,83.6812719910204,3.9));
#10077=CARTESIAN_POINT('Origin',(131.330453952649,89.7812719910204,3.6));
#10078=CARTESIAN_POINT('Origin',(130.530453952649,92.9312719910204,3.9));
#10079=CARTESIAN_POINT('Origin',(130.030453952649,96.1812719910205,3.9));
#10080=CARTESIAN_POINT('Origin',(132.530453952649,86.6812719910204,3.5));
#10081=CARTESIAN_POINT('',(132.530453952649,77.2812719910204,0.5));
#10082=CARTESIAN_POINT('',(132.530453952649,83.5812719910204,3.5));
#10083=CARTESIAN_POINT('Origin',(132.030453952649,80.4312719910204,3.50000000000003));
#10084=CARTESIAN_POINT('Origin',(132.030453952649,86.6812719910204,0.499999999999959));
#10085=CARTESIAN_POINT('',(132.030453952649,96.0812719910204,0.));
#10086=CARTESIAN_POINT('Origin',(132.330453952649,83.7812719910204,3.));
#10087=CARTESIAN_POINT('Origin',(132.130453952649,86.6812719910204,0.9));
#10088=CARTESIAN_POINT('Origin',(129.830453952649,77.2812719910204,0.));
#10089=CARTESIAN_POINT('Origin',(113.930453952649,77.2812719910207,0.0999999999993931));
#10090=CARTESIAN_POINT('',(113.930453952649,77.1812719910205,0.0999999999999999));
#10091=CARTESIAN_POINT('',(114.030453952649,77.2812719910205,0.1));
#10092=CARTESIAN_POINT('Origin',(113.930453952649,77.2812719910205,0.0999999999999999));
#10093=CARTESIAN_POINT('',(113.930453952649,77.2812719910205,0.));
#10094=CARTESIAN_POINT('Origin',(113.930453952649,77.2812719910205,0.0999999999999781));
#10095=CARTESIAN_POINT('Origin',(113.930453952649,77.2812719910205,0.0999999999999931));
#10096=CARTESIAN_POINT('Origin',(111.730453952649,77.2812719910205,0.0999999999999997));
#10097=CARTESIAN_POINT('',(109.530453952649,77.1812719910205,0.0999999999999999));
#10098=CARTESIAN_POINT('',(109.530453952649,77.2812719910205,0.));
#10099=CARTESIAN_POINT('Origin',(109.530453952649,77.2812719910205,0.100000000000023));
#10100=CARTESIAN_POINT('',(109.530453952649,77.2812719910205,0.));
#10101=CARTESIAN_POINT('',(113.930453952649,77.1812719910205,0.0999999999999999));
#10102=CARTESIAN_POINT('Origin',(113.930453952649,77.2812719910206,0.300000000000046));
#10103=CARTESIAN_POINT('',(113.930453952649,77.1812719910205,0.3));
#10104=CARTESIAN_POINT('',(113.930453952649,77.2812719910205,0.4));
#10105=CARTESIAN_POINT('Origin',(113.930453952649,77.2812719910205,0.299999999999977));
#10106=CARTESIAN_POINT('',(114.030453952649,77.2812719910205,0.3));
#10107=CARTESIAN_POINT('Origin',(113.930453952649,77.2812719910205,0.3));
#10108=CARTESIAN_POINT('Origin',(113.930453952649,77.2812719910205,0.300000000000052));
#10109=CARTESIAN_POINT('Origin',(113.930453952649,77.2812719910205,0.2));
#10110=CARTESIAN_POINT('',(113.930453952649,77.1812719910205,0.3));
#10111=CARTESIAN_POINT('',(114.030453952649,77.2812719910205,0.1));
#10112=CARTESIAN_POINT('Origin',(110.930453952649,77.2812719910206,3.90000000000005));
#10113=CARTESIAN_POINT('',(110.930453952649,77.2812719910205,4.));
#10114=CARTESIAN_POINT('',(111.030453952649,77.2812719910205,3.9));
#10115=CARTESIAN_POINT('Origin',(110.930453952649,77.2812719910205,3.90000000000002));
#10116=CARTESIAN_POINT('',(110.930453952649,77.1812719910205,3.9));
#10117=CARTESIAN_POINT('Origin',(110.930453952649,77.2812719910205,3.89999999999996));
#10118=CARTESIAN_POINT('Origin',(110.930453952649,77.2812719910205,3.9));
#10119=CARTESIAN_POINT('Origin',(110.230453952649,77.2812719910205,3.89999999999999));
#10120=CARTESIAN_POINT('',(109.530453952649,77.2812719910205,4.));
#10121=CARTESIAN_POINT('',(109.530453952649,77.1812719910205,3.9));
#10122=CARTESIAN_POINT('Origin',(109.530453952649,77.2812719910205,3.90000000000001));
#10123=CARTESIAN_POINT('',(109.530453952649,77.1812719910205,3.9));
#10124=CARTESIAN_POINT('',(110.930453952649,77.2812719910205,4.));
#10125=CARTESIAN_POINT('Origin',(110.930453952649,77.2812719910208,3.69999999999945));
#10126=CARTESIAN_POINT('',(111.030453952649,77.2812719910205,3.7));
#10127=CARTESIAN_POINT('',(110.930453952649,77.2812719910205,3.6));
#10128=CARTESIAN_POINT('Origin',(110.930453952649,77.2812719910205,3.7));
#10129=CARTESIAN_POINT('',(110.930453952649,77.1812719910205,3.7));
#10130=CARTESIAN_POINT('Origin',(110.930453952649,77.2812719910205,3.7));
#10131=CARTESIAN_POINT('Origin',(110.930453952649,77.2812719910205,3.69999999999998));
#10132=CARTESIAN_POINT('Origin',(110.930453952649,77.2812719910205,3.8));
#10133=CARTESIAN_POINT('',(111.030453952649,77.2812719910205,3.7));
#10134=CARTESIAN_POINT('',(110.930453952649,77.1812719910205,3.9));
#10135=CARTESIAN_POINT('Origin',(113.930453952649,96.0812719910207,0.10000000000008));
#10136=CARTESIAN_POINT('',(114.030453952649,96.0812719910205,0.1));
#10137=CARTESIAN_POINT('',(113.930453952649,96.1812719910205,0.0999999999999999));
#10138=CARTESIAN_POINT('Origin',(113.930453952649,96.0812719910205,0.1));
#10139=CARTESIAN_POINT('',(113.930453952649,96.0812719910205,0.));
#10140=CARTESIAN_POINT('Origin',(113.930453952649,96.0812719910205,0.0999999999999478));
#10141=CARTESIAN_POINT('Origin',(113.930453952649,96.0812719910205,0.100000000000023));
#10142=CARTESIAN_POINT('Origin',(113.930453952649,86.6812719910205,0.0999999999999977));
#10143=CARTESIAN_POINT('',(114.030453952649,96.0812719910205,0.1));
#10144=CARTESIAN_POINT('',(113.930453952649,77.2812719910205,0.));
#10145=CARTESIAN_POINT('Origin',(113.930453952649,96.081271991021,0.300000000000273));
#10146=CARTESIAN_POINT('',(114.030453952649,96.0812719910205,0.3));
#10147=CARTESIAN_POINT('',(113.930453952649,96.0812719910205,0.4));
#10148=CARTESIAN_POINT('Origin',(113.930453952649,96.0812719910205,0.300000000000007));
#10149=CARTESIAN_POINT('',(113.930453952649,96.1812719910205,0.3));
#10150=CARTESIAN_POINT('Origin',(113.930453952649,96.0812719910205,0.3));
#10151=CARTESIAN_POINT('Origin',(113.930453952649,96.0812719910206,0.300000000000052));
#10152=CARTESIAN_POINT('Origin',(113.930453952649,96.0812719910205,0.2));
#10153=CARTESIAN_POINT('',(114.030453952649,96.0812719910205,0.3));
#10154=CARTESIAN_POINT('',(113.930453952649,96.1812719910205,0.0999999999999999));
#10155=CARTESIAN_POINT('Origin',(110.930453952649,83.5812719910213,3.90000000000052));
#10156=CARTESIAN_POINT('',(111.030453952649,83.5812719910205,3.9));
#10157=CARTESIAN_POINT('',(110.930453952649,83.5812719910205,4.));
#10158=CARTESIAN_POINT('Origin',(110.930453952649,83.5812719910205,3.90000000000001));
#10159=CARTESIAN_POINT('',(110.930453952649,83.6812719910205,3.9));
#10160=CARTESIAN_POINT('Origin',(110.930453952649,83.5812719910205,3.9));
#10161=CARTESIAN_POINT('Origin',(110.930453952649,83.5812719910206,3.90000000000005));
#10162=CARTESIAN_POINT('Origin',(109.530453952649,77.2812719910204,3.50000000000035));
#10163=CARTESIAN_POINT('',(109.530453952649,77.2812719910205,3.6));
#10164=CARTESIAN_POINT('',(109.430453952649,77.2812719910205,3.5));
#10165=CARTESIAN_POINT('Origin',(109.530453952649,77.2812719910205,3.50000000000002));
#10166=CARTESIAN_POINT('',(109.530453952649,77.1812719910205,3.7));
#10167=CARTESIAN_POINT('Origin',(109.530453952649,77.2812719910205,3.70000000000004));
#10168=CARTESIAN_POINT('',(109.330453952649,77.1812719910205,3.5));
#10169=CARTESIAN_POINT('Origin',(109.530453952649,77.1812719910205,3.50000000000001));
#10170=CARTESIAN_POINT('Origin',(109.330453952649,77.2812719910205,3.5));
#10171=CARTESIAN_POINT('Origin',(110.230453952649,77.2812719910205,3.70000000000001));
#10172=CARTESIAN_POINT('',(109.530453952649,77.2812719910205,3.6));
#10173=CARTESIAN_POINT('',(110.930453952649,77.1812719910205,3.7));
#10174=CARTESIAN_POINT('Origin',(109.330453952649,77.2812719910205,2.2));
#10175=CARTESIAN_POINT('',(109.330453952649,77.1812719910205,0.9));
#10176=CARTESIAN_POINT('',(109.430453952649,77.2812719910205,0.9));
#10177=CARTESIAN_POINT('Origin',(109.330453952649,77.2812719910205,0.9));
#10178=CARTESIAN_POINT('',(109.430453952649,77.2812719910205,0.9));
#10179=CARTESIAN_POINT('',(109.330453952649,77.1812719910205,3.5));
#10180=CARTESIAN_POINT('Origin',(110.930453952649,83.5812719910207,3.70000000000009));
#10181=CARTESIAN_POINT('',(111.030453952649,83.5812719910205,3.7));
#10182=CARTESIAN_POINT('',(110.930453952649,83.6812719910205,3.7));
#10183=CARTESIAN_POINT('Origin',(110.930453952649,83.5812719910205,3.7));
#10184=CARTESIAN_POINT('',(110.930453952649,83.5812719910205,3.6));
#10185=CARTESIAN_POINT('Origin',(110.930453952649,83.5812719910205,3.70000000000001));
#10186=CARTESIAN_POINT('Origin',(110.930453952649,83.5812719910205,3.70000000000003));
#10187=CARTESIAN_POINT('Origin',(110.930453952649,80.4312719910205,3.69999999999998));
#10188=CARTESIAN_POINT('',(110.930453952649,77.2812719910205,3.6));
#10189=CARTESIAN_POINT('',(111.030453952649,83.5812719910205,3.7));
#10190=CARTESIAN_POINT('Origin',(109.530453952649,83.5812719910205,3.49999999999996));
#10191=CARTESIAN_POINT('',(109.430453952649,83.5812719910205,3.5));
#10192=CARTESIAN_POINT('',(109.530453952649,83.5812719910205,3.6));
#10193=CARTESIAN_POINT('Origin',(109.530453952649,83.5812719910205,3.49999999999998));
#10194=CARTESIAN_POINT('',(109.330453952649,83.6812719910205,3.5));
#10195=CARTESIAN_POINT('Origin',(109.330453952649,83.5812719910205,3.5));
#10196=CARTESIAN_POINT('',(109.530453952649,83.6812719910205,3.7));
#10197=CARTESIAN_POINT('Origin',(109.530453952649,83.6812719910205,3.49999999999997));
#10198=CARTESIAN_POINT('Origin',(109.530453952649,83.5812719910205,3.70000000000001));
#10199=CARTESIAN_POINT('Origin',(109.330453952649,83.7812719910205,3.09999999999997));
#10200=CARTESIAN_POINT('',(109.330453952649,83.6812719910205,3.1));
#10201=CARTESIAN_POINT('',(109.330453952649,83.7812719910205,3.));
#10202=CARTESIAN_POINT('Origin',(109.330453952649,83.7812719910205,3.10000000000003));
#10203=CARTESIAN_POINT('',(109.430453952649,83.5812719910205,3.1));
#10204=CARTESIAN_POINT('Origin',(109.330453952649,83.5812719910205,3.1));
#10205=CARTESIAN_POINT('',(109.430453952649,83.7812719910205,2.9));
#10206=CARTESIAN_POINT('Origin',(109.430453952649,83.7812719910205,3.10000000000004));
#10207=CARTESIAN_POINT('Origin',(109.330453952649,83.7812719910205,2.89999999999999));
#10208=CARTESIAN_POINT('Origin',(109.330453952649,83.5812719910205,3.3));
#10209=CARTESIAN_POINT('',(109.430453952649,83.5812719910205,3.5));
#10210=CARTESIAN_POINT('',(109.330453952649,83.6812719910205,3.1));
#10211=CARTESIAN_POINT('Origin',(109.530453952649,96.0812719910206,3.49999999999989));
#10212=CARTESIAN_POINT('',(109.330453952649,96.1812719910205,3.5));
#10213=CARTESIAN_POINT('',(109.530453952649,96.1812719910205,3.7));
#10214=CARTESIAN_POINT('Origin',(109.530453952649,96.1812719910205,3.49999999999997));
#10215=CARTESIAN_POINT('',(109.530453952649,96.0812719910205,3.6));
#10216=CARTESIAN_POINT('Origin',(109.530453952649,96.0812719910205,3.70000000000001));
#10217=CARTESIAN_POINT('',(109.430453952649,96.0812719910205,3.5));
#10218=CARTESIAN_POINT('Origin',(109.530453952649,96.0812719910205,3.49999999999998));
#10219=CARTESIAN_POINT('Origin',(109.330453952649,96.0812719910205,3.5));
#10220=CARTESIAN_POINT('Origin',(109.130453952649,83.7812719910206,3.10000000000017));
#10221=CARTESIAN_POINT('',(109.030453952649,83.7812719910205,2.9));
#10222=CARTESIAN_POINT('',(109.030453952649,83.5812719910205,3.1));
#10223=CARTESIAN_POINT('Origin',(109.030453952649,83.7812719910205,3.1));
#10224=CARTESIAN_POINT('',(109.130453952649,83.6812719910205,3.1));
#10225=CARTESIAN_POINT('Origin',(109.130453952649,83.5812719910204,3.1));
#10226=CARTESIAN_POINT('',(109.130453952649,83.7812719910205,3.));
#10227=CARTESIAN_POINT('Origin',(109.130453952649,83.7812719910205,3.09999999999998));
#10228=CARTESIAN_POINT('Origin',(109.130453952649,83.7812719910205,2.89999999999994));
#10229=CARTESIAN_POINT('Origin',(109.130453952649,83.5812719910205,3.3));
#10230=CARTESIAN_POINT('',(109.030453952649,83.5812719910205,3.5));
#10231=CARTESIAN_POINT('',(109.130453952649,83.6812719910205,3.5));
#10232=CARTESIAN_POINT('Origin',(109.130453952649,83.5812719910204,3.5));
#10233=CARTESIAN_POINT('',(109.130453952649,83.6812719910205,3.5));
#10234=CARTESIAN_POINT('',(109.030453952649,83.5812719910205,3.1));
#10235=CARTESIAN_POINT('Origin',(109.230453952649,83.7812719910205,3.09999999999999));
#10236=CARTESIAN_POINT('',(109.130453952649,83.6812719910205,3.1));
#10237=CARTESIAN_POINT('',(109.330453952649,83.7812719910205,3.));
#10238=CARTESIAN_POINT('Origin',(110.930453952649,96.0812719910207,3.70000000000015));
#10239=CARTESIAN_POINT('',(110.930453952649,96.1812719910205,3.7));
#10240=CARTESIAN_POINT('',(110.930453952649,96.0812719910205,3.6));
#10241=CARTESIAN_POINT('Origin',(110.930453952649,96.0812719910205,3.70000000000003));
#10242=CARTESIAN_POINT('',(111.030453952649,96.0812719910205,3.7));
#10243=CARTESIAN_POINT('Origin',(110.930453952649,96.0812719910205,3.7));
#10244=CARTESIAN_POINT('Origin',(110.930453952649,96.0812719910205,3.70000000000001));
#10245=CARTESIAN_POINT('Origin',(109.530453952649,89.7812719910207,3.50000000000021));
#10246=CARTESIAN_POINT('',(109.430453952649,89.7812719910205,3.5));
#10247=CARTESIAN_POINT('',(109.330453952649,89.6812719910205,3.5));
#10248=CARTESIAN_POINT('Origin',(109.330453952649,89.7812719910205,3.5));
#10249=CARTESIAN_POINT('',(109.530453952649,89.7812719910205,3.6));
#10250=CARTESIAN_POINT('Origin',(109.530453952649,89.7812719910205,3.50000000000002));
#10251=CARTESIAN_POINT('',(109.530453952649,89.6812719910205,3.7));
#10252=CARTESIAN_POINT('Origin',(109.530453952649,89.7812719910205,3.70000000000003));
#10253=CARTESIAN_POINT('Origin',(109.530453952649,89.6812719910205,3.50000000000001));
#10254=CARTESIAN_POINT('Origin',(109.530453952649,92.9312719910205,3.5));
#10255=CARTESIAN_POINT('',(109.530453952649,96.0812719910205,3.6));
#10256=CARTESIAN_POINT('',(109.430453952649,89.7812719910205,3.5));
#10257=CARTESIAN_POINT('Origin',(110.930453952649,96.0812719910198,3.89999999999945));
#10258=CARTESIAN_POINT('',(110.930453952649,96.0812719910205,4.));
#10259=CARTESIAN_POINT('',(110.930453952649,96.1812719910205,3.9));
#10260=CARTESIAN_POINT('Origin',(110.930453952649,96.0812719910205,3.90000000000002));
#10261=CARTESIAN_POINT('',(111.030453952649,96.0812719910205,3.9));
#10262=CARTESIAN_POINT('Origin',(110.930453952649,96.0812719910205,3.90000000000001));
#10263=CARTESIAN_POINT('Origin',(110.930453952649,96.0812719910205,3.9));
#10264=CARTESIAN_POINT('Origin',(110.930453952649,89.781271991021,3.69999999999948));
#10265=CARTESIAN_POINT('',(110.930453952649,89.6812719910205,3.7));
#10266=CARTESIAN_POINT('',(111.030453952649,89.7812719910205,3.7));
#10267=CARTESIAN_POINT('Origin',(110.930453952649,89.7812719910205,3.7));
#10268=CARTESIAN_POINT('',(110.930453952649,89.7812719910205,3.6));
#10269=CARTESIAN_POINT('Origin',(110.930453952649,89.7812719910205,3.69999999999998));
#10270=CARTESIAN_POINT('Origin',(110.930453952649,89.7812719910205,3.7));
#10271=CARTESIAN_POINT('Origin',(110.230453952649,89.7812719910205,3.69999999999999));
#10272=CARTESIAN_POINT('',(109.530453952649,89.7812719910205,3.6));
#10273=CARTESIAN_POINT('',(110.930453952649,89.6812719910205,3.7));
#10274=CARTESIAN_POINT('Origin',(110.930453952649,92.9312719910205,3.69999999999997));
#10275=CARTESIAN_POINT('',(110.930453952649,89.7812719910205,3.6));
#10276=CARTESIAN_POINT('',(111.030453952649,96.0812719910205,3.7));
#10277=CARTESIAN_POINT('Origin',(110.930453952649,89.7812719910206,3.90000000000002));
#10278=CARTESIAN_POINT('',(111.030453952649,89.7812719910205,3.9));
#10279=CARTESIAN_POINT('',(110.930453952649,89.6812719910205,3.9));
#10280=CARTESIAN_POINT('Origin',(110.930453952649,89.7812719910205,3.9));
#10281=CARTESIAN_POINT('',(110.930453952649,89.7812719910205,4.));
#10282=CARTESIAN_POINT('Origin',(110.930453952649,89.7812719910205,3.90000000000002));
#10283=CARTESIAN_POINT('Origin',(110.930453952649,89.7812719910205,3.89999999999998));
#10284=CARTESIAN_POINT('Origin',(110.930453952649,92.9312719910205,3.90000000000004));
#10285=CARTESIAN_POINT('',(110.930453952649,96.0812719910205,4.));
#10286=CARTESIAN_POINT('',(111.030453952649,89.7812719910205,3.9));
#10287=CARTESIAN_POINT('Origin',(110.230453952649,89.7812719910205,3.90000000000001));
#10288=CARTESIAN_POINT('',(109.530453952649,89.7812719910205,4.));
#10289=CARTESIAN_POINT('',(109.530453952649,89.6812719910205,3.9));
#10290=CARTESIAN_POINT('Origin',(109.530453952649,89.7812719910205,3.89999999999999));
#10291=CARTESIAN_POINT('',(109.530453952649,89.6812719910205,3.9));
#10292=CARTESIAN_POINT('',(110.930453952649,89.7812719910205,4.));
#10293=CARTESIAN_POINT('Origin',(109.530453952649,89.7812719910205,3.50000000000012));
#10294=CARTESIAN_POINT('',(109.030453952649,89.7812719910205,3.5));
#10295=CARTESIAN_POINT('',(109.130453952649,89.6812719910205,3.5));
#10296=CARTESIAN_POINT('Origin',(109.130453952649,89.7812719910205,3.5));
#10297=CARTESIAN_POINT('Origin',(109.530453952649,89.6812719910205,3.50000000000003));
#10298=CARTESIAN_POINT('Origin',(109.530453952649,89.7812719910205,3.49999999999999));
#10299=CARTESIAN_POINT('Origin',(110.930453952649,89.7812719910205,3.8));
#10300=CARTESIAN_POINT('',(111.030453952649,89.7812719910205,3.7));
#10301=CARTESIAN_POINT('',(110.930453952649,89.6812719910205,3.9));
#10302=CARTESIAN_POINT('Origin',(109.130453952649,89.7812719910205,3.2));
#10303=CARTESIAN_POINT('',(109.130453952649,89.6812719910205,3.));
#10304=CARTESIAN_POINT('',(109.130453952649,89.6812719910205,3.));
#10305=CARTESIAN_POINT('',(109.030453952649,89.7812719910205,2.9));
#10306=CARTESIAN_POINT('',(109.030453952649,89.7812719910205,3.5));
#10307=CARTESIAN_POINT('Origin',(109.13045395265,89.7812719910218,2.89999999999874));
#10308=CARTESIAN_POINT('Origin',(110.930453952649,96.0812719910205,3.8));
#10309=CARTESIAN_POINT('',(110.930453952649,96.1812719910205,3.7));
#10310=CARTESIAN_POINT('',(111.030453952649,96.0812719910205,3.9));
#10311=CARTESIAN_POINT('Origin',(110.230453952649,96.0812719910205,3.89999999999999));
#10312=CARTESIAN_POINT('',(109.530453952649,96.1812719910205,3.9));
#10313=CARTESIAN_POINT('',(109.530453952649,96.0812719910205,4.));
#10314=CARTESIAN_POINT('Origin',(109.530453952649,96.0812719910205,3.89999999999997));
#10315=CARTESIAN_POINT('',(109.530453952649,96.0812719910205,4.));
#10316=CARTESIAN_POINT('',(110.930453952649,96.1812719910205,3.9));
#10317=CARTESIAN_POINT('Origin',(109.130453952649,86.7812719910205,2.89999999999999));
#10318=CARTESIAN_POINT('',(109.030453952649,89.7812719910205,2.9));
#10319=CARTESIAN_POINT('',(109.130453952649,83.7812719910205,3.));
#10320=CARTESIAN_POINT('Origin',(109.330453952649,89.7812719910205,3.2));
#10321=CARTESIAN_POINT('',(109.430453952649,89.7812719910205,2.9));
#10322=CARTESIAN_POINT('',(109.430453952649,89.7812719910205,2.9));
#10323=CARTESIAN_POINT('',(109.330453952649,89.6812719910205,3.));
#10324=CARTESIAN_POINT('',(109.330453952649,89.6812719910205,3.5));
#10325=CARTESIAN_POINT('Origin',(109.33045395265,89.7812719910198,2.90000000000076));
#10326=CARTESIAN_POINT('Origin',(110.230453952649,96.0812719910205,3.70000000000001));
#10327=CARTESIAN_POINT('',(110.930453952649,96.0812719910205,3.6));
#10328=CARTESIAN_POINT('',(109.530453952649,96.1812719910205,3.7));
#10329=CARTESIAN_POINT('Origin',(109.530453952649,96.0812719910205,3.50000000000017));
#10330=CARTESIAN_POINT('',(109.130453952649,96.1812719910205,3.5));
#10331=CARTESIAN_POINT('',(109.030453952649,96.0812719910205,3.5));
#10332=CARTESIAN_POINT('Origin',(109.130453952649,96.0812719910204,3.5));
#10333=CARTESIAN_POINT('Origin',(109.530453952649,96.0812719910205,3.49999999999999));
#10334=CARTESIAN_POINT('Origin',(109.530453952649,96.1812719910205,3.50000000000003));
#10335=CARTESIAN_POINT('Origin',(109.330453952649,86.7812719910205,2.9));
#10336=CARTESIAN_POINT('',(109.330453952649,89.6812719910205,3.));
#10337=CARTESIAN_POINT('',(109.430453952649,83.7812719910205,2.9));
#10338=CARTESIAN_POINT('Origin',(109.330453952649,96.0812719910205,2.2));
#10339=CARTESIAN_POINT('',(109.430453952649,96.0812719910205,0.9));
#10340=CARTESIAN_POINT('',(109.330453952649,96.1812719910205,0.9));
#10341=CARTESIAN_POINT('Origin',(109.330453952649,96.0812719910205,0.9));
#10342=CARTESIAN_POINT('',(109.330453952649,96.1812719910205,0.9));
#10343=CARTESIAN_POINT('',(109.430453952649,96.0812719910205,3.5));
#10344=CARTESIAN_POINT('Origin',(109.130453952649,96.0812719910205,2.));
#10345=CARTESIAN_POINT('',(109.130453952649,96.1812719910205,0.5));
#10346=CARTESIAN_POINT('',(109.030453952649,96.0812719910205,0.5));
#10347=CARTESIAN_POINT('Origin',(109.130453952649,96.0812719910204,0.5));
#10348=CARTESIAN_POINT('',(109.030453952649,96.0812719910205,0.5));
#10349=CARTESIAN_POINT('',(109.130453952649,96.1812719910205,3.5));
#10350=CARTESIAN_POINT('Origin',(109.530453952649,83.5812719910203,3.49999999999991));
#10351=CARTESIAN_POINT('',(109.530453952649,83.5812719910205,4.));
#10352=CARTESIAN_POINT('',(109.530453952649,83.6812719910205,3.9));
#10353=CARTESIAN_POINT('Origin',(109.530453952649,83.5812719910205,3.89999999999999));
#10354=CARTESIAN_POINT('Origin',(109.530453952649,83.6812719910205,3.50000000000003));
#10355=CARTESIAN_POINT('Origin',(109.530453952649,83.5812719910205,3.49999999999999));
#10356=CARTESIAN_POINT('Origin',(109.930453952649,96.0812719910203,0.899999999999848));
#10357=CARTESIAN_POINT('',(109.930453952649,96.0812719910205,0.4));
#10358=CARTESIAN_POINT('',(109.930453952649,96.1812719910205,0.3));
#10359=CARTESIAN_POINT('Origin',(109.930453952649,96.0812719910205,0.299999999999992));
#10360=CARTESIAN_POINT('Origin',(109.930453952649,96.1812719910205,0.899999999999958));
#10361=CARTESIAN_POINT('Origin',(109.930453952649,96.0812719910205,0.899999999999981));
#10362=CARTESIAN_POINT('Origin',(109.530453952649,96.0812719910204,0.499999999999878));
#10363=CARTESIAN_POINT('',(109.530453952649,96.1812719910205,0.1));
#10364=CARTESIAN_POINT('',(109.530453952649,96.0812719910205,0.));
#10365=CARTESIAN_POINT('Origin',(109.530453952649,96.0812719910205,0.100000000000023));
#10366=CARTESIAN_POINT('Origin',(109.530453952649,96.0812719910205,0.499999999999981));
#10367=CARTESIAN_POINT('Origin',(109.530453952649,96.1812719910205,0.499999999999972));
#10368=CARTESIAN_POINT('Origin',(110.230453952649,83.5812719910205,3.70000000000001));
#10369=CARTESIAN_POINT('',(110.930453952649,83.5812719910205,3.6));
#10370=CARTESIAN_POINT('',(109.530453952649,83.6812719910205,3.7));
#10371=CARTESIAN_POINT('Origin',(109.530453952649,80.4312719910205,3.5));
#10372=CARTESIAN_POINT('',(109.530453952649,83.5812719910205,3.6));
#10373=CARTESIAN_POINT('',(109.430453952649,77.2812719910205,3.5));
#10374=CARTESIAN_POINT('Origin',(110.230453952649,83.5812719910205,3.89999999999998));
#10375=CARTESIAN_POINT('',(109.530453952649,83.5812719910205,4.));
#10376=CARTESIAN_POINT('',(110.930453952649,83.6812719910205,3.9));
#10377=CARTESIAN_POINT('Origin',(111.930453952649,96.0812719910205,0.299999999999997));
#10378=CARTESIAN_POINT('',(109.930453952649,96.0812719910205,0.4));
#10379=CARTESIAN_POINT('',(113.930453952649,96.1812719910205,0.3));
#10380=CARTESIAN_POINT('Origin',(111.730453952649,96.0812719910205,0.0999999999999658));
#10381=CARTESIAN_POINT('',(113.930453952649,96.0812719910205,0.));
#10382=CARTESIAN_POINT('',(109.530453952649,96.1812719910205,0.0999999999999999));
#10383=CARTESIAN_POINT('Origin',(110.930453952649,83.5812719910205,3.8));
#10384=CARTESIAN_POINT('',(111.030453952649,83.5812719910205,3.9));
#10385=CARTESIAN_POINT('',(110.930453952649,83.6812719910205,3.7));
#10386=CARTESIAN_POINT('Origin',(110.930453952649,80.4312719910205,3.90000000000002));
#10387=CARTESIAN_POINT('',(110.930453952649,83.5812719910205,4.));
#10388=CARTESIAN_POINT('',(111.030453952649,77.2812719910205,3.9));
#10389=CARTESIAN_POINT('Origin',(113.930453952649,86.6812719910205,0.299999999999998));
#10390=CARTESIAN_POINT('',(113.930453952649,96.0812719910205,0.4));
#10391=CARTESIAN_POINT('',(114.030453952649,77.2812719910205,0.3));
#10392=CARTESIAN_POINT('Origin',(109.930453952649,77.2812719910204,0.900000000000157));
#10393=CARTESIAN_POINT('',(109.930453952649,77.1812719910205,0.3));
#10394=CARTESIAN_POINT('',(109.930453952649,77.2812719910205,0.4));
#10395=CARTESIAN_POINT('Origin',(109.930453952649,77.2812719910205,0.299999999999977));
#10396=CARTESIAN_POINT('Origin',(109.930453952649,77.2812719910205,0.899999999999981));
#10397=CARTESIAN_POINT('Origin',(109.930453952649,77.1812719910205,0.899999999999958));
#10398=CARTESIAN_POINT('Origin',(111.930453952649,77.2812719910205,0.300000000000001));
#10399=CARTESIAN_POINT('',(113.930453952649,77.2812719910205,0.4));
#10400=CARTESIAN_POINT('',(109.930453952649,77.1812719910205,0.3));
#10401=CARTESIAN_POINT('Origin',(109.530453952649,77.2812719910205,3.49999999999996));
#10402=CARTESIAN_POINT('',(109.030453952649,77.2812719910205,3.5));
#10403=CARTESIAN_POINT('',(109.130453952649,77.1812719910205,3.5));
#10404=CARTESIAN_POINT('Origin',(109.130453952649,77.2812719910205,3.5));
#10405=CARTESIAN_POINT('Origin',(109.530453952649,77.1812719910205,3.50000000000003));
#10406=CARTESIAN_POINT('Origin',(109.530453952649,77.2812719910205,3.49999999999999));
#10407=CARTESIAN_POINT('Origin',(109.530453952649,77.2812719910206,0.500000000000094));
#10408=CARTESIAN_POINT('',(109.130453952649,77.1812719910205,0.5));
#10409=CARTESIAN_POINT('',(109.030453952649,77.2812719910205,0.5));
#10410=CARTESIAN_POINT('Origin',(109.130453952649,77.2812719910205,0.5));
#10411=CARTESIAN_POINT('Origin',(109.530453952649,77.2812719910205,0.499999999999981));
#10412=CARTESIAN_POINT('Origin',(109.530453952649,77.1812719910205,0.499999999999972));
#10413=CARTESIAN_POINT('Origin',(109.130453952649,77.2812719910205,2.));
#10414=CARTESIAN_POINT('',(109.130453952649,77.1812719910205,0.5));
#10415=CARTESIAN_POINT('',(109.030453952649,77.2812719910205,3.5));
#10416=CARTESIAN_POINT('Origin',(111.930453952649,77.2812719910205,0.4));
#10417=CARTESIAN_POINT('',(109.930453952649,77.2812719910205,0.4));
#10418=CARTESIAN_POINT('Origin',(109.930453952649,86.6812719910205,0.899999999999981));
#10419=CARTESIAN_POINT('',(109.430453952649,96.0812719910205,0.9));
#10420=CARTESIAN_POINT('Origin',(110.230453952649,77.2812719910205,4.));
#10421=CARTESIAN_POINT('',(109.530453952649,77.2812719910205,4.));
#10422=CARTESIAN_POINT('Origin',(109.530453952649,92.9312719910205,3.50000000000001));
#10423=CARTESIAN_POINT('',(109.530453952649,89.7812719910205,4.));
#10424=CARTESIAN_POINT('',(109.030453952649,96.0812719910205,3.5));
#10425=CARTESIAN_POINT('Origin',(110.230453952649,89.7812719910205,4.));
#10426=CARTESIAN_POINT('Origin',(110.030453952649,89.6812719910205,3.9));
#10427=CARTESIAN_POINT('',(109.130453952649,89.6812719910205,3.));
#10428=CARTESIAN_POINT('Origin',(114.030453952649,86.6812719910205,0.1));
#10429=CARTESIAN_POINT('Origin',(111.030453952649,80.4312719910205,3.9));
#10430=CARTESIAN_POINT('Origin',(111.530453952649,77.1812719910205,3.9));
#10431=CARTESIAN_POINT('Origin',(110.230453952649,77.2812719910205,3.6));
#10432=CARTESIAN_POINT('Origin',(110.030453952649,83.6812719910205,3.9));
#10433=CARTESIAN_POINT('Origin',(110.230453952649,89.7812719910205,3.6));
#10434=CARTESIAN_POINT('Origin',(111.030453952649,92.9312719910205,3.9));
#10435=CARTESIAN_POINT('Origin',(111.530453952649,96.1812719910205,3.9));
#10436=CARTESIAN_POINT('Origin',(109.030453952649,86.6812719910205,3.5));
#10437=CARTESIAN_POINT('',(109.030453952649,83.5812719910205,3.5));
#10438=CARTESIAN_POINT('',(109.030453952649,77.2812719910205,0.5));
#10439=CARTESIAN_POINT('Origin',(109.530453952649,80.4312719910205,3.5));
#10440=CARTESIAN_POINT('Origin',(109.530453952649,86.6812719910205,0.499999999999989));
#10441=CARTESIAN_POINT('',(109.530453952649,96.0812719910205,0.));
#10442=CARTESIAN_POINT('Origin',(109.230453952649,83.7812719910205,3.));
#10443=CARTESIAN_POINT('Origin',(109.430453952649,86.6812719910205,0.9));
#10444=CARTESIAN_POINT('Origin',(111.730453952649,77.2812719910205,0.));
#10445=UNCERTAINTY_MEASURE_WITH_UNIT(LENGTH_MEASURE(0.01),#10449,
'DISTANCE_ACCURACY_VALUE',
'Maximum model space distance between geometric entities at asserted c
onnectivities');
#10446=UNCERTAINTY_MEASURE_WITH_UNIT(LENGTH_MEASURE(1.E-6),#10449,
'DISTANCE_ACCURACY_VALUE',
'Maximum model space distance between geometric entities at asserted c
onnectivities');
#10447=(
GEOMETRIC_REPRESENTATION_CONTEXT(3)
GLOBAL_UNCERTAINTY_ASSIGNED_CONTEXT((#10445))
GLOBAL_UNIT_ASSIGNED_CONTEXT((#10449,#10452,#10450))
REPRESENTATION_CONTEXT('','3D')
);
#10448=(
GEOMETRIC_REPRESENTATION_CONTEXT(3)
GLOBAL_UNCERTAINTY_ASSIGNED_CONTEXT((#10446))
GLOBAL_UNIT_ASSIGNED_CONTEXT((#10449,#10452,#10450))
REPRESENTATION_CONTEXT('','3D')
);
#10449=(
LENGTH_UNIT()
NAMED_UNIT(*)
SI_UNIT(.MILLI.,.METRE.)
);
#10450=(
NAMED_UNIT(*)
SI_UNIT($,.STERADIAN.)
SOLID_ANGLE_UNIT()
);
#10451=DIMENSIONAL_EXPONENTS(0.,0.,0.,0.,0.,0.,0.);
#10452=(
CONVERSION_BASED_UNIT('degree',#10454)
NAMED_UNIT(#10451)
PLANE_ANGLE_UNIT()
);
#10453=(
NAMED_UNIT(*)
PLANE_ANGLE_UNIT()
SI_UNIT($,.RADIAN.)
);
#10454=PLANE_ANGLE_MEASURE_WITH_UNIT(PLANE_ANGLE_MEASURE(0.01745329252),
#10453);
#10455=SHAPE_DEFINITION_REPRESENTATION(#10456,#10457);
#10456=PRODUCT_DEFINITION_SHAPE('',$,#10459);
#10457=SHAPE_REPRESENTATION('',(#4912),#10447);
#10458=PRODUCT_DEFINITION_CONTEXT('part definition',#10463,'design');
#10459=PRODUCT_DEFINITION('TMPA2313SPV','TMPA2313SPV',#10460,#10458);
#10460=PRODUCT_DEFINITION_FORMATION('',$,#10465);
#10461=PRODUCT_RELATED_PRODUCT_CATEGORY('TMPA2313SPV','TMPA2313SPV',(#10465));
#10462=APPLICATION_PROTOCOL_DEFINITION('international standard',
'automotive_design',2009,#10463);
#10463=APPLICATION_CONTEXT(
'Core Data for Automotive Mechanical Design Process');
#10464=PRODUCT_CONTEXT('part definition',#10463,'mechanical');
#10465=PRODUCT('TMPA2313SPV','TMPA2313SPV',$,(#10464));
#10466=PRESENTATION_STYLE_ASSIGNMENT((#10469));
#10467=PRESENTATION_STYLE_ASSIGNMENT((#10470));
#10468=PRESENTATION_STYLE_ASSIGNMENT((#10471));
#10469=SURFACE_STYLE_USAGE(.BOTH.,#10472);
#10470=SURFACE_STYLE_USAGE(.BOTH.,#10473);
#10471=SURFACE_STYLE_USAGE(.BOTH.,#10474);
#10472=SURFACE_SIDE_STYLE('',(#10475));
#10473=SURFACE_SIDE_STYLE('',(#10476));
#10474=SURFACE_SIDE_STYLE('',(#10477));
#10475=SURFACE_STYLE_FILL_AREA(#10478);
#10476=SURFACE_STYLE_FILL_AREA(#10479);
#10477=SURFACE_STYLE_FILL_AREA(#10480);
#10478=FILL_AREA_STYLE('',(#10481));
#10479=FILL_AREA_STYLE('',(#10482));
#10480=FILL_AREA_STYLE('',(#10483));
#10481=FILL_AREA_STYLE_COLOUR('',#10484);
#10482=FILL_AREA_STYLE_COLOUR('',#10485);
#10483=FILL_AREA_STYLE_COLOUR('',#10486);
#10484=COLOUR_RGB('',0.749019607843137,0.749019607843137,0.749019607843137);
#10485=COLOUR_RGB('',0.419607843137255,0.474509803921569,0.403921568627451);
#10486=COLOUR_RGB('',0.76078431372549,0.807843137254902,0.83921568627451);
ENDSEC;
END-ISO-10303-21;
