ISO-10303-21;
HEADER;
/* Generated by software containing ST-Developer
 * from STEP Tools, Inc. (www.steptools.com) 
 */

FILE_DESCRIPTION(
/* description */ (''),
/* implementation_level */ '2;1');

FILE_NAME(
/* name */ 'MAX17793AFN+.step',
/* time_stamp */ '2024-11-12T09:15:58+02:00',
/* author */ (''),
/* organization */ (''),
/* preprocessor_version */ 'ST-DEVELOPER v20',
/* originating_system */ 'Autodesk Translation Framework v13.20.0.188',

/* authorisation */ '');

FILE_SCHEMA (('AUTOMOTIVE_DESIGN { 1 0 10303 214 3 1 1 }'));
ENDSEC;

DATA;
#10=MECHANICAL_DESIGN_GEOMETRIC_PRESENTATION_REPRESENTATION('',(#65,#66,
#67,#68,#69,#70,#71,#72,#73,#74,#75,#76,#77,#78,#79,#80,#81,#82,#83,#84),
#5551);
#11=SHAPE_REPRESENTATION_RELATIONSHIP('SRR','None',#5558,#12);
#12=ADVANCED_BREP_SHAPE_REPRESENTATION('',(#85,#86,#87,#88,#89,#90,#91,
#92,#93,#94,#95,#96,#97,#98,#99,#100,#101,#102,#103,#104),#5550);
#13=(
BOUNDED_CURVE()
B_SPLINE_CURVE(2,(#4656,#4657,#4658),.UNSPECIFIED.,.F.,.F.)
B_SPLINE_CURVE_WITH_KNOTS((3,3),(0.000894709408278178,0.0157866689288702),
 .UNSPECIFIED.)
CURVE()
GEOMETRIC_REPRESENTATION_ITEM()
RATIONAL_B_SPLINE_CURVE((1.,1.,1.))
REPRESENTATION_ITEM('')
);
#14=(
BOUNDED_CURVE()
B_SPLINE_CURVE(2,(#4720,#4721,#4722),.UNSPECIFIED.,.F.,.F.)
B_SPLINE_CURVE_WITH_KNOTS((3,3),(0.000894709408278178,0.0157866689288701),
 .UNSPECIFIED.)
CURVE()
GEOMETRIC_REPRESENTATION_ITEM()
RATIONAL_B_SPLINE_CURVE((1.,1.,1.))
REPRESENTATION_ITEM('')
);
#15=(
BOUNDED_CURVE()
B_SPLINE_CURVE(2,(#4784,#4785,#4786),.UNSPECIFIED.,.F.,.F.)
B_SPLINE_CURVE_WITH_KNOTS((3,3),(0.000894709408278176,0.0157866689288689),
 .UNSPECIFIED.)
CURVE()
GEOMETRIC_REPRESENTATION_ITEM()
RATIONAL_B_SPLINE_CURVE((1.,1.,1.))
REPRESENTATION_ITEM('')
);
#16=(
BOUNDED_CURVE()
B_SPLINE_CURVE(2,(#5390,#5391,#5392),.UNSPECIFIED.,.F.,.F.)
B_SPLINE_CURVE_WITH_KNOTS((3,3),(0.000894709408278177,0.0157866689288696),
 .UNSPECIFIED.)
CURVE()
GEOMETRIC_REPRESENTATION_ITEM()
RATIONAL_B_SPLINE_CURVE((1.,1.,1.))
REPRESENTATION_ITEM('')
);
#17=(
BOUNDED_CURVE()
B_SPLINE_CURVE(2,(#5454,#5455,#5456),.UNSPECIFIED.,.F.,.F.)
B_SPLINE_CURVE_WITH_KNOTS((3,3),(0.000894709408278178,0.01578666892887),
 .UNSPECIFIED.)
CURVE()
GEOMETRIC_REPRESENTATION_ITEM()
RATIONAL_B_SPLINE_CURVE((1.,1.,1.))
REPRESENTATION_ITEM('')
);
#18=B_SPLINE_SURFACE_WITH_KNOTS('',3,3,((#4630,#4631,#4632,#4633),(#4634,
#4635,#4636,#4637),(#4638,#4639,#4640,#4641),(#4642,#4643,#4644,#4645)),
 .UNSPECIFIED.,.F.,.F.,.F.,(4,4),(4,4),(-1.5707963267949,0.),(-0.00186602540378441,
0.),.UNSPECIFIED.);
#19=B_SPLINE_SURFACE_WITH_KNOTS('',3,3,((#4694,#4695,#4696,#4697),(#4698,
#4699,#4700,#4701),(#4702,#4703,#4704,#4705),(#4706,#4707,#4708,#4709)),
 .UNSPECIFIED.,.F.,.F.,.F.,(4,4),(4,4),(-1.57079632679489,0.),(-0.00186602540378436,
0.),.UNSPECIFIED.);
#20=B_SPLINE_SURFACE_WITH_KNOTS('',3,3,((#4758,#4759,#4760,#4761),(#4762,
#4763,#4764,#4765),(#4766,#4767,#4768,#4769),(#4770,#4771,#4772,#4773)),
 .UNSPECIFIED.,.F.,.F.,.F.,(4,4),(4,4),(-1.5707963267949,0.),(-0.00186602540378439,
0.),.UNSPECIFIED.);
#21=B_SPLINE_SURFACE_WITH_KNOTS('',3,3,((#5221,#5222,#5223,#5224),(#5225,
#5226,#5227,#5228),(#5229,#5230,#5231,#5232),(#5233,#5234,#5235,#5236),
(#5237,#5238,#5239,#5240)),.UNSPECIFIED.,.F.,.F.,.F.,(4,1,4),(4,4),(-1.57079632679489,
-0.897597901025654,0.),(-0.0186602540378444,0.),.UNSPECIFIED.);
#22=B_SPLINE_SURFACE_WITH_KNOTS('',3,3,((#5364,#5365,#5366,#5367),(#5368,
#5369,#5370,#5371),(#5372,#5373,#5374,#5375),(#5376,#5377,#5378,#5379)),
 .UNSPECIFIED.,.F.,.F.,.F.,(4,4),(4,4),(-1.57079632679487,0.),(-0.00186602540378439,
0.),.UNSPECIFIED.);
#23=B_SPLINE_SURFACE_WITH_KNOTS('',3,3,((#5428,#5429,#5430,#5431),(#5432,
#5433,#5434,#5435),(#5436,#5437,#5438,#5439),(#5440,#5441,#5442,#5443)),
 .UNSPECIFIED.,.F.,.F.,.F.,(4,4),(4,4),(-1.57079632679492,0.),(-0.00186602540378445,
0.),.UNSPECIFIED.);
#24=B_SPLINE_CURVE_WITH_KNOTS('',3,(#4619,#4620,#4621,#4622),
 .UNSPECIFIED.,.F.,.F.,(4,4),(-0.00186602540378441,0.),.UNSPECIFIED.);
#25=B_SPLINE_CURVE_WITH_KNOTS('',3,(#4683,#4684,#4685,#4686),
 .UNSPECIFIED.,.F.,.F.,(4,4),(-0.00186602540378436,0.),.UNSPECIFIED.);
#26=B_SPLINE_CURVE_WITH_KNOTS('',3,(#4747,#4748,#4749,#4750),
 .UNSPECIFIED.,.F.,.F.,(4,4),(-0.00186602540378439,0.),.UNSPECIFIED.);
#27=B_SPLINE_CURVE_WITH_KNOTS('',3,(#5242,#5243,#5244,#5245),
 .UNSPECIFIED.,.F.,.F.,(4,4),(-0.0186602540378444,0.),.UNSPECIFIED.);
#28=B_SPLINE_CURVE_WITH_KNOTS('',3,(#5353,#5354,#5355,#5356),
 .UNSPECIFIED.,.F.,.F.,(4,4),(-0.00186602540378439,0.),.UNSPECIFIED.);
#29=B_SPLINE_CURVE_WITH_KNOTS('',3,(#5417,#5418,#5419,#5420),
 .UNSPECIFIED.,.F.,.F.,(4,4),(-0.00186602540378445,0.),.UNSPECIFIED.);
#30=CONICAL_SURFACE('',#3371,0.0500000000000003,0.261799387799149);
#31=CONICAL_SURFACE('',#3374,0.0500000000000005,0.261799387799149);
#32=CONICAL_SURFACE('',#3382,0.05,0.261799387799149);
#33=CONICAL_SURFACE('',#3385,0.0499999999999998,0.261799387799149);
#34=CONICAL_SURFACE('',#3393,0.05,0.261799387799149);
#35=CONICAL_SURFACE('',#3396,0.0499999999999998,0.261799387799149);
#36=CONICAL_SURFACE('',#3404,0.05,0.261799387799149);
#37=CONICAL_SURFACE('',#3407,0.0499999999999998,0.261799387799149);
#38=CONICAL_SURFACE('',#3414,0.0500000000000005,0.261799387799149);
#39=CONICAL_SURFACE('',#3417,0.0500000000000003,0.261799387799149);
#40=CONICAL_SURFACE('',#3424,0.05,0.261799387799149);
#41=CONICAL_SURFACE('',#3427,0.0499999999999998,0.261799387799149);
#42=CONICAL_SURFACE('',#3455,0.05,0.261799387799149);
#43=CONICAL_SURFACE('',#3457,0.05,0.261799387799149);
#44=CONICAL_SURFACE('',#3471,0.0500000000000003,0.261799387799149);
#45=CONICAL_SURFACE('',#3474,0.0500000000000003,0.261799387799149);
#46=CONICAL_SURFACE('',#3477,0.0500000000000006,0.261799387799149);
#47=CONICAL_SURFACE('',#3479,0.0500000000000006,0.261799387799149);
#48=CONICAL_SURFACE('',#3494,0.0500000000000006,0.261799387799149);
#49=CONICAL_SURFACE('',#3496,0.0500000000000003,0.261799387799149);
#50=CONICAL_SURFACE('',#3499,0.0500000000000003,0.261799387799149);
#51=CONICAL_SURFACE('',#3502,0.0500000000000006,0.261799387799149);
#52=CONICAL_SURFACE('',#3514,0.0499999999999998,0.261799387799149);
#53=CONICAL_SURFACE('',#3517,0.05,0.261799387799149);
#54=CONICAL_SURFACE('',#3527,0.05,0.261799387799149);
#55=CONICAL_SURFACE('',#3533,0.0500000000000001,0.261799387799149);
#56=CONICAL_SURFACE('',#3536,0.05,0.261799387799149);
#57=CONICAL_SURFACE('',#3545,0.0499999999999998,0.261799387799149);
#58=CONICAL_SURFACE('',#3554,0.05,0.261799387799149);
#59=CONICAL_SURFACE('',#3557,0.0499999999999998,0.261799387799149);
#60=CONICAL_SURFACE('',#3565,0.05,0.261799387799149);
#61=CONICAL_SURFACE('',#3568,0.0499999999999998,0.261799387799149);
#62=CONICAL_SURFACE('',#3578,0.0499999999999998,0.261799387799149);
#63=CONICAL_SURFACE('',#3585,0.05,0.261799387799149);
#64=CONICAL_SURFACE('',#3588,0.0500000000000001,0.261799387799149);
#65=STYLED_ITEM('',(#5568),#85);
#66=STYLED_ITEM('',(#5567),#86);
#67=STYLED_ITEM('',(#5567),#87);
#68=STYLED_ITEM('',(#5567),#88);
#69=STYLED_ITEM('',(#5567),#89);
#70=STYLED_ITEM('',(#5567),#90);
#71=STYLED_ITEM('',(#5567),#91);
#72=STYLED_ITEM('',(#5567),#92);
#73=STYLED_ITEM('',(#5567),#93);
#74=STYLED_ITEM('',(#5567),#94);
#75=STYLED_ITEM('',(#5567),#95);
#76=STYLED_ITEM('',(#5567),#96);
#77=STYLED_ITEM('',(#5567),#97);
#78=STYLED_ITEM('',(#5567),#98);
#79=STYLED_ITEM('',(#5567),#99);
#80=STYLED_ITEM('',(#5567),#100);
#81=STYLED_ITEM('',(#5567),#101);
#82=STYLED_ITEM('',(#5567),#102);
#83=STYLED_ITEM('',(#5567),#103);
#84=STYLED_ITEM('',(#5567),#104);
#85=MANIFOLD_SOLID_BREP('Body1',#3297);
#86=MANIFOLD_SOLID_BREP('Body21',#3298);
#87=MANIFOLD_SOLID_BREP('Body22',#3299);
#88=MANIFOLD_SOLID_BREP('Body23',#3300);
#89=MANIFOLD_SOLID_BREP('Body24',#3301);
#90=MANIFOLD_SOLID_BREP('Body25',#3302);
#91=MANIFOLD_SOLID_BREP('Body26',#3303);
#92=MANIFOLD_SOLID_BREP('Body27',#3304);
#93=MANIFOLD_SOLID_BREP('Body28',#3305);
#94=MANIFOLD_SOLID_BREP('Body29',#3306);
#95=MANIFOLD_SOLID_BREP('Body30',#3307);
#96=MANIFOLD_SOLID_BREP('Body31',#3308);
#97=MANIFOLD_SOLID_BREP('Body32',#3309);
#98=MANIFOLD_SOLID_BREP('Body33',#3310);
#99=MANIFOLD_SOLID_BREP('Body34',#3311);
#100=MANIFOLD_SOLID_BREP('Body35',#3312);
#101=MANIFOLD_SOLID_BREP('Body36',#3313);
#102=MANIFOLD_SOLID_BREP('Body37',#3314);
#103=MANIFOLD_SOLID_BREP('Body38',#3315);
#104=MANIFOLD_SOLID_BREP('Body39',#3316);
#105=FACE_BOUND('',#1198,.T.);
#106=PLANE('',#3358);
#107=PLANE('',#3359);
#108=PLANE('',#3360);
#109=PLANE('',#3364);
#110=PLANE('',#3365);
#111=PLANE('',#3366);
#112=PLANE('',#3367);
#113=PLANE('',#3368);
#114=PLANE('',#3369);
#115=PLANE('',#3370);
#116=PLANE('',#3373);
#117=PLANE('',#3376);
#118=PLANE('',#3377);
#119=PLANE('',#3378);
#120=PLANE('',#3379);
#121=PLANE('',#3380);
#122=PLANE('',#3384);
#123=PLANE('',#3387);
#124=PLANE('',#3388);
#125=PLANE('',#3389);
#126=PLANE('',#3390);
#127=PLANE('',#3391);
#128=PLANE('',#3395);
#129=PLANE('',#3398);
#130=PLANE('',#3399);
#131=PLANE('',#3400);
#132=PLANE('',#3401);
#133=PLANE('',#3402);
#134=PLANE('',#3406);
#135=PLANE('',#3409);
#136=PLANE('',#3410);
#137=PLANE('',#3411);
#138=PLANE('',#3412);
#139=PLANE('',#3413);
#140=PLANE('',#3416);
#141=PLANE('',#3419);
#142=PLANE('',#3420);
#143=PLANE('',#3421);
#144=PLANE('',#3422);
#145=PLANE('',#3423);
#146=PLANE('',#3426);
#147=PLANE('',#3429);
#148=PLANE('',#3430);
#149=PLANE('',#3431);
#150=PLANE('',#3435);
#151=PLANE('',#3439);
#152=PLANE('',#3443);
#153=PLANE('',#3447);
#154=PLANE('',#3448);
#155=PLANE('',#3449);
#156=PLANE('',#3450);
#157=PLANE('',#3451);
#158=PLANE('',#3454);
#159=PLANE('',#3456);
#160=PLANE('',#3458);
#161=PLANE('',#3459);
#162=PLANE('',#3460);
#163=PLANE('',#3461);
#164=PLANE('',#3462);
#165=PLANE('',#3463);
#166=PLANE('',#3464);
#167=PLANE('',#3465);
#168=PLANE('',#3470);
#169=PLANE('',#3473);
#170=PLANE('',#3476);
#171=PLANE('',#3478);
#172=PLANE('',#3481);
#173=PLANE('',#3482);
#174=PLANE('',#3483);
#175=PLANE('',#3484);
#176=PLANE('',#3485);
#177=PLANE('',#3486);
#178=PLANE('',#3487);
#179=PLANE('',#3488);
#180=PLANE('',#3493);
#181=PLANE('',#3495);
#182=PLANE('',#3498);
#183=PLANE('',#3501);
#184=PLANE('',#3504);
#185=PLANE('',#3505);
#186=PLANE('',#3506);
#187=PLANE('',#3507);
#188=PLANE('',#3508);
#189=PLANE('',#3509);
#190=PLANE('',#3510);
#191=PLANE('',#3511);
#192=PLANE('',#3512);
#193=PLANE('',#3513);
#194=PLANE('',#3516);
#195=PLANE('',#3519);
#196=PLANE('',#3520);
#197=PLANE('',#3521);
#198=PLANE('',#3522);
#199=PLANE('',#3523);
#200=PLANE('',#3526);
#201=PLANE('',#3528);
#202=PLANE('',#3529);
#203=PLANE('',#3530);
#204=PLANE('',#3531);
#205=PLANE('',#3532);
#206=PLANE('',#3535);
#207=PLANE('',#3538);
#208=PLANE('',#3539);
#209=PLANE('',#3540);
#210=PLANE('',#3541);
#211=PLANE('',#3542);
#212=PLANE('',#3543);
#213=PLANE('',#3544);
#214=PLANE('',#3547);
#215=PLANE('',#3548);
#216=PLANE('',#3549);
#217=PLANE('',#3550);
#218=PLANE('',#3551);
#219=PLANE('',#3552);
#220=PLANE('',#3556);
#221=PLANE('',#3559);
#222=PLANE('',#3560);
#223=PLANE('',#3561);
#224=PLANE('',#3562);
#225=PLANE('',#3563);
#226=PLANE('',#3567);
#227=PLANE('',#3570);
#228=PLANE('',#3571);
#229=PLANE('',#3572);
#230=PLANE('',#3573);
#231=PLANE('',#3574);
#232=PLANE('',#3575);
#233=PLANE('',#3576);
#234=PLANE('',#3577);
#235=PLANE('',#3580);
#236=PLANE('',#3581);
#237=PLANE('',#3582);
#238=PLANE('',#3583);
#239=PLANE('',#3584);
#240=PLANE('',#3587);
#241=PLANE('',#3590);
#242=PLANE('',#3591);
#243=LINE('',#4496,#609);
#244=LINE('',#4497,#610);
#245=LINE('',#4509,#611);
#246=LINE('',#4510,#612);
#247=LINE('',#4522,#613);
#248=LINE('',#4523,#614);
#249=LINE('',#4525,#615);
#250=LINE('',#4526,#616);
#251=LINE('',#4538,#617);
#252=LINE('',#4539,#618);
#253=LINE('',#4541,#619);
#254=LINE('',#4542,#620);
#255=LINE('',#4544,#621);
#256=LINE('',#4545,#622);
#257=LINE('',#4547,#623);
#258=LINE('',#4548,#624);
#259=LINE('',#4550,#625);
#260=LINE('',#4552,#626);
#261=LINE('',#4558,#627);
#262=LINE('',#4562,#628);
#263=LINE('',#4563,#629);
#264=LINE('',#4569,#630);
#265=LINE('',#4571,#631);
#266=LINE('',#4573,#632);
#267=LINE('',#4574,#633);
#268=LINE('',#4577,#634);
#269=LINE('',#4579,#635);
#270=LINE('',#4581,#636);
#271=LINE('',#4582,#637);
#272=LINE('',#4585,#638);
#273=LINE('',#4586,#639);
#274=LINE('',#4589,#640);
#275=LINE('',#4594,#641);
#276=LINE('',#4595,#642);
#277=LINE('',#4596,#643);
#278=LINE('',#4599,#644);
#279=LINE('',#4602,#645);
#280=LINE('',#4607,#646);
#281=LINE('',#4609,#647);
#282=LINE('',#4611,#648);
#283=LINE('',#4612,#649);
#284=LINE('',#4615,#650);
#285=LINE('',#4617,#651);
#286=LINE('',#4624,#652);
#287=LINE('',#4625,#653);
#288=LINE('',#4628,#654);
#289=LINE('',#4629,#655);
#290=LINE('',#4647,#656);
#291=LINE('',#4651,#657);
#292=LINE('',#4659,#658);
#293=LINE('',#4660,#659);
#294=LINE('',#4663,#660);
#295=LINE('',#4666,#661);
#296=LINE('',#4671,#662);
#297=LINE('',#4673,#663);
#298=LINE('',#4675,#664);
#299=LINE('',#4676,#665);
#300=LINE('',#4679,#666);
#301=LINE('',#4681,#667);
#302=LINE('',#4688,#668);
#303=LINE('',#4689,#669);
#304=LINE('',#4692,#670);
#305=LINE('',#4693,#671);
#306=LINE('',#4711,#672);
#307=LINE('',#4715,#673);
#308=LINE('',#4723,#674);
#309=LINE('',#4724,#675);
#310=LINE('',#4727,#676);
#311=LINE('',#4730,#677);
#312=LINE('',#4735,#678);
#313=LINE('',#4737,#679);
#314=LINE('',#4739,#680);
#315=LINE('',#4740,#681);
#316=LINE('',#4743,#682);
#317=LINE('',#4745,#683);
#318=LINE('',#4752,#684);
#319=LINE('',#4753,#685);
#320=LINE('',#4756,#686);
#321=LINE('',#4757,#687);
#322=LINE('',#4775,#688);
#323=LINE('',#4779,#689);
#324=LINE('',#4787,#690);
#325=LINE('',#4788,#691);
#326=LINE('',#4791,#692);
#327=LINE('',#4794,#693);
#328=LINE('',#4799,#694);
#329=LINE('',#4801,#695);
#330=LINE('',#4803,#696);
#331=LINE('',#4804,#697);
#332=LINE('',#4807,#698);
#333=LINE('',#4809,#699);
#334=LINE('',#4811,#700);
#335=LINE('',#4812,#701);
#336=LINE('',#4815,#702);
#337=LINE('',#4816,#703);
#338=LINE('',#4819,#704);
#339=LINE('',#4824,#705);
#340=LINE('',#4825,#706);
#341=LINE('',#4826,#707);
#342=LINE('',#4829,#708);
#343=LINE('',#4832,#709);
#344=LINE('',#4837,#710);
#345=LINE('',#4839,#711);
#346=LINE('',#4841,#712);
#347=LINE('',#4842,#713);
#348=LINE('',#4845,#714);
#349=LINE('',#4847,#715);
#350=LINE('',#4849,#716);
#351=LINE('',#4850,#717);
#352=LINE('',#4853,#718);
#353=LINE('',#4854,#719);
#354=LINE('',#4857,#720);
#355=LINE('',#4862,#721);
#356=LINE('',#4863,#722);
#357=LINE('',#4864,#723);
#358=LINE('',#4867,#724);
#359=LINE('',#4870,#725);
#360=LINE('',#4875,#726);
#361=LINE('',#4877,#727);
#362=LINE('',#4879,#728);
#363=LINE('',#4880,#729);
#364=LINE('',#4886,#730);
#365=LINE('',#4889,#731);
#366=LINE('',#4891,#732);
#367=LINE('',#4892,#733);
#368=LINE('',#4898,#734);
#369=LINE('',#4901,#735);
#370=LINE('',#4903,#736);
#371=LINE('',#4904,#737);
#372=LINE('',#4910,#738);
#373=LINE('',#4913,#739);
#374=LINE('',#4915,#740);
#375=LINE('',#4916,#741);
#376=LINE('',#4925,#742);
#377=LINE('',#4927,#743);
#378=LINE('',#4929,#744);
#379=LINE('',#4930,#745);
#380=LINE('',#4933,#746);
#381=LINE('',#4935,#747);
#382=LINE('',#4937,#748);
#383=LINE('',#4938,#749);
#384=LINE('',#4941,#750);
#385=LINE('',#4945,#751);
#386=LINE('',#4949,#752);
#387=LINE('',#4951,#753);
#388=LINE('',#4952,#754);
#389=LINE('',#4954,#755);
#390=LINE('',#4956,#756);
#391=LINE('',#4957,#757);
#392=LINE('',#4963,#758);
#393=LINE('',#4965,#759);
#394=LINE('',#4967,#760);
#395=LINE('',#4968,#761);
#396=LINE('',#4972,#762);
#397=LINE('',#4974,#763);
#398=LINE('',#4976,#764);
#399=LINE('',#4977,#765);
#400=LINE('',#4981,#766);
#401=LINE('',#4983,#767);
#402=LINE('',#4985,#768);
#403=LINE('',#4986,#769);
#404=LINE('',#4989,#770);
#405=LINE('',#4991,#771);
#406=LINE('',#4993,#772);
#407=LINE('',#4994,#773);
#408=LINE('',#4997,#774);
#409=LINE('',#4999,#775);
#410=LINE('',#5000,#776);
#411=LINE('',#5003,#777);
#412=LINE('',#5005,#778);
#413=LINE('',#5006,#779);
#414=LINE('',#5009,#780);
#415=LINE('',#5012,#781);
#416=LINE('',#5016,#782);
#417=LINE('',#5019,#783);
#418=LINE('',#5023,#784);
#419=LINE('',#5024,#785);
#420=LINE('',#5027,#786);
#421=LINE('',#5031,#787);
#422=LINE('',#5032,#788);
#423=LINE('',#5036,#789);
#424=LINE('',#5037,#790);
#425=LINE('',#5041,#791);
#426=LINE('',#5042,#792);
#427=LINE('',#5049,#793);
#428=LINE('',#5051,#794);
#429=LINE('',#5053,#795);
#430=LINE('',#5054,#796);
#431=LINE('',#5058,#797);
#432=LINE('',#5060,#798);
#433=LINE('',#5062,#799);
#434=LINE('',#5063,#800);
#435=LINE('',#5067,#801);
#436=LINE('',#5069,#802);
#437=LINE('',#5071,#803);
#438=LINE('',#5072,#804);
#439=LINE('',#5075,#805);
#440=LINE('',#5077,#806);
#441=LINE('',#5079,#807);
#442=LINE('',#5080,#808);
#443=LINE('',#5083,#809);
#444=LINE('',#5085,#810);
#445=LINE('',#5086,#811);
#446=LINE('',#5089,#812);
#447=LINE('',#5091,#813);
#448=LINE('',#5092,#814);
#449=LINE('',#5095,#815);
#450=LINE('',#5099,#816);
#451=LINE('',#5102,#817);
#452=LINE('',#5105,#818);
#453=LINE('',#5108,#819);
#454=LINE('',#5109,#820);
#455=LINE('',#5113,#821);
#456=LINE('',#5114,#822);
#457=LINE('',#5117,#823);
#458=LINE('',#5121,#824);
#459=LINE('',#5122,#825);
#460=LINE('',#5127,#826);
#461=LINE('',#5128,#827);
#462=LINE('',#5135,#828);
#463=LINE('',#5137,#829);
#464=LINE('',#5139,#830);
#465=LINE('',#5140,#831);
#466=LINE('',#5143,#832);
#467=LINE('',#5145,#833);
#468=LINE('',#5146,#834);
#469=LINE('',#5149,#835);
#470=LINE('',#5150,#836);
#471=LINE('',#5153,#837);
#472=LINE('',#5154,#838);
#473=LINE('',#5156,#839);
#474=LINE('',#5161,#840);
#475=LINE('',#5163,#841);
#476=LINE('',#5165,#842);
#477=LINE('',#5166,#843);
#478=LINE('',#5169,#844);
#479=LINE('',#5171,#845);
#480=LINE('',#5173,#846);
#481=LINE('',#5174,#847);
#482=LINE('',#5177,#848);
#483=LINE('',#5178,#849);
#484=LINE('',#5181,#850);
#485=LINE('',#5186,#851);
#486=LINE('',#5187,#852);
#487=LINE('',#5188,#853);
#488=LINE('',#5191,#854);
#489=LINE('',#5194,#855);
#490=LINE('',#5199,#856);
#491=LINE('',#5201,#857);
#492=LINE('',#5203,#858);
#493=LINE('',#5204,#859);
#494=LINE('',#5207,#860);
#495=LINE('',#5209,#861);
#496=LINE('',#5211,#862);
#497=LINE('',#5212,#863);
#498=LINE('',#5215,#864);
#499=LINE('',#5219,#865);
#500=LINE('',#5246,#866);
#501=LINE('',#5248,#867);
#502=LINE('',#5250,#868);
#503=LINE('',#5251,#869);
#504=LINE('',#5254,#870);
#505=LINE('',#5259,#871);
#506=LINE('',#5261,#872);
#507=LINE('',#5263,#873);
#508=LINE('',#5264,#874);
#509=LINE('',#5267,#875);
#510=LINE('',#5269,#876);
#511=LINE('',#5271,#877);
#512=LINE('',#5272,#878);
#513=LINE('',#5275,#879);
#514=LINE('',#5276,#880);
#515=LINE('',#5279,#881);
#516=LINE('',#5284,#882);
#517=LINE('',#5285,#883);
#518=LINE('',#5286,#884);
#519=LINE('',#5289,#885);
#520=LINE('',#5292,#886);
#521=LINE('',#5297,#887);
#522=LINE('',#5299,#888);
#523=LINE('',#5301,#889);
#524=LINE('',#5302,#890);
#525=LINE('',#5306,#891);
#526=LINE('',#5308,#892);
#527=LINE('',#5310,#893);
#528=LINE('',#5311,#894);
#529=LINE('',#5314,#895);
#530=LINE('',#5316,#896);
#531=LINE('',#5318,#897);
#532=LINE('',#5319,#898);
#533=LINE('',#5322,#899);
#534=LINE('',#5323,#900);
#535=LINE('',#5324,#901);
#536=LINE('',#5327,#902);
#537=LINE('',#5328,#903);
#538=LINE('',#5333,#904);
#539=LINE('',#5334,#905);
#540=LINE('',#5336,#906);
#541=LINE('',#5341,#907);
#542=LINE('',#5343,#908);
#543=LINE('',#5345,#909);
#544=LINE('',#5346,#910);
#545=LINE('',#5349,#911);
#546=LINE('',#5351,#912);
#547=LINE('',#5358,#913);
#548=LINE('',#5359,#914);
#549=LINE('',#5362,#915);
#550=LINE('',#5363,#916);
#551=LINE('',#5381,#917);
#552=LINE('',#5385,#918);
#553=LINE('',#5393,#919);
#554=LINE('',#5394,#920);
#555=LINE('',#5397,#921);
#556=LINE('',#5400,#922);
#557=LINE('',#5405,#923);
#558=LINE('',#5407,#924);
#559=LINE('',#5409,#925);
#560=LINE('',#5410,#926);
#561=LINE('',#5413,#927);
#562=LINE('',#5415,#928);
#563=LINE('',#5422,#929);
#564=LINE('',#5423,#930);
#565=LINE('',#5426,#931);
#566=LINE('',#5427,#932);
#567=LINE('',#5445,#933);
#568=LINE('',#5449,#934);
#569=LINE('',#5457,#935);
#570=LINE('',#5458,#936);
#571=LINE('',#5461,#937);
#572=LINE('',#5464,#938);
#573=LINE('',#5469,#939);
#574=LINE('',#5471,#940);
#575=LINE('',#5473,#941);
#576=LINE('',#5474,#942);
#577=LINE('',#5478,#943);
#578=LINE('',#5480,#944);
#579=LINE('',#5482,#945);
#580=LINE('',#5483,#946);
#581=LINE('',#5486,#947);
#582=LINE('',#5488,#948);
#583=LINE('',#5489,#949);
#584=LINE('',#5492,#950);
#585=LINE('',#5493,#951);
#586=LINE('',#5494,#952);
#587=LINE('',#5496,#953);
#588=LINE('',#5499,#954);
#589=LINE('',#5501,#955);
#590=LINE('',#5502,#956);
#591=LINE('',#5505,#957);
#592=LINE('',#5508,#958);
#593=LINE('',#5513,#959);
#594=LINE('',#5515,#960);
#595=LINE('',#5517,#961);
#596=LINE('',#5518,#962);
#597=LINE('',#5521,#963);
#598=LINE('',#5523,#964);
#599=LINE('',#5525,#965);
#600=LINE('',#5526,#966);
#601=LINE('',#5529,#967);
#602=LINE('',#5530,#968);
#603=LINE('',#5533,#969);
#604=LINE('',#5538,#970);
#605=LINE('',#5539,#971);
#606=LINE('',#5540,#972);
#607=LINE('',#5543,#973);
#608=LINE('',#5546,#974);
#609=VECTOR('',#3606,10.);
#610=VECTOR('',#3607,10.);
#611=VECTOR('',#3620,10.);
#612=VECTOR('',#3621,10.);
#613=VECTOR('',#3634,10.);
#614=VECTOR('',#3635,10.);
#615=VECTOR('',#3638,10.);
#616=VECTOR('',#3639,10.);
#617=VECTOR('',#3652,10.);
#618=VECTOR('',#3653,10.);
#619=VECTOR('',#3656,10.);
#620=VECTOR('',#3657,10.);
#621=VECTOR('',#3660,10.);
#622=VECTOR('',#3661,10.);
#623=VECTOR('',#3664,10.);
#624=VECTOR('',#3665,10.);
#625=VECTOR('',#3668,10.);
#626=VECTOR('',#3671,10.);
#627=VECTOR('',#3678,0.1);
#628=VECTOR('',#3685,10.);
#629=VECTOR('',#3686,10.);
#630=VECTOR('',#3693,10.);
#631=VECTOR('',#3694,10.);
#632=VECTOR('',#3695,10.);
#633=VECTOR('',#3696,10.);
#634=VECTOR('',#3699,10.);
#635=VECTOR('',#3700,10.);
#636=VECTOR('',#3701,10.);
#637=VECTOR('',#3702,10.);
#638=VECTOR('',#3705,10.);
#639=VECTOR('',#3706,10.);
#640=VECTOR('',#3709,10.);
#641=VECTOR('',#3714,10.);
#642=VECTOR('',#3715,10.);
#643=VECTOR('',#3716,10.);
#644=VECTOR('',#3719,10.);
#645=VECTOR('',#3724,10.);
#646=VECTOR('',#3729,10.);
#647=VECTOR('',#3730,10.);
#648=VECTOR('',#3731,10.);
#649=VECTOR('',#3732,10.);
#650=VECTOR('',#3735,10.);
#651=VECTOR('',#3736,10.);
#652=VECTOR('',#3737,10.);
#653=VECTOR('',#3738,10.);
#654=VECTOR('',#3741,10.);
#655=VECTOR('',#3742,10.);
#656=VECTOR('',#3743,10.);
#657=VECTOR('',#3748,10.);
#658=VECTOR('',#3753,10.);
#659=VECTOR('',#3754,10.);
#660=VECTOR('',#3757,10.);
#661=VECTOR('',#3762,10.);
#662=VECTOR('',#3767,10.);
#663=VECTOR('',#3768,10.);
#664=VECTOR('',#3769,10.);
#665=VECTOR('',#3770,10.);
#666=VECTOR('',#3773,10.);
#667=VECTOR('',#3774,10.);
#668=VECTOR('',#3775,10.);
#669=VECTOR('',#3776,10.);
#670=VECTOR('',#3779,10.);
#671=VECTOR('',#3780,10.);
#672=VECTOR('',#3781,10.);
#673=VECTOR('',#3786,10.);
#674=VECTOR('',#3791,10.);
#675=VECTOR('',#3792,10.);
#676=VECTOR('',#3795,10.);
#677=VECTOR('',#3800,10.);
#678=VECTOR('',#3805,10.);
#679=VECTOR('',#3806,10.);
#680=VECTOR('',#3807,10.);
#681=VECTOR('',#3808,10.);
#682=VECTOR('',#3811,10.);
#683=VECTOR('',#3812,10.);
#684=VECTOR('',#3813,10.);
#685=VECTOR('',#3814,10.);
#686=VECTOR('',#3817,10.);
#687=VECTOR('',#3818,10.);
#688=VECTOR('',#3819,10.);
#689=VECTOR('',#3824,10.);
#690=VECTOR('',#3829,10.);
#691=VECTOR('',#3830,10.);
#692=VECTOR('',#3833,10.);
#693=VECTOR('',#3838,10.);
#694=VECTOR('',#3843,10.);
#695=VECTOR('',#3844,10.);
#696=VECTOR('',#3845,10.);
#697=VECTOR('',#3846,10.);
#698=VECTOR('',#3849,10.);
#699=VECTOR('',#3850,10.);
#700=VECTOR('',#3851,10.);
#701=VECTOR('',#3852,10.);
#702=VECTOR('',#3855,10.);
#703=VECTOR('',#3856,10.);
#704=VECTOR('',#3859,10.);
#705=VECTOR('',#3864,10.);
#706=VECTOR('',#3865,10.);
#707=VECTOR('',#3866,10.);
#708=VECTOR('',#3869,10.);
#709=VECTOR('',#3874,10.);
#710=VECTOR('',#3879,10.);
#711=VECTOR('',#3880,10.);
#712=VECTOR('',#3881,10.);
#713=VECTOR('',#3882,10.);
#714=VECTOR('',#3885,10.);
#715=VECTOR('',#3886,10.);
#716=VECTOR('',#3887,10.);
#717=VECTOR('',#3888,10.);
#718=VECTOR('',#3891,10.);
#719=VECTOR('',#3892,10.);
#720=VECTOR('',#3895,10.);
#721=VECTOR('',#3900,10.);
#722=VECTOR('',#3901,10.);
#723=VECTOR('',#3902,10.);
#724=VECTOR('',#3905,10.);
#725=VECTOR('',#3910,10.);
#726=VECTOR('',#3915,10.);
#727=VECTOR('',#3916,10.);
#728=VECTOR('',#3917,10.);
#729=VECTOR('',#3918,10.);
#730=VECTOR('',#3925,10.);
#731=VECTOR('',#3928,10.);
#732=VECTOR('',#3929,10.);
#733=VECTOR('',#3930,10.);
#734=VECTOR('',#3937,10.);
#735=VECTOR('',#3940,10.);
#736=VECTOR('',#3941,10.);
#737=VECTOR('',#3942,10.);
#738=VECTOR('',#3949,10.);
#739=VECTOR('',#3952,10.);
#740=VECTOR('',#3953,10.);
#741=VECTOR('',#3954,10.);
#742=VECTOR('',#3967,10.);
#743=VECTOR('',#3968,10.);
#744=VECTOR('',#3969,10.);
#745=VECTOR('',#3970,10.);
#746=VECTOR('',#3973,10.);
#747=VECTOR('',#3974,10.);
#748=VECTOR('',#3975,10.);
#749=VECTOR('',#3976,10.);
#750=VECTOR('',#3979,10.);
#751=VECTOR('',#3982,10.);
#752=VECTOR('',#3987,10.);
#753=VECTOR('',#3988,10.);
#754=VECTOR('',#3989,10.);
#755=VECTOR('',#3992,10.);
#756=VECTOR('',#3995,10.);
#757=VECTOR('',#3996,10.);
#758=VECTOR('',#4003,10.);
#759=VECTOR('',#4004,10.);
#760=VECTOR('',#4005,10.);
#761=VECTOR('',#4006,10.);
#762=VECTOR('',#4009,10.);
#763=VECTOR('',#4010,10.);
#764=VECTOR('',#4011,10.);
#765=VECTOR('',#4012,10.);
#766=VECTOR('',#4015,10.);
#767=VECTOR('',#4016,10.);
#768=VECTOR('',#4017,10.);
#769=VECTOR('',#4018,10.);
#770=VECTOR('',#4021,10.);
#771=VECTOR('',#4022,10.);
#772=VECTOR('',#4023,10.);
#773=VECTOR('',#4024,10.);
#774=VECTOR('',#4027,10.);
#775=VECTOR('',#4028,10.);
#776=VECTOR('',#4029,10.);
#777=VECTOR('',#4032,10.);
#778=VECTOR('',#4033,10.);
#779=VECTOR('',#4034,10.);
#780=VECTOR('',#4037,10.);
#781=VECTOR('',#4040,10.);
#782=VECTOR('',#4043,10.);
#783=VECTOR('',#4046,10.);
#784=VECTOR('',#4051,10.);
#785=VECTOR('',#4052,10.);
#786=VECTOR('',#4055,10.);
#787=VECTOR('',#4060,10.);
#788=VECTOR('',#4061,10.);
#789=VECTOR('',#4068,10.);
#790=VECTOR('',#4069,10.);
#791=VECTOR('',#4074,10.);
#792=VECTOR('',#4075,10.);
#793=VECTOR('',#4084,10.);
#794=VECTOR('',#4085,10.);
#795=VECTOR('',#4086,10.);
#796=VECTOR('',#4087,10.);
#797=VECTOR('',#4090,10.);
#798=VECTOR('',#4091,10.);
#799=VECTOR('',#4092,10.);
#800=VECTOR('',#4093,10.);
#801=VECTOR('',#4096,10.);
#802=VECTOR('',#4097,10.);
#803=VECTOR('',#4098,10.);
#804=VECTOR('',#4099,10.);
#805=VECTOR('',#4102,10.);
#806=VECTOR('',#4103,10.);
#807=VECTOR('',#4104,10.);
#808=VECTOR('',#4105,10.);
#809=VECTOR('',#4108,10.);
#810=VECTOR('',#4109,10.);
#811=VECTOR('',#4110,10.);
#812=VECTOR('',#4113,10.);
#813=VECTOR('',#4114,10.);
#814=VECTOR('',#4115,10.);
#815=VECTOR('',#4118,10.);
#816=VECTOR('',#4121,10.);
#817=VECTOR('',#4124,10.);
#818=VECTOR('',#4127,10.);
#819=VECTOR('',#4132,10.);
#820=VECTOR('',#4133,10.);
#821=VECTOR('',#4138,10.);
#822=VECTOR('',#4139,10.);
#823=VECTOR('',#4142,10.);
#824=VECTOR('',#4147,10.);
#825=VECTOR('',#4148,10.);
#826=VECTOR('',#4155,10.);
#827=VECTOR('',#4156,10.);
#828=VECTOR('',#4165,10.);
#829=VECTOR('',#4166,10.);
#830=VECTOR('',#4167,10.);
#831=VECTOR('',#4168,10.);
#832=VECTOR('',#4171,10.);
#833=VECTOR('',#4172,10.);
#834=VECTOR('',#4173,10.);
#835=VECTOR('',#4176,10.);
#836=VECTOR('',#4177,10.);
#837=VECTOR('',#4180,10.);
#838=VECTOR('',#4181,10.);
#839=VECTOR('',#4184,10.);
#840=VECTOR('',#4189,10.);
#841=VECTOR('',#4190,10.);
#842=VECTOR('',#4191,10.);
#843=VECTOR('',#4192,10.);
#844=VECTOR('',#4195,10.);
#845=VECTOR('',#4196,10.);
#846=VECTOR('',#4197,10.);
#847=VECTOR('',#4198,10.);
#848=VECTOR('',#4201,10.);
#849=VECTOR('',#4202,10.);
#850=VECTOR('',#4205,10.);
#851=VECTOR('',#4210,10.);
#852=VECTOR('',#4211,10.);
#853=VECTOR('',#4212,10.);
#854=VECTOR('',#4215,10.);
#855=VECTOR('',#4220,10.);
#856=VECTOR('',#4225,10.);
#857=VECTOR('',#4226,10.);
#858=VECTOR('',#4227,10.);
#859=VECTOR('',#4228,10.);
#860=VECTOR('',#4231,10.);
#861=VECTOR('',#4232,10.);
#862=VECTOR('',#4233,10.);
#863=VECTOR('',#4234,10.);
#864=VECTOR('',#4237,10.);
#865=VECTOR('',#4240,10.);
#866=VECTOR('',#4243,10.);
#867=VECTOR('',#4246,10.);
#868=VECTOR('',#4247,10.);
#869=VECTOR('',#4248,10.);
#870=VECTOR('',#4253,10.);
#871=VECTOR('',#4258,10.);
#872=VECTOR('',#4259,10.);
#873=VECTOR('',#4260,10.);
#874=VECTOR('',#4261,10.);
#875=VECTOR('',#4264,10.);
#876=VECTOR('',#4265,10.);
#877=VECTOR('',#4266,10.);
#878=VECTOR('',#4267,10.);
#879=VECTOR('',#4270,10.);
#880=VECTOR('',#4271,10.);
#881=VECTOR('',#4274,10.);
#882=VECTOR('',#4279,10.);
#883=VECTOR('',#4280,10.);
#884=VECTOR('',#4281,10.);
#885=VECTOR('',#4284,10.);
#886=VECTOR('',#4289,10.);
#887=VECTOR('',#4294,10.);
#888=VECTOR('',#4295,10.);
#889=VECTOR('',#4296,10.);
#890=VECTOR('',#4297,10.);
#891=VECTOR('',#4300,10.);
#892=VECTOR('',#4301,10.);
#893=VECTOR('',#4302,10.);
#894=VECTOR('',#4303,10.);
#895=VECTOR('',#4306,10.);
#896=VECTOR('',#4307,10.);
#897=VECTOR('',#4308,10.);
#898=VECTOR('',#4309,10.);
#899=VECTOR('',#4312,10.);
#900=VECTOR('',#4313,10.);
#901=VECTOR('',#4314,10.);
#902=VECTOR('',#4317,10.);
#903=VECTOR('',#4318,10.);
#904=VECTOR('',#4325,10.);
#905=VECTOR('',#4326,10.);
#906=VECTOR('',#4329,10.);
#907=VECTOR('',#4334,10.);
#908=VECTOR('',#4335,10.);
#909=VECTOR('',#4336,10.);
#910=VECTOR('',#4337,10.);
#911=VECTOR('',#4340,10.);
#912=VECTOR('',#4341,10.);
#913=VECTOR('',#4342,10.);
#914=VECTOR('',#4343,10.);
#915=VECTOR('',#4346,10.);
#916=VECTOR('',#4347,10.);
#917=VECTOR('',#4348,10.);
#918=VECTOR('',#4353,10.);
#919=VECTOR('',#4358,10.);
#920=VECTOR('',#4359,10.);
#921=VECTOR('',#4362,10.);
#922=VECTOR('',#4367,10.);
#923=VECTOR('',#4372,10.);
#924=VECTOR('',#4373,10.);
#925=VECTOR('',#4374,10.);
#926=VECTOR('',#4375,10.);
#927=VECTOR('',#4378,10.);
#928=VECTOR('',#4379,10.);
#929=VECTOR('',#4380,10.);
#930=VECTOR('',#4381,10.);
#931=VECTOR('',#4384,10.);
#932=VECTOR('',#4385,10.);
#933=VECTOR('',#4386,10.);
#934=VECTOR('',#4391,10.);
#935=VECTOR('',#4396,10.);
#936=VECTOR('',#4397,10.);
#937=VECTOR('',#4400,10.);
#938=VECTOR('',#4405,10.);
#939=VECTOR('',#4410,10.);
#940=VECTOR('',#4411,10.);
#941=VECTOR('',#4412,10.);
#942=VECTOR('',#4413,10.);
#943=VECTOR('',#4416,10.);
#944=VECTOR('',#4417,10.);
#945=VECTOR('',#4418,10.);
#946=VECTOR('',#4419,10.);
#947=VECTOR('',#4422,10.);
#948=VECTOR('',#4423,10.);
#949=VECTOR('',#4424,10.);
#950=VECTOR('',#4427,10.);
#951=VECTOR('',#4428,10.);
#952=VECTOR('',#4429,10.);
#953=VECTOR('',#4432,10.);
#954=VECTOR('',#4435,10.);
#955=VECTOR('',#4436,10.);
#956=VECTOR('',#4437,10.);
#957=VECTOR('',#4440,10.);
#958=VECTOR('',#4445,10.);
#959=VECTOR('',#4450,10.);
#960=VECTOR('',#4451,10.);
#961=VECTOR('',#4452,10.);
#962=VECTOR('',#4453,10.);
#963=VECTOR('',#4456,10.);
#964=VECTOR('',#4457,10.);
#965=VECTOR('',#4458,10.);
#966=VECTOR('',#4459,10.);
#967=VECTOR('',#4462,10.);
#968=VECTOR('',#4463,10.);
#969=VECTOR('',#4466,10.);
#970=VECTOR('',#4471,10.);
#971=VECTOR('',#4472,10.);
#972=VECTOR('',#4473,10.);
#973=VECTOR('',#4476,10.);
#974=VECTOR('',#4481,10.);
#975=CYLINDRICAL_SURFACE('',#3334,0.02);
#976=CYLINDRICAL_SURFACE('',#3340,0.02);
#977=CYLINDRICAL_SURFACE('',#3346,0.02);
#978=CYLINDRICAL_SURFACE('',#3348,0.02);
#979=CYLINDRICAL_SURFACE('',#3353,0.02);
#980=CYLINDRICAL_SURFACE('',#3355,0.02);
#981=CYLINDRICAL_SURFACE('',#3356,0.02);
#982=CYLINDRICAL_SURFACE('',#3357,0.02);
#983=CYLINDRICAL_SURFACE('',#3362,0.1);
#984=CYLINDRICAL_SURFACE('',#3432,0.05);
#985=CYLINDRICAL_SURFACE('',#3436,0.0500000000000001);
#986=CYLINDRICAL_SURFACE('',#3440,0.05);
#987=CYLINDRICAL_SURFACE('',#3444,0.0500000000000001);
#988=FACE_OUTER_BOUND('',#1183,.T.);
#989=FACE_OUTER_BOUND('',#1184,.T.);
#990=FACE_OUTER_BOUND('',#1185,.T.);
#991=FACE_OUTER_BOUND('',#1186,.T.);
#992=FACE_OUTER_BOUND('',#1187,.T.);
#993=FACE_OUTER_BOUND('',#1188,.T.);
#994=FACE_OUTER_BOUND('',#1189,.T.);
#995=FACE_OUTER_BOUND('',#1190,.T.);
#996=FACE_OUTER_BOUND('',#1191,.T.);
#997=FACE_OUTER_BOUND('',#1192,.T.);
#998=FACE_OUTER_BOUND('',#1193,.T.);
#999=FACE_OUTER_BOUND('',#1194,.T.);
#1000=FACE_OUTER_BOUND('',#1195,.T.);
#1001=FACE_OUTER_BOUND('',#1196,.T.);
#1002=FACE_OUTER_BOUND('',#1197,.T.);
#1003=FACE_OUTER_BOUND('',#1199,.T.);
#1004=FACE_OUTER_BOUND('',#1200,.T.);
#1005=FACE_OUTER_BOUND('',#1201,.T.);
#1006=FACE_OUTER_BOUND('',#1202,.T.);
#1007=FACE_OUTER_BOUND('',#1203,.T.);
#1008=FACE_OUTER_BOUND('',#1204,.T.);
#1009=FACE_OUTER_BOUND('',#1205,.T.);
#1010=FACE_OUTER_BOUND('',#1206,.T.);
#1011=FACE_OUTER_BOUND('',#1207,.T.);
#1012=FACE_OUTER_BOUND('',#1208,.T.);
#1013=FACE_OUTER_BOUND('',#1209,.T.);
#1014=FACE_OUTER_BOUND('',#1210,.T.);
#1015=FACE_OUTER_BOUND('',#1211,.T.);
#1016=FACE_OUTER_BOUND('',#1212,.T.);
#1017=FACE_OUTER_BOUND('',#1213,.T.);
#1018=FACE_OUTER_BOUND('',#1214,.T.);
#1019=FACE_OUTER_BOUND('',#1215,.T.);
#1020=FACE_OUTER_BOUND('',#1216,.T.);
#1021=FACE_OUTER_BOUND('',#1217,.T.);
#1022=FACE_OUTER_BOUND('',#1218,.T.);
#1023=FACE_OUTER_BOUND('',#1219,.T.);
#1024=FACE_OUTER_BOUND('',#1220,.T.);
#1025=FACE_OUTER_BOUND('',#1221,.T.);
#1026=FACE_OUTER_BOUND('',#1222,.T.);
#1027=FACE_OUTER_BOUND('',#1223,.T.);
#1028=FACE_OUTER_BOUND('',#1224,.T.);
#1029=FACE_OUTER_BOUND('',#1225,.T.);
#1030=FACE_OUTER_BOUND('',#1226,.T.);
#1031=FACE_OUTER_BOUND('',#1227,.T.);
#1032=FACE_OUTER_BOUND('',#1228,.T.);
#1033=FACE_OUTER_BOUND('',#1229,.T.);
#1034=FACE_OUTER_BOUND('',#1230,.T.);
#1035=FACE_OUTER_BOUND('',#1231,.T.);
#1036=FACE_OUTER_BOUND('',#1232,.T.);
#1037=FACE_OUTER_BOUND('',#1233,.T.);
#1038=FACE_OUTER_BOUND('',#1234,.T.);
#1039=FACE_OUTER_BOUND('',#1235,.T.);
#1040=FACE_OUTER_BOUND('',#1236,.T.);
#1041=FACE_OUTER_BOUND('',#1237,.T.);
#1042=FACE_OUTER_BOUND('',#1238,.T.);
#1043=FACE_OUTER_BOUND('',#1239,.T.);
#1044=FACE_OUTER_BOUND('',#1240,.T.);
#1045=FACE_OUTER_BOUND('',#1241,.T.);
#1046=FACE_OUTER_BOUND('',#1242,.T.);
#1047=FACE_OUTER_BOUND('',#1243,.T.);
#1048=FACE_OUTER_BOUND('',#1244,.T.);
#1049=FACE_OUTER_BOUND('',#1245,.T.);
#1050=FACE_OUTER_BOUND('',#1246,.T.);
#1051=FACE_OUTER_BOUND('',#1247,.T.);
#1052=FACE_OUTER_BOUND('',#1248,.T.);
#1053=FACE_OUTER_BOUND('',#1249,.T.);
#1054=FACE_OUTER_BOUND('',#1250,.T.);
#1055=FACE_OUTER_BOUND('',#1251,.T.);
#1056=FACE_OUTER_BOUND('',#1252,.T.);
#1057=FACE_OUTER_BOUND('',#1253,.T.);
#1058=FACE_OUTER_BOUND('',#1254,.T.);
#1059=FACE_OUTER_BOUND('',#1255,.T.);
#1060=FACE_OUTER_BOUND('',#1256,.T.);
#1061=FACE_OUTER_BOUND('',#1257,.T.);
#1062=FACE_OUTER_BOUND('',#1258,.T.);
#1063=FACE_OUTER_BOUND('',#1259,.T.);
#1064=FACE_OUTER_BOUND('',#1260,.T.);
#1065=FACE_OUTER_BOUND('',#1261,.T.);
#1066=FACE_OUTER_BOUND('',#1262,.T.);
#1067=FACE_OUTER_BOUND('',#1263,.T.);
#1068=FACE_OUTER_BOUND('',#1264,.T.);
#1069=FACE_OUTER_BOUND('',#1265,.T.);
#1070=FACE_OUTER_BOUND('',#1266,.T.);
#1071=FACE_OUTER_BOUND('',#1267,.T.);
#1072=FACE_OUTER_BOUND('',#1268,.T.);
#1073=FACE_OUTER_BOUND('',#1269,.T.);
#1074=FACE_OUTER_BOUND('',#1270,.T.);
#1075=FACE_OUTER_BOUND('',#1271,.T.);
#1076=FACE_OUTER_BOUND('',#1272,.T.);
#1077=FACE_OUTER_BOUND('',#1273,.T.);
#1078=FACE_OUTER_BOUND('',#1274,.T.);
#1079=FACE_OUTER_BOUND('',#1275,.T.);
#1080=FACE_OUTER_BOUND('',#1276,.T.);
#1081=FACE_OUTER_BOUND('',#1277,.T.);
#1082=FACE_OUTER_BOUND('',#1278,.T.);
#1083=FACE_OUTER_BOUND('',#1279,.T.);
#1084=FACE_OUTER_BOUND('',#1280,.T.);
#1085=FACE_OUTER_BOUND('',#1281,.T.);
#1086=FACE_OUTER_BOUND('',#1282,.T.);
#1087=FACE_OUTER_BOUND('',#1283,.T.);
#1088=FACE_OUTER_BOUND('',#1284,.T.);
#1089=FACE_OUTER_BOUND('',#1285,.T.);
#1090=FACE_OUTER_BOUND('',#1286,.T.);
#1091=FACE_OUTER_BOUND('',#1287,.T.);
#1092=FACE_OUTER_BOUND('',#1288,.T.);
#1093=FACE_OUTER_BOUND('',#1289,.T.);
#1094=FACE_OUTER_BOUND('',#1290,.T.);
#1095=FACE_OUTER_BOUND('',#1291,.T.);
#1096=FACE_OUTER_BOUND('',#1292,.T.);
#1097=FACE_OUTER_BOUND('',#1293,.T.);
#1098=FACE_OUTER_BOUND('',#1294,.T.);
#1099=FACE_OUTER_BOUND('',#1295,.T.);
#1100=FACE_OUTER_BOUND('',#1296,.T.);
#1101=FACE_OUTER_BOUND('',#1297,.T.);
#1102=FACE_OUTER_BOUND('',#1298,.T.);
#1103=FACE_OUTER_BOUND('',#1299,.T.);
#1104=FACE_OUTER_BOUND('',#1300,.T.);
#1105=FACE_OUTER_BOUND('',#1301,.T.);
#1106=FACE_OUTER_BOUND('',#1302,.T.);
#1107=FACE_OUTER_BOUND('',#1303,.T.);
#1108=FACE_OUTER_BOUND('',#1304,.T.);
#1109=FACE_OUTER_BOUND('',#1305,.T.);
#1110=FACE_OUTER_BOUND('',#1306,.T.);
#1111=FACE_OUTER_BOUND('',#1307,.T.);
#1112=FACE_OUTER_BOUND('',#1308,.T.);
#1113=FACE_OUTER_BOUND('',#1309,.T.);
#1114=FACE_OUTER_BOUND('',#1310,.T.);
#1115=FACE_OUTER_BOUND('',#1311,.T.);
#1116=FACE_OUTER_BOUND('',#1312,.T.);
#1117=FACE_OUTER_BOUND('',#1313,.T.);
#1118=FACE_OUTER_BOUND('',#1314,.T.);
#1119=FACE_OUTER_BOUND('',#1315,.T.);
#1120=FACE_OUTER_BOUND('',#1316,.T.);
#1121=FACE_OUTER_BOUND('',#1317,.T.);
#1122=FACE_OUTER_BOUND('',#1318,.T.);
#1123=FACE_OUTER_BOUND('',#1319,.T.);
#1124=FACE_OUTER_BOUND('',#1320,.T.);
#1125=FACE_OUTER_BOUND('',#1321,.T.);
#1126=FACE_OUTER_BOUND('',#1322,.T.);
#1127=FACE_OUTER_BOUND('',#1323,.T.);
#1128=FACE_OUTER_BOUND('',#1324,.T.);
#1129=FACE_OUTER_BOUND('',#1325,.T.);
#1130=FACE_OUTER_BOUND('',#1326,.T.);
#1131=FACE_OUTER_BOUND('',#1327,.T.);
#1132=FACE_OUTER_BOUND('',#1328,.T.);
#1133=FACE_OUTER_BOUND('',#1329,.T.);
#1134=FACE_OUTER_BOUND('',#1330,.T.);
#1135=FACE_OUTER_BOUND('',#1331,.T.);
#1136=FACE_OUTER_BOUND('',#1332,.T.);
#1137=FACE_OUTER_BOUND('',#1333,.T.);
#1138=FACE_OUTER_BOUND('',#1334,.T.);
#1139=FACE_OUTER_BOUND('',#1335,.T.);
#1140=FACE_OUTER_BOUND('',#1336,.T.);
#1141=FACE_OUTER_BOUND('',#1337,.T.);
#1142=FACE_OUTER_BOUND('',#1338,.T.);
#1143=FACE_OUTER_BOUND('',#1339,.T.);
#1144=FACE_OUTER_BOUND('',#1340,.T.);
#1145=FACE_OUTER_BOUND('',#1341,.T.);
#1146=FACE_OUTER_BOUND('',#1342,.T.);
#1147=FACE_OUTER_BOUND('',#1343,.T.);
#1148=FACE_OUTER_BOUND('',#1344,.T.);
#1149=FACE_OUTER_BOUND('',#1345,.T.);
#1150=FACE_OUTER_BOUND('',#1346,.T.);
#1151=FACE_OUTER_BOUND('',#1347,.T.);
#1152=FACE_OUTER_BOUND('',#1348,.T.);
#1153=FACE_OUTER_BOUND('',#1349,.T.);
#1154=FACE_OUTER_BOUND('',#1350,.T.);
#1155=FACE_OUTER_BOUND('',#1351,.T.);
#1156=FACE_OUTER_BOUND('',#1352,.T.);
#1157=FACE_OUTER_BOUND('',#1353,.T.);
#1158=FACE_OUTER_BOUND('',#1354,.T.);
#1159=FACE_OUTER_BOUND('',#1355,.T.);
#1160=FACE_OUTER_BOUND('',#1356,.T.);
#1161=FACE_OUTER_BOUND('',#1357,.T.);
#1162=FACE_OUTER_BOUND('',#1358,.T.);
#1163=FACE_OUTER_BOUND('',#1359,.T.);
#1164=FACE_OUTER_BOUND('',#1360,.T.);
#1165=FACE_OUTER_BOUND('',#1361,.T.);
#1166=FACE_OUTER_BOUND('',#1362,.T.);
#1167=FACE_OUTER_BOUND('',#1363,.T.);
#1168=FACE_OUTER_BOUND('',#1364,.T.);
#1169=FACE_OUTER_BOUND('',#1365,.T.);
#1170=FACE_OUTER_BOUND('',#1366,.T.);
#1171=FACE_OUTER_BOUND('',#1367,.T.);
#1172=FACE_OUTER_BOUND('',#1368,.T.);
#1173=FACE_OUTER_BOUND('',#1369,.T.);
#1174=FACE_OUTER_BOUND('',#1370,.T.);
#1175=FACE_OUTER_BOUND('',#1371,.T.);
#1176=FACE_OUTER_BOUND('',#1372,.T.);
#1177=FACE_OUTER_BOUND('',#1373,.T.);
#1178=FACE_OUTER_BOUND('',#1374,.T.);
#1179=FACE_OUTER_BOUND('',#1375,.T.);
#1180=FACE_OUTER_BOUND('',#1376,.T.);
#1181=FACE_OUTER_BOUND('',#1377,.T.);
#1182=FACE_OUTER_BOUND('',#1378,.T.);
#1183=EDGE_LOOP('',(#2198,#2199,#2200));
#1184=EDGE_LOOP('',(#2201,#2202,#2203,#2204));
#1185=EDGE_LOOP('',(#2205,#2206,#2207));
#1186=EDGE_LOOP('',(#2208,#2209,#2210,#2211));
#1187=EDGE_LOOP('',(#2212,#2213,#2214));
#1188=EDGE_LOOP('',(#2215,#2216,#2217,#2218));
#1189=EDGE_LOOP('',(#2219,#2220,#2221,#2222));
#1190=EDGE_LOOP('',(#2223,#2224,#2225));
#1191=EDGE_LOOP('',(#2226,#2227,#2228,#2229));
#1192=EDGE_LOOP('',(#2230,#2231,#2232,#2233));
#1193=EDGE_LOOP('',(#2234,#2235,#2236,#2237));
#1194=EDGE_LOOP('',(#2238,#2239,#2240,#2241));
#1195=EDGE_LOOP('',(#2242,#2243,#2244,#2245));
#1196=EDGE_LOOP('',(#2246,#2247,#2248,#2249));
#1197=EDGE_LOOP('',(#2250,#2251,#2252,#2253));
#1198=EDGE_LOOP('',(#2254));
#1199=EDGE_LOOP('',(#2255,#2256,#2257,#2258));
#1200=EDGE_LOOP('',(#2259));
#1201=EDGE_LOOP('',(#2260,#2261,#2262,#2263,#2264,#2265,#2266,#2267));
#1202=EDGE_LOOP('',(#2268,#2269,#2270,#2271));
#1203=EDGE_LOOP('',(#2272,#2273,#2274,#2275));
#1204=EDGE_LOOP('',(#2276,#2277,#2278,#2279));
#1205=EDGE_LOOP('',(#2280,#2281,#2282,#2283,#2284));
#1206=EDGE_LOOP('',(#2285,#2286,#2287,#2288));
#1207=EDGE_LOOP('',(#2289,#2290,#2291));
#1208=EDGE_LOOP('',(#2292,#2293,#2294,#2295,#2296,#2297));
#1209=EDGE_LOOP('',(#2298,#2299,#2300));
#1210=EDGE_LOOP('',(#2301,#2302,#2303,#2304,#2305));
#1211=EDGE_LOOP('',(#2306,#2307,#2308,#2309,#2310,#2311));
#1212=EDGE_LOOP('',(#2312,#2313,#2314,#2315));
#1213=EDGE_LOOP('',(#2316,#2317,#2318,#2319,#2320,#2321));
#1214=EDGE_LOOP('',(#2322,#2323,#2324,#2325));
#1215=EDGE_LOOP('',(#2326,#2327,#2328));
#1216=EDGE_LOOP('',(#2329,#2330,#2331,#2332));
#1217=EDGE_LOOP('',(#2333,#2334,#2335,#2336,#2337,#2338,#2339));
#1218=EDGE_LOOP('',(#2340,#2341,#2342));
#1219=EDGE_LOOP('',(#2343,#2344,#2345,#2346,#2347));
#1220=EDGE_LOOP('',(#2348,#2349,#2350,#2351,#2352,#2353));
#1221=EDGE_LOOP('',(#2354,#2355,#2356,#2357));
#1222=EDGE_LOOP('',(#2358,#2359,#2360,#2361,#2362,#2363));
#1223=EDGE_LOOP('',(#2364,#2365,#2366,#2367));
#1224=EDGE_LOOP('',(#2368,#2369,#2370));
#1225=EDGE_LOOP('',(#2371,#2372,#2373,#2374));
#1226=EDGE_LOOP('',(#2375,#2376,#2377,#2378,#2379,#2380,#2381));
#1227=EDGE_LOOP('',(#2382,#2383,#2384));
#1228=EDGE_LOOP('',(#2385,#2386,#2387,#2388,#2389));
#1229=EDGE_LOOP('',(#2390,#2391,#2392,#2393,#2394,#2395));
#1230=EDGE_LOOP('',(#2396,#2397,#2398,#2399));
#1231=EDGE_LOOP('',(#2400,#2401,#2402,#2403,#2404,#2405));
#1232=EDGE_LOOP('',(#2406,#2407,#2408,#2409));
#1233=EDGE_LOOP('',(#2410,#2411,#2412));
#1234=EDGE_LOOP('',(#2413,#2414,#2415,#2416));
#1235=EDGE_LOOP('',(#2417,#2418,#2419,#2420,#2421,#2422,#2423));
#1236=EDGE_LOOP('',(#2424,#2425,#2426));
#1237=EDGE_LOOP('',(#2427,#2428,#2429,#2430,#2431));
#1238=EDGE_LOOP('',(#2432,#2433,#2434,#2435,#2436,#2437));
#1239=EDGE_LOOP('',(#2438,#2439,#2440,#2441));
#1240=EDGE_LOOP('',(#2442,#2443,#2444,#2445,#2446));
#1241=EDGE_LOOP('',(#2447,#2448,#2449,#2450));
#1242=EDGE_LOOP('',(#2451,#2452,#2453));
#1243=EDGE_LOOP('',(#2454,#2455,#2456,#2457,#2458,#2459));
#1244=EDGE_LOOP('',(#2460,#2461,#2462));
#1245=EDGE_LOOP('',(#2463,#2464,#2465,#2466,#2467));
#1246=EDGE_LOOP('',(#2468,#2469,#2470,#2471,#2472,#2473));
#1247=EDGE_LOOP('',(#2474,#2475,#2476,#2477));
#1248=EDGE_LOOP('',(#2478,#2479,#2480,#2481,#2482));
#1249=EDGE_LOOP('',(#2483,#2484,#2485,#2486));
#1250=EDGE_LOOP('',(#2487,#2488,#2489));
#1251=EDGE_LOOP('',(#2490,#2491,#2492,#2493,#2494,#2495));
#1252=EDGE_LOOP('',(#2496,#2497,#2498));
#1253=EDGE_LOOP('',(#2499,#2500,#2501,#2502,#2503));
#1254=EDGE_LOOP('',(#2504,#2505,#2506,#2507,#2508,#2509));
#1255=EDGE_LOOP('',(#2510,#2511,#2512,#2513));
#1256=EDGE_LOOP('',(#2514,#2515,#2516,#2517));
#1257=EDGE_LOOP('',(#2518,#2519,#2520,#2521));
#1258=EDGE_LOOP('',(#2522,#2523,#2524,#2525));
#1259=EDGE_LOOP('',(#2526,#2527,#2528,#2529));
#1260=EDGE_LOOP('',(#2530,#2531,#2532,#2533));
#1261=EDGE_LOOP('',(#2534,#2535,#2536,#2537));
#1262=EDGE_LOOP('',(#2538,#2539,#2540,#2541));
#1263=EDGE_LOOP('',(#2542,#2543,#2544,#2545,#2546,#2547,#2548,#2549));
#1264=EDGE_LOOP('',(#2550,#2551,#2552,#2553,#2554,#2555,#2556,#2557));
#1265=EDGE_LOOP('',(#2558,#2559,#2560,#2561));
#1266=EDGE_LOOP('',(#2562,#2563,#2564,#2565,#2566));
#1267=EDGE_LOOP('',(#2567,#2568,#2569,#2570,#2571,#2572));
#1268=EDGE_LOOP('',(#2573,#2574,#2575,#2576,#2577));
#1269=EDGE_LOOP('',(#2578,#2579,#2580));
#1270=EDGE_LOOP('',(#2581,#2582,#2583,#2584,#2585,#2586));
#1271=EDGE_LOOP('',(#2587,#2588,#2589));
#1272=EDGE_LOOP('',(#2590,#2591,#2592,#2593));
#1273=EDGE_LOOP('',(#2594,#2595,#2596,#2597));
#1274=EDGE_LOOP('',(#2598,#2599,#2600,#2601));
#1275=EDGE_LOOP('',(#2602,#2603,#2604,#2605));
#1276=EDGE_LOOP('',(#2606,#2607,#2608,#2609,#2610));
#1277=EDGE_LOOP('',(#2611,#2612,#2613,#2614));
#1278=EDGE_LOOP('',(#2615,#2616,#2617,#2618));
#1279=EDGE_LOOP('',(#2619,#2620,#2621,#2622,#2623,#2624,#2625,#2626,#2627,
#2628,#2629,#2630,#2631,#2632));
#1280=EDGE_LOOP('',(#2633,#2634,#2635,#2636));
#1281=EDGE_LOOP('',(#2637,#2638,#2639,#2640));
#1282=EDGE_LOOP('',(#2641,#2642,#2643,#2644));
#1283=EDGE_LOOP('',(#2645,#2646,#2647,#2648));
#1284=EDGE_LOOP('',(#2649,#2650,#2651,#2652,#2653));
#1285=EDGE_LOOP('',(#2654,#2655,#2656));
#1286=EDGE_LOOP('',(#2657,#2658,#2659,#2660));
#1287=EDGE_LOOP('',(#2661,#2662,#2663,#2664));
#1288=EDGE_LOOP('',(#2665,#2666,#2667,#2668,#2669,#2670,#2671,#2672,#2673,
#2674,#2675,#2676,#2677));
#1289=EDGE_LOOP('',(#2678,#2679,#2680,#2681));
#1290=EDGE_LOOP('',(#2682,#2683,#2684,#2685));
#1291=EDGE_LOOP('',(#2686,#2687,#2688,#2689));
#1292=EDGE_LOOP('',(#2690,#2691,#2692,#2693,#2694));
#1293=EDGE_LOOP('',(#2695,#2696,#2697,#2698));
#1294=EDGE_LOOP('',(#2699,#2700,#2701,#2702));
#1295=EDGE_LOOP('',(#2703,#2704,#2705,#2706,#2707,#2708,#2709,#2710,#2711,
#2712,#2713,#2714,#2715,#2716));
#1296=EDGE_LOOP('',(#2717,#2718,#2719,#2720,#2721));
#1297=EDGE_LOOP('',(#2722,#2723,#2724));
#1298=EDGE_LOOP('',(#2725,#2726,#2727,#2728));
#1299=EDGE_LOOP('',(#2729,#2730,#2731,#2732));
#1300=EDGE_LOOP('',(#2733,#2734,#2735,#2736));
#1301=EDGE_LOOP('',(#2737,#2738,#2739,#2740));
#1302=EDGE_LOOP('',(#2741,#2742,#2743,#2744));
#1303=EDGE_LOOP('',(#2745,#2746,#2747,#2748));
#1304=EDGE_LOOP('',(#2749,#2750,#2751,#2752,#2753,#2754,#2755,#2756,#2757,
#2758,#2759,#2760,#2761));
#1305=EDGE_LOOP('',(#2762,#2763,#2764,#2765));
#1306=EDGE_LOOP('',(#2766,#2767,#2768,#2769));
#1307=EDGE_LOOP('',(#2770,#2771,#2772,#2773));
#1308=EDGE_LOOP('',(#2774,#2775,#2776,#2777));
#1309=EDGE_LOOP('',(#2778,#2779,#2780,#2781));
#1310=EDGE_LOOP('',(#2782,#2783,#2784,#2785));
#1311=EDGE_LOOP('',(#2786,#2787,#2788,#2789));
#1312=EDGE_LOOP('',(#2790,#2791,#2792,#2793,#2794));
#1313=EDGE_LOOP('',(#2795,#2796,#2797,#2798));
#1314=EDGE_LOOP('',(#2799,#2800,#2801));
#1315=EDGE_LOOP('',(#2802,#2803,#2804,#2805,#2806,#2807));
#1316=EDGE_LOOP('',(#2808,#2809,#2810));
#1317=EDGE_LOOP('',(#2811,#2812,#2813,#2814,#2815));
#1318=EDGE_LOOP('',(#2816,#2817,#2818,#2819,#2820,#2821));
#1319=EDGE_LOOP('',(#2822,#2823,#2824,#2825));
#1320=EDGE_LOOP('',(#2826,#2827,#2828,#2829,#2830));
#1321=EDGE_LOOP('',(#2831,#2832,#2833,#2834,#2835,#2836));
#1322=EDGE_LOOP('',(#2837,#2838,#2839));
#1323=EDGE_LOOP('',(#2840,#2841,#2842,#2843,#2844,#2845));
#1324=EDGE_LOOP('',(#2846,#2847,#2848));
#1325=EDGE_LOOP('',(#2849,#2850,#2851,#2852,#2853));
#1326=EDGE_LOOP('',(#2854,#2855,#2856,#2857));
#1327=EDGE_LOOP('',(#2858,#2859,#2860,#2861));
#1328=EDGE_LOOP('',(#2862,#2863,#2864,#2865,#2866));
#1329=EDGE_LOOP('',(#2867,#2868,#2869,#2870));
#1330=EDGE_LOOP('',(#2871,#2872,#2873));
#1331=EDGE_LOOP('',(#2874,#2875,#2876,#2877,#2878,#2879));
#1332=EDGE_LOOP('',(#2880,#2881,#2882));
#1333=EDGE_LOOP('',(#2883,#2884,#2885,#2886,#2887));
#1334=EDGE_LOOP('',(#2888,#2889,#2890,#2891,#2892,#2893));
#1335=EDGE_LOOP('',(#2894,#2895,#2896,#2897));
#1336=EDGE_LOOP('',(#2898,#2899,#2900,#2901));
#1337=EDGE_LOOP('',(#2902,#2903,#2904,#2905,#2906));
#1338=EDGE_LOOP('',(#2907,#2908,#2909,#2910,#2911,#2912));
#1339=EDGE_LOOP('',(#2913,#2914,#2915,#2916,#2917));
#1340=EDGE_LOOP('',(#2918,#2919,#2920));
#1341=EDGE_LOOP('',(#2921,#2922,#2923,#2924));
#1342=EDGE_LOOP('',(#2925,#2926,#2927,#2928));
#1343=EDGE_LOOP('',(#2929,#2930,#2931,#2932,#2933,#2934,#2935));
#1344=EDGE_LOOP('',(#2936,#2937,#2938,#2939));
#1345=EDGE_LOOP('',(#2940,#2941,#2942,#2943,#2944,#2945));
#1346=EDGE_LOOP('',(#2946,#2947,#2948,#2949));
#1347=EDGE_LOOP('',(#2950,#2951,#2952));
#1348=EDGE_LOOP('',(#2953,#2954,#2955,#2956));
#1349=EDGE_LOOP('',(#2957,#2958,#2959,#2960,#2961,#2962,#2963));
#1350=EDGE_LOOP('',(#2964,#2965,#2966));
#1351=EDGE_LOOP('',(#2967,#2968,#2969,#2970,#2971));
#1352=EDGE_LOOP('',(#2972,#2973,#2974,#2975,#2976,#2977));
#1353=EDGE_LOOP('',(#2978,#2979,#2980,#2981));
#1354=EDGE_LOOP('',(#2982,#2983,#2984,#2985,#2986,#2987));
#1355=EDGE_LOOP('',(#2988,#2989,#2990,#2991));
#1356=EDGE_LOOP('',(#2992,#2993,#2994));
#1357=EDGE_LOOP('',(#2995,#2996,#2997,#2998));
#1358=EDGE_LOOP('',(#2999,#3000,#3001,#3002,#3003,#3004,#3005));
#1359=EDGE_LOOP('',(#3006,#3007,#3008));
#1360=EDGE_LOOP('',(#3009,#3010,#3011,#3012,#3013));
#1361=EDGE_LOOP('',(#3014,#3015,#3016,#3017,#3018,#3019));
#1362=EDGE_LOOP('',(#3020,#3021,#3022,#3023));
#1363=EDGE_LOOP('',(#3024,#3025,#3026,#3027));
#1364=EDGE_LOOP('',(#3028,#3029,#3030,#3031));
#1365=EDGE_LOOP('',(#3032,#3033,#3034,#3035,#3036,#3037));
#1366=EDGE_LOOP('',(#3038,#3039,#3040,#3041));
#1367=EDGE_LOOP('',(#3042,#3043,#3044,#3045,#3046));
#1368=EDGE_LOOP('',(#3047,#3048,#3049));
#1369=EDGE_LOOP('',(#3050,#3051,#3052,#3053,#3054));
#1370=EDGE_LOOP('',(#3055,#3056,#3057,#3058,#3059,#3060,#3061));
#1371=EDGE_LOOP('',(#3062,#3063,#3064,#3065));
#1372=EDGE_LOOP('',(#3066,#3067,#3068,#3069,#3070));
#1373=EDGE_LOOP('',(#3071,#3072,#3073,#3074));
#1374=EDGE_LOOP('',(#3075,#3076,#3077));
#1375=EDGE_LOOP('',(#3078,#3079,#3080,#3081,#3082,#3083));
#1376=EDGE_LOOP('',(#3084,#3085,#3086));
#1377=EDGE_LOOP('',(#3087,#3088,#3089,#3090,#3091));
#1378=EDGE_LOOP('',(#3092,#3093,#3094,#3095,#3096,#3097));
#1379=CIRCLE('',#3331,0.02);
#1380=CIRCLE('',#3332,0.02);
#1381=CIRCLE('',#3333,0.02);
#1382=CIRCLE('',#3335,0.02);
#1383=CIRCLE('',#3337,0.02);
#1384=CIRCLE('',#3338,0.02);
#1385=CIRCLE('',#3339,0.02);
#1386=CIRCLE('',#3341,0.02);
#1387=CIRCLE('',#3343,0.02);
#1388=CIRCLE('',#3344,0.02);
#1389=CIRCLE('',#3345,0.02);
#1390=CIRCLE('',#3347,0.02);
#1391=CIRCLE('',#3350,0.02);
#1392=CIRCLE('',#3351,0.02);
#1393=CIRCLE('',#3352,0.02);
#1394=CIRCLE('',#3354,0.02);
#1395=CIRCLE('',#3361,0.1);
#1396=CIRCLE('',#3363,0.1);
#1397=CIRCLE('',#3372,0.0500000000000003);
#1398=CIRCLE('',#3375,0.0500000000000005);
#1399=CIRCLE('',#3381,0.00499999999999993);
#1400=CIRCLE('',#3383,0.05);
#1401=CIRCLE('',#3386,0.0499999999999998);
#1402=CIRCLE('',#3392,0.00499999999999994);
#1403=CIRCLE('',#3394,0.05);
#1404=CIRCLE('',#3397,0.0499999999999998);
#1405=CIRCLE('',#3403,0.00499999999999994);
#1406=CIRCLE('',#3405,0.05);
#1407=CIRCLE('',#3408,0.0499999999999998);
#1408=CIRCLE('',#3415,0.0500000000000005);
#1409=CIRCLE('',#3418,0.0500000000000003);
#1410=CIRCLE('',#3425,0.05);
#1411=CIRCLE('',#3428,0.0499999999999998);
#1412=CIRCLE('',#3433,0.05);
#1413=CIRCLE('',#3434,0.05);
#1414=CIRCLE('',#3437,0.0500000000000001);
#1415=CIRCLE('',#3438,0.0500000000000001);
#1416=CIRCLE('',#3441,0.05);
#1417=CIRCLE('',#3442,0.05);
#1418=CIRCLE('',#3445,0.0500000000000001);
#1419=CIRCLE('',#3446,0.0500000000000001);
#1420=CIRCLE('',#3452,0.05);
#1421=CIRCLE('',#3453,0.05);
#1422=CIRCLE('',#3466,0.0500000000000006);
#1423=CIRCLE('',#3467,0.0500000000000003);
#1424=CIRCLE('',#3468,0.0500000000000003);
#1425=CIRCLE('',#3469,0.0500000000000006);
#1426=CIRCLE('',#3472,0.104393686063518);
#1427=CIRCLE('',#3475,0.104393686063518);
#1428=CIRCLE('',#3480,0.104393686063518);
#1429=CIRCLE('',#3489,0.0500000000000003);
#1430=CIRCLE('',#3490,0.0500000000000003);
#1431=CIRCLE('',#3491,0.0500000000000006);
#1432=CIRCLE('',#3492,0.0500000000000006);
#1433=CIRCLE('',#3497,0.104393686063518);
#1434=CIRCLE('',#3500,0.104393686063518);
#1435=CIRCLE('',#3503,0.104393686063518);
#1436=CIRCLE('',#3515,0.0499999999999998);
#1437=CIRCLE('',#3518,0.05);
#1438=CIRCLE('',#3524,0.05);
#1439=CIRCLE('',#3525,0.05);
#1440=CIRCLE('',#3534,0.0500000000000001);
#1441=CIRCLE('',#3537,0.05);
#1442=CIRCLE('',#3546,0.0499999999999998);
#1443=CIRCLE('',#3553,0.00499999999999994);
#1444=CIRCLE('',#3555,0.05);
#1445=CIRCLE('',#3558,0.0499999999999998);
#1446=CIRCLE('',#3564,0.00499999999999993);
#1447=CIRCLE('',#3566,0.05);
#1448=CIRCLE('',#3569,0.0499999999999998);
#1449=CIRCLE('',#3579,0.0499999999999998);
#1450=CIRCLE('',#3586,0.05);
#1451=CIRCLE('',#3589,0.0500000000000001);
#1452=VERTEX_POINT('',#4486);
#1453=VERTEX_POINT('',#4487);
#1454=VERTEX_POINT('',#4489);
#1455=VERTEX_POINT('',#4493);
#1456=VERTEX_POINT('',#4494);
#1457=VERTEX_POINT('',#4499);
#1458=VERTEX_POINT('',#4500);
#1459=VERTEX_POINT('',#4502);
#1460=VERTEX_POINT('',#4506);
#1461=VERTEX_POINT('',#4507);
#1462=VERTEX_POINT('',#4512);
#1463=VERTEX_POINT('',#4513);
#1464=VERTEX_POINT('',#4515);
#1465=VERTEX_POINT('',#4519);
#1466=VERTEX_POINT('',#4520);
#1467=VERTEX_POINT('',#4528);
#1468=VERTEX_POINT('',#4529);
#1469=VERTEX_POINT('',#4531);
#1470=VERTEX_POINT('',#4535);
#1471=VERTEX_POINT('',#4536);
#1472=VERTEX_POINT('',#4554);
#1473=VERTEX_POINT('',#4557);
#1474=VERTEX_POINT('',#4567);
#1475=VERTEX_POINT('',#4568);
#1476=VERTEX_POINT('',#4570);
#1477=VERTEX_POINT('',#4572);
#1478=VERTEX_POINT('',#4576);
#1479=VERTEX_POINT('',#4578);
#1480=VERTEX_POINT('',#4580);
#1481=VERTEX_POINT('',#4584);
#1482=VERTEX_POINT('',#4588);
#1483=VERTEX_POINT('',#4592);
#1484=VERTEX_POINT('',#4593);
#1485=VERTEX_POINT('',#4598);
#1486=VERTEX_POINT('',#4605);
#1487=VERTEX_POINT('',#4606);
#1488=VERTEX_POINT('',#4608);
#1489=VERTEX_POINT('',#4610);
#1490=VERTEX_POINT('',#4614);
#1491=VERTEX_POINT('',#4616);
#1492=VERTEX_POINT('',#4618);
#1493=VERTEX_POINT('',#4623);
#1494=VERTEX_POINT('',#4627);
#1495=VERTEX_POINT('',#4646);
#1496=VERTEX_POINT('',#4650);
#1497=VERTEX_POINT('',#4654);
#1498=VERTEX_POINT('',#4655);
#1499=VERTEX_POINT('',#4662);
#1500=VERTEX_POINT('',#4669);
#1501=VERTEX_POINT('',#4670);
#1502=VERTEX_POINT('',#4672);
#1503=VERTEX_POINT('',#4674);
#1504=VERTEX_POINT('',#4678);
#1505=VERTEX_POINT('',#4680);
#1506=VERTEX_POINT('',#4682);
#1507=VERTEX_POINT('',#4687);
#1508=VERTEX_POINT('',#4691);
#1509=VERTEX_POINT('',#4710);
#1510=VERTEX_POINT('',#4714);
#1511=VERTEX_POINT('',#4718);
#1512=VERTEX_POINT('',#4719);
#1513=VERTEX_POINT('',#4726);
#1514=VERTEX_POINT('',#4733);
#1515=VERTEX_POINT('',#4734);
#1516=VERTEX_POINT('',#4736);
#1517=VERTEX_POINT('',#4738);
#1518=VERTEX_POINT('',#4742);
#1519=VERTEX_POINT('',#4744);
#1520=VERTEX_POINT('',#4746);
#1521=VERTEX_POINT('',#4751);
#1522=VERTEX_POINT('',#4755);
#1523=VERTEX_POINT('',#4774);
#1524=VERTEX_POINT('',#4778);
#1525=VERTEX_POINT('',#4782);
#1526=VERTEX_POINT('',#4783);
#1527=VERTEX_POINT('',#4790);
#1528=VERTEX_POINT('',#4797);
#1529=VERTEX_POINT('',#4798);
#1530=VERTEX_POINT('',#4800);
#1531=VERTEX_POINT('',#4802);
#1532=VERTEX_POINT('',#4806);
#1533=VERTEX_POINT('',#4808);
#1534=VERTEX_POINT('',#4810);
#1535=VERTEX_POINT('',#4814);
#1536=VERTEX_POINT('',#4818);
#1537=VERTEX_POINT('',#4822);
#1538=VERTEX_POINT('',#4823);
#1539=VERTEX_POINT('',#4828);
#1540=VERTEX_POINT('',#4835);
#1541=VERTEX_POINT('',#4836);
#1542=VERTEX_POINT('',#4838);
#1543=VERTEX_POINT('',#4840);
#1544=VERTEX_POINT('',#4844);
#1545=VERTEX_POINT('',#4846);
#1546=VERTEX_POINT('',#4848);
#1547=VERTEX_POINT('',#4852);
#1548=VERTEX_POINT('',#4856);
#1549=VERTEX_POINT('',#4860);
#1550=VERTEX_POINT('',#4861);
#1551=VERTEX_POINT('',#4866);
#1552=VERTEX_POINT('',#4873);
#1553=VERTEX_POINT('',#4874);
#1554=VERTEX_POINT('',#4876);
#1555=VERTEX_POINT('',#4878);
#1556=VERTEX_POINT('',#4882);
#1557=VERTEX_POINT('',#4884);
#1558=VERTEX_POINT('',#4888);
#1559=VERTEX_POINT('',#4890);
#1560=VERTEX_POINT('',#4894);
#1561=VERTEX_POINT('',#4896);
#1562=VERTEX_POINT('',#4900);
#1563=VERTEX_POINT('',#4902);
#1564=VERTEX_POINT('',#4906);
#1565=VERTEX_POINT('',#4908);
#1566=VERTEX_POINT('',#4912);
#1567=VERTEX_POINT('',#4914);
#1568=VERTEX_POINT('',#4923);
#1569=VERTEX_POINT('',#4924);
#1570=VERTEX_POINT('',#4926);
#1571=VERTEX_POINT('',#4928);
#1572=VERTEX_POINT('',#4932);
#1573=VERTEX_POINT('',#4934);
#1574=VERTEX_POINT('',#4936);
#1575=VERTEX_POINT('',#4940);
#1576=VERTEX_POINT('',#4942);
#1577=VERTEX_POINT('',#4944);
#1578=VERTEX_POINT('',#4948);
#1579=VERTEX_POINT('',#4950);
#1580=VERTEX_POINT('',#4961);
#1581=VERTEX_POINT('',#4962);
#1582=VERTEX_POINT('',#4964);
#1583=VERTEX_POINT('',#4966);
#1584=VERTEX_POINT('',#4970);
#1585=VERTEX_POINT('',#4971);
#1586=VERTEX_POINT('',#4973);
#1587=VERTEX_POINT('',#4975);
#1588=VERTEX_POINT('',#4979);
#1589=VERTEX_POINT('',#4980);
#1590=VERTEX_POINT('',#4982);
#1591=VERTEX_POINT('',#4984);
#1592=VERTEX_POINT('',#4988);
#1593=VERTEX_POINT('',#4990);
#1594=VERTEX_POINT('',#4992);
#1595=VERTEX_POINT('',#4996);
#1596=VERTEX_POINT('',#4998);
#1597=VERTEX_POINT('',#5002);
#1598=VERTEX_POINT('',#5004);
#1599=VERTEX_POINT('',#5008);
#1600=VERTEX_POINT('',#5011);
#1601=VERTEX_POINT('',#5013);
#1602=VERTEX_POINT('',#5015);
#1603=VERTEX_POINT('',#5018);
#1604=VERTEX_POINT('',#5022);
#1605=VERTEX_POINT('',#5026);
#1606=VERTEX_POINT('',#5030);
#1607=VERTEX_POINT('',#5040);
#1608=VERTEX_POINT('',#5047);
#1609=VERTEX_POINT('',#5048);
#1610=VERTEX_POINT('',#5050);
#1611=VERTEX_POINT('',#5052);
#1612=VERTEX_POINT('',#5056);
#1613=VERTEX_POINT('',#5057);
#1614=VERTEX_POINT('',#5059);
#1615=VERTEX_POINT('',#5061);
#1616=VERTEX_POINT('',#5065);
#1617=VERTEX_POINT('',#5066);
#1618=VERTEX_POINT('',#5068);
#1619=VERTEX_POINT('',#5070);
#1620=VERTEX_POINT('',#5074);
#1621=VERTEX_POINT('',#5076);
#1622=VERTEX_POINT('',#5078);
#1623=VERTEX_POINT('',#5082);
#1624=VERTEX_POINT('',#5084);
#1625=VERTEX_POINT('',#5088);
#1626=VERTEX_POINT('',#5090);
#1627=VERTEX_POINT('',#5094);
#1628=VERTEX_POINT('',#5096);
#1629=VERTEX_POINT('',#5098);
#1630=VERTEX_POINT('',#5101);
#1631=VERTEX_POINT('',#5104);
#1632=VERTEX_POINT('',#5112);
#1633=VERTEX_POINT('',#5116);
#1634=VERTEX_POINT('',#5120);
#1635=VERTEX_POINT('',#5126);
#1636=VERTEX_POINT('',#5133);
#1637=VERTEX_POINT('',#5134);
#1638=VERTEX_POINT('',#5136);
#1639=VERTEX_POINT('',#5138);
#1640=VERTEX_POINT('',#5142);
#1641=VERTEX_POINT('',#5144);
#1642=VERTEX_POINT('',#5148);
#1643=VERTEX_POINT('',#5152);
#1644=VERTEX_POINT('',#5159);
#1645=VERTEX_POINT('',#5160);
#1646=VERTEX_POINT('',#5162);
#1647=VERTEX_POINT('',#5164);
#1648=VERTEX_POINT('',#5168);
#1649=VERTEX_POINT('',#5170);
#1650=VERTEX_POINT('',#5172);
#1651=VERTEX_POINT('',#5176);
#1652=VERTEX_POINT('',#5180);
#1653=VERTEX_POINT('',#5184);
#1654=VERTEX_POINT('',#5185);
#1655=VERTEX_POINT('',#5190);
#1656=VERTEX_POINT('',#5197);
#1657=VERTEX_POINT('',#5198);
#1658=VERTEX_POINT('',#5200);
#1659=VERTEX_POINT('',#5202);
#1660=VERTEX_POINT('',#5206);
#1661=VERTEX_POINT('',#5208);
#1662=VERTEX_POINT('',#5210);
#1663=VERTEX_POINT('',#5214);
#1664=VERTEX_POINT('',#5216);
#1665=VERTEX_POINT('',#5218);
#1666=VERTEX_POINT('',#5241);
#1667=VERTEX_POINT('',#5249);
#1668=VERTEX_POINT('',#5257);
#1669=VERTEX_POINT('',#5258);
#1670=VERTEX_POINT('',#5260);
#1671=VERTEX_POINT('',#5262);
#1672=VERTEX_POINT('',#5266);
#1673=VERTEX_POINT('',#5268);
#1674=VERTEX_POINT('',#5270);
#1675=VERTEX_POINT('',#5274);
#1676=VERTEX_POINT('',#5278);
#1677=VERTEX_POINT('',#5282);
#1678=VERTEX_POINT('',#5283);
#1679=VERTEX_POINT('',#5288);
#1680=VERTEX_POINT('',#5295);
#1681=VERTEX_POINT('',#5296);
#1682=VERTEX_POINT('',#5298);
#1683=VERTEX_POINT('',#5300);
#1684=VERTEX_POINT('',#5304);
#1685=VERTEX_POINT('',#5305);
#1686=VERTEX_POINT('',#5307);
#1687=VERTEX_POINT('',#5309);
#1688=VERTEX_POINT('',#5313);
#1689=VERTEX_POINT('',#5315);
#1690=VERTEX_POINT('',#5317);
#1691=VERTEX_POINT('',#5321);
#1692=VERTEX_POINT('',#5326);
#1693=VERTEX_POINT('',#5332);
#1694=VERTEX_POINT('',#5339);
#1695=VERTEX_POINT('',#5340);
#1696=VERTEX_POINT('',#5342);
#1697=VERTEX_POINT('',#5344);
#1698=VERTEX_POINT('',#5348);
#1699=VERTEX_POINT('',#5350);
#1700=VERTEX_POINT('',#5352);
#1701=VERTEX_POINT('',#5357);
#1702=VERTEX_POINT('',#5361);
#1703=VERTEX_POINT('',#5380);
#1704=VERTEX_POINT('',#5384);
#1705=VERTEX_POINT('',#5388);
#1706=VERTEX_POINT('',#5389);
#1707=VERTEX_POINT('',#5396);
#1708=VERTEX_POINT('',#5403);
#1709=VERTEX_POINT('',#5404);
#1710=VERTEX_POINT('',#5406);
#1711=VERTEX_POINT('',#5408);
#1712=VERTEX_POINT('',#5412);
#1713=VERTEX_POINT('',#5414);
#1714=VERTEX_POINT('',#5416);
#1715=VERTEX_POINT('',#5421);
#1716=VERTEX_POINT('',#5425);
#1717=VERTEX_POINT('',#5444);
#1718=VERTEX_POINT('',#5448);
#1719=VERTEX_POINT('',#5452);
#1720=VERTEX_POINT('',#5453);
#1721=VERTEX_POINT('',#5460);
#1722=VERTEX_POINT('',#5467);
#1723=VERTEX_POINT('',#5468);
#1724=VERTEX_POINT('',#5470);
#1725=VERTEX_POINT('',#5472);
#1726=VERTEX_POINT('',#5476);
#1727=VERTEX_POINT('',#5477);
#1728=VERTEX_POINT('',#5479);
#1729=VERTEX_POINT('',#5481);
#1730=VERTEX_POINT('',#5485);
#1731=VERTEX_POINT('',#5487);
#1732=VERTEX_POINT('',#5491);
#1733=VERTEX_POINT('',#5498);
#1734=VERTEX_POINT('',#5500);
#1735=VERTEX_POINT('',#5504);
#1736=VERTEX_POINT('',#5511);
#1737=VERTEX_POINT('',#5512);
#1738=VERTEX_POINT('',#5514);
#1739=VERTEX_POINT('',#5516);
#1740=VERTEX_POINT('',#5520);
#1741=VERTEX_POINT('',#5522);
#1742=VERTEX_POINT('',#5524);
#1743=VERTEX_POINT('',#5528);
#1744=VERTEX_POINT('',#5532);
#1745=VERTEX_POINT('',#5536);
#1746=VERTEX_POINT('',#5537);
#1747=VERTEX_POINT('',#5542);
#1748=EDGE_CURVE('',#1452,#1453,#1379,.F.);
#1749=EDGE_CURVE('',#1454,#1452,#1380,.F.);
#1750=EDGE_CURVE('',#1453,#1454,#1381,.F.);
#1751=EDGE_CURVE('',#1455,#1456,#1382,.T.);
#1752=EDGE_CURVE('',#1456,#1454,#243,.T.);
#1753=EDGE_CURVE('',#1452,#1455,#244,.T.);
#1754=EDGE_CURVE('',#1457,#1458,#1383,.F.);
#1755=EDGE_CURVE('',#1459,#1457,#1384,.F.);
#1756=EDGE_CURVE('',#1458,#1459,#1385,.F.);
#1757=EDGE_CURVE('',#1460,#1461,#1386,.T.);
#1758=EDGE_CURVE('',#1461,#1459,#245,.T.);
#1759=EDGE_CURVE('',#1457,#1460,#246,.T.);
#1760=EDGE_CURVE('',#1462,#1463,#1387,.F.);
#1761=EDGE_CURVE('',#1464,#1462,#1388,.F.);
#1762=EDGE_CURVE('',#1463,#1464,#1389,.F.);
#1763=EDGE_CURVE('',#1465,#1466,#1390,.T.);
#1764=EDGE_CURVE('',#1466,#1464,#247,.T.);
#1765=EDGE_CURVE('',#1462,#1465,#248,.T.);
#1766=EDGE_CURVE('',#1453,#1463,#249,.T.);
#1767=EDGE_CURVE('',#1464,#1452,#250,.T.);
#1768=EDGE_CURVE('',#1467,#1468,#1391,.F.);
#1769=EDGE_CURVE('',#1469,#1467,#1392,.F.);
#1770=EDGE_CURVE('',#1468,#1469,#1393,.F.);
#1771=EDGE_CURVE('',#1470,#1471,#1394,.T.);
#1772=EDGE_CURVE('',#1471,#1469,#251,.T.);
#1773=EDGE_CURVE('',#1467,#1470,#252,.T.);
#1774=EDGE_CURVE('',#1463,#1468,#253,.T.);
#1775=EDGE_CURVE('',#1469,#1462,#254,.T.);
#1776=EDGE_CURVE('',#1468,#1458,#255,.T.);
#1777=EDGE_CURVE('',#1459,#1467,#256,.T.);
#1778=EDGE_CURVE('',#1458,#1453,#257,.T.);
#1779=EDGE_CURVE('',#1454,#1457,#258,.T.);
#1780=EDGE_CURVE('',#1466,#1455,#259,.T.);
#1781=EDGE_CURVE('',#1471,#1465,#260,.T.);
#1782=EDGE_CURVE('',#1472,#1472,#1395,.T.);
#1783=EDGE_CURVE('',#1472,#1473,#261,.T.);
#1784=EDGE_CURVE('',#1473,#1473,#1396,.T.);
#1785=EDGE_CURVE('',#1461,#1470,#262,.T.);
#1786=EDGE_CURVE('',#1456,#1460,#263,.T.);
#1787=EDGE_CURVE('',#1474,#1475,#264,.T.);
#1788=EDGE_CURVE('',#1476,#1474,#265,.T.);
#1789=EDGE_CURVE('',#1477,#1476,#266,.T.);
#1790=EDGE_CURVE('',#1475,#1477,#267,.T.);
#1791=EDGE_CURVE('',#1476,#1478,#268,.T.);
#1792=EDGE_CURVE('',#1479,#1478,#269,.T.);
#1793=EDGE_CURVE('',#1480,#1479,#270,.T.);
#1794=EDGE_CURVE('',#1477,#1480,#271,.T.);
#1795=EDGE_CURVE('',#1481,#1474,#272,.T.);
#1796=EDGE_CURVE('',#1478,#1481,#273,.T.);
#1797=EDGE_CURVE('',#1482,#1479,#274,.T.);
#1798=EDGE_CURVE('',#1482,#1480,#1397,.T.);
#1799=EDGE_CURVE('',#1483,#1484,#275,.T.);
#1800=EDGE_CURVE('',#1482,#1483,#276,.T.);
#1801=EDGE_CURVE('',#1484,#1481,#277,.T.);
#1802=EDGE_CURVE('',#1485,#1484,#278,.T.);
#1803=EDGE_CURVE('',#1485,#1483,#1398,.T.);
#1804=EDGE_CURVE('',#1475,#1485,#279,.T.);
#1805=EDGE_CURVE('',#1486,#1487,#280,.T.);
#1806=EDGE_CURVE('',#1488,#1486,#281,.T.);
#1807=EDGE_CURVE('',#1489,#1488,#282,.T.);
#1808=EDGE_CURVE('',#1487,#1489,#283,.T.);
#1809=EDGE_CURVE('',#1488,#1490,#284,.T.);
#1810=EDGE_CURVE('',#1491,#1490,#285,.T.);
#1811=EDGE_CURVE('',#1492,#1491,#24,.T.);
#1812=EDGE_CURVE('',#1493,#1492,#286,.T.);
#1813=EDGE_CURVE('',#1489,#1493,#287,.T.);
#1814=EDGE_CURVE('',#1494,#1486,#288,.T.);
#1815=EDGE_CURVE('',#1490,#1494,#289,.T.);
#1816=EDGE_CURVE('',#1495,#1491,#290,.T.);
#1817=EDGE_CURVE('',#1492,#1495,#1399,.T.);
#1818=EDGE_CURVE('',#1496,#1495,#291,.T.);
#1819=EDGE_CURVE('',#1493,#1496,#1400,.T.);
#1820=EDGE_CURVE('',#1497,#1498,#13,.T.);
#1821=EDGE_CURVE('',#1496,#1497,#292,.T.);
#1822=EDGE_CURVE('',#1498,#1494,#293,.T.);
#1823=EDGE_CURVE('',#1499,#1498,#294,.T.);
#1824=EDGE_CURVE('',#1497,#1499,#1401,.T.);
#1825=EDGE_CURVE('',#1499,#1487,#295,.T.);
#1826=EDGE_CURVE('',#1500,#1501,#296,.T.);
#1827=EDGE_CURVE('',#1502,#1500,#297,.T.);
#1828=EDGE_CURVE('',#1503,#1502,#298,.T.);
#1829=EDGE_CURVE('',#1501,#1503,#299,.T.);
#1830=EDGE_CURVE('',#1502,#1504,#300,.T.);
#1831=EDGE_CURVE('',#1505,#1504,#301,.T.);
#1832=EDGE_CURVE('',#1506,#1505,#25,.T.);
#1833=EDGE_CURVE('',#1507,#1506,#302,.T.);
#1834=EDGE_CURVE('',#1503,#1507,#303,.T.);
#1835=EDGE_CURVE('',#1508,#1500,#304,.T.);
#1836=EDGE_CURVE('',#1504,#1508,#305,.T.);
#1837=EDGE_CURVE('',#1509,#1505,#306,.T.);
#1838=EDGE_CURVE('',#1506,#1509,#1402,.T.);
#1839=EDGE_CURVE('',#1510,#1509,#307,.T.);
#1840=EDGE_CURVE('',#1507,#1510,#1403,.T.);
#1841=EDGE_CURVE('',#1511,#1512,#14,.T.);
#1842=EDGE_CURVE('',#1510,#1511,#308,.T.);
#1843=EDGE_CURVE('',#1512,#1508,#309,.T.);
#1844=EDGE_CURVE('',#1513,#1512,#310,.T.);
#1845=EDGE_CURVE('',#1511,#1513,#1404,.T.);
#1846=EDGE_CURVE('',#1513,#1501,#311,.T.);
#1847=EDGE_CURVE('',#1514,#1515,#312,.T.);
#1848=EDGE_CURVE('',#1516,#1514,#313,.T.);
#1849=EDGE_CURVE('',#1517,#1516,#314,.T.);
#1850=EDGE_CURVE('',#1515,#1517,#315,.T.);
#1851=EDGE_CURVE('',#1516,#1518,#316,.T.);
#1852=EDGE_CURVE('',#1519,#1518,#317,.T.);
#1853=EDGE_CURVE('',#1520,#1519,#26,.T.);
#1854=EDGE_CURVE('',#1521,#1520,#318,.T.);
#1855=EDGE_CURVE('',#1517,#1521,#319,.T.);
#1856=EDGE_CURVE('',#1522,#1514,#320,.T.);
#1857=EDGE_CURVE('',#1518,#1522,#321,.T.);
#1858=EDGE_CURVE('',#1523,#1519,#322,.T.);
#1859=EDGE_CURVE('',#1520,#1523,#1405,.T.);
#1860=EDGE_CURVE('',#1524,#1523,#323,.T.);
#1861=EDGE_CURVE('',#1521,#1524,#1406,.T.);
#1862=EDGE_CURVE('',#1525,#1526,#15,.T.);
#1863=EDGE_CURVE('',#1524,#1525,#324,.T.);
#1864=EDGE_CURVE('',#1526,#1522,#325,.T.);
#1865=EDGE_CURVE('',#1527,#1526,#326,.T.);
#1866=EDGE_CURVE('',#1525,#1527,#1407,.T.);
#1867=EDGE_CURVE('',#1527,#1515,#327,.T.);
#1868=EDGE_CURVE('',#1528,#1529,#328,.T.);
#1869=EDGE_CURVE('',#1530,#1528,#329,.T.);
#1870=EDGE_CURVE('',#1531,#1530,#330,.T.);
#1871=EDGE_CURVE('',#1529,#1531,#331,.T.);
#1872=EDGE_CURVE('',#1530,#1532,#332,.T.);
#1873=EDGE_CURVE('',#1533,#1532,#333,.T.);
#1874=EDGE_CURVE('',#1534,#1533,#334,.T.);
#1875=EDGE_CURVE('',#1531,#1534,#335,.T.);
#1876=EDGE_CURVE('',#1535,#1528,#336,.T.);
#1877=EDGE_CURVE('',#1532,#1535,#337,.T.);
#1878=EDGE_CURVE('',#1536,#1533,#338,.T.);
#1879=EDGE_CURVE('',#1534,#1536,#1408,.T.);
#1880=EDGE_CURVE('',#1537,#1538,#339,.T.);
#1881=EDGE_CURVE('',#1537,#1536,#340,.T.);
#1882=EDGE_CURVE('',#1538,#1535,#341,.T.);
#1883=EDGE_CURVE('',#1539,#1538,#342,.T.);
#1884=EDGE_CURVE('',#1537,#1539,#1409,.T.);
#1885=EDGE_CURVE('',#1529,#1539,#343,.T.);
#1886=EDGE_CURVE('',#1540,#1541,#344,.T.);
#1887=EDGE_CURVE('',#1542,#1540,#345,.T.);
#1888=EDGE_CURVE('',#1543,#1542,#346,.T.);
#1889=EDGE_CURVE('',#1541,#1543,#347,.T.);
#1890=EDGE_CURVE('',#1542,#1544,#348,.T.);
#1891=EDGE_CURVE('',#1545,#1544,#349,.T.);
#1892=EDGE_CURVE('',#1546,#1545,#350,.T.);
#1893=EDGE_CURVE('',#1543,#1546,#351,.T.);
#1894=EDGE_CURVE('',#1547,#1540,#352,.T.);
#1895=EDGE_CURVE('',#1544,#1547,#353,.T.);
#1896=EDGE_CURVE('',#1548,#1545,#354,.T.);
#1897=EDGE_CURVE('',#1546,#1548,#1410,.T.);
#1898=EDGE_CURVE('',#1549,#1550,#355,.T.);
#1899=EDGE_CURVE('',#1549,#1548,#356,.T.);
#1900=EDGE_CURVE('',#1550,#1547,#357,.T.);
#1901=EDGE_CURVE('',#1551,#1550,#358,.T.);
#1902=EDGE_CURVE('',#1549,#1551,#1411,.T.);
#1903=EDGE_CURVE('',#1541,#1551,#359,.T.);
#1904=EDGE_CURVE('',#1552,#1553,#360,.T.);
#1905=EDGE_CURVE('',#1552,#1554,#361,.T.);
#1906=EDGE_CURVE('',#1555,#1554,#362,.T.);
#1907=EDGE_CURVE('',#1553,#1555,#363,.T.);
#1908=EDGE_CURVE('',#1553,#1556,#1412,.T.);
#1909=EDGE_CURVE('',#1557,#1555,#1413,.T.);
#1910=EDGE_CURVE('',#1556,#1557,#364,.T.);
#1911=EDGE_CURVE('',#1556,#1558,#365,.T.);
#1912=EDGE_CURVE('',#1559,#1557,#366,.T.);
#1913=EDGE_CURVE('',#1558,#1559,#367,.T.);
#1914=EDGE_CURVE('',#1558,#1560,#1414,.T.);
#1915=EDGE_CURVE('',#1561,#1559,#1415,.T.);
#1916=EDGE_CURVE('',#1560,#1561,#368,.T.);
#1917=EDGE_CURVE('',#1562,#1560,#369,.T.);
#1918=EDGE_CURVE('',#1563,#1561,#370,.T.);
#1919=EDGE_CURVE('',#1562,#1563,#371,.T.);
#1920=EDGE_CURVE('',#1562,#1564,#1416,.T.);
#1921=EDGE_CURVE('',#1565,#1563,#1417,.T.);
#1922=EDGE_CURVE('',#1564,#1565,#372,.T.);
#1923=EDGE_CURVE('',#1566,#1564,#373,.T.);
#1924=EDGE_CURVE('',#1567,#1565,#374,.T.);
#1925=EDGE_CURVE('',#1566,#1567,#375,.T.);
#1926=EDGE_CURVE('',#1566,#1552,#1418,.T.);
#1927=EDGE_CURVE('',#1554,#1567,#1419,.T.);
#1928=EDGE_CURVE('',#1568,#1569,#376,.T.);
#1929=EDGE_CURVE('',#1570,#1568,#377,.T.);
#1930=EDGE_CURVE('',#1571,#1570,#378,.T.);
#1931=EDGE_CURVE('',#1569,#1571,#379,.T.);
#1932=EDGE_CURVE('',#1570,#1572,#380,.T.);
#1933=EDGE_CURVE('',#1572,#1573,#381,.T.);
#1934=EDGE_CURVE('',#1573,#1574,#382,.T.);
#1935=EDGE_CURVE('',#1574,#1571,#383,.T.);
#1936=EDGE_CURVE('',#1568,#1575,#384,.T.);
#1937=EDGE_CURVE('',#1576,#1575,#1420,.T.);
#1938=EDGE_CURVE('',#1577,#1576,#385,.T.);
#1939=EDGE_CURVE('',#1572,#1577,#1421,.T.);
#1940=EDGE_CURVE('',#1569,#1578,#386,.T.);
#1941=EDGE_CURVE('',#1579,#1578,#387,.T.);
#1942=EDGE_CURVE('',#1575,#1579,#388,.T.);
#1943=EDGE_CURVE('',#1576,#1579,#389,.T.);
#1944=EDGE_CURVE('',#1577,#1573,#390,.T.);
#1945=EDGE_CURVE('',#1578,#1574,#391,.T.);
#1946=EDGE_CURVE('',#1580,#1581,#392,.T.);
#1947=EDGE_CURVE('',#1582,#1580,#393,.T.);
#1948=EDGE_CURVE('',#1583,#1582,#394,.T.);
#1949=EDGE_CURVE('',#1581,#1583,#395,.T.);
#1950=EDGE_CURVE('',#1584,#1585,#396,.T.);
#1951=EDGE_CURVE('',#1586,#1584,#397,.T.);
#1952=EDGE_CURVE('',#1587,#1586,#398,.T.);
#1953=EDGE_CURVE('',#1585,#1587,#399,.T.);
#1954=EDGE_CURVE('',#1588,#1589,#400,.T.);
#1955=EDGE_CURVE('',#1590,#1588,#401,.T.);
#1956=EDGE_CURVE('',#1591,#1590,#402,.T.);
#1957=EDGE_CURVE('',#1589,#1591,#403,.T.);
#1958=EDGE_CURVE('',#1586,#1592,#404,.T.);
#1959=EDGE_CURVE('',#1592,#1593,#405,.T.);
#1960=EDGE_CURVE('',#1593,#1594,#406,.T.);
#1961=EDGE_CURVE('',#1594,#1587,#407,.T.);
#1962=EDGE_CURVE('',#1595,#1590,#408,.T.);
#1963=EDGE_CURVE('',#1595,#1596,#409,.T.);
#1964=EDGE_CURVE('',#1596,#1591,#410,.T.);
#1965=EDGE_CURVE('',#1582,#1597,#411,.T.);
#1966=EDGE_CURVE('',#1597,#1598,#412,.T.);
#1967=EDGE_CURVE('',#1598,#1583,#413,.T.);
#1968=EDGE_CURVE('',#1599,#1584,#414,.T.);
#1969=EDGE_CURVE('',#1599,#1595,#1422,.T.);
#1970=EDGE_CURVE('',#1600,#1588,#415,.T.);
#1971=EDGE_CURVE('',#1600,#1601,#1423,.T.);
#1972=EDGE_CURVE('',#1601,#1602,#416,.T.);
#1973=EDGE_CURVE('',#1602,#1597,#1424,.T.);
#1974=EDGE_CURVE('',#1580,#1603,#417,.T.);
#1975=EDGE_CURVE('',#1592,#1603,#1425,.T.);
#1976=EDGE_CURVE('',#1589,#1604,#418,.T.);
#1977=EDGE_CURVE('',#1600,#1604,#419,.T.);
#1978=EDGE_CURVE('',#1601,#1605,#420,.T.);
#1979=EDGE_CURVE('',#1604,#1605,#1426,.T.);
#1980=EDGE_CURVE('',#1602,#1606,#421,.T.);
#1981=EDGE_CURVE('',#1605,#1606,#422,.T.);
#1982=EDGE_CURVE('',#1606,#1598,#1427,.T.);
#1983=EDGE_CURVE('',#1581,#1594,#423,.T.);
#1984=EDGE_CURVE('',#1603,#1593,#424,.T.);
#1985=EDGE_CURVE('',#1585,#1607,#425,.T.);
#1986=EDGE_CURVE('',#1599,#1607,#426,.T.);
#1987=EDGE_CURVE('',#1607,#1596,#1428,.T.);
#1988=EDGE_CURVE('',#1608,#1609,#427,.T.);
#1989=EDGE_CURVE('',#1610,#1608,#428,.T.);
#1990=EDGE_CURVE('',#1611,#1610,#429,.T.);
#1991=EDGE_CURVE('',#1609,#1611,#430,.T.);
#1992=EDGE_CURVE('',#1612,#1613,#431,.T.);
#1993=EDGE_CURVE('',#1614,#1612,#432,.T.);
#1994=EDGE_CURVE('',#1615,#1614,#433,.T.);
#1995=EDGE_CURVE('',#1613,#1615,#434,.T.);
#1996=EDGE_CURVE('',#1616,#1617,#435,.T.);
#1997=EDGE_CURVE('',#1618,#1616,#436,.T.);
#1998=EDGE_CURVE('',#1619,#1618,#437,.T.);
#1999=EDGE_CURVE('',#1617,#1619,#438,.T.);
#2000=EDGE_CURVE('',#1614,#1620,#439,.T.);
#2001=EDGE_CURVE('',#1620,#1621,#440,.T.);
#2002=EDGE_CURVE('',#1621,#1622,#441,.T.);
#2003=EDGE_CURVE('',#1622,#1615,#442,.T.);
#2004=EDGE_CURVE('',#1623,#1610,#443,.T.);
#2005=EDGE_CURVE('',#1623,#1624,#444,.T.);
#2006=EDGE_CURVE('',#1624,#1611,#445,.T.);
#2007=EDGE_CURVE('',#1625,#1618,#446,.T.);
#2008=EDGE_CURVE('',#1625,#1626,#447,.T.);
#2009=EDGE_CURVE('',#1626,#1619,#448,.T.);
#2010=EDGE_CURVE('',#1612,#1627,#449,.T.);
#2011=EDGE_CURVE('',#1628,#1627,#1429,.T.);
#2012=EDGE_CURVE('',#1629,#1628,#450,.T.);
#2013=EDGE_CURVE('',#1623,#1629,#1430,.T.);
#2014=EDGE_CURVE('',#1630,#1608,#451,.T.);
#2015=EDGE_CURVE('',#1625,#1630,#1431,.T.);
#2016=EDGE_CURVE('',#1616,#1631,#452,.T.);
#2017=EDGE_CURVE('',#1631,#1620,#1432,.T.);
#2018=EDGE_CURVE('',#1617,#1622,#453,.T.);
#2019=EDGE_CURVE('',#1631,#1621,#454,.T.);
#2020=EDGE_CURVE('',#1613,#1632,#455,.T.);
#2021=EDGE_CURVE('',#1627,#1632,#456,.T.);
#2022=EDGE_CURVE('',#1628,#1633,#457,.T.);
#2023=EDGE_CURVE('',#1632,#1633,#1433,.T.);
#2024=EDGE_CURVE('',#1629,#1634,#458,.T.);
#2025=EDGE_CURVE('',#1633,#1634,#459,.T.);
#2026=EDGE_CURVE('',#1634,#1624,#1434,.T.);
#2027=EDGE_CURVE('',#1609,#1635,#460,.T.);
#2028=EDGE_CURVE('',#1630,#1635,#461,.T.);
#2029=EDGE_CURVE('',#1635,#1626,#1435,.T.);
#2030=EDGE_CURVE('',#1636,#1637,#462,.T.);
#2031=EDGE_CURVE('',#1638,#1636,#463,.T.);
#2032=EDGE_CURVE('',#1639,#1638,#464,.T.);
#2033=EDGE_CURVE('',#1637,#1639,#465,.T.);
#2034=EDGE_CURVE('',#1638,#1640,#466,.T.);
#2035=EDGE_CURVE('',#1641,#1640,#467,.T.);
#2036=EDGE_CURVE('',#1639,#1641,#468,.T.);
#2037=EDGE_CURVE('',#1642,#1636,#469,.T.);
#2038=EDGE_CURVE('',#1640,#1642,#470,.T.);
#2039=EDGE_CURVE('',#1643,#1642,#471,.T.);
#2040=EDGE_CURVE('',#1641,#1643,#472,.T.);
#2041=EDGE_CURVE('',#1643,#1637,#473,.T.);
#2042=EDGE_CURVE('',#1644,#1645,#474,.T.);
#2043=EDGE_CURVE('',#1646,#1644,#475,.T.);
#2044=EDGE_CURVE('',#1647,#1646,#476,.T.);
#2045=EDGE_CURVE('',#1645,#1647,#477,.T.);
#2046=EDGE_CURVE('',#1646,#1648,#478,.T.);
#2047=EDGE_CURVE('',#1649,#1648,#479,.T.);
#2048=EDGE_CURVE('',#1650,#1649,#480,.T.);
#2049=EDGE_CURVE('',#1647,#1650,#481,.T.);
#2050=EDGE_CURVE('',#1651,#1644,#482,.T.);
#2051=EDGE_CURVE('',#1648,#1651,#483,.T.);
#2052=EDGE_CURVE('',#1652,#1649,#484,.T.);
#2053=EDGE_CURVE('',#1652,#1650,#1436,.T.);
#2054=EDGE_CURVE('',#1653,#1654,#485,.T.);
#2055=EDGE_CURVE('',#1652,#1653,#486,.T.);
#2056=EDGE_CURVE('',#1654,#1651,#487,.T.);
#2057=EDGE_CURVE('',#1655,#1654,#488,.T.);
#2058=EDGE_CURVE('',#1655,#1653,#1437,.T.);
#2059=EDGE_CURVE('',#1645,#1655,#489,.T.);
#2060=EDGE_CURVE('',#1656,#1657,#490,.T.);
#2061=EDGE_CURVE('',#1658,#1656,#491,.T.);
#2062=EDGE_CURVE('',#1659,#1658,#492,.T.);
#2063=EDGE_CURVE('',#1657,#1659,#493,.T.);
#2064=EDGE_CURVE('',#1658,#1660,#494,.T.);
#2065=EDGE_CURVE('',#1660,#1661,#495,.T.);
#2066=EDGE_CURVE('',#1661,#1662,#496,.T.);
#2067=EDGE_CURVE('',#1662,#1659,#497,.T.);
#2068=EDGE_CURVE('',#1656,#1663,#498,.T.);
#2069=EDGE_CURVE('',#1663,#1664,#1438,.T.);
#2070=EDGE_CURVE('',#1664,#1665,#499,.T.);
#2071=EDGE_CURVE('',#1665,#1660,#1439,.T.);
#2072=EDGE_CURVE('',#1663,#1666,#27,.T.);
#2073=EDGE_CURVE('',#1664,#1666,#500,.T.);
#2074=EDGE_CURVE('',#1665,#1661,#501,.T.);
#2075=EDGE_CURVE('',#1666,#1667,#502,.T.);
#2076=EDGE_CURVE('',#1667,#1662,#503,.T.);
#2077=EDGE_CURVE('',#1657,#1667,#504,.T.);
#2078=EDGE_CURVE('',#1668,#1669,#505,.T.);
#2079=EDGE_CURVE('',#1670,#1668,#506,.T.);
#2080=EDGE_CURVE('',#1671,#1670,#507,.T.);
#2081=EDGE_CURVE('',#1669,#1671,#508,.T.);
#2082=EDGE_CURVE('',#1670,#1672,#509,.T.);
#2083=EDGE_CURVE('',#1673,#1672,#510,.T.);
#2084=EDGE_CURVE('',#1674,#1673,#511,.T.);
#2085=EDGE_CURVE('',#1671,#1674,#512,.T.);
#2086=EDGE_CURVE('',#1675,#1668,#513,.T.);
#2087=EDGE_CURVE('',#1672,#1675,#514,.T.);
#2088=EDGE_CURVE('',#1676,#1673,#515,.T.);
#2089=EDGE_CURVE('',#1674,#1676,#1440,.T.);
#2090=EDGE_CURVE('',#1677,#1678,#516,.T.);
#2091=EDGE_CURVE('',#1677,#1676,#517,.T.);
#2092=EDGE_CURVE('',#1678,#1675,#518,.T.);
#2093=EDGE_CURVE('',#1679,#1678,#519,.T.);
#2094=EDGE_CURVE('',#1677,#1679,#1441,.T.);
#2095=EDGE_CURVE('',#1669,#1679,#520,.T.);
#2096=EDGE_CURVE('',#1680,#1681,#521,.T.);
#2097=EDGE_CURVE('',#1682,#1680,#522,.T.);
#2098=EDGE_CURVE('',#1683,#1682,#523,.T.);
#2099=EDGE_CURVE('',#1681,#1683,#524,.T.);
#2100=EDGE_CURVE('',#1684,#1685,#525,.T.);
#2101=EDGE_CURVE('',#1686,#1684,#526,.T.);
#2102=EDGE_CURVE('',#1687,#1686,#527,.T.);
#2103=EDGE_CURVE('',#1685,#1687,#528,.T.);
#2104=EDGE_CURVE('',#1682,#1688,#529,.T.);
#2105=EDGE_CURVE('',#1689,#1688,#530,.T.);
#2106=EDGE_CURVE('',#1690,#1689,#531,.T.);
#2107=EDGE_CURVE('',#1683,#1690,#532,.T.);
#2108=EDGE_CURVE('',#1691,#1680,#533,.T.);
#2109=EDGE_CURVE('',#1685,#1691,#534,.T.);
#2110=EDGE_CURVE('',#1688,#1687,#535,.T.);
#2111=EDGE_CURVE('',#1692,#1686,#536,.T.);
#2112=EDGE_CURVE('',#1692,#1689,#537,.T.);
#2113=EDGE_CURVE('',#1692,#1690,#1442,.T.);
#2114=EDGE_CURVE('',#1693,#1691,#538,.T.);
#2115=EDGE_CURVE('',#1693,#1684,#539,.T.);
#2116=EDGE_CURVE('',#1681,#1693,#540,.T.);
#2117=EDGE_CURVE('',#1694,#1695,#541,.T.);
#2118=EDGE_CURVE('',#1696,#1694,#542,.T.);
#2119=EDGE_CURVE('',#1697,#1696,#543,.T.);
#2120=EDGE_CURVE('',#1695,#1697,#544,.T.);
#2121=EDGE_CURVE('',#1696,#1698,#545,.T.);
#2122=EDGE_CURVE('',#1699,#1698,#546,.T.);
#2123=EDGE_CURVE('',#1700,#1699,#28,.T.);
#2124=EDGE_CURVE('',#1701,#1700,#547,.T.);
#2125=EDGE_CURVE('',#1697,#1701,#548,.T.);
#2126=EDGE_CURVE('',#1702,#1694,#549,.T.);
#2127=EDGE_CURVE('',#1698,#1702,#550,.T.);
#2128=EDGE_CURVE('',#1703,#1699,#551,.T.);
#2129=EDGE_CURVE('',#1700,#1703,#1443,.T.);
#2130=EDGE_CURVE('',#1704,#1703,#552,.T.);
#2131=EDGE_CURVE('',#1701,#1704,#1444,.T.);
#2132=EDGE_CURVE('',#1705,#1706,#16,.T.);
#2133=EDGE_CURVE('',#1704,#1705,#553,.T.);
#2134=EDGE_CURVE('',#1706,#1702,#554,.T.);
#2135=EDGE_CURVE('',#1707,#1706,#555,.T.);
#2136=EDGE_CURVE('',#1705,#1707,#1445,.T.);
#2137=EDGE_CURVE('',#1707,#1695,#556,.T.);
#2138=EDGE_CURVE('',#1708,#1709,#557,.T.);
#2139=EDGE_CURVE('',#1710,#1708,#558,.T.);
#2140=EDGE_CURVE('',#1711,#1710,#559,.T.);
#2141=EDGE_CURVE('',#1709,#1711,#560,.T.);
#2142=EDGE_CURVE('',#1710,#1712,#561,.T.);
#2143=EDGE_CURVE('',#1713,#1712,#562,.T.);
#2144=EDGE_CURVE('',#1714,#1713,#29,.T.);
#2145=EDGE_CURVE('',#1715,#1714,#563,.T.);
#2146=EDGE_CURVE('',#1711,#1715,#564,.T.);
#2147=EDGE_CURVE('',#1716,#1708,#565,.T.);
#2148=EDGE_CURVE('',#1712,#1716,#566,.T.);
#2149=EDGE_CURVE('',#1717,#1713,#567,.T.);
#2150=EDGE_CURVE('',#1714,#1717,#1446,.T.);
#2151=EDGE_CURVE('',#1718,#1717,#568,.T.);
#2152=EDGE_CURVE('',#1715,#1718,#1447,.T.);
#2153=EDGE_CURVE('',#1719,#1720,#17,.T.);
#2154=EDGE_CURVE('',#1718,#1719,#569,.T.);
#2155=EDGE_CURVE('',#1720,#1716,#570,.T.);
#2156=EDGE_CURVE('',#1721,#1720,#571,.T.);
#2157=EDGE_CURVE('',#1719,#1721,#1448,.T.);
#2158=EDGE_CURVE('',#1721,#1709,#572,.T.);
#2159=EDGE_CURVE('',#1722,#1723,#573,.T.);
#2160=EDGE_CURVE('',#1724,#1722,#574,.T.);
#2161=EDGE_CURVE('',#1725,#1724,#575,.T.);
#2162=EDGE_CURVE('',#1723,#1725,#576,.T.);
#2163=EDGE_CURVE('',#1726,#1727,#577,.T.);
#2164=EDGE_CURVE('',#1728,#1726,#578,.T.);
#2165=EDGE_CURVE('',#1729,#1728,#579,.T.);
#2166=EDGE_CURVE('',#1727,#1729,#580,.T.);
#2167=EDGE_CURVE('',#1724,#1730,#581,.T.);
#2168=EDGE_CURVE('',#1731,#1730,#582,.T.);
#2169=EDGE_CURVE('',#1725,#1731,#583,.T.);
#2170=EDGE_CURVE('',#1732,#1722,#584,.T.);
#2171=EDGE_CURVE('',#1727,#1732,#585,.T.);
#2172=EDGE_CURVE('',#1730,#1729,#586,.T.);
#2173=EDGE_CURVE('',#1731,#1728,#587,.T.);
#2174=EDGE_CURVE('',#1733,#1732,#588,.T.);
#2175=EDGE_CURVE('',#1734,#1733,#589,.T.);
#2176=EDGE_CURVE('',#1734,#1726,#590,.T.);
#2177=EDGE_CURVE('',#1735,#1733,#591,.T.);
#2178=EDGE_CURVE('',#1734,#1735,#1449,.T.);
#2179=EDGE_CURVE('',#1723,#1735,#592,.T.);
#2180=EDGE_CURVE('',#1736,#1737,#593,.T.);
#2181=EDGE_CURVE('',#1738,#1736,#594,.T.);
#2182=EDGE_CURVE('',#1739,#1738,#595,.T.);
#2183=EDGE_CURVE('',#1737,#1739,#596,.T.);
#2184=EDGE_CURVE('',#1738,#1740,#597,.T.);
#2185=EDGE_CURVE('',#1741,#1740,#598,.T.);
#2186=EDGE_CURVE('',#1742,#1741,#599,.T.);
#2187=EDGE_CURVE('',#1739,#1742,#600,.T.);
#2188=EDGE_CURVE('',#1743,#1736,#601,.T.);
#2189=EDGE_CURVE('',#1740,#1743,#602,.T.);
#2190=EDGE_CURVE('',#1744,#1741,#603,.T.);
#2191=EDGE_CURVE('',#1744,#1742,#1450,.T.);
#2192=EDGE_CURVE('',#1745,#1746,#604,.T.);
#2193=EDGE_CURVE('',#1744,#1745,#605,.T.);
#2194=EDGE_CURVE('',#1746,#1743,#606,.T.);
#2195=EDGE_CURVE('',#1747,#1746,#607,.T.);
#2196=EDGE_CURVE('',#1747,#1745,#1451,.T.);
#2197=EDGE_CURVE('',#1737,#1747,#608,.T.);
#2198=ORIENTED_EDGE('',*,*,#1748,.F.);
#2199=ORIENTED_EDGE('',*,*,#1749,.F.);
#2200=ORIENTED_EDGE('',*,*,#1750,.F.);
#2201=ORIENTED_EDGE('',*,*,#1751,.T.);
#2202=ORIENTED_EDGE('',*,*,#1752,.T.);
#2203=ORIENTED_EDGE('',*,*,#1749,.T.);
#2204=ORIENTED_EDGE('',*,*,#1753,.T.);
#2205=ORIENTED_EDGE('',*,*,#1754,.F.);
#2206=ORIENTED_EDGE('',*,*,#1755,.F.);
#2207=ORIENTED_EDGE('',*,*,#1756,.F.);
#2208=ORIENTED_EDGE('',*,*,#1757,.T.);
#2209=ORIENTED_EDGE('',*,*,#1758,.T.);
#2210=ORIENTED_EDGE('',*,*,#1755,.T.);
#2211=ORIENTED_EDGE('',*,*,#1759,.T.);
#2212=ORIENTED_EDGE('',*,*,#1760,.F.);
#2213=ORIENTED_EDGE('',*,*,#1761,.F.);
#2214=ORIENTED_EDGE('',*,*,#1762,.F.);
#2215=ORIENTED_EDGE('',*,*,#1763,.T.);
#2216=ORIENTED_EDGE('',*,*,#1764,.T.);
#2217=ORIENTED_EDGE('',*,*,#1761,.T.);
#2218=ORIENTED_EDGE('',*,*,#1765,.T.);
#2219=ORIENTED_EDGE('',*,*,#1748,.T.);
#2220=ORIENTED_EDGE('',*,*,#1766,.T.);
#2221=ORIENTED_EDGE('',*,*,#1762,.T.);
#2222=ORIENTED_EDGE('',*,*,#1767,.T.);
#2223=ORIENTED_EDGE('',*,*,#1768,.F.);
#2224=ORIENTED_EDGE('',*,*,#1769,.F.);
#2225=ORIENTED_EDGE('',*,*,#1770,.F.);
#2226=ORIENTED_EDGE('',*,*,#1771,.T.);
#2227=ORIENTED_EDGE('',*,*,#1772,.T.);
#2228=ORIENTED_EDGE('',*,*,#1769,.T.);
#2229=ORIENTED_EDGE('',*,*,#1773,.T.);
#2230=ORIENTED_EDGE('',*,*,#1760,.T.);
#2231=ORIENTED_EDGE('',*,*,#1774,.T.);
#2232=ORIENTED_EDGE('',*,*,#1770,.T.);
#2233=ORIENTED_EDGE('',*,*,#1775,.T.);
#2234=ORIENTED_EDGE('',*,*,#1768,.T.);
#2235=ORIENTED_EDGE('',*,*,#1776,.T.);
#2236=ORIENTED_EDGE('',*,*,#1756,.T.);
#2237=ORIENTED_EDGE('',*,*,#1777,.T.);
#2238=ORIENTED_EDGE('',*,*,#1754,.T.);
#2239=ORIENTED_EDGE('',*,*,#1778,.T.);
#2240=ORIENTED_EDGE('',*,*,#1750,.T.);
#2241=ORIENTED_EDGE('',*,*,#1779,.T.);
#2242=ORIENTED_EDGE('',*,*,#1753,.F.);
#2243=ORIENTED_EDGE('',*,*,#1767,.F.);
#2244=ORIENTED_EDGE('',*,*,#1764,.F.);
#2245=ORIENTED_EDGE('',*,*,#1780,.T.);
#2246=ORIENTED_EDGE('',*,*,#1765,.F.);
#2247=ORIENTED_EDGE('',*,*,#1775,.F.);
#2248=ORIENTED_EDGE('',*,*,#1772,.F.);
#2249=ORIENTED_EDGE('',*,*,#1781,.T.);
#2250=ORIENTED_EDGE('',*,*,#1766,.F.);
#2251=ORIENTED_EDGE('',*,*,#1778,.F.);
#2252=ORIENTED_EDGE('',*,*,#1776,.F.);
#2253=ORIENTED_EDGE('',*,*,#1774,.F.);
#2254=ORIENTED_EDGE('',*,*,#1782,.T.);
#2255=ORIENTED_EDGE('',*,*,#1782,.F.);
#2256=ORIENTED_EDGE('',*,*,#1783,.T.);
#2257=ORIENTED_EDGE('',*,*,#1784,.T.);
#2258=ORIENTED_EDGE('',*,*,#1783,.F.);
#2259=ORIENTED_EDGE('',*,*,#1784,.F.);
#2260=ORIENTED_EDGE('',*,*,#1751,.F.);
#2261=ORIENTED_EDGE('',*,*,#1780,.F.);
#2262=ORIENTED_EDGE('',*,*,#1763,.F.);
#2263=ORIENTED_EDGE('',*,*,#1781,.F.);
#2264=ORIENTED_EDGE('',*,*,#1771,.F.);
#2265=ORIENTED_EDGE('',*,*,#1785,.F.);
#2266=ORIENTED_EDGE('',*,*,#1757,.F.);
#2267=ORIENTED_EDGE('',*,*,#1786,.F.);
#2268=ORIENTED_EDGE('',*,*,#1758,.F.);
#2269=ORIENTED_EDGE('',*,*,#1785,.T.);
#2270=ORIENTED_EDGE('',*,*,#1773,.F.);
#2271=ORIENTED_EDGE('',*,*,#1777,.F.);
#2272=ORIENTED_EDGE('',*,*,#1752,.F.);
#2273=ORIENTED_EDGE('',*,*,#1786,.T.);
#2274=ORIENTED_EDGE('',*,*,#1759,.F.);
#2275=ORIENTED_EDGE('',*,*,#1779,.F.);
#2276=ORIENTED_EDGE('',*,*,#1787,.F.);
#2277=ORIENTED_EDGE('',*,*,#1788,.F.);
#2278=ORIENTED_EDGE('',*,*,#1789,.F.);
#2279=ORIENTED_EDGE('',*,*,#1790,.F.);
#2280=ORIENTED_EDGE('',*,*,#1789,.T.);
#2281=ORIENTED_EDGE('',*,*,#1791,.T.);
#2282=ORIENTED_EDGE('',*,*,#1792,.F.);
#2283=ORIENTED_EDGE('',*,*,#1793,.F.);
#2284=ORIENTED_EDGE('',*,*,#1794,.F.);
#2285=ORIENTED_EDGE('',*,*,#1788,.T.);
#2286=ORIENTED_EDGE('',*,*,#1795,.F.);
#2287=ORIENTED_EDGE('',*,*,#1796,.F.);
#2288=ORIENTED_EDGE('',*,*,#1791,.F.);
#2289=ORIENTED_EDGE('',*,*,#1793,.T.);
#2290=ORIENTED_EDGE('',*,*,#1797,.F.);
#2291=ORIENTED_EDGE('',*,*,#1798,.T.);
#2292=ORIENTED_EDGE('',*,*,#1799,.F.);
#2293=ORIENTED_EDGE('',*,*,#1800,.F.);
#2294=ORIENTED_EDGE('',*,*,#1797,.T.);
#2295=ORIENTED_EDGE('',*,*,#1792,.T.);
#2296=ORIENTED_EDGE('',*,*,#1796,.T.);
#2297=ORIENTED_EDGE('',*,*,#1801,.F.);
#2298=ORIENTED_EDGE('',*,*,#1799,.T.);
#2299=ORIENTED_EDGE('',*,*,#1802,.F.);
#2300=ORIENTED_EDGE('',*,*,#1803,.T.);
#2301=ORIENTED_EDGE('',*,*,#1787,.T.);
#2302=ORIENTED_EDGE('',*,*,#1804,.T.);
#2303=ORIENTED_EDGE('',*,*,#1802,.T.);
#2304=ORIENTED_EDGE('',*,*,#1801,.T.);
#2305=ORIENTED_EDGE('',*,*,#1795,.T.);
#2306=ORIENTED_EDGE('',*,*,#1790,.T.);
#2307=ORIENTED_EDGE('',*,*,#1794,.T.);
#2308=ORIENTED_EDGE('',*,*,#1798,.F.);
#2309=ORIENTED_EDGE('',*,*,#1800,.T.);
#2310=ORIENTED_EDGE('',*,*,#1803,.F.);
#2311=ORIENTED_EDGE('',*,*,#1804,.F.);
#2312=ORIENTED_EDGE('',*,*,#1805,.F.);
#2313=ORIENTED_EDGE('',*,*,#1806,.F.);
#2314=ORIENTED_EDGE('',*,*,#1807,.F.);
#2315=ORIENTED_EDGE('',*,*,#1808,.F.);
#2316=ORIENTED_EDGE('',*,*,#1807,.T.);
#2317=ORIENTED_EDGE('',*,*,#1809,.T.);
#2318=ORIENTED_EDGE('',*,*,#1810,.F.);
#2319=ORIENTED_EDGE('',*,*,#1811,.F.);
#2320=ORIENTED_EDGE('',*,*,#1812,.F.);
#2321=ORIENTED_EDGE('',*,*,#1813,.F.);
#2322=ORIENTED_EDGE('',*,*,#1806,.T.);
#2323=ORIENTED_EDGE('',*,*,#1814,.F.);
#2324=ORIENTED_EDGE('',*,*,#1815,.F.);
#2325=ORIENTED_EDGE('',*,*,#1809,.F.);
#2326=ORIENTED_EDGE('',*,*,#1811,.T.);
#2327=ORIENTED_EDGE('',*,*,#1816,.F.);
#2328=ORIENTED_EDGE('',*,*,#1817,.F.);
#2329=ORIENTED_EDGE('',*,*,#1817,.T.);
#2330=ORIENTED_EDGE('',*,*,#1818,.F.);
#2331=ORIENTED_EDGE('',*,*,#1819,.F.);
#2332=ORIENTED_EDGE('',*,*,#1812,.T.);
#2333=ORIENTED_EDGE('',*,*,#1820,.F.);
#2334=ORIENTED_EDGE('',*,*,#1821,.F.);
#2335=ORIENTED_EDGE('',*,*,#1818,.T.);
#2336=ORIENTED_EDGE('',*,*,#1816,.T.);
#2337=ORIENTED_EDGE('',*,*,#1810,.T.);
#2338=ORIENTED_EDGE('',*,*,#1815,.T.);
#2339=ORIENTED_EDGE('',*,*,#1822,.F.);
#2340=ORIENTED_EDGE('',*,*,#1820,.T.);
#2341=ORIENTED_EDGE('',*,*,#1823,.F.);
#2342=ORIENTED_EDGE('',*,*,#1824,.F.);
#2343=ORIENTED_EDGE('',*,*,#1805,.T.);
#2344=ORIENTED_EDGE('',*,*,#1825,.F.);
#2345=ORIENTED_EDGE('',*,*,#1823,.T.);
#2346=ORIENTED_EDGE('',*,*,#1822,.T.);
#2347=ORIENTED_EDGE('',*,*,#1814,.T.);
#2348=ORIENTED_EDGE('',*,*,#1808,.T.);
#2349=ORIENTED_EDGE('',*,*,#1813,.T.);
#2350=ORIENTED_EDGE('',*,*,#1819,.T.);
#2351=ORIENTED_EDGE('',*,*,#1821,.T.);
#2352=ORIENTED_EDGE('',*,*,#1824,.T.);
#2353=ORIENTED_EDGE('',*,*,#1825,.T.);
#2354=ORIENTED_EDGE('',*,*,#1826,.F.);
#2355=ORIENTED_EDGE('',*,*,#1827,.F.);
#2356=ORIENTED_EDGE('',*,*,#1828,.F.);
#2357=ORIENTED_EDGE('',*,*,#1829,.F.);
#2358=ORIENTED_EDGE('',*,*,#1828,.T.);
#2359=ORIENTED_EDGE('',*,*,#1830,.T.);
#2360=ORIENTED_EDGE('',*,*,#1831,.F.);
#2361=ORIENTED_EDGE('',*,*,#1832,.F.);
#2362=ORIENTED_EDGE('',*,*,#1833,.F.);
#2363=ORIENTED_EDGE('',*,*,#1834,.F.);
#2364=ORIENTED_EDGE('',*,*,#1827,.T.);
#2365=ORIENTED_EDGE('',*,*,#1835,.F.);
#2366=ORIENTED_EDGE('',*,*,#1836,.F.);
#2367=ORIENTED_EDGE('',*,*,#1830,.F.);
#2368=ORIENTED_EDGE('',*,*,#1832,.T.);
#2369=ORIENTED_EDGE('',*,*,#1837,.F.);
#2370=ORIENTED_EDGE('',*,*,#1838,.F.);
#2371=ORIENTED_EDGE('',*,*,#1838,.T.);
#2372=ORIENTED_EDGE('',*,*,#1839,.F.);
#2373=ORIENTED_EDGE('',*,*,#1840,.F.);
#2374=ORIENTED_EDGE('',*,*,#1833,.T.);
#2375=ORIENTED_EDGE('',*,*,#1841,.F.);
#2376=ORIENTED_EDGE('',*,*,#1842,.F.);
#2377=ORIENTED_EDGE('',*,*,#1839,.T.);
#2378=ORIENTED_EDGE('',*,*,#1837,.T.);
#2379=ORIENTED_EDGE('',*,*,#1831,.T.);
#2380=ORIENTED_EDGE('',*,*,#1836,.T.);
#2381=ORIENTED_EDGE('',*,*,#1843,.F.);
#2382=ORIENTED_EDGE('',*,*,#1841,.T.);
#2383=ORIENTED_EDGE('',*,*,#1844,.F.);
#2384=ORIENTED_EDGE('',*,*,#1845,.F.);
#2385=ORIENTED_EDGE('',*,*,#1826,.T.);
#2386=ORIENTED_EDGE('',*,*,#1846,.F.);
#2387=ORIENTED_EDGE('',*,*,#1844,.T.);
#2388=ORIENTED_EDGE('',*,*,#1843,.T.);
#2389=ORIENTED_EDGE('',*,*,#1835,.T.);
#2390=ORIENTED_EDGE('',*,*,#1829,.T.);
#2391=ORIENTED_EDGE('',*,*,#1834,.T.);
#2392=ORIENTED_EDGE('',*,*,#1840,.T.);
#2393=ORIENTED_EDGE('',*,*,#1842,.T.);
#2394=ORIENTED_EDGE('',*,*,#1845,.T.);
#2395=ORIENTED_EDGE('',*,*,#1846,.T.);
#2396=ORIENTED_EDGE('',*,*,#1847,.F.);
#2397=ORIENTED_EDGE('',*,*,#1848,.F.);
#2398=ORIENTED_EDGE('',*,*,#1849,.F.);
#2399=ORIENTED_EDGE('',*,*,#1850,.F.);
#2400=ORIENTED_EDGE('',*,*,#1849,.T.);
#2401=ORIENTED_EDGE('',*,*,#1851,.T.);
#2402=ORIENTED_EDGE('',*,*,#1852,.F.);
#2403=ORIENTED_EDGE('',*,*,#1853,.F.);
#2404=ORIENTED_EDGE('',*,*,#1854,.F.);
#2405=ORIENTED_EDGE('',*,*,#1855,.F.);
#2406=ORIENTED_EDGE('',*,*,#1848,.T.);
#2407=ORIENTED_EDGE('',*,*,#1856,.F.);
#2408=ORIENTED_EDGE('',*,*,#1857,.F.);
#2409=ORIENTED_EDGE('',*,*,#1851,.F.);
#2410=ORIENTED_EDGE('',*,*,#1853,.T.);
#2411=ORIENTED_EDGE('',*,*,#1858,.F.);
#2412=ORIENTED_EDGE('',*,*,#1859,.F.);
#2413=ORIENTED_EDGE('',*,*,#1859,.T.);
#2414=ORIENTED_EDGE('',*,*,#1860,.F.);
#2415=ORIENTED_EDGE('',*,*,#1861,.F.);
#2416=ORIENTED_EDGE('',*,*,#1854,.T.);
#2417=ORIENTED_EDGE('',*,*,#1862,.F.);
#2418=ORIENTED_EDGE('',*,*,#1863,.F.);
#2419=ORIENTED_EDGE('',*,*,#1860,.T.);
#2420=ORIENTED_EDGE('',*,*,#1858,.T.);
#2421=ORIENTED_EDGE('',*,*,#1852,.T.);
#2422=ORIENTED_EDGE('',*,*,#1857,.T.);
#2423=ORIENTED_EDGE('',*,*,#1864,.F.);
#2424=ORIENTED_EDGE('',*,*,#1862,.T.);
#2425=ORIENTED_EDGE('',*,*,#1865,.F.);
#2426=ORIENTED_EDGE('',*,*,#1866,.F.);
#2427=ORIENTED_EDGE('',*,*,#1847,.T.);
#2428=ORIENTED_EDGE('',*,*,#1867,.F.);
#2429=ORIENTED_EDGE('',*,*,#1865,.T.);
#2430=ORIENTED_EDGE('',*,*,#1864,.T.);
#2431=ORIENTED_EDGE('',*,*,#1856,.T.);
#2432=ORIENTED_EDGE('',*,*,#1850,.T.);
#2433=ORIENTED_EDGE('',*,*,#1855,.T.);
#2434=ORIENTED_EDGE('',*,*,#1861,.T.);
#2435=ORIENTED_EDGE('',*,*,#1863,.T.);
#2436=ORIENTED_EDGE('',*,*,#1866,.T.);
#2437=ORIENTED_EDGE('',*,*,#1867,.T.);
#2438=ORIENTED_EDGE('',*,*,#1868,.F.);
#2439=ORIENTED_EDGE('',*,*,#1869,.F.);
#2440=ORIENTED_EDGE('',*,*,#1870,.F.);
#2441=ORIENTED_EDGE('',*,*,#1871,.F.);
#2442=ORIENTED_EDGE('',*,*,#1870,.T.);
#2443=ORIENTED_EDGE('',*,*,#1872,.T.);
#2444=ORIENTED_EDGE('',*,*,#1873,.F.);
#2445=ORIENTED_EDGE('',*,*,#1874,.F.);
#2446=ORIENTED_EDGE('',*,*,#1875,.F.);
#2447=ORIENTED_EDGE('',*,*,#1869,.T.);
#2448=ORIENTED_EDGE('',*,*,#1876,.F.);
#2449=ORIENTED_EDGE('',*,*,#1877,.F.);
#2450=ORIENTED_EDGE('',*,*,#1872,.F.);
#2451=ORIENTED_EDGE('',*,*,#1874,.T.);
#2452=ORIENTED_EDGE('',*,*,#1878,.F.);
#2453=ORIENTED_EDGE('',*,*,#1879,.F.);
#2454=ORIENTED_EDGE('',*,*,#1880,.F.);
#2455=ORIENTED_EDGE('',*,*,#1881,.T.);
#2456=ORIENTED_EDGE('',*,*,#1878,.T.);
#2457=ORIENTED_EDGE('',*,*,#1873,.T.);
#2458=ORIENTED_EDGE('',*,*,#1877,.T.);
#2459=ORIENTED_EDGE('',*,*,#1882,.F.);
#2460=ORIENTED_EDGE('',*,*,#1880,.T.);
#2461=ORIENTED_EDGE('',*,*,#1883,.F.);
#2462=ORIENTED_EDGE('',*,*,#1884,.F.);
#2463=ORIENTED_EDGE('',*,*,#1868,.T.);
#2464=ORIENTED_EDGE('',*,*,#1885,.T.);
#2465=ORIENTED_EDGE('',*,*,#1883,.T.);
#2466=ORIENTED_EDGE('',*,*,#1882,.T.);
#2467=ORIENTED_EDGE('',*,*,#1876,.T.);
#2468=ORIENTED_EDGE('',*,*,#1871,.T.);
#2469=ORIENTED_EDGE('',*,*,#1875,.T.);
#2470=ORIENTED_EDGE('',*,*,#1879,.T.);
#2471=ORIENTED_EDGE('',*,*,#1881,.F.);
#2472=ORIENTED_EDGE('',*,*,#1884,.T.);
#2473=ORIENTED_EDGE('',*,*,#1885,.F.);
#2474=ORIENTED_EDGE('',*,*,#1886,.F.);
#2475=ORIENTED_EDGE('',*,*,#1887,.F.);
#2476=ORIENTED_EDGE('',*,*,#1888,.F.);
#2477=ORIENTED_EDGE('',*,*,#1889,.F.);
#2478=ORIENTED_EDGE('',*,*,#1888,.T.);
#2479=ORIENTED_EDGE('',*,*,#1890,.T.);
#2480=ORIENTED_EDGE('',*,*,#1891,.F.);
#2481=ORIENTED_EDGE('',*,*,#1892,.F.);
#2482=ORIENTED_EDGE('',*,*,#1893,.F.);
#2483=ORIENTED_EDGE('',*,*,#1887,.T.);
#2484=ORIENTED_EDGE('',*,*,#1894,.F.);
#2485=ORIENTED_EDGE('',*,*,#1895,.F.);
#2486=ORIENTED_EDGE('',*,*,#1890,.F.);
#2487=ORIENTED_EDGE('',*,*,#1892,.T.);
#2488=ORIENTED_EDGE('',*,*,#1896,.F.);
#2489=ORIENTED_EDGE('',*,*,#1897,.F.);
#2490=ORIENTED_EDGE('',*,*,#1898,.F.);
#2491=ORIENTED_EDGE('',*,*,#1899,.T.);
#2492=ORIENTED_EDGE('',*,*,#1896,.T.);
#2493=ORIENTED_EDGE('',*,*,#1891,.T.);
#2494=ORIENTED_EDGE('',*,*,#1895,.T.);
#2495=ORIENTED_EDGE('',*,*,#1900,.F.);
#2496=ORIENTED_EDGE('',*,*,#1898,.T.);
#2497=ORIENTED_EDGE('',*,*,#1901,.F.);
#2498=ORIENTED_EDGE('',*,*,#1902,.F.);
#2499=ORIENTED_EDGE('',*,*,#1886,.T.);
#2500=ORIENTED_EDGE('',*,*,#1903,.T.);
#2501=ORIENTED_EDGE('',*,*,#1901,.T.);
#2502=ORIENTED_EDGE('',*,*,#1900,.T.);
#2503=ORIENTED_EDGE('',*,*,#1894,.T.);
#2504=ORIENTED_EDGE('',*,*,#1889,.T.);
#2505=ORIENTED_EDGE('',*,*,#1893,.T.);
#2506=ORIENTED_EDGE('',*,*,#1897,.T.);
#2507=ORIENTED_EDGE('',*,*,#1899,.F.);
#2508=ORIENTED_EDGE('',*,*,#1902,.T.);
#2509=ORIENTED_EDGE('',*,*,#1903,.F.);
#2510=ORIENTED_EDGE('',*,*,#1904,.F.);
#2511=ORIENTED_EDGE('',*,*,#1905,.T.);
#2512=ORIENTED_EDGE('',*,*,#1906,.F.);
#2513=ORIENTED_EDGE('',*,*,#1907,.F.);
#2514=ORIENTED_EDGE('',*,*,#1908,.F.);
#2515=ORIENTED_EDGE('',*,*,#1907,.T.);
#2516=ORIENTED_EDGE('',*,*,#1909,.F.);
#2517=ORIENTED_EDGE('',*,*,#1910,.F.);
#2518=ORIENTED_EDGE('',*,*,#1911,.F.);
#2519=ORIENTED_EDGE('',*,*,#1910,.T.);
#2520=ORIENTED_EDGE('',*,*,#1912,.F.);
#2521=ORIENTED_EDGE('',*,*,#1913,.F.);
#2522=ORIENTED_EDGE('',*,*,#1914,.F.);
#2523=ORIENTED_EDGE('',*,*,#1913,.T.);
#2524=ORIENTED_EDGE('',*,*,#1915,.F.);
#2525=ORIENTED_EDGE('',*,*,#1916,.F.);
#2526=ORIENTED_EDGE('',*,*,#1917,.T.);
#2527=ORIENTED_EDGE('',*,*,#1916,.T.);
#2528=ORIENTED_EDGE('',*,*,#1918,.F.);
#2529=ORIENTED_EDGE('',*,*,#1919,.F.);
#2530=ORIENTED_EDGE('',*,*,#1920,.F.);
#2531=ORIENTED_EDGE('',*,*,#1919,.T.);
#2532=ORIENTED_EDGE('',*,*,#1921,.F.);
#2533=ORIENTED_EDGE('',*,*,#1922,.F.);
#2534=ORIENTED_EDGE('',*,*,#1923,.T.);
#2535=ORIENTED_EDGE('',*,*,#1922,.T.);
#2536=ORIENTED_EDGE('',*,*,#1924,.F.);
#2537=ORIENTED_EDGE('',*,*,#1925,.F.);
#2538=ORIENTED_EDGE('',*,*,#1926,.F.);
#2539=ORIENTED_EDGE('',*,*,#1925,.T.);
#2540=ORIENTED_EDGE('',*,*,#1927,.F.);
#2541=ORIENTED_EDGE('',*,*,#1905,.F.);
#2542=ORIENTED_EDGE('',*,*,#1927,.T.);
#2543=ORIENTED_EDGE('',*,*,#1924,.T.);
#2544=ORIENTED_EDGE('',*,*,#1921,.T.);
#2545=ORIENTED_EDGE('',*,*,#1918,.T.);
#2546=ORIENTED_EDGE('',*,*,#1915,.T.);
#2547=ORIENTED_EDGE('',*,*,#1912,.T.);
#2548=ORIENTED_EDGE('',*,*,#1909,.T.);
#2549=ORIENTED_EDGE('',*,*,#1906,.T.);
#2550=ORIENTED_EDGE('',*,*,#1926,.T.);
#2551=ORIENTED_EDGE('',*,*,#1904,.T.);
#2552=ORIENTED_EDGE('',*,*,#1908,.T.);
#2553=ORIENTED_EDGE('',*,*,#1911,.T.);
#2554=ORIENTED_EDGE('',*,*,#1914,.T.);
#2555=ORIENTED_EDGE('',*,*,#1917,.F.);
#2556=ORIENTED_EDGE('',*,*,#1920,.T.);
#2557=ORIENTED_EDGE('',*,*,#1923,.F.);
#2558=ORIENTED_EDGE('',*,*,#1928,.F.);
#2559=ORIENTED_EDGE('',*,*,#1929,.F.);
#2560=ORIENTED_EDGE('',*,*,#1930,.F.);
#2561=ORIENTED_EDGE('',*,*,#1931,.F.);
#2562=ORIENTED_EDGE('',*,*,#1930,.T.);
#2563=ORIENTED_EDGE('',*,*,#1932,.T.);
#2564=ORIENTED_EDGE('',*,*,#1933,.T.);
#2565=ORIENTED_EDGE('',*,*,#1934,.T.);
#2566=ORIENTED_EDGE('',*,*,#1935,.T.);
#2567=ORIENTED_EDGE('',*,*,#1929,.T.);
#2568=ORIENTED_EDGE('',*,*,#1936,.T.);
#2569=ORIENTED_EDGE('',*,*,#1937,.F.);
#2570=ORIENTED_EDGE('',*,*,#1938,.F.);
#2571=ORIENTED_EDGE('',*,*,#1939,.F.);
#2572=ORIENTED_EDGE('',*,*,#1932,.F.);
#2573=ORIENTED_EDGE('',*,*,#1928,.T.);
#2574=ORIENTED_EDGE('',*,*,#1940,.T.);
#2575=ORIENTED_EDGE('',*,*,#1941,.F.);
#2576=ORIENTED_EDGE('',*,*,#1942,.F.);
#2577=ORIENTED_EDGE('',*,*,#1936,.F.);
#2578=ORIENTED_EDGE('',*,*,#1942,.T.);
#2579=ORIENTED_EDGE('',*,*,#1943,.F.);
#2580=ORIENTED_EDGE('',*,*,#1937,.T.);
#2581=ORIENTED_EDGE('',*,*,#1944,.F.);
#2582=ORIENTED_EDGE('',*,*,#1938,.T.);
#2583=ORIENTED_EDGE('',*,*,#1943,.T.);
#2584=ORIENTED_EDGE('',*,*,#1941,.T.);
#2585=ORIENTED_EDGE('',*,*,#1945,.T.);
#2586=ORIENTED_EDGE('',*,*,#1934,.F.);
#2587=ORIENTED_EDGE('',*,*,#1944,.T.);
#2588=ORIENTED_EDGE('',*,*,#1933,.F.);
#2589=ORIENTED_EDGE('',*,*,#1939,.T.);
#2590=ORIENTED_EDGE('',*,*,#1931,.T.);
#2591=ORIENTED_EDGE('',*,*,#1935,.F.);
#2592=ORIENTED_EDGE('',*,*,#1945,.F.);
#2593=ORIENTED_EDGE('',*,*,#1940,.F.);
#2594=ORIENTED_EDGE('',*,*,#1946,.F.);
#2595=ORIENTED_EDGE('',*,*,#1947,.F.);
#2596=ORIENTED_EDGE('',*,*,#1948,.F.);
#2597=ORIENTED_EDGE('',*,*,#1949,.F.);
#2598=ORIENTED_EDGE('',*,*,#1950,.F.);
#2599=ORIENTED_EDGE('',*,*,#1951,.F.);
#2600=ORIENTED_EDGE('',*,*,#1952,.F.);
#2601=ORIENTED_EDGE('',*,*,#1953,.F.);
#2602=ORIENTED_EDGE('',*,*,#1954,.F.);
#2603=ORIENTED_EDGE('',*,*,#1955,.F.);
#2604=ORIENTED_EDGE('',*,*,#1956,.F.);
#2605=ORIENTED_EDGE('',*,*,#1957,.F.);
#2606=ORIENTED_EDGE('',*,*,#1952,.T.);
#2607=ORIENTED_EDGE('',*,*,#1958,.T.);
#2608=ORIENTED_EDGE('',*,*,#1959,.T.);
#2609=ORIENTED_EDGE('',*,*,#1960,.T.);
#2610=ORIENTED_EDGE('',*,*,#1961,.T.);
#2611=ORIENTED_EDGE('',*,*,#1956,.T.);
#2612=ORIENTED_EDGE('',*,*,#1962,.F.);
#2613=ORIENTED_EDGE('',*,*,#1963,.T.);
#2614=ORIENTED_EDGE('',*,*,#1964,.T.);
#2615=ORIENTED_EDGE('',*,*,#1948,.T.);
#2616=ORIENTED_EDGE('',*,*,#1965,.T.);
#2617=ORIENTED_EDGE('',*,*,#1966,.T.);
#2618=ORIENTED_EDGE('',*,*,#1967,.T.);
#2619=ORIENTED_EDGE('',*,*,#1951,.T.);
#2620=ORIENTED_EDGE('',*,*,#1968,.F.);
#2621=ORIENTED_EDGE('',*,*,#1969,.T.);
#2622=ORIENTED_EDGE('',*,*,#1962,.T.);
#2623=ORIENTED_EDGE('',*,*,#1955,.T.);
#2624=ORIENTED_EDGE('',*,*,#1970,.F.);
#2625=ORIENTED_EDGE('',*,*,#1971,.T.);
#2626=ORIENTED_EDGE('',*,*,#1972,.T.);
#2627=ORIENTED_EDGE('',*,*,#1973,.T.);
#2628=ORIENTED_EDGE('',*,*,#1965,.F.);
#2629=ORIENTED_EDGE('',*,*,#1947,.T.);
#2630=ORIENTED_EDGE('',*,*,#1974,.T.);
#2631=ORIENTED_EDGE('',*,*,#1975,.F.);
#2632=ORIENTED_EDGE('',*,*,#1958,.F.);
#2633=ORIENTED_EDGE('',*,*,#1954,.T.);
#2634=ORIENTED_EDGE('',*,*,#1976,.T.);
#2635=ORIENTED_EDGE('',*,*,#1977,.F.);
#2636=ORIENTED_EDGE('',*,*,#1970,.T.);
#2637=ORIENTED_EDGE('',*,*,#1978,.F.);
#2638=ORIENTED_EDGE('',*,*,#1971,.F.);
#2639=ORIENTED_EDGE('',*,*,#1977,.T.);
#2640=ORIENTED_EDGE('',*,*,#1979,.T.);
#2641=ORIENTED_EDGE('',*,*,#1980,.F.);
#2642=ORIENTED_EDGE('',*,*,#1972,.F.);
#2643=ORIENTED_EDGE('',*,*,#1978,.T.);
#2644=ORIENTED_EDGE('',*,*,#1981,.T.);
#2645=ORIENTED_EDGE('',*,*,#1966,.F.);
#2646=ORIENTED_EDGE('',*,*,#1973,.F.);
#2647=ORIENTED_EDGE('',*,*,#1980,.T.);
#2648=ORIENTED_EDGE('',*,*,#1982,.T.);
#2649=ORIENTED_EDGE('',*,*,#1946,.T.);
#2650=ORIENTED_EDGE('',*,*,#1983,.T.);
#2651=ORIENTED_EDGE('',*,*,#1960,.F.);
#2652=ORIENTED_EDGE('',*,*,#1984,.F.);
#2653=ORIENTED_EDGE('',*,*,#1974,.F.);
#2654=ORIENTED_EDGE('',*,*,#1984,.T.);
#2655=ORIENTED_EDGE('',*,*,#1959,.F.);
#2656=ORIENTED_EDGE('',*,*,#1975,.T.);
#2657=ORIENTED_EDGE('',*,*,#1950,.T.);
#2658=ORIENTED_EDGE('',*,*,#1985,.T.);
#2659=ORIENTED_EDGE('',*,*,#1986,.F.);
#2660=ORIENTED_EDGE('',*,*,#1968,.T.);
#2661=ORIENTED_EDGE('',*,*,#1963,.F.);
#2662=ORIENTED_EDGE('',*,*,#1969,.F.);
#2663=ORIENTED_EDGE('',*,*,#1986,.T.);
#2664=ORIENTED_EDGE('',*,*,#1987,.T.);
#2665=ORIENTED_EDGE('',*,*,#1953,.T.);
#2666=ORIENTED_EDGE('',*,*,#1961,.F.);
#2667=ORIENTED_EDGE('',*,*,#1983,.F.);
#2668=ORIENTED_EDGE('',*,*,#1949,.T.);
#2669=ORIENTED_EDGE('',*,*,#1967,.F.);
#2670=ORIENTED_EDGE('',*,*,#1982,.F.);
#2671=ORIENTED_EDGE('',*,*,#1981,.F.);
#2672=ORIENTED_EDGE('',*,*,#1979,.F.);
#2673=ORIENTED_EDGE('',*,*,#1976,.F.);
#2674=ORIENTED_EDGE('',*,*,#1957,.T.);
#2675=ORIENTED_EDGE('',*,*,#1964,.F.);
#2676=ORIENTED_EDGE('',*,*,#1987,.F.);
#2677=ORIENTED_EDGE('',*,*,#1985,.F.);
#2678=ORIENTED_EDGE('',*,*,#1988,.F.);
#2679=ORIENTED_EDGE('',*,*,#1989,.F.);
#2680=ORIENTED_EDGE('',*,*,#1990,.F.);
#2681=ORIENTED_EDGE('',*,*,#1991,.F.);
#2682=ORIENTED_EDGE('',*,*,#1992,.F.);
#2683=ORIENTED_EDGE('',*,*,#1993,.F.);
#2684=ORIENTED_EDGE('',*,*,#1994,.F.);
#2685=ORIENTED_EDGE('',*,*,#1995,.F.);
#2686=ORIENTED_EDGE('',*,*,#1996,.F.);
#2687=ORIENTED_EDGE('',*,*,#1997,.F.);
#2688=ORIENTED_EDGE('',*,*,#1998,.F.);
#2689=ORIENTED_EDGE('',*,*,#1999,.F.);
#2690=ORIENTED_EDGE('',*,*,#1994,.T.);
#2691=ORIENTED_EDGE('',*,*,#2000,.T.);
#2692=ORIENTED_EDGE('',*,*,#2001,.T.);
#2693=ORIENTED_EDGE('',*,*,#2002,.T.);
#2694=ORIENTED_EDGE('',*,*,#2003,.T.);
#2695=ORIENTED_EDGE('',*,*,#1990,.T.);
#2696=ORIENTED_EDGE('',*,*,#2004,.F.);
#2697=ORIENTED_EDGE('',*,*,#2005,.T.);
#2698=ORIENTED_EDGE('',*,*,#2006,.T.);
#2699=ORIENTED_EDGE('',*,*,#1998,.T.);
#2700=ORIENTED_EDGE('',*,*,#2007,.F.);
#2701=ORIENTED_EDGE('',*,*,#2008,.T.);
#2702=ORIENTED_EDGE('',*,*,#2009,.T.);
#2703=ORIENTED_EDGE('',*,*,#1993,.T.);
#2704=ORIENTED_EDGE('',*,*,#2010,.T.);
#2705=ORIENTED_EDGE('',*,*,#2011,.F.);
#2706=ORIENTED_EDGE('',*,*,#2012,.F.);
#2707=ORIENTED_EDGE('',*,*,#2013,.F.);
#2708=ORIENTED_EDGE('',*,*,#2004,.T.);
#2709=ORIENTED_EDGE('',*,*,#1989,.T.);
#2710=ORIENTED_EDGE('',*,*,#2014,.F.);
#2711=ORIENTED_EDGE('',*,*,#2015,.F.);
#2712=ORIENTED_EDGE('',*,*,#2007,.T.);
#2713=ORIENTED_EDGE('',*,*,#1997,.T.);
#2714=ORIENTED_EDGE('',*,*,#2016,.T.);
#2715=ORIENTED_EDGE('',*,*,#2017,.T.);
#2716=ORIENTED_EDGE('',*,*,#2000,.F.);
#2717=ORIENTED_EDGE('',*,*,#1996,.T.);
#2718=ORIENTED_EDGE('',*,*,#2018,.T.);
#2719=ORIENTED_EDGE('',*,*,#2002,.F.);
#2720=ORIENTED_EDGE('',*,*,#2019,.F.);
#2721=ORIENTED_EDGE('',*,*,#2016,.F.);
#2722=ORIENTED_EDGE('',*,*,#2019,.T.);
#2723=ORIENTED_EDGE('',*,*,#2001,.F.);
#2724=ORIENTED_EDGE('',*,*,#2017,.F.);
#2725=ORIENTED_EDGE('',*,*,#1992,.T.);
#2726=ORIENTED_EDGE('',*,*,#2020,.T.);
#2727=ORIENTED_EDGE('',*,*,#2021,.F.);
#2728=ORIENTED_EDGE('',*,*,#2010,.F.);
#2729=ORIENTED_EDGE('',*,*,#2022,.F.);
#2730=ORIENTED_EDGE('',*,*,#2011,.T.);
#2731=ORIENTED_EDGE('',*,*,#2021,.T.);
#2732=ORIENTED_EDGE('',*,*,#2023,.T.);
#2733=ORIENTED_EDGE('',*,*,#2024,.F.);
#2734=ORIENTED_EDGE('',*,*,#2012,.T.);
#2735=ORIENTED_EDGE('',*,*,#2022,.T.);
#2736=ORIENTED_EDGE('',*,*,#2025,.T.);
#2737=ORIENTED_EDGE('',*,*,#2005,.F.);
#2738=ORIENTED_EDGE('',*,*,#2013,.T.);
#2739=ORIENTED_EDGE('',*,*,#2024,.T.);
#2740=ORIENTED_EDGE('',*,*,#2026,.T.);
#2741=ORIENTED_EDGE('',*,*,#1988,.T.);
#2742=ORIENTED_EDGE('',*,*,#2027,.T.);
#2743=ORIENTED_EDGE('',*,*,#2028,.F.);
#2744=ORIENTED_EDGE('',*,*,#2014,.T.);
#2745=ORIENTED_EDGE('',*,*,#2008,.F.);
#2746=ORIENTED_EDGE('',*,*,#2015,.T.);
#2747=ORIENTED_EDGE('',*,*,#2028,.T.);
#2748=ORIENTED_EDGE('',*,*,#2029,.T.);
#2749=ORIENTED_EDGE('',*,*,#1995,.T.);
#2750=ORIENTED_EDGE('',*,*,#2003,.F.);
#2751=ORIENTED_EDGE('',*,*,#2018,.F.);
#2752=ORIENTED_EDGE('',*,*,#1999,.T.);
#2753=ORIENTED_EDGE('',*,*,#2009,.F.);
#2754=ORIENTED_EDGE('',*,*,#2029,.F.);
#2755=ORIENTED_EDGE('',*,*,#2027,.F.);
#2756=ORIENTED_EDGE('',*,*,#1991,.T.);
#2757=ORIENTED_EDGE('',*,*,#2006,.F.);
#2758=ORIENTED_EDGE('',*,*,#2026,.F.);
#2759=ORIENTED_EDGE('',*,*,#2025,.F.);
#2760=ORIENTED_EDGE('',*,*,#2023,.F.);
#2761=ORIENTED_EDGE('',*,*,#2020,.F.);
#2762=ORIENTED_EDGE('',*,*,#2030,.F.);
#2763=ORIENTED_EDGE('',*,*,#2031,.F.);
#2764=ORIENTED_EDGE('',*,*,#2032,.F.);
#2765=ORIENTED_EDGE('',*,*,#2033,.F.);
#2766=ORIENTED_EDGE('',*,*,#2032,.T.);
#2767=ORIENTED_EDGE('',*,*,#2034,.T.);
#2768=ORIENTED_EDGE('',*,*,#2035,.F.);
#2769=ORIENTED_EDGE('',*,*,#2036,.F.);
#2770=ORIENTED_EDGE('',*,*,#2031,.T.);
#2771=ORIENTED_EDGE('',*,*,#2037,.F.);
#2772=ORIENTED_EDGE('',*,*,#2038,.F.);
#2773=ORIENTED_EDGE('',*,*,#2034,.F.);
#2774=ORIENTED_EDGE('',*,*,#2038,.T.);
#2775=ORIENTED_EDGE('',*,*,#2039,.F.);
#2776=ORIENTED_EDGE('',*,*,#2040,.F.);
#2777=ORIENTED_EDGE('',*,*,#2035,.T.);
#2778=ORIENTED_EDGE('',*,*,#2030,.T.);
#2779=ORIENTED_EDGE('',*,*,#2041,.F.);
#2780=ORIENTED_EDGE('',*,*,#2039,.T.);
#2781=ORIENTED_EDGE('',*,*,#2037,.T.);
#2782=ORIENTED_EDGE('',*,*,#2033,.T.);
#2783=ORIENTED_EDGE('',*,*,#2036,.T.);
#2784=ORIENTED_EDGE('',*,*,#2040,.T.);
#2785=ORIENTED_EDGE('',*,*,#2041,.T.);
#2786=ORIENTED_EDGE('',*,*,#2042,.F.);
#2787=ORIENTED_EDGE('',*,*,#2043,.F.);
#2788=ORIENTED_EDGE('',*,*,#2044,.F.);
#2789=ORIENTED_EDGE('',*,*,#2045,.F.);
#2790=ORIENTED_EDGE('',*,*,#2044,.T.);
#2791=ORIENTED_EDGE('',*,*,#2046,.T.);
#2792=ORIENTED_EDGE('',*,*,#2047,.F.);
#2793=ORIENTED_EDGE('',*,*,#2048,.F.);
#2794=ORIENTED_EDGE('',*,*,#2049,.F.);
#2795=ORIENTED_EDGE('',*,*,#2043,.T.);
#2796=ORIENTED_EDGE('',*,*,#2050,.F.);
#2797=ORIENTED_EDGE('',*,*,#2051,.F.);
#2798=ORIENTED_EDGE('',*,*,#2046,.F.);
#2799=ORIENTED_EDGE('',*,*,#2048,.T.);
#2800=ORIENTED_EDGE('',*,*,#2052,.F.);
#2801=ORIENTED_EDGE('',*,*,#2053,.T.);
#2802=ORIENTED_EDGE('',*,*,#2054,.F.);
#2803=ORIENTED_EDGE('',*,*,#2055,.F.);
#2804=ORIENTED_EDGE('',*,*,#2052,.T.);
#2805=ORIENTED_EDGE('',*,*,#2047,.T.);
#2806=ORIENTED_EDGE('',*,*,#2051,.T.);
#2807=ORIENTED_EDGE('',*,*,#2056,.F.);
#2808=ORIENTED_EDGE('',*,*,#2054,.T.);
#2809=ORIENTED_EDGE('',*,*,#2057,.F.);
#2810=ORIENTED_EDGE('',*,*,#2058,.T.);
#2811=ORIENTED_EDGE('',*,*,#2042,.T.);
#2812=ORIENTED_EDGE('',*,*,#2059,.T.);
#2813=ORIENTED_EDGE('',*,*,#2057,.T.);
#2814=ORIENTED_EDGE('',*,*,#2056,.T.);
#2815=ORIENTED_EDGE('',*,*,#2050,.T.);
#2816=ORIENTED_EDGE('',*,*,#2045,.T.);
#2817=ORIENTED_EDGE('',*,*,#2049,.T.);
#2818=ORIENTED_EDGE('',*,*,#2053,.F.);
#2819=ORIENTED_EDGE('',*,*,#2055,.T.);
#2820=ORIENTED_EDGE('',*,*,#2058,.F.);
#2821=ORIENTED_EDGE('',*,*,#2059,.F.);
#2822=ORIENTED_EDGE('',*,*,#2060,.F.);
#2823=ORIENTED_EDGE('',*,*,#2061,.F.);
#2824=ORIENTED_EDGE('',*,*,#2062,.F.);
#2825=ORIENTED_EDGE('',*,*,#2063,.F.);
#2826=ORIENTED_EDGE('',*,*,#2062,.T.);
#2827=ORIENTED_EDGE('',*,*,#2064,.T.);
#2828=ORIENTED_EDGE('',*,*,#2065,.T.);
#2829=ORIENTED_EDGE('',*,*,#2066,.T.);
#2830=ORIENTED_EDGE('',*,*,#2067,.T.);
#2831=ORIENTED_EDGE('',*,*,#2061,.T.);
#2832=ORIENTED_EDGE('',*,*,#2068,.T.);
#2833=ORIENTED_EDGE('',*,*,#2069,.T.);
#2834=ORIENTED_EDGE('',*,*,#2070,.T.);
#2835=ORIENTED_EDGE('',*,*,#2071,.T.);
#2836=ORIENTED_EDGE('',*,*,#2064,.F.);
#2837=ORIENTED_EDGE('',*,*,#2072,.T.);
#2838=ORIENTED_EDGE('',*,*,#2073,.F.);
#2839=ORIENTED_EDGE('',*,*,#2069,.F.);
#2840=ORIENTED_EDGE('',*,*,#2074,.F.);
#2841=ORIENTED_EDGE('',*,*,#2070,.F.);
#2842=ORIENTED_EDGE('',*,*,#2073,.T.);
#2843=ORIENTED_EDGE('',*,*,#2075,.T.);
#2844=ORIENTED_EDGE('',*,*,#2076,.T.);
#2845=ORIENTED_EDGE('',*,*,#2066,.F.);
#2846=ORIENTED_EDGE('',*,*,#2074,.T.);
#2847=ORIENTED_EDGE('',*,*,#2065,.F.);
#2848=ORIENTED_EDGE('',*,*,#2071,.F.);
#2849=ORIENTED_EDGE('',*,*,#2060,.T.);
#2850=ORIENTED_EDGE('',*,*,#2077,.T.);
#2851=ORIENTED_EDGE('',*,*,#2075,.F.);
#2852=ORIENTED_EDGE('',*,*,#2072,.F.);
#2853=ORIENTED_EDGE('',*,*,#2068,.F.);
#2854=ORIENTED_EDGE('',*,*,#2063,.T.);
#2855=ORIENTED_EDGE('',*,*,#2067,.F.);
#2856=ORIENTED_EDGE('',*,*,#2076,.F.);
#2857=ORIENTED_EDGE('',*,*,#2077,.F.);
#2858=ORIENTED_EDGE('',*,*,#2078,.F.);
#2859=ORIENTED_EDGE('',*,*,#2079,.F.);
#2860=ORIENTED_EDGE('',*,*,#2080,.F.);
#2861=ORIENTED_EDGE('',*,*,#2081,.F.);
#2862=ORIENTED_EDGE('',*,*,#2080,.T.);
#2863=ORIENTED_EDGE('',*,*,#2082,.T.);
#2864=ORIENTED_EDGE('',*,*,#2083,.F.);
#2865=ORIENTED_EDGE('',*,*,#2084,.F.);
#2866=ORIENTED_EDGE('',*,*,#2085,.F.);
#2867=ORIENTED_EDGE('',*,*,#2079,.T.);
#2868=ORIENTED_EDGE('',*,*,#2086,.F.);
#2869=ORIENTED_EDGE('',*,*,#2087,.F.);
#2870=ORIENTED_EDGE('',*,*,#2082,.F.);
#2871=ORIENTED_EDGE('',*,*,#2084,.T.);
#2872=ORIENTED_EDGE('',*,*,#2088,.F.);
#2873=ORIENTED_EDGE('',*,*,#2089,.F.);
#2874=ORIENTED_EDGE('',*,*,#2090,.F.);
#2875=ORIENTED_EDGE('',*,*,#2091,.T.);
#2876=ORIENTED_EDGE('',*,*,#2088,.T.);
#2877=ORIENTED_EDGE('',*,*,#2083,.T.);
#2878=ORIENTED_EDGE('',*,*,#2087,.T.);
#2879=ORIENTED_EDGE('',*,*,#2092,.F.);
#2880=ORIENTED_EDGE('',*,*,#2090,.T.);
#2881=ORIENTED_EDGE('',*,*,#2093,.F.);
#2882=ORIENTED_EDGE('',*,*,#2094,.F.);
#2883=ORIENTED_EDGE('',*,*,#2078,.T.);
#2884=ORIENTED_EDGE('',*,*,#2095,.T.);
#2885=ORIENTED_EDGE('',*,*,#2093,.T.);
#2886=ORIENTED_EDGE('',*,*,#2092,.T.);
#2887=ORIENTED_EDGE('',*,*,#2086,.T.);
#2888=ORIENTED_EDGE('',*,*,#2081,.T.);
#2889=ORIENTED_EDGE('',*,*,#2085,.T.);
#2890=ORIENTED_EDGE('',*,*,#2089,.T.);
#2891=ORIENTED_EDGE('',*,*,#2091,.F.);
#2892=ORIENTED_EDGE('',*,*,#2094,.T.);
#2893=ORIENTED_EDGE('',*,*,#2095,.F.);
#2894=ORIENTED_EDGE('',*,*,#2096,.F.);
#2895=ORIENTED_EDGE('',*,*,#2097,.F.);
#2896=ORIENTED_EDGE('',*,*,#2098,.F.);
#2897=ORIENTED_EDGE('',*,*,#2099,.F.);
#2898=ORIENTED_EDGE('',*,*,#2100,.F.);
#2899=ORIENTED_EDGE('',*,*,#2101,.F.);
#2900=ORIENTED_EDGE('',*,*,#2102,.F.);
#2901=ORIENTED_EDGE('',*,*,#2103,.F.);
#2902=ORIENTED_EDGE('',*,*,#2098,.T.);
#2903=ORIENTED_EDGE('',*,*,#2104,.T.);
#2904=ORIENTED_EDGE('',*,*,#2105,.F.);
#2905=ORIENTED_EDGE('',*,*,#2106,.F.);
#2906=ORIENTED_EDGE('',*,*,#2107,.F.);
#2907=ORIENTED_EDGE('',*,*,#2097,.T.);
#2908=ORIENTED_EDGE('',*,*,#2108,.F.);
#2909=ORIENTED_EDGE('',*,*,#2109,.F.);
#2910=ORIENTED_EDGE('',*,*,#2103,.T.);
#2911=ORIENTED_EDGE('',*,*,#2110,.F.);
#2912=ORIENTED_EDGE('',*,*,#2104,.F.);
#2913=ORIENTED_EDGE('',*,*,#2102,.T.);
#2914=ORIENTED_EDGE('',*,*,#2111,.F.);
#2915=ORIENTED_EDGE('',*,*,#2112,.T.);
#2916=ORIENTED_EDGE('',*,*,#2105,.T.);
#2917=ORIENTED_EDGE('',*,*,#2110,.T.);
#2918=ORIENTED_EDGE('',*,*,#2106,.T.);
#2919=ORIENTED_EDGE('',*,*,#2112,.F.);
#2920=ORIENTED_EDGE('',*,*,#2113,.T.);
#2921=ORIENTED_EDGE('',*,*,#2100,.T.);
#2922=ORIENTED_EDGE('',*,*,#2109,.T.);
#2923=ORIENTED_EDGE('',*,*,#2114,.F.);
#2924=ORIENTED_EDGE('',*,*,#2115,.T.);
#2925=ORIENTED_EDGE('',*,*,#2096,.T.);
#2926=ORIENTED_EDGE('',*,*,#2116,.T.);
#2927=ORIENTED_EDGE('',*,*,#2114,.T.);
#2928=ORIENTED_EDGE('',*,*,#2108,.T.);
#2929=ORIENTED_EDGE('',*,*,#2099,.T.);
#2930=ORIENTED_EDGE('',*,*,#2107,.T.);
#2931=ORIENTED_EDGE('',*,*,#2113,.F.);
#2932=ORIENTED_EDGE('',*,*,#2111,.T.);
#2933=ORIENTED_EDGE('',*,*,#2101,.T.);
#2934=ORIENTED_EDGE('',*,*,#2115,.F.);
#2935=ORIENTED_EDGE('',*,*,#2116,.F.);
#2936=ORIENTED_EDGE('',*,*,#2117,.F.);
#2937=ORIENTED_EDGE('',*,*,#2118,.F.);
#2938=ORIENTED_EDGE('',*,*,#2119,.F.);
#2939=ORIENTED_EDGE('',*,*,#2120,.F.);
#2940=ORIENTED_EDGE('',*,*,#2119,.T.);
#2941=ORIENTED_EDGE('',*,*,#2121,.T.);
#2942=ORIENTED_EDGE('',*,*,#2122,.F.);
#2943=ORIENTED_EDGE('',*,*,#2123,.F.);
#2944=ORIENTED_EDGE('',*,*,#2124,.F.);
#2945=ORIENTED_EDGE('',*,*,#2125,.F.);
#2946=ORIENTED_EDGE('',*,*,#2118,.T.);
#2947=ORIENTED_EDGE('',*,*,#2126,.F.);
#2948=ORIENTED_EDGE('',*,*,#2127,.F.);
#2949=ORIENTED_EDGE('',*,*,#2121,.F.);
#2950=ORIENTED_EDGE('',*,*,#2123,.T.);
#2951=ORIENTED_EDGE('',*,*,#2128,.F.);
#2952=ORIENTED_EDGE('',*,*,#2129,.F.);
#2953=ORIENTED_EDGE('',*,*,#2129,.T.);
#2954=ORIENTED_EDGE('',*,*,#2130,.F.);
#2955=ORIENTED_EDGE('',*,*,#2131,.F.);
#2956=ORIENTED_EDGE('',*,*,#2124,.T.);
#2957=ORIENTED_EDGE('',*,*,#2132,.F.);
#2958=ORIENTED_EDGE('',*,*,#2133,.F.);
#2959=ORIENTED_EDGE('',*,*,#2130,.T.);
#2960=ORIENTED_EDGE('',*,*,#2128,.T.);
#2961=ORIENTED_EDGE('',*,*,#2122,.T.);
#2962=ORIENTED_EDGE('',*,*,#2127,.T.);
#2963=ORIENTED_EDGE('',*,*,#2134,.F.);
#2964=ORIENTED_EDGE('',*,*,#2132,.T.);
#2965=ORIENTED_EDGE('',*,*,#2135,.F.);
#2966=ORIENTED_EDGE('',*,*,#2136,.F.);
#2967=ORIENTED_EDGE('',*,*,#2117,.T.);
#2968=ORIENTED_EDGE('',*,*,#2137,.F.);
#2969=ORIENTED_EDGE('',*,*,#2135,.T.);
#2970=ORIENTED_EDGE('',*,*,#2134,.T.);
#2971=ORIENTED_EDGE('',*,*,#2126,.T.);
#2972=ORIENTED_EDGE('',*,*,#2120,.T.);
#2973=ORIENTED_EDGE('',*,*,#2125,.T.);
#2974=ORIENTED_EDGE('',*,*,#2131,.T.);
#2975=ORIENTED_EDGE('',*,*,#2133,.T.);
#2976=ORIENTED_EDGE('',*,*,#2136,.T.);
#2977=ORIENTED_EDGE('',*,*,#2137,.T.);
#2978=ORIENTED_EDGE('',*,*,#2138,.F.);
#2979=ORIENTED_EDGE('',*,*,#2139,.F.);
#2980=ORIENTED_EDGE('',*,*,#2140,.F.);
#2981=ORIENTED_EDGE('',*,*,#2141,.F.);
#2982=ORIENTED_EDGE('',*,*,#2140,.T.);
#2983=ORIENTED_EDGE('',*,*,#2142,.T.);
#2984=ORIENTED_EDGE('',*,*,#2143,.F.);
#2985=ORIENTED_EDGE('',*,*,#2144,.F.);
#2986=ORIENTED_EDGE('',*,*,#2145,.F.);
#2987=ORIENTED_EDGE('',*,*,#2146,.F.);
#2988=ORIENTED_EDGE('',*,*,#2139,.T.);
#2989=ORIENTED_EDGE('',*,*,#2147,.F.);
#2990=ORIENTED_EDGE('',*,*,#2148,.F.);
#2991=ORIENTED_EDGE('',*,*,#2142,.F.);
#2992=ORIENTED_EDGE('',*,*,#2144,.T.);
#2993=ORIENTED_EDGE('',*,*,#2149,.F.);
#2994=ORIENTED_EDGE('',*,*,#2150,.F.);
#2995=ORIENTED_EDGE('',*,*,#2150,.T.);
#2996=ORIENTED_EDGE('',*,*,#2151,.F.);
#2997=ORIENTED_EDGE('',*,*,#2152,.F.);
#2998=ORIENTED_EDGE('',*,*,#2145,.T.);
#2999=ORIENTED_EDGE('',*,*,#2153,.F.);
#3000=ORIENTED_EDGE('',*,*,#2154,.F.);
#3001=ORIENTED_EDGE('',*,*,#2151,.T.);
#3002=ORIENTED_EDGE('',*,*,#2149,.T.);
#3003=ORIENTED_EDGE('',*,*,#2143,.T.);
#3004=ORIENTED_EDGE('',*,*,#2148,.T.);
#3005=ORIENTED_EDGE('',*,*,#2155,.F.);
#3006=ORIENTED_EDGE('',*,*,#2153,.T.);
#3007=ORIENTED_EDGE('',*,*,#2156,.F.);
#3008=ORIENTED_EDGE('',*,*,#2157,.F.);
#3009=ORIENTED_EDGE('',*,*,#2138,.T.);
#3010=ORIENTED_EDGE('',*,*,#2158,.F.);
#3011=ORIENTED_EDGE('',*,*,#2156,.T.);
#3012=ORIENTED_EDGE('',*,*,#2155,.T.);
#3013=ORIENTED_EDGE('',*,*,#2147,.T.);
#3014=ORIENTED_EDGE('',*,*,#2141,.T.);
#3015=ORIENTED_EDGE('',*,*,#2146,.T.);
#3016=ORIENTED_EDGE('',*,*,#2152,.T.);
#3017=ORIENTED_EDGE('',*,*,#2154,.T.);
#3018=ORIENTED_EDGE('',*,*,#2157,.T.);
#3019=ORIENTED_EDGE('',*,*,#2158,.T.);
#3020=ORIENTED_EDGE('',*,*,#2159,.F.);
#3021=ORIENTED_EDGE('',*,*,#2160,.F.);
#3022=ORIENTED_EDGE('',*,*,#2161,.F.);
#3023=ORIENTED_EDGE('',*,*,#2162,.F.);
#3024=ORIENTED_EDGE('',*,*,#2163,.F.);
#3025=ORIENTED_EDGE('',*,*,#2164,.F.);
#3026=ORIENTED_EDGE('',*,*,#2165,.F.);
#3027=ORIENTED_EDGE('',*,*,#2166,.F.);
#3028=ORIENTED_EDGE('',*,*,#2161,.T.);
#3029=ORIENTED_EDGE('',*,*,#2167,.T.);
#3030=ORIENTED_EDGE('',*,*,#2168,.F.);
#3031=ORIENTED_EDGE('',*,*,#2169,.F.);
#3032=ORIENTED_EDGE('',*,*,#2160,.T.);
#3033=ORIENTED_EDGE('',*,*,#2170,.F.);
#3034=ORIENTED_EDGE('',*,*,#2171,.F.);
#3035=ORIENTED_EDGE('',*,*,#2166,.T.);
#3036=ORIENTED_EDGE('',*,*,#2172,.F.);
#3037=ORIENTED_EDGE('',*,*,#2167,.F.);
#3038=ORIENTED_EDGE('',*,*,#2165,.T.);
#3039=ORIENTED_EDGE('',*,*,#2173,.F.);
#3040=ORIENTED_EDGE('',*,*,#2168,.T.);
#3041=ORIENTED_EDGE('',*,*,#2172,.T.);
#3042=ORIENTED_EDGE('',*,*,#2163,.T.);
#3043=ORIENTED_EDGE('',*,*,#2171,.T.);
#3044=ORIENTED_EDGE('',*,*,#2174,.F.);
#3045=ORIENTED_EDGE('',*,*,#2175,.F.);
#3046=ORIENTED_EDGE('',*,*,#2176,.T.);
#3047=ORIENTED_EDGE('',*,*,#2175,.T.);
#3048=ORIENTED_EDGE('',*,*,#2177,.F.);
#3049=ORIENTED_EDGE('',*,*,#2178,.F.);
#3050=ORIENTED_EDGE('',*,*,#2159,.T.);
#3051=ORIENTED_EDGE('',*,*,#2179,.T.);
#3052=ORIENTED_EDGE('',*,*,#2177,.T.);
#3053=ORIENTED_EDGE('',*,*,#2174,.T.);
#3054=ORIENTED_EDGE('',*,*,#2170,.T.);
#3055=ORIENTED_EDGE('',*,*,#2162,.T.);
#3056=ORIENTED_EDGE('',*,*,#2169,.T.);
#3057=ORIENTED_EDGE('',*,*,#2173,.T.);
#3058=ORIENTED_EDGE('',*,*,#2164,.T.);
#3059=ORIENTED_EDGE('',*,*,#2176,.F.);
#3060=ORIENTED_EDGE('',*,*,#2178,.T.);
#3061=ORIENTED_EDGE('',*,*,#2179,.F.);
#3062=ORIENTED_EDGE('',*,*,#2180,.F.);
#3063=ORIENTED_EDGE('',*,*,#2181,.F.);
#3064=ORIENTED_EDGE('',*,*,#2182,.F.);
#3065=ORIENTED_EDGE('',*,*,#2183,.F.);
#3066=ORIENTED_EDGE('',*,*,#2182,.T.);
#3067=ORIENTED_EDGE('',*,*,#2184,.T.);
#3068=ORIENTED_EDGE('',*,*,#2185,.F.);
#3069=ORIENTED_EDGE('',*,*,#2186,.F.);
#3070=ORIENTED_EDGE('',*,*,#2187,.F.);
#3071=ORIENTED_EDGE('',*,*,#2181,.T.);
#3072=ORIENTED_EDGE('',*,*,#2188,.F.);
#3073=ORIENTED_EDGE('',*,*,#2189,.F.);
#3074=ORIENTED_EDGE('',*,*,#2184,.F.);
#3075=ORIENTED_EDGE('',*,*,#2186,.T.);
#3076=ORIENTED_EDGE('',*,*,#2190,.F.);
#3077=ORIENTED_EDGE('',*,*,#2191,.T.);
#3078=ORIENTED_EDGE('',*,*,#2192,.F.);
#3079=ORIENTED_EDGE('',*,*,#2193,.F.);
#3080=ORIENTED_EDGE('',*,*,#2190,.T.);
#3081=ORIENTED_EDGE('',*,*,#2185,.T.);
#3082=ORIENTED_EDGE('',*,*,#2189,.T.);
#3083=ORIENTED_EDGE('',*,*,#2194,.F.);
#3084=ORIENTED_EDGE('',*,*,#2192,.T.);
#3085=ORIENTED_EDGE('',*,*,#2195,.F.);
#3086=ORIENTED_EDGE('',*,*,#2196,.T.);
#3087=ORIENTED_EDGE('',*,*,#2180,.T.);
#3088=ORIENTED_EDGE('',*,*,#2197,.T.);
#3089=ORIENTED_EDGE('',*,*,#2195,.T.);
#3090=ORIENTED_EDGE('',*,*,#2194,.T.);
#3091=ORIENTED_EDGE('',*,*,#2188,.T.);
#3092=ORIENTED_EDGE('',*,*,#2183,.T.);
#3093=ORIENTED_EDGE('',*,*,#2187,.T.);
#3094=ORIENTED_EDGE('',*,*,#2191,.F.);
#3095=ORIENTED_EDGE('',*,*,#2193,.T.);
#3096=ORIENTED_EDGE('',*,*,#2196,.F.);
#3097=ORIENTED_EDGE('',*,*,#2197,.F.);
#3098=SPHERICAL_SURFACE('',#3330,0.02);
#3099=SPHERICAL_SURFACE('',#3336,0.02);
#3100=SPHERICAL_SURFACE('',#3342,0.02);
#3101=SPHERICAL_SURFACE('',#3349,0.02);
#3102=ADVANCED_FACE('',(#988),#3098,.T.);
#3103=ADVANCED_FACE('',(#989),#975,.T.);
#3104=ADVANCED_FACE('',(#990),#3099,.T.);
#3105=ADVANCED_FACE('',(#991),#976,.T.);
#3106=ADVANCED_FACE('',(#992),#3100,.T.);
#3107=ADVANCED_FACE('',(#993),#977,.T.);
#3108=ADVANCED_FACE('',(#994),#978,.T.);
#3109=ADVANCED_FACE('',(#995),#3101,.T.);
#3110=ADVANCED_FACE('',(#996),#979,.T.);
#3111=ADVANCED_FACE('',(#997),#980,.T.);
#3112=ADVANCED_FACE('',(#998),#981,.T.);
#3113=ADVANCED_FACE('',(#999),#982,.T.);
#3114=ADVANCED_FACE('',(#1000),#106,.T.);
#3115=ADVANCED_FACE('',(#1001),#107,.T.);
#3116=ADVANCED_FACE('',(#1002,#105),#108,.T.);
#3117=ADVANCED_FACE('',(#1003),#983,.F.);
#3118=ADVANCED_FACE('',(#1004),#109,.T.);
#3119=ADVANCED_FACE('',(#1005),#110,.F.);
#3120=ADVANCED_FACE('',(#1006),#111,.T.);
#3121=ADVANCED_FACE('',(#1007),#112,.T.);
#3122=ADVANCED_FACE('',(#1008),#113,.F.);
#3123=ADVANCED_FACE('',(#1009),#114,.T.);
#3124=ADVANCED_FACE('',(#1010),#115,.F.);
#3125=ADVANCED_FACE('',(#1011),#30,.T.);
#3126=ADVANCED_FACE('',(#1012),#116,.T.);
#3127=ADVANCED_FACE('',(#1013),#31,.T.);
#3128=ADVANCED_FACE('',(#1014),#117,.T.);
#3129=ADVANCED_FACE('',(#1015),#118,.F.);
#3130=ADVANCED_FACE('',(#1016),#119,.F.);
#3131=ADVANCED_FACE('',(#1017),#120,.T.);
#3132=ADVANCED_FACE('',(#1018),#121,.F.);
#3133=ADVANCED_FACE('',(#1019),#18,.T.);
#3134=ADVANCED_FACE('',(#1020),#32,.T.);
#3135=ADVANCED_FACE('',(#1021),#122,.T.);
#3136=ADVANCED_FACE('',(#1022),#33,.T.);
#3137=ADVANCED_FACE('',(#1023),#123,.T.);
#3138=ADVANCED_FACE('',(#1024),#124,.T.);
#3139=ADVANCED_FACE('',(#1025),#125,.F.);
#3140=ADVANCED_FACE('',(#1026),#126,.T.);
#3141=ADVANCED_FACE('',(#1027),#127,.F.);
#3142=ADVANCED_FACE('',(#1028),#19,.T.);
#3143=ADVANCED_FACE('',(#1029),#34,.T.);
#3144=ADVANCED_FACE('',(#1030),#128,.T.);
#3145=ADVANCED_FACE('',(#1031),#35,.T.);
#3146=ADVANCED_FACE('',(#1032),#129,.T.);
#3147=ADVANCED_FACE('',(#1033),#130,.T.);
#3148=ADVANCED_FACE('',(#1034),#131,.F.);
#3149=ADVANCED_FACE('',(#1035),#132,.T.);
#3150=ADVANCED_FACE('',(#1036),#133,.F.);
#3151=ADVANCED_FACE('',(#1037),#20,.T.);
#3152=ADVANCED_FACE('',(#1038),#36,.T.);
#3153=ADVANCED_FACE('',(#1039),#134,.T.);
#3154=ADVANCED_FACE('',(#1040),#37,.T.);
#3155=ADVANCED_FACE('',(#1041),#135,.T.);
#3156=ADVANCED_FACE('',(#1042),#136,.T.);
#3157=ADVANCED_FACE('',(#1043),#137,.F.);
#3158=ADVANCED_FACE('',(#1044),#138,.T.);
#3159=ADVANCED_FACE('',(#1045),#139,.F.);
#3160=ADVANCED_FACE('',(#1046),#38,.T.);
#3161=ADVANCED_FACE('',(#1047),#140,.T.);
#3162=ADVANCED_FACE('',(#1048),#39,.T.);
#3163=ADVANCED_FACE('',(#1049),#141,.T.);
#3164=ADVANCED_FACE('',(#1050),#142,.T.);
#3165=ADVANCED_FACE('',(#1051),#143,.F.);
#3166=ADVANCED_FACE('',(#1052),#144,.T.);
#3167=ADVANCED_FACE('',(#1053),#145,.F.);
#3168=ADVANCED_FACE('',(#1054),#40,.T.);
#3169=ADVANCED_FACE('',(#1055),#146,.T.);
#3170=ADVANCED_FACE('',(#1056),#41,.T.);
#3171=ADVANCED_FACE('',(#1057),#147,.T.);
#3172=ADVANCED_FACE('',(#1058),#148,.T.);
#3173=ADVANCED_FACE('',(#1059),#149,.T.);
#3174=ADVANCED_FACE('',(#1060),#984,.T.);
#3175=ADVANCED_FACE('',(#1061),#150,.T.);
#3176=ADVANCED_FACE('',(#1062),#985,.T.);
#3177=ADVANCED_FACE('',(#1063),#151,.T.);
#3178=ADVANCED_FACE('',(#1064),#986,.T.);
#3179=ADVANCED_FACE('',(#1065),#152,.T.);
#3180=ADVANCED_FACE('',(#1066),#987,.T.);
#3181=ADVANCED_FACE('',(#1067),#153,.F.);
#3182=ADVANCED_FACE('',(#1068),#154,.T.);
#3183=ADVANCED_FACE('',(#1069),#155,.F.);
#3184=ADVANCED_FACE('',(#1070),#156,.T.);
#3185=ADVANCED_FACE('',(#1071),#157,.F.);
#3186=ADVANCED_FACE('',(#1072),#158,.T.);
#3187=ADVANCED_FACE('',(#1073),#42,.T.);
#3188=ADVANCED_FACE('',(#1074),#159,.T.);
#3189=ADVANCED_FACE('',(#1075),#43,.T.);
#3190=ADVANCED_FACE('',(#1076),#160,.F.);
#3191=ADVANCED_FACE('',(#1077),#161,.F.);
#3192=ADVANCED_FACE('',(#1078),#162,.F.);
#3193=ADVANCED_FACE('',(#1079),#163,.F.);
#3194=ADVANCED_FACE('',(#1080),#164,.T.);
#3195=ADVANCED_FACE('',(#1081),#165,.T.);
#3196=ADVANCED_FACE('',(#1082),#166,.T.);
#3197=ADVANCED_FACE('',(#1083),#167,.F.);
#3198=ADVANCED_FACE('',(#1084),#168,.T.);
#3199=ADVANCED_FACE('',(#1085),#44,.F.);
#3200=ADVANCED_FACE('',(#1086),#169,.T.);
#3201=ADVANCED_FACE('',(#1087),#45,.F.);
#3202=ADVANCED_FACE('',(#1088),#170,.T.);
#3203=ADVANCED_FACE('',(#1089),#46,.T.);
#3204=ADVANCED_FACE('',(#1090),#171,.T.);
#3205=ADVANCED_FACE('',(#1091),#47,.F.);
#3206=ADVANCED_FACE('',(#1092),#172,.F.);
#3207=ADVANCED_FACE('',(#1093),#173,.F.);
#3208=ADVANCED_FACE('',(#1094),#174,.F.);
#3209=ADVANCED_FACE('',(#1095),#175,.F.);
#3210=ADVANCED_FACE('',(#1096),#176,.T.);
#3211=ADVANCED_FACE('',(#1097),#177,.T.);
#3212=ADVANCED_FACE('',(#1098),#178,.T.);
#3213=ADVANCED_FACE('',(#1099),#179,.T.);
#3214=ADVANCED_FACE('',(#1100),#180,.T.);
#3215=ADVANCED_FACE('',(#1101),#48,.T.);
#3216=ADVANCED_FACE('',(#1102),#181,.T.);
#3217=ADVANCED_FACE('',(#1103),#49,.F.);
#3218=ADVANCED_FACE('',(#1104),#182,.T.);
#3219=ADVANCED_FACE('',(#1105),#50,.F.);
#3220=ADVANCED_FACE('',(#1106),#183,.T.);
#3221=ADVANCED_FACE('',(#1107),#51,.F.);
#3222=ADVANCED_FACE('',(#1108),#184,.F.);
#3223=ADVANCED_FACE('',(#1109),#185,.F.);
#3224=ADVANCED_FACE('',(#1110),#186,.T.);
#3225=ADVANCED_FACE('',(#1111),#187,.F.);
#3226=ADVANCED_FACE('',(#1112),#188,.T.);
#3227=ADVANCED_FACE('',(#1113),#189,.T.);
#3228=ADVANCED_FACE('',(#1114),#190,.T.);
#3229=ADVANCED_FACE('',(#1115),#191,.F.);
#3230=ADVANCED_FACE('',(#1116),#192,.T.);
#3231=ADVANCED_FACE('',(#1117),#193,.F.);
#3232=ADVANCED_FACE('',(#1118),#52,.T.);
#3233=ADVANCED_FACE('',(#1119),#194,.T.);
#3234=ADVANCED_FACE('',(#1120),#53,.T.);
#3235=ADVANCED_FACE('',(#1121),#195,.T.);
#3236=ADVANCED_FACE('',(#1122),#196,.F.);
#3237=ADVANCED_FACE('',(#1123),#197,.F.);
#3238=ADVANCED_FACE('',(#1124),#198,.T.);
#3239=ADVANCED_FACE('',(#1125),#199,.T.);
#3240=ADVANCED_FACE('',(#1126),#21,.T.);
#3241=ADVANCED_FACE('',(#1127),#200,.T.);
#3242=ADVANCED_FACE('',(#1128),#54,.T.);
#3243=ADVANCED_FACE('',(#1129),#201,.T.);
#3244=ADVANCED_FACE('',(#1130),#202,.F.);
#3245=ADVANCED_FACE('',(#1131),#203,.F.);
#3246=ADVANCED_FACE('',(#1132),#204,.T.);
#3247=ADVANCED_FACE('',(#1133),#205,.F.);
#3248=ADVANCED_FACE('',(#1134),#55,.T.);
#3249=ADVANCED_FACE('',(#1135),#206,.T.);
#3250=ADVANCED_FACE('',(#1136),#56,.T.);
#3251=ADVANCED_FACE('',(#1137),#207,.T.);
#3252=ADVANCED_FACE('',(#1138),#208,.T.);
#3253=ADVANCED_FACE('',(#1139),#209,.F.);
#3254=ADVANCED_FACE('',(#1140),#210,.F.);
#3255=ADVANCED_FACE('',(#1141),#211,.T.);
#3256=ADVANCED_FACE('',(#1142),#212,.F.);
#3257=ADVANCED_FACE('',(#1143),#213,.T.);
#3258=ADVANCED_FACE('',(#1144),#57,.T.);
#3259=ADVANCED_FACE('',(#1145),#214,.T.);
#3260=ADVANCED_FACE('',(#1146),#215,.T.);
#3261=ADVANCED_FACE('',(#1147),#216,.F.);
#3262=ADVANCED_FACE('',(#1148),#217,.F.);
#3263=ADVANCED_FACE('',(#1149),#218,.T.);
#3264=ADVANCED_FACE('',(#1150),#219,.F.);
#3265=ADVANCED_FACE('',(#1151),#22,.T.);
#3266=ADVANCED_FACE('',(#1152),#58,.T.);
#3267=ADVANCED_FACE('',(#1153),#220,.T.);
#3268=ADVANCED_FACE('',(#1154),#59,.T.);
#3269=ADVANCED_FACE('',(#1155),#221,.T.);
#3270=ADVANCED_FACE('',(#1156),#222,.T.);
#3271=ADVANCED_FACE('',(#1157),#223,.F.);
#3272=ADVANCED_FACE('',(#1158),#224,.T.);
#3273=ADVANCED_FACE('',(#1159),#225,.F.);
#3274=ADVANCED_FACE('',(#1160),#23,.T.);
#3275=ADVANCED_FACE('',(#1161),#60,.T.);
#3276=ADVANCED_FACE('',(#1162),#226,.T.);
#3277=ADVANCED_FACE('',(#1163),#61,.T.);
#3278=ADVANCED_FACE('',(#1164),#227,.T.);
#3279=ADVANCED_FACE('',(#1165),#228,.T.);
#3280=ADVANCED_FACE('',(#1166),#229,.F.);
#3281=ADVANCED_FACE('',(#1167),#230,.F.);
#3282=ADVANCED_FACE('',(#1168),#231,.T.);
#3283=ADVANCED_FACE('',(#1169),#232,.F.);
#3284=ADVANCED_FACE('',(#1170),#233,.T.);
#3285=ADVANCED_FACE('',(#1171),#234,.T.);
#3286=ADVANCED_FACE('',(#1172),#62,.T.);
#3287=ADVANCED_FACE('',(#1173),#235,.T.);
#3288=ADVANCED_FACE('',(#1174),#236,.T.);
#3289=ADVANCED_FACE('',(#1175),#237,.F.);
#3290=ADVANCED_FACE('',(#1176),#238,.T.);
#3291=ADVANCED_FACE('',(#1177),#239,.F.);
#3292=ADVANCED_FACE('',(#1178),#63,.T.);
#3293=ADVANCED_FACE('',(#1179),#240,.T.);
#3294=ADVANCED_FACE('',(#1180),#64,.T.);
#3295=ADVANCED_FACE('',(#1181),#241,.T.);
#3296=ADVANCED_FACE('',(#1182),#242,.F.);
#3297=CLOSED_SHELL('',(#3102,#3103,#3104,#3105,#3106,#3107,#3108,#3109,
#3110,#3111,#3112,#3113,#3114,#3115,#3116,#3117,#3118,#3119,#3120,#3121));
#3298=CLOSED_SHELL('',(#3122,#3123,#3124,#3125,#3126,#3127,#3128,#3129));
#3299=CLOSED_SHELL('',(#3130,#3131,#3132,#3133,#3134,#3135,#3136,#3137,
#3138));
#3300=CLOSED_SHELL('',(#3139,#3140,#3141,#3142,#3143,#3144,#3145,#3146,
#3147));
#3301=CLOSED_SHELL('',(#3148,#3149,#3150,#3151,#3152,#3153,#3154,#3155,
#3156));
#3302=CLOSED_SHELL('',(#3157,#3158,#3159,#3160,#3161,#3162,#3163,#3164));
#3303=CLOSED_SHELL('',(#3165,#3166,#3167,#3168,#3169,#3170,#3171,#3172));
#3304=CLOSED_SHELL('',(#3173,#3174,#3175,#3176,#3177,#3178,#3179,#3180,
#3181,#3182));
#3305=CLOSED_SHELL('',(#3183,#3184,#3185,#3186,#3187,#3188,#3189,#3190));
#3306=CLOSED_SHELL('',(#3191,#3192,#3193,#3194,#3195,#3196,#3197,#3198,
#3199,#3200,#3201,#3202,#3203,#3204,#3205,#3206));
#3307=CLOSED_SHELL('',(#3207,#3208,#3209,#3210,#3211,#3212,#3213,#3214,
#3215,#3216,#3217,#3218,#3219,#3220,#3221,#3222));
#3308=CLOSED_SHELL('',(#3223,#3224,#3225,#3226,#3227,#3228));
#3309=CLOSED_SHELL('',(#3229,#3230,#3231,#3232,#3233,#3234,#3235,#3236));
#3310=CLOSED_SHELL('',(#3237,#3238,#3239,#3240,#3241,#3242,#3243,#3244));
#3311=CLOSED_SHELL('',(#3245,#3246,#3247,#3248,#3249,#3250,#3251,#3252));
#3312=CLOSED_SHELL('',(#3253,#3254,#3255,#3256,#3257,#3258,#3259,#3260,
#3261));
#3313=CLOSED_SHELL('',(#3262,#3263,#3264,#3265,#3266,#3267,#3268,#3269,
#3270));
#3314=CLOSED_SHELL('',(#3271,#3272,#3273,#3274,#3275,#3276,#3277,#3278,
#3279));
#3315=CLOSED_SHELL('',(#3280,#3281,#3282,#3283,#3284,#3285,#3286,#3287,
#3288));
#3316=CLOSED_SHELL('',(#3289,#3290,#3291,#3292,#3293,#3294,#3295,#3296));
#3317=DERIVED_UNIT_ELEMENT(#3319,1.);
#3318=DERIVED_UNIT_ELEMENT(#5553,-3.);
#3319=(
MASS_UNIT()
NAMED_UNIT(*)
SI_UNIT(.KILO.,.GRAM.)
);
#3320=DERIVED_UNIT((#3317,#3318));
#3321=MEASURE_REPRESENTATION_ITEM('density measure',
POSITIVE_RATIO_MEASURE(7850.),#3320);
#3322=PROPERTY_DEFINITION_REPRESENTATION(#3327,#3324);
#3323=PROPERTY_DEFINITION_REPRESENTATION(#3328,#3325);
#3324=REPRESENTATION('material name',(#3326),#5550);
#3325=REPRESENTATION('density',(#3321),#5550);
#3326=DESCRIPTIVE_REPRESENTATION_ITEM('Steel','Steel');
#3327=PROPERTY_DEFINITION('material property','material name',#5560);
#3328=PROPERTY_DEFINITION('material property','density of part',#5560);
#3329=AXIS2_PLACEMENT_3D('',#4484,#3592,#3593);
#3330=AXIS2_PLACEMENT_3D('',#4485,#3594,#3595);
#3331=AXIS2_PLACEMENT_3D('',#4488,#3596,#3597);
#3332=AXIS2_PLACEMENT_3D('',#4490,#3598,#3599);
#3333=AXIS2_PLACEMENT_3D('',#4491,#3600,#3601);
#3334=AXIS2_PLACEMENT_3D('',#4492,#3602,#3603);
#3335=AXIS2_PLACEMENT_3D('',#4495,#3604,#3605);
#3336=AXIS2_PLACEMENT_3D('',#4498,#3608,#3609);
#3337=AXIS2_PLACEMENT_3D('',#4501,#3610,#3611);
#3338=AXIS2_PLACEMENT_3D('',#4503,#3612,#3613);
#3339=AXIS2_PLACEMENT_3D('',#4504,#3614,#3615);
#3340=AXIS2_PLACEMENT_3D('',#4505,#3616,#3617);
#3341=AXIS2_PLACEMENT_3D('',#4508,#3618,#3619);
#3342=AXIS2_PLACEMENT_3D('',#4511,#3622,#3623);
#3343=AXIS2_PLACEMENT_3D('',#4514,#3624,#3625);
#3344=AXIS2_PLACEMENT_3D('',#4516,#3626,#3627);
#3345=AXIS2_PLACEMENT_3D('',#4517,#3628,#3629);
#3346=AXIS2_PLACEMENT_3D('',#4518,#3630,#3631);
#3347=AXIS2_PLACEMENT_3D('',#4521,#3632,#3633);
#3348=AXIS2_PLACEMENT_3D('',#4524,#3636,#3637);
#3349=AXIS2_PLACEMENT_3D('',#4527,#3640,#3641);
#3350=AXIS2_PLACEMENT_3D('',#4530,#3642,#3643);
#3351=AXIS2_PLACEMENT_3D('',#4532,#3644,#3645);
#3352=AXIS2_PLACEMENT_3D('',#4533,#3646,#3647);
#3353=AXIS2_PLACEMENT_3D('',#4534,#3648,#3649);
#3354=AXIS2_PLACEMENT_3D('',#4537,#3650,#3651);
#3355=AXIS2_PLACEMENT_3D('',#4540,#3654,#3655);
#3356=AXIS2_PLACEMENT_3D('',#4543,#3658,#3659);
#3357=AXIS2_PLACEMENT_3D('',#4546,#3662,#3663);
#3358=AXIS2_PLACEMENT_3D('',#4549,#3666,#3667);
#3359=AXIS2_PLACEMENT_3D('',#4551,#3669,#3670);
#3360=AXIS2_PLACEMENT_3D('',#4553,#3672,#3673);
#3361=AXIS2_PLACEMENT_3D('',#4555,#3674,#3675);
#3362=AXIS2_PLACEMENT_3D('',#4556,#3676,#3677);
#3363=AXIS2_PLACEMENT_3D('',#4559,#3679,#3680);
#3364=AXIS2_PLACEMENT_3D('',#4560,#3681,#3682);
#3365=AXIS2_PLACEMENT_3D('',#4561,#3683,#3684);
#3366=AXIS2_PLACEMENT_3D('',#4564,#3687,#3688);
#3367=AXIS2_PLACEMENT_3D('',#4565,#3689,#3690);
#3368=AXIS2_PLACEMENT_3D('',#4566,#3691,#3692);
#3369=AXIS2_PLACEMENT_3D('',#4575,#3697,#3698);
#3370=AXIS2_PLACEMENT_3D('',#4583,#3703,#3704);
#3371=AXIS2_PLACEMENT_3D('',#4587,#3707,#3708);
#3372=AXIS2_PLACEMENT_3D('',#4590,#3710,#3711);
#3373=AXIS2_PLACEMENT_3D('',#4591,#3712,#3713);
#3374=AXIS2_PLACEMENT_3D('',#4597,#3717,#3718);
#3375=AXIS2_PLACEMENT_3D('',#4600,#3720,#3721);
#3376=AXIS2_PLACEMENT_3D('',#4601,#3722,#3723);
#3377=AXIS2_PLACEMENT_3D('',#4603,#3725,#3726);
#3378=AXIS2_PLACEMENT_3D('',#4604,#3727,#3728);
#3379=AXIS2_PLACEMENT_3D('',#4613,#3733,#3734);
#3380=AXIS2_PLACEMENT_3D('',#4626,#3739,#3740);
#3381=AXIS2_PLACEMENT_3D('',#4648,#3744,#3745);
#3382=AXIS2_PLACEMENT_3D('',#4649,#3746,#3747);
#3383=AXIS2_PLACEMENT_3D('',#4652,#3749,#3750);
#3384=AXIS2_PLACEMENT_3D('',#4653,#3751,#3752);
#3385=AXIS2_PLACEMENT_3D('',#4661,#3755,#3756);
#3386=AXIS2_PLACEMENT_3D('',#4664,#3758,#3759);
#3387=AXIS2_PLACEMENT_3D('',#4665,#3760,#3761);
#3388=AXIS2_PLACEMENT_3D('',#4667,#3763,#3764);
#3389=AXIS2_PLACEMENT_3D('',#4668,#3765,#3766);
#3390=AXIS2_PLACEMENT_3D('',#4677,#3771,#3772);
#3391=AXIS2_PLACEMENT_3D('',#4690,#3777,#3778);
#3392=AXIS2_PLACEMENT_3D('',#4712,#3782,#3783);
#3393=AXIS2_PLACEMENT_3D('',#4713,#3784,#3785);
#3394=AXIS2_PLACEMENT_3D('',#4716,#3787,#3788);
#3395=AXIS2_PLACEMENT_3D('',#4717,#3789,#3790);
#3396=AXIS2_PLACEMENT_3D('',#4725,#3793,#3794);
#3397=AXIS2_PLACEMENT_3D('',#4728,#3796,#3797);
#3398=AXIS2_PLACEMENT_3D('',#4729,#3798,#3799);
#3399=AXIS2_PLACEMENT_3D('',#4731,#3801,#3802);
#3400=AXIS2_PLACEMENT_3D('',#4732,#3803,#3804);
#3401=AXIS2_PLACEMENT_3D('',#4741,#3809,#3810);
#3402=AXIS2_PLACEMENT_3D('',#4754,#3815,#3816);
#3403=AXIS2_PLACEMENT_3D('',#4776,#3820,#3821);
#3404=AXIS2_PLACEMENT_3D('',#4777,#3822,#3823);
#3405=AXIS2_PLACEMENT_3D('',#4780,#3825,#3826);
#3406=AXIS2_PLACEMENT_3D('',#4781,#3827,#3828);
#3407=AXIS2_PLACEMENT_3D('',#4789,#3831,#3832);
#3408=AXIS2_PLACEMENT_3D('',#4792,#3834,#3835);
#3409=AXIS2_PLACEMENT_3D('',#4793,#3836,#3837);
#3410=AXIS2_PLACEMENT_3D('',#4795,#3839,#3840);
#3411=AXIS2_PLACEMENT_3D('',#4796,#3841,#3842);
#3412=AXIS2_PLACEMENT_3D('',#4805,#3847,#3848);
#3413=AXIS2_PLACEMENT_3D('',#4813,#3853,#3854);
#3414=AXIS2_PLACEMENT_3D('',#4817,#3857,#3858);
#3415=AXIS2_PLACEMENT_3D('',#4820,#3860,#3861);
#3416=AXIS2_PLACEMENT_3D('',#4821,#3862,#3863);
#3417=AXIS2_PLACEMENT_3D('',#4827,#3867,#3868);
#3418=AXIS2_PLACEMENT_3D('',#4830,#3870,#3871);
#3419=AXIS2_PLACEMENT_3D('',#4831,#3872,#3873);
#3420=AXIS2_PLACEMENT_3D('',#4833,#3875,#3876);
#3421=AXIS2_PLACEMENT_3D('',#4834,#3877,#3878);
#3422=AXIS2_PLACEMENT_3D('',#4843,#3883,#3884);
#3423=AXIS2_PLACEMENT_3D('',#4851,#3889,#3890);
#3424=AXIS2_PLACEMENT_3D('',#4855,#3893,#3894);
#3425=AXIS2_PLACEMENT_3D('',#4858,#3896,#3897);
#3426=AXIS2_PLACEMENT_3D('',#4859,#3898,#3899);
#3427=AXIS2_PLACEMENT_3D('',#4865,#3903,#3904);
#3428=AXIS2_PLACEMENT_3D('',#4868,#3906,#3907);
#3429=AXIS2_PLACEMENT_3D('',#4869,#3908,#3909);
#3430=AXIS2_PLACEMENT_3D('',#4871,#3911,#3912);
#3431=AXIS2_PLACEMENT_3D('',#4872,#3913,#3914);
#3432=AXIS2_PLACEMENT_3D('',#4881,#3919,#3920);
#3433=AXIS2_PLACEMENT_3D('',#4883,#3921,#3922);
#3434=AXIS2_PLACEMENT_3D('',#4885,#3923,#3924);
#3435=AXIS2_PLACEMENT_3D('',#4887,#3926,#3927);
#3436=AXIS2_PLACEMENT_3D('',#4893,#3931,#3932);
#3437=AXIS2_PLACEMENT_3D('',#4895,#3933,#3934);
#3438=AXIS2_PLACEMENT_3D('',#4897,#3935,#3936);
#3439=AXIS2_PLACEMENT_3D('',#4899,#3938,#3939);
#3440=AXIS2_PLACEMENT_3D('',#4905,#3943,#3944);
#3441=AXIS2_PLACEMENT_3D('',#4907,#3945,#3946);
#3442=AXIS2_PLACEMENT_3D('',#4909,#3947,#3948);
#3443=AXIS2_PLACEMENT_3D('',#4911,#3950,#3951);
#3444=AXIS2_PLACEMENT_3D('',#4917,#3955,#3956);
#3445=AXIS2_PLACEMENT_3D('',#4918,#3957,#3958);
#3446=AXIS2_PLACEMENT_3D('',#4919,#3959,#3960);
#3447=AXIS2_PLACEMENT_3D('',#4920,#3961,#3962);
#3448=AXIS2_PLACEMENT_3D('',#4921,#3963,#3964);
#3449=AXIS2_PLACEMENT_3D('',#4922,#3965,#3966);
#3450=AXIS2_PLACEMENT_3D('',#4931,#3971,#3972);
#3451=AXIS2_PLACEMENT_3D('',#4939,#3977,#3978);
#3452=AXIS2_PLACEMENT_3D('',#4943,#3980,#3981);
#3453=AXIS2_PLACEMENT_3D('',#4946,#3983,#3984);
#3454=AXIS2_PLACEMENT_3D('',#4947,#3985,#3986);
#3455=AXIS2_PLACEMENT_3D('',#4953,#3990,#3991);
#3456=AXIS2_PLACEMENT_3D('',#4955,#3993,#3994);
#3457=AXIS2_PLACEMENT_3D('',#4958,#3997,#3998);
#3458=AXIS2_PLACEMENT_3D('',#4959,#3999,#4000);
#3459=AXIS2_PLACEMENT_3D('',#4960,#4001,#4002);
#3460=AXIS2_PLACEMENT_3D('',#4969,#4007,#4008);
#3461=AXIS2_PLACEMENT_3D('',#4978,#4013,#4014);
#3462=AXIS2_PLACEMENT_3D('',#4987,#4019,#4020);
#3463=AXIS2_PLACEMENT_3D('',#4995,#4025,#4026);
#3464=AXIS2_PLACEMENT_3D('',#5001,#4030,#4031);
#3465=AXIS2_PLACEMENT_3D('',#5007,#4035,#4036);
#3466=AXIS2_PLACEMENT_3D('',#5010,#4038,#4039);
#3467=AXIS2_PLACEMENT_3D('',#5014,#4041,#4042);
#3468=AXIS2_PLACEMENT_3D('',#5017,#4044,#4045);
#3469=AXIS2_PLACEMENT_3D('',#5020,#4047,#4048);
#3470=AXIS2_PLACEMENT_3D('',#5021,#4049,#4050);
#3471=AXIS2_PLACEMENT_3D('',#5025,#4053,#4054);
#3472=AXIS2_PLACEMENT_3D('',#5028,#4056,#4057);
#3473=AXIS2_PLACEMENT_3D('',#5029,#4058,#4059);
#3474=AXIS2_PLACEMENT_3D('',#5033,#4062,#4063);
#3475=AXIS2_PLACEMENT_3D('',#5034,#4064,#4065);
#3476=AXIS2_PLACEMENT_3D('',#5035,#4066,#4067);
#3477=AXIS2_PLACEMENT_3D('',#5038,#4070,#4071);
#3478=AXIS2_PLACEMENT_3D('',#5039,#4072,#4073);
#3479=AXIS2_PLACEMENT_3D('',#5043,#4076,#4077);
#3480=AXIS2_PLACEMENT_3D('',#5044,#4078,#4079);
#3481=AXIS2_PLACEMENT_3D('',#5045,#4080,#4081);
#3482=AXIS2_PLACEMENT_3D('',#5046,#4082,#4083);
#3483=AXIS2_PLACEMENT_3D('',#5055,#4088,#4089);
#3484=AXIS2_PLACEMENT_3D('',#5064,#4094,#4095);
#3485=AXIS2_PLACEMENT_3D('',#5073,#4100,#4101);
#3486=AXIS2_PLACEMENT_3D('',#5081,#4106,#4107);
#3487=AXIS2_PLACEMENT_3D('',#5087,#4111,#4112);
#3488=AXIS2_PLACEMENT_3D('',#5093,#4116,#4117);
#3489=AXIS2_PLACEMENT_3D('',#5097,#4119,#4120);
#3490=AXIS2_PLACEMENT_3D('',#5100,#4122,#4123);
#3491=AXIS2_PLACEMENT_3D('',#5103,#4125,#4126);
#3492=AXIS2_PLACEMENT_3D('',#5106,#4128,#4129);
#3493=AXIS2_PLACEMENT_3D('',#5107,#4130,#4131);
#3494=AXIS2_PLACEMENT_3D('',#5110,#4134,#4135);
#3495=AXIS2_PLACEMENT_3D('',#5111,#4136,#4137);
#3496=AXIS2_PLACEMENT_3D('',#5115,#4140,#4141);
#3497=AXIS2_PLACEMENT_3D('',#5118,#4143,#4144);
#3498=AXIS2_PLACEMENT_3D('',#5119,#4145,#4146);
#3499=AXIS2_PLACEMENT_3D('',#5123,#4149,#4150);
#3500=AXIS2_PLACEMENT_3D('',#5124,#4151,#4152);
#3501=AXIS2_PLACEMENT_3D('',#5125,#4153,#4154);
#3502=AXIS2_PLACEMENT_3D('',#5129,#4157,#4158);
#3503=AXIS2_PLACEMENT_3D('',#5130,#4159,#4160);
#3504=AXIS2_PLACEMENT_3D('',#5131,#4161,#4162);
#3505=AXIS2_PLACEMENT_3D('',#5132,#4163,#4164);
#3506=AXIS2_PLACEMENT_3D('',#5141,#4169,#4170);
#3507=AXIS2_PLACEMENT_3D('',#5147,#4174,#4175);
#3508=AXIS2_PLACEMENT_3D('',#5151,#4178,#4179);
#3509=AXIS2_PLACEMENT_3D('',#5155,#4182,#4183);
#3510=AXIS2_PLACEMENT_3D('',#5157,#4185,#4186);
#3511=AXIS2_PLACEMENT_3D('',#5158,#4187,#4188);
#3512=AXIS2_PLACEMENT_3D('',#5167,#4193,#4194);
#3513=AXIS2_PLACEMENT_3D('',#5175,#4199,#4200);
#3514=AXIS2_PLACEMENT_3D('',#5179,#4203,#4204);
#3515=AXIS2_PLACEMENT_3D('',#5182,#4206,#4207);
#3516=AXIS2_PLACEMENT_3D('',#5183,#4208,#4209);
#3517=AXIS2_PLACEMENT_3D('',#5189,#4213,#4214);
#3518=AXIS2_PLACEMENT_3D('',#5192,#4216,#4217);
#3519=AXIS2_PLACEMENT_3D('',#5193,#4218,#4219);
#3520=AXIS2_PLACEMENT_3D('',#5195,#4221,#4222);
#3521=AXIS2_PLACEMENT_3D('',#5196,#4223,#4224);
#3522=AXIS2_PLACEMENT_3D('',#5205,#4229,#4230);
#3523=AXIS2_PLACEMENT_3D('',#5213,#4235,#4236);
#3524=AXIS2_PLACEMENT_3D('',#5217,#4238,#4239);
#3525=AXIS2_PLACEMENT_3D('',#5220,#4241,#4242);
#3526=AXIS2_PLACEMENT_3D('',#5247,#4244,#4245);
#3527=AXIS2_PLACEMENT_3D('',#5252,#4249,#4250);
#3528=AXIS2_PLACEMENT_3D('',#5253,#4251,#4252);
#3529=AXIS2_PLACEMENT_3D('',#5255,#4254,#4255);
#3530=AXIS2_PLACEMENT_3D('',#5256,#4256,#4257);
#3531=AXIS2_PLACEMENT_3D('',#5265,#4262,#4263);
#3532=AXIS2_PLACEMENT_3D('',#5273,#4268,#4269);
#3533=AXIS2_PLACEMENT_3D('',#5277,#4272,#4273);
#3534=AXIS2_PLACEMENT_3D('',#5280,#4275,#4276);
#3535=AXIS2_PLACEMENT_3D('',#5281,#4277,#4278);
#3536=AXIS2_PLACEMENT_3D('',#5287,#4282,#4283);
#3537=AXIS2_PLACEMENT_3D('',#5290,#4285,#4286);
#3538=AXIS2_PLACEMENT_3D('',#5291,#4287,#4288);
#3539=AXIS2_PLACEMENT_3D('',#5293,#4290,#4291);
#3540=AXIS2_PLACEMENT_3D('',#5294,#4292,#4293);
#3541=AXIS2_PLACEMENT_3D('',#5303,#4298,#4299);
#3542=AXIS2_PLACEMENT_3D('',#5312,#4304,#4305);
#3543=AXIS2_PLACEMENT_3D('',#5320,#4310,#4311);
#3544=AXIS2_PLACEMENT_3D('',#5325,#4315,#4316);
#3545=AXIS2_PLACEMENT_3D('',#5329,#4319,#4320);
#3546=AXIS2_PLACEMENT_3D('',#5330,#4321,#4322);
#3547=AXIS2_PLACEMENT_3D('',#5331,#4323,#4324);
#3548=AXIS2_PLACEMENT_3D('',#5335,#4327,#4328);
#3549=AXIS2_PLACEMENT_3D('',#5337,#4330,#4331);
#3550=AXIS2_PLACEMENT_3D('',#5338,#4332,#4333);
#3551=AXIS2_PLACEMENT_3D('',#5347,#4338,#4339);
#3552=AXIS2_PLACEMENT_3D('',#5360,#4344,#4345);
#3553=AXIS2_PLACEMENT_3D('',#5382,#4349,#4350);
#3554=AXIS2_PLACEMENT_3D('',#5383,#4351,#4352);
#3555=AXIS2_PLACEMENT_3D('',#5386,#4354,#4355);
#3556=AXIS2_PLACEMENT_3D('',#5387,#4356,#4357);
#3557=AXIS2_PLACEMENT_3D('',#5395,#4360,#4361);
#3558=AXIS2_PLACEMENT_3D('',#5398,#4363,#4364);
#3559=AXIS2_PLACEMENT_3D('',#5399,#4365,#4366);
#3560=AXIS2_PLACEMENT_3D('',#5401,#4368,#4369);
#3561=AXIS2_PLACEMENT_3D('',#5402,#4370,#4371);
#3562=AXIS2_PLACEMENT_3D('',#5411,#4376,#4377);
#3563=AXIS2_PLACEMENT_3D('',#5424,#4382,#4383);
#3564=AXIS2_PLACEMENT_3D('',#5446,#4387,#4388);
#3565=AXIS2_PLACEMENT_3D('',#5447,#4389,#4390);
#3566=AXIS2_PLACEMENT_3D('',#5450,#4392,#4393);
#3567=AXIS2_PLACEMENT_3D('',#5451,#4394,#4395);
#3568=AXIS2_PLACEMENT_3D('',#5459,#4398,#4399);
#3569=AXIS2_PLACEMENT_3D('',#5462,#4401,#4402);
#3570=AXIS2_PLACEMENT_3D('',#5463,#4403,#4404);
#3571=AXIS2_PLACEMENT_3D('',#5465,#4406,#4407);
#3572=AXIS2_PLACEMENT_3D('',#5466,#4408,#4409);
#3573=AXIS2_PLACEMENT_3D('',#5475,#4414,#4415);
#3574=AXIS2_PLACEMENT_3D('',#5484,#4420,#4421);
#3575=AXIS2_PLACEMENT_3D('',#5490,#4425,#4426);
#3576=AXIS2_PLACEMENT_3D('',#5495,#4430,#4431);
#3577=AXIS2_PLACEMENT_3D('',#5497,#4433,#4434);
#3578=AXIS2_PLACEMENT_3D('',#5503,#4438,#4439);
#3579=AXIS2_PLACEMENT_3D('',#5506,#4441,#4442);
#3580=AXIS2_PLACEMENT_3D('',#5507,#4443,#4444);
#3581=AXIS2_PLACEMENT_3D('',#5509,#4446,#4447);
#3582=AXIS2_PLACEMENT_3D('',#5510,#4448,#4449);
#3583=AXIS2_PLACEMENT_3D('',#5519,#4454,#4455);
#3584=AXIS2_PLACEMENT_3D('',#5527,#4460,#4461);
#3585=AXIS2_PLACEMENT_3D('',#5531,#4464,#4465);
#3586=AXIS2_PLACEMENT_3D('',#5534,#4467,#4468);
#3587=AXIS2_PLACEMENT_3D('',#5535,#4469,#4470);
#3588=AXIS2_PLACEMENT_3D('',#5541,#4474,#4475);
#3589=AXIS2_PLACEMENT_3D('',#5544,#4477,#4478);
#3590=AXIS2_PLACEMENT_3D('',#5545,#4479,#4480);
#3591=AXIS2_PLACEMENT_3D('',#5547,#4482,#4483);
#3592=DIRECTION('axis',(0.,0.,1.));
#3593=DIRECTION('refdir',(1.,0.,0.));
#3594=DIRECTION('center_axis',(0.408248290463864,-0.816496580927728,-0.408248290463858));
#3595=DIRECTION('ref_axis',(-0.577350269189624,-0.577350269189624,0.57735026918963));
#3596=DIRECTION('center_axis',(0.,-1.,0.));
#3597=DIRECTION('ref_axis',(-1.,0.,0.));
#3598=DIRECTION('center_axis',(0.,0.,1.));
#3599=DIRECTION('ref_axis',(0.,-1.,0.));
#3600=DIRECTION('center_axis',(-1.,0.,0.));
#3601=DIRECTION('ref_axis',(0.,0.,1.));
#3602=DIRECTION('center_axis',(0.,0.,1.));
#3603=DIRECTION('ref_axis',(-0.707106781186548,-0.707106781186548,0.));
#3604=DIRECTION('center_axis',(0.,0.,1.));
#3605=DIRECTION('ref_axis',(-0.707106781186548,-0.707106781186548,0.));
#3606=DIRECTION('',(0.,0.,1.));
#3607=DIRECTION('',(0.,0.,-1.));
#3608=DIRECTION('center_axis',(-0.408248290463862,-0.816496580927724,-0.408248290463868));
#3609=DIRECTION('ref_axis',(0.577350269189624,-0.577350269189624,0.57735026918963));
#3610=DIRECTION('center_axis',(1.,0.,0.));
#3611=DIRECTION('ref_axis',(0.,-1.,0.));
#3612=DIRECTION('center_axis',(0.,0.,1.));
#3613=DIRECTION('ref_axis',(1.,0.,0.));
#3614=DIRECTION('center_axis',(0.,-1.,0.));
#3615=DIRECTION('ref_axis',(0.,0.,1.));
#3616=DIRECTION('center_axis',(0.,0.,1.));
#3617=DIRECTION('ref_axis',(0.707106781186548,-0.707106781186548,0.));
#3618=DIRECTION('center_axis',(0.,0.,1.));
#3619=DIRECTION('ref_axis',(0.707106781186548,-0.707106781186548,0.));
#3620=DIRECTION('',(0.,0.,1.));
#3621=DIRECTION('',(0.,0.,-1.));
#3622=DIRECTION('center_axis',(-0.408248290463862,-0.816496580927724,0.408248290463868));
#3623=DIRECTION('ref_axis',(-0.577350269189624,0.577350269189624,0.57735026918963));
#3624=DIRECTION('center_axis',(-1.,0.,0.));
#3625=DIRECTION('ref_axis',(0.,1.,0.));
#3626=DIRECTION('center_axis',(0.,0.,1.));
#3627=DIRECTION('ref_axis',(-1.,0.,0.));
#3628=DIRECTION('center_axis',(0.,1.,0.));
#3629=DIRECTION('ref_axis',(0.,0.,1.));
#3630=DIRECTION('center_axis',(0.,0.,1.));
#3631=DIRECTION('ref_axis',(-0.707106781186548,0.707106781186548,0.));
#3632=DIRECTION('center_axis',(0.,0.,1.));
#3633=DIRECTION('ref_axis',(-0.707106781186548,0.707106781186548,0.));
#3634=DIRECTION('',(0.,0.,1.));
#3635=DIRECTION('',(0.,0.,-1.));
#3636=DIRECTION('center_axis',(0.,-1.,0.));
#3637=DIRECTION('ref_axis',(-0.707106781186548,0.,0.707106781186548));
#3638=DIRECTION('',(0.,1.,0.));
#3639=DIRECTION('',(0.,-1.,0.));
#3640=DIRECTION('center_axis',(0.408248290463864,-0.816496580927728,0.408248290463858));
#3641=DIRECTION('ref_axis',(0.577350269189624,0.577350269189624,0.57735026918963));
#3642=DIRECTION('center_axis',(0.,1.,0.));
#3643=DIRECTION('ref_axis',(1.,0.,0.));
#3644=DIRECTION('center_axis',(0.,0.,1.));
#3645=DIRECTION('ref_axis',(0.,1.,0.));
#3646=DIRECTION('center_axis',(1.,0.,0.));
#3647=DIRECTION('ref_axis',(0.,0.,1.));
#3648=DIRECTION('center_axis',(0.,0.,1.));
#3649=DIRECTION('ref_axis',(0.707106781186548,0.707106781186548,0.));
#3650=DIRECTION('center_axis',(0.,0.,1.));
#3651=DIRECTION('ref_axis',(0.707106781186548,0.707106781186548,0.));
#3652=DIRECTION('',(0.,0.,1.));
#3653=DIRECTION('',(0.,0.,-1.));
#3654=DIRECTION('center_axis',(-1.,0.,0.));
#3655=DIRECTION('ref_axis',(0.,0.707106781186548,0.707106781186548));
#3656=DIRECTION('',(1.,0.,0.));
#3657=DIRECTION('',(-1.,0.,0.));
#3658=DIRECTION('center_axis',(0.,1.,0.));
#3659=DIRECTION('ref_axis',(0.707106781186548,0.,0.707106781186548));
#3660=DIRECTION('',(0.,-1.,0.));
#3661=DIRECTION('',(0.,1.,0.));
#3662=DIRECTION('center_axis',(1.,0.,0.));
#3663=DIRECTION('ref_axis',(0.,-0.707106781186548,0.707106781186548));
#3664=DIRECTION('',(-1.,0.,0.));
#3665=DIRECTION('',(1.,0.,0.));
#3666=DIRECTION('center_axis',(-1.,0.,0.));
#3667=DIRECTION('ref_axis',(0.,-1.,0.));
#3668=DIRECTION('',(0.,-1.,0.));
#3669=DIRECTION('center_axis',(0.,1.,0.));
#3670=DIRECTION('ref_axis',(-1.,0.,0.));
#3671=DIRECTION('',(-1.,0.,0.));
#3672=DIRECTION('center_axis',(0.,0.,1.));
#3673=DIRECTION('ref_axis',(1.,0.,0.));
#3674=DIRECTION('center_axis',(0.,0.,-1.));
#3675=DIRECTION('ref_axis',(-1.,0.,0.));
#3676=DIRECTION('center_axis',(0.,0.,-1.));
#3677=DIRECTION('ref_axis',(-1.,0.,0.));
#3678=DIRECTION('',(0.,0.,-1.));
#3679=DIRECTION('center_axis',(0.,0.,-1.));
#3680=DIRECTION('ref_axis',(-1.,0.,0.));
#3681=DIRECTION('center_axis',(0.,0.,1.));
#3682=DIRECTION('ref_axis',(-1.,0.,0.));
#3683=DIRECTION('center_axis',(0.,0.,1.));
#3684=DIRECTION('ref_axis',(1.,0.,0.));
#3685=DIRECTION('',(0.,1.,0.));
#3686=DIRECTION('',(1.,0.,0.));
#3687=DIRECTION('center_axis',(1.,0.,0.));
#3688=DIRECTION('ref_axis',(0.,1.,0.));
#3689=DIRECTION('center_axis',(0.,-1.,0.));
#3690=DIRECTION('ref_axis',(1.,0.,0.));
#3691=DIRECTION('center_axis',(-1.,6.92158992908452E-17,0.));
#3692=DIRECTION('ref_axis',(6.92158992908452E-17,1.,0.));
#3693=DIRECTION('',(1.79143929603689E-17,0.258819045102523,-0.965925826289068));
#3694=DIRECTION('',(6.92158992908452E-17,1.,0.));
#3695=DIRECTION('',(1.79143929603688E-17,0.258819045102521,0.965925826289068));
#3696=DIRECTION('',(-6.92158992908452E-17,-1.,0.));
#3697=DIRECTION('center_axis',(0.,-0.965925826289068,0.258819045102521));
#3698=DIRECTION('ref_axis',(1.,0.,0.));
#3699=DIRECTION('',(-1.,0.,0.));
#3700=DIRECTION('',(0.250562807085721,0.250562807085729,0.935113126531033));
#3701=DIRECTION('',(1.43673431542158E-15,0.258819045102522,0.965925826289068));
#3702=DIRECTION('',(-1.,0.,0.));
#3703=DIRECTION('center_axis',(0.,0.,-1.));
#3704=DIRECTION('ref_axis',(-1.,0.,0.));
#3705=DIRECTION('',(1.,0.,0.));
#3706=DIRECTION('',(0.,1.,0.));
#3707=DIRECTION('center_axis',(0.,0.,-1.));
#3708=DIRECTION('ref_axis',(-1.,-8.32667268468862E-15,0.));
#3709=DIRECTION('',(0.258819045102522,2.15510147313236E-15,0.965925826289068));
#3710=DIRECTION('center_axis',(0.,0.,1.));
#3711=DIRECTION('ref_axis',(-1.,-8.32667268468862E-15,0.));
#3712=DIRECTION('center_axis',(-0.965925826289068,0.,0.258819045102522));
#3713=DIRECTION('ref_axis',(0.,-1.,0.));
#3714=DIRECTION('',(0.258819045102522,-2.15510147313236E-15,0.965925826289068));
#3715=DIRECTION('',(0.,1.,0.));
#3716=DIRECTION('',(0.250562807085723,-0.250562807085707,0.935113126531038));
#3717=DIRECTION('center_axis',(0.,0.,-1.));
#3718=DIRECTION('ref_axis',(-5.55111512312573E-15,1.,0.));
#3719=DIRECTION('',(1.43673431542158E-15,-0.258819045102523,0.965925826289068));
#3720=DIRECTION('center_axis',(0.,0.,1.));
#3721=DIRECTION('ref_axis',(-5.55111512312573E-15,1.,0.));
#3722=DIRECTION('center_axis',(0.,0.965925826289068,0.258819045102523));
#3723=DIRECTION('ref_axis',(-1.,0.,0.));
#3724=DIRECTION('',(-1.,0.,0.));
#3725=DIRECTION('center_axis',(0.,0.,1.));
#3726=DIRECTION('ref_axis',(-1.,0.,0.));
#3727=DIRECTION('center_axis',(6.92158992908452E-17,-1.,0.));
#3728=DIRECTION('ref_axis',(-1.,-6.92158992908452E-17,0.));
#3729=DIRECTION('',(-0.258819045102521,-1.79143929603688E-17,-0.965925826289068));
#3730=DIRECTION('',(-1.,-6.92158992908452E-17,0.));
#3731=DIRECTION('',(-0.258819045102522,-1.79143929603688E-17,0.965925826289068));
#3732=DIRECTION('',(1.,6.92158992908452E-17,0.));
#3733=DIRECTION('center_axis',(0.965925826289068,0.,0.258819045102522));
#3734=DIRECTION('ref_axis',(0.,1.,0.));
#3735=DIRECTION('',(0.,-1.,0.));
#3736=DIRECTION('',(-0.25056280708574,0.250562807085732,0.935113126531027));
#3737=DIRECTION('',(-0.258819045102521,0.,0.965925826289068));
#3738=DIRECTION('',(0.,-1.,0.));
#3739=DIRECTION('center_axis',(0.,0.,-1.));
#3740=DIRECTION('ref_axis',(-1.,0.,0.));
#3741=DIRECTION('',(0.,1.,0.));
#3742=DIRECTION('',(-1.,0.,0.));
#3743=DIRECTION('',(0.,0.258819045102525,0.965925826289067));
#3744=DIRECTION('center_axis',(0.,0.,-1.));
#3745=DIRECTION('ref_axis',(1.,0.,0.));
#3746=DIRECTION('center_axis',(0.,0.,-1.));
#3747=DIRECTION('ref_axis',(1.,0.,0.));
#3748=DIRECTION('',(0.,0.258819045102521,0.965925826289068));
#3749=DIRECTION('center_axis',(0.,0.,-1.));
#3750=DIRECTION('ref_axis',(1.,0.,0.));
#3751=DIRECTION('center_axis',(0.,-0.965925826289068,0.258819045102521));
#3752=DIRECTION('ref_axis',(1.,0.,0.));
#3753=DIRECTION('',(-1.,0.,0.));
#3754=DIRECTION('',(0.250562807085729,0.250562807085736,0.935113126531029));
#3755=DIRECTION('center_axis',(0.,0.,-1.));
#3756=DIRECTION('ref_axis',(3.12250225675827E-15,-1.,0.));
#3757=DIRECTION('',(0.258819045102521,0.,0.965925826289068));
#3758=DIRECTION('center_axis',(0.,0.,-1.));
#3759=DIRECTION('ref_axis',(3.12250225675827E-15,-1.,0.));
#3760=DIRECTION('center_axis',(-0.965925826289068,0.,0.258819045102521));
#3761=DIRECTION('ref_axis',(0.,-1.,0.));
#3762=DIRECTION('',(0.,1.,0.));
#3763=DIRECTION('center_axis',(0.,0.,-1.));
#3764=DIRECTION('ref_axis',(1.,0.,0.));
#3765=DIRECTION('center_axis',(6.92158992908452E-17,-1.,0.));
#3766=DIRECTION('ref_axis',(-1.,-6.92158992908452E-17,0.));
#3767=DIRECTION('',(-0.25881904510252,-1.79143929603688E-17,-0.965925826289068));
#3768=DIRECTION('',(-1.,-6.92158992908452E-17,0.));
#3769=DIRECTION('',(-0.25881904510252,-1.79143929603687E-17,0.965925826289068));
#3770=DIRECTION('',(1.,6.92158992908452E-17,0.));
#3771=DIRECTION('center_axis',(0.965925826289068,0.,0.25881904510252));
#3772=DIRECTION('ref_axis',(0.,1.,0.));
#3773=DIRECTION('',(0.,-1.,0.));
#3774=DIRECTION('',(-0.250562807085727,0.250562807085711,0.935113126531036));
#3775=DIRECTION('',(-0.258819045102521,0.,0.965925826289068));
#3776=DIRECTION('',(0.,-1.,0.));
#3777=DIRECTION('center_axis',(0.,0.,-1.));
#3778=DIRECTION('ref_axis',(-1.,0.,0.));
#3779=DIRECTION('',(0.,1.,0.));
#3780=DIRECTION('',(-1.,0.,0.));
#3781=DIRECTION('',(-1.79591789427704E-15,0.258819045102532,0.965925826289065));
#3782=DIRECTION('center_axis',(0.,0.,-1.));
#3783=DIRECTION('ref_axis',(1.,0.,0.));
#3784=DIRECTION('center_axis',(0.,0.,-1.));
#3785=DIRECTION('ref_axis',(1.,0.,0.));
#3786=DIRECTION('',(1.99546432697441E-16,0.258819045102521,0.965925826289068));
#3787=DIRECTION('center_axis',(0.,0.,-1.));
#3788=DIRECTION('ref_axis',(1.,0.,0.));
#3789=DIRECTION('center_axis',(0.,-0.965925826289068,0.258819045102521));
#3790=DIRECTION('ref_axis',(1.,0.,0.));
#3791=DIRECTION('',(-1.,0.,0.));
#3792=DIRECTION('',(0.250562807085736,0.250562807085742,0.935113126531025));
#3793=DIRECTION('center_axis',(0.,0.,-1.));
#3794=DIRECTION('ref_axis',(3.12250225675827E-15,-1.,0.));
#3795=DIRECTION('',(0.25881904510252,0.,0.965925826289068));
#3796=DIRECTION('center_axis',(0.,0.,-1.));
#3797=DIRECTION('ref_axis',(3.12250225675827E-15,-1.,0.));
#3798=DIRECTION('center_axis',(-0.965925826289068,0.,0.25881904510252));
#3799=DIRECTION('ref_axis',(0.,-1.,0.));
#3800=DIRECTION('',(0.,1.,0.));
#3801=DIRECTION('center_axis',(0.,0.,-1.));
#3802=DIRECTION('ref_axis',(1.,0.,0.));
#3803=DIRECTION('center_axis',(6.92158992908452E-17,-1.,0.));
#3804=DIRECTION('ref_axis',(-1.,-6.92158992908452E-17,0.));
#3805=DIRECTION('',(-0.258819045102521,-1.79143929603688E-17,-0.965925826289068));
#3806=DIRECTION('',(-1.,-6.92158992908452E-17,0.));
#3807=DIRECTION('',(-0.258819045102522,-1.79143929603688E-17,0.965925826289068));
#3808=DIRECTION('',(1.,6.92158992908452E-17,0.));
#3809=DIRECTION('center_axis',(0.965925826289068,0.,0.258819045102522));
#3810=DIRECTION('ref_axis',(0.,1.,0.));
#3811=DIRECTION('',(0.,-1.,0.));
#3812=DIRECTION('',(-0.25056280708573,0.250562807085715,0.935113126531034));
#3813=DIRECTION('',(-0.25881904510252,0.,0.965925826289068));
#3814=DIRECTION('',(0.,-1.,0.));
#3815=DIRECTION('center_axis',(0.,0.,-1.));
#3816=DIRECTION('ref_axis',(-1.,0.,0.));
#3817=DIRECTION('',(0.,1.,0.));
#3818=DIRECTION('',(-1.,0.,0.));
#3819=DIRECTION('',(0.,0.258819045102528,0.965925826289067));
#3820=DIRECTION('center_axis',(0.,0.,-1.));
#3821=DIRECTION('ref_axis',(1.,0.,0.));
#3822=DIRECTION('center_axis',(0.,0.,-1.));
#3823=DIRECTION('ref_axis',(1.,0.,0.));
#3824=DIRECTION('',(0.,0.258819045102521,0.965925826289068));
#3825=DIRECTION('center_axis',(0.,0.,-1.));
#3826=DIRECTION('ref_axis',(1.,0.,0.));
#3827=DIRECTION('center_axis',(0.,-0.965925826289068,0.258819045102521));
#3828=DIRECTION('ref_axis',(1.,0.,0.));
#3829=DIRECTION('',(-1.,0.,0.));
#3830=DIRECTION('',(0.250562807085731,0.250562807085738,0.935113126531028));
#3831=DIRECTION('center_axis',(0.,0.,-1.));
#3832=DIRECTION('ref_axis',(3.12250225675827E-15,-1.,0.));
#3833=DIRECTION('',(0.258819045102521,0.,0.965925826289068));
#3834=DIRECTION('center_axis',(0.,0.,-1.));
#3835=DIRECTION('ref_axis',(3.12250225675827E-15,-1.,0.));
#3836=DIRECTION('center_axis',(-0.965925826289068,0.,0.258819045102521));
#3837=DIRECTION('ref_axis',(0.,-1.,0.));
#3838=DIRECTION('',(0.,1.,0.));
#3839=DIRECTION('center_axis',(0.,0.,-1.));
#3840=DIRECTION('ref_axis',(1.,0.,0.));
#3841=DIRECTION('center_axis',(1.,6.92158992908452E-17,0.));
#3842=DIRECTION('ref_axis',(6.92158992908452E-17,-1.,0.));
#3843=DIRECTION('',(1.79143929603689E-17,-0.258819045102522,-0.965925826289068));
#3844=DIRECTION('',(6.92158992908452E-17,-1.,0.));
#3845=DIRECTION('',(1.79143929603688E-17,-0.258819045102521,0.965925826289068));
#3846=DIRECTION('',(-6.92158992908452E-17,1.,0.));
#3847=DIRECTION('center_axis',(0.,0.965925826289068,0.258819045102521));
#3848=DIRECTION('ref_axis',(-1.,0.,0.));
#3849=DIRECTION('',(1.,0.,0.));
#3850=DIRECTION('',(-0.250562807085722,-0.25056280708573,0.935113126531032));
#3851=DIRECTION('',(-1.43673431542157E-15,-0.258819045102523,0.965925826289068));
#3852=DIRECTION('',(1.,0.,0.));
#3853=DIRECTION('center_axis',(0.,0.,-1.));
#3854=DIRECTION('ref_axis',(-1.,0.,0.));
#3855=DIRECTION('',(-1.,0.,0.));
#3856=DIRECTION('',(0.,-1.,0.));
#3857=DIRECTION('center_axis',(0.,0.,-1.));
#3858=DIRECTION('ref_axis',(5.55111512312573E-15,1.,0.));
#3859=DIRECTION('',(-0.258819045102522,-2.15510147313236E-15,0.965925826289068));
#3860=DIRECTION('center_axis',(0.,0.,-1.));
#3861=DIRECTION('ref_axis',(5.55111512312573E-15,1.,0.));
#3862=DIRECTION('center_axis',(0.965925826289068,0.,0.258819045102522));
#3863=DIRECTION('ref_axis',(0.,1.,0.));
#3864=DIRECTION('',(-0.258819045102522,2.15510147313236E-15,0.965925826289068));
#3865=DIRECTION('',(0.,1.,0.));
#3866=DIRECTION('',(-0.250562807085724,0.250562807085708,0.935113126531038));
#3867=DIRECTION('center_axis',(0.,0.,-1.));
#3868=DIRECTION('ref_axis',(1.,-8.32667268468862E-15,0.));
#3869=DIRECTION('',(-1.43673431542158E-15,0.258819045102522,0.965925826289068));
#3870=DIRECTION('center_axis',(0.,0.,-1.));
#3871=DIRECTION('ref_axis',(1.,-8.32667268468862E-15,0.));
#3872=DIRECTION('center_axis',(0.,-0.965925826289068,0.258819045102522));
#3873=DIRECTION('ref_axis',(1.,0.,0.));
#3874=DIRECTION('',(1.,0.,0.));
#3875=DIRECTION('center_axis',(0.,0.,-1.));
#3876=DIRECTION('ref_axis',(1.,0.,0.));
#3877=DIRECTION('center_axis',(1.,6.92158992908452E-17,0.));
#3878=DIRECTION('ref_axis',(6.92158992908452E-17,-1.,0.));
#3879=DIRECTION('',(1.79144225051829E-17,-0.258819471952629,-0.965925711914826));
#3880=DIRECTION('',(6.92158992908452E-17,-1.,0.));
#3881=DIRECTION('',(1.79144225051829E-17,-0.258819471952629,0.965925711914825));
#3882=DIRECTION('',(-6.92158992908452E-17,1.,0.));
#3883=DIRECTION('center_axis',(-0.00181615973532305,0.965924118891352,0.258819045102521));
#3884=DIRECTION('ref_axis',(-0.999998232371814,-0.00188022691379984,0.));
#3885=DIRECTION('',(0.999998232371814,0.00188022691379984,0.));
#3886=DIRECTION('',(-0.250533179218608,-0.251004682127939,0.93500255382564));
#3887=DIRECTION('',(0.000486638534403671,-0.258818587606683,0.965925826289068));
#3888=DIRECTION('',(0.999998232371814,0.00188022691379984,0.));
#3889=DIRECTION('center_axis',(0.,0.,-1.));
#3890=DIRECTION('ref_axis',(-1.,0.,0.));
#3891=DIRECTION('',(-0.999998232371814,-0.00188022691379996,0.));
#3892=DIRECTION('',(-1.85037388822781E-15,-1.,0.));
#3893=DIRECTION('center_axis',(0.,0.,-1.));
#3894=DIRECTION('ref_axis',(-0.00188022691379186,0.999998232371814,0.));
#3895=DIRECTION('',(-0.258819045102522,-1.79591789427698E-16,0.965925826289068));
#3896=DIRECTION('center_axis',(0.,0.,-1.));
#3897=DIRECTION('ref_axis',(-0.00188022691379186,0.999998232371814,0.));
#3898=DIRECTION('center_axis',(0.965925826289068,-1.78732392693016E-15,
0.258819045102522));
#3899=DIRECTION('ref_axis',(1.85037388822781E-15,1.,0.));
#3900=DIRECTION('',(-0.258819045102521,-3.59183578855396E-16,0.965925826289068));
#3901=DIRECTION('',(1.85037388822781E-15,1.,0.));
#3902=DIRECTION('',(-0.250592334202369,0.250121605873209,0.935223323230561));
#3903=DIRECTION('center_axis',(0.,0.,-1.));
#3904=DIRECTION('ref_axis',(1.,1.38777878078145E-15,0.));
#3905=DIRECTION('',(-0.000486638534406545,0.258818587606682,0.965925826289068));
#3906=DIRECTION('center_axis',(0.,0.,-1.));
#3907=DIRECTION('ref_axis',(1.,1.38777878078145E-15,0.));
#3908=DIRECTION('center_axis',(0.00181615973532317,-0.965924118891352,0.258819045102521));
#3909=DIRECTION('ref_axis',(0.999998232371814,0.00188022691379996,0.));
#3910=DIRECTION('',(0.999998232371814,0.00188022691379996,0.));
#3911=DIRECTION('center_axis',(0.,0.,-1.));
#3912=DIRECTION('ref_axis',(1.,0.,0.));
#3913=DIRECTION('center_axis',(-1.,0.,0.));
#3914=DIRECTION('ref_axis',(0.,-1.,0.));
#3915=DIRECTION('',(0.,1.,0.));
#3916=DIRECTION('',(0.,0.,1.));
#3917=DIRECTION('',(0.,-1.,0.));
#3918=DIRECTION('',(0.,0.,1.));
#3919=DIRECTION('center_axis',(0.,0.,1.));
#3920=DIRECTION('ref_axis',(-1.,2.08166817117217E-15,0.));
#3921=DIRECTION('center_axis',(0.,0.,-1.));
#3922=DIRECTION('ref_axis',(-1.,2.08166817117217E-15,0.));
#3923=DIRECTION('center_axis',(0.,0.,1.));
#3924=DIRECTION('ref_axis',(-1.,2.08166817117217E-15,0.));
#3925=DIRECTION('',(0.,0.,1.));
#3926=DIRECTION('center_axis',(-4.78544407166016E-17,1.,0.));
#3927=DIRECTION('ref_axis',(-1.,-4.78544407166016E-17,0.));
#3928=DIRECTION('',(1.,4.78544407166016E-17,0.));
#3929=DIRECTION('',(-1.,-4.78544407166016E-17,0.));
#3930=DIRECTION('',(0.,0.,1.));
#3931=DIRECTION('center_axis',(0.,0.,1.));
#3932=DIRECTION('ref_axis',(0.,1.,0.));
#3933=DIRECTION('center_axis',(0.,0.,-1.));
#3934=DIRECTION('ref_axis',(0.,1.,0.));
#3935=DIRECTION('center_axis',(0.,0.,1.));
#3936=DIRECTION('ref_axis',(0.,1.,0.));
#3937=DIRECTION('',(0.,0.,1.));
#3938=DIRECTION('center_axis',(1.,0.,0.));
#3939=DIRECTION('ref_axis',(0.,1.,0.));
#3940=DIRECTION('',(0.,1.,0.));
#3941=DIRECTION('',(0.,1.,0.));
#3942=DIRECTION('',(0.,0.,1.));
#3943=DIRECTION('center_axis',(0.,0.,1.));
#3944=DIRECTION('ref_axis',(1.,-1.56125112837913E-15,0.));
#3945=DIRECTION('center_axis',(0.,0.,-1.));
#3946=DIRECTION('ref_axis',(1.,-1.56125112837913E-15,0.));
#3947=DIRECTION('center_axis',(0.,0.,1.));
#3948=DIRECTION('ref_axis',(1.,-1.56125112837913E-15,0.));
#3949=DIRECTION('',(0.,0.,1.));
#3950=DIRECTION('center_axis',(0.,-1.,0.));
#3951=DIRECTION('ref_axis',(1.,0.,0.));
#3952=DIRECTION('',(1.,0.,0.));
#3953=DIRECTION('',(1.,0.,0.));
#3954=DIRECTION('',(0.,0.,1.));
#3955=DIRECTION('center_axis',(0.,0.,1.));
#3956=DIRECTION('ref_axis',(0.,-1.,0.));
#3957=DIRECTION('center_axis',(0.,0.,-1.));
#3958=DIRECTION('ref_axis',(0.,-1.,0.));
#3959=DIRECTION('center_axis',(0.,0.,1.));
#3960=DIRECTION('ref_axis',(0.,-1.,0.));
#3961=DIRECTION('center_axis',(0.,0.,-1.));
#3962=DIRECTION('ref_axis',(-1.,0.,0.));
#3963=DIRECTION('center_axis',(0.,0.,-1.));
#3964=DIRECTION('ref_axis',(1.,0.,0.));
#3965=DIRECTION('center_axis',(-1.,6.92158992908452E-17,0.));
#3966=DIRECTION('ref_axis',(6.92158992908452E-17,1.,0.));
#3967=DIRECTION('',(1.79143929603688E-17,0.258819045102521,0.965925826289068));
#3968=DIRECTION('',(-6.92158992908452E-17,-1.,0.));
#3969=DIRECTION('',(1.79143929603688E-17,0.258819045102521,-0.965925826289068));
#3970=DIRECTION('',(6.92158992908452E-17,1.,0.));
#3971=DIRECTION('center_axis',(-4.46830455177584E-16,0.965925826289068,
0.258819045102521));
#3972=DIRECTION('ref_axis',(-1.,-4.62592926927148E-16,0.));
#3973=DIRECTION('',(-1.,-4.62592926927148E-16,0.));
#3974=DIRECTION('',(0.,-0.258819045102521,0.965925826289068));
#3975=DIRECTION('',(0.250562807085732,-0.250562807085724,0.935113126531032));
#3976=DIRECTION('',(1.,4.62592926927148E-16,0.));
#3977=DIRECTION('center_axis',(0.,0.,1.));
#3978=DIRECTION('ref_axis',(-1.,0.,0.));
#3979=DIRECTION('',(-1.,0.,0.));
#3980=DIRECTION('center_axis',(0.,0.,1.));
#3981=DIRECTION('ref_axis',(-1.,5.55111512312578E-15,0.));
#3982=DIRECTION('',(0.,-1.,0.));
#3983=DIRECTION('center_axis',(0.,0.,1.));
#3984=DIRECTION('ref_axis',(0.,1.,0.));
#3985=DIRECTION('center_axis',(0.,-0.965925826289068,0.258819045102521));
#3986=DIRECTION('ref_axis',(1.,0.,0.));
#3987=DIRECTION('',(-1.,0.,0.));
#3988=DIRECTION('',(0.250562807085732,0.250562807085716,0.935113126531033));
#3989=DIRECTION('',(-1.43673431542158E-15,0.258819045102521,0.965925826289068));
#3990=DIRECTION('center_axis',(0.,0.,-1.));
#3991=DIRECTION('ref_axis',(-1.,5.55111512312578E-15,0.));
#3992=DIRECTION('',(0.258819045102521,-1.43673431542158E-15,0.965925826289068));
#3993=DIRECTION('center_axis',(-0.965925826289068,0.,0.258819045102521));
#3994=DIRECTION('ref_axis',(0.,-1.,0.));
#3995=DIRECTION('',(0.258819045102521,-7.18367157710789E-16,0.965925826289068));
#3996=DIRECTION('',(0.,1.,0.));
#3997=DIRECTION('center_axis',(0.,0.,-1.));
#3998=DIRECTION('ref_axis',(0.,1.,0.));
#3999=DIRECTION('center_axis',(0.,0.,-1.));
#4000=DIRECTION('ref_axis',(-1.,0.,0.));
#4001=DIRECTION('center_axis',(0.,1.,0.));
#4002=DIRECTION('ref_axis',(1.,0.,0.));
#4003=DIRECTION('',(0.258819045102521,0.,0.965925826289068));
#4004=DIRECTION('',(-1.,0.,0.));
#4005=DIRECTION('',(0.258819045102521,0.,-0.965925826289068));
#4006=DIRECTION('',(1.,0.,0.));
#4007=DIRECTION('center_axis',(-1.,6.92158992908452E-17,0.));
#4008=DIRECTION('ref_axis',(6.92158992908452E-17,1.,0.));
#4009=DIRECTION('',(1.79143929603687E-17,0.25881904510252,0.965925826289068));
#4010=DIRECTION('',(-6.92158992908452E-17,-1.,0.));
#4011=DIRECTION('',(1.79143929603688E-17,0.258819045102521,-0.965925826289068));
#4012=DIRECTION('',(6.92158992908452E-17,1.,0.));
#4013=DIRECTION('center_axis',(0.,1.,0.));
#4014=DIRECTION('ref_axis',(1.,0.,0.));
#4015=DIRECTION('',(0.25881904510252,0.,0.965925826289068));
#4016=DIRECTION('',(-1.,0.,0.));
#4017=DIRECTION('',(0.25881904510252,0.,-0.965925826289068));
#4018=DIRECTION('',(1.,0.,0.));
#4019=DIRECTION('center_axis',(0.,0.965925826289068,0.258819045102521));
#4020=DIRECTION('ref_axis',(-1.,0.,0.));
#4021=DIRECTION('',(-1.,0.,0.));
#4022=DIRECTION('',(7.18367157710782E-16,-0.258819045102521,0.965925826289068));
#4023=DIRECTION('',(0.250562807085738,-0.250562807085714,0.935113126531032));
#4024=DIRECTION('',(1.,0.,0.));
#4025=DIRECTION('center_axis',(0.965925826289068,1.78732182071034E-15,0.25881904510252));
#4026=DIRECTION('ref_axis',(-1.85037170770859E-15,1.,0.));
#4027=DIRECTION('',(1.85037170770859E-15,-1.,0.));
#4028=DIRECTION('',(-0.25881904510252,0.,0.965925826289068));
#4029=DIRECTION('',(1.85037170770859E-15,-1.,0.));
#4030=DIRECTION('center_axis',(0.965925826289068,0.,0.258819045102521));
#4031=DIRECTION('ref_axis',(0.,1.,0.));
#4032=DIRECTION('',(0.,1.,0.));
#4033=DIRECTION('',(-0.258819045102521,0.,0.965925826289068));
#4034=DIRECTION('',(0.,-1.,0.));
#4035=DIRECTION('center_axis',(0.,0.,1.));
#4036=DIRECTION('ref_axis',(-1.,0.,0.));
#4037=DIRECTION('',(1.,0.,0.));
#4038=DIRECTION('center_axis',(0.,0.,1.));
#4039=DIRECTION('ref_axis',(-5.55111512312572E-15,1.,0.));
#4040=DIRECTION('',(0.,-1.,0.));
#4041=DIRECTION('center_axis',(0.,0.,1.));
#4042=DIRECTION('ref_axis',(1.,1.11022302462515E-14,0.));
#4043=DIRECTION('',(-1.,0.,0.));
#4044=DIRECTION('center_axis',(0.,0.,1.));
#4045=DIRECTION('ref_axis',(-5.55111512312575E-15,1.,0.));
#4046=DIRECTION('',(-2.83640114214766E-16,1.,0.));
#4047=DIRECTION('center_axis',(0.,0.,1.));
#4048=DIRECTION('ref_axis',(-2.77555756156286E-15,1.,0.));
#4049=DIRECTION('center_axis',(-0.965925826289069,0.,0.25881904510252));
#4050=DIRECTION('ref_axis',(0.,-1.,0.));
#4051=DIRECTION('',(0.,1.,0.));
#4052=DIRECTION('',(0.258819045102521,2.87346863084313E-15,0.965925826289068));
#4053=DIRECTION('center_axis',(0.,0.,1.));
#4054=DIRECTION('ref_axis',(1.,1.11022302462515E-14,0.));
#4055=DIRECTION('',(0.,0.25881904510252,0.965925826289068));
#4056=DIRECTION('center_axis',(0.,0.,1.));
#4057=DIRECTION('ref_axis',(1.,1.11022302462515E-14,0.));
#4058=DIRECTION('center_axis',(0.,-0.965925826289068,0.25881904510252));
#4059=DIRECTION('ref_axis',(1.,0.,0.));
#4060=DIRECTION('',(-1.43673431542156E-15,0.258819045102521,0.965925826289068));
#4061=DIRECTION('',(-1.,0.,0.));
#4062=DIRECTION('center_axis',(0.,0.,1.));
#4063=DIRECTION('ref_axis',(-5.55111512312575E-15,1.,0.));
#4064=DIRECTION('center_axis',(0.,0.,1.));
#4065=DIRECTION('ref_axis',(-5.55111512312575E-15,1.,0.));
#4066=DIRECTION('center_axis',(-0.965925826289068,-2.73975311691624E-16,
0.258819045102521));
#4067=DIRECTION('ref_axis',(2.83640114214766E-16,-1.,0.));
#4068=DIRECTION('',(-2.83640114214766E-16,1.,0.));
#4069=DIRECTION('',(0.258819045102521,-1.43673431542156E-15,0.965925826289068));
#4070=DIRECTION('center_axis',(0.,0.,-1.));
#4071=DIRECTION('ref_axis',(-2.77555756156286E-15,1.,0.));
#4072=DIRECTION('center_axis',(0.,-0.965925826289069,0.25881904510252));
#4073=DIRECTION('ref_axis',(1.,0.,0.));
#4074=DIRECTION('',(-1.,0.,0.));
#4075=DIRECTION('',(-1.43673431542156E-15,0.25881904510252,0.965925826289068));
#4076=DIRECTION('center_axis',(0.,0.,1.));
#4077=DIRECTION('ref_axis',(-5.55111512312572E-15,1.,0.));
#4078=DIRECTION('center_axis',(0.,0.,1.));
#4079=DIRECTION('ref_axis',(-5.55111512312572E-15,1.,0.));
#4080=DIRECTION('center_axis',(0.,0.,-1.));
#4081=DIRECTION('ref_axis',(-1.,0.,0.));
#4082=DIRECTION('center_axis',(0.,1.,0.));
#4083=DIRECTION('ref_axis',(1.,0.,0.));
#4084=DIRECTION('',(0.25881904510252,0.,0.965925826289069));
#4085=DIRECTION('',(-1.,0.,0.));
#4086=DIRECTION('',(0.25881904510252,0.,-0.965925826289068));
#4087=DIRECTION('',(1.,0.,0.));
#4088=DIRECTION('center_axis',(0.,1.,0.));
#4089=DIRECTION('ref_axis',(1.,0.,0.));
#4090=DIRECTION('',(0.258819045102521,0.,0.965925826289068));
#4091=DIRECTION('',(-1.,0.,0.));
#4092=DIRECTION('',(0.258819045102521,0.,-0.965925826289068));
#4093=DIRECTION('',(1.,0.,0.));
#4094=DIRECTION('center_axis',(1.,6.92158992908452E-17,0.));
#4095=DIRECTION('ref_axis',(6.92158992908452E-17,-1.,0.));
#4096=DIRECTION('',(1.79143929603687E-17,-0.25881904510252,0.965925826289068));
#4097=DIRECTION('',(-6.92158992908452E-17,1.,0.));
#4098=DIRECTION('',(1.79143929603687E-17,-0.25881904510252,-0.965925826289068));
#4099=DIRECTION('',(6.92158992908452E-17,-1.,0.));
#4100=DIRECTION('center_axis',(0.965925826289068,-2.73975311691624E-16,
0.258819045102521));
#4101=DIRECTION('ref_axis',(2.83640114214766E-16,1.,0.));
#4102=DIRECTION('',(2.83640114214766E-16,1.,0.));
#4103=DIRECTION('',(-0.258819045102521,-1.43673431542156E-15,0.965925826289068));
#4104=DIRECTION('',(-0.250562807085723,-0.250562807085715,0.935113126531036));
#4105=DIRECTION('',(-2.83640114214766E-16,-1.,0.));
#4106=DIRECTION('center_axis',(0.965925826289068,0.,0.25881904510252));
#4107=DIRECTION('ref_axis',(0.,1.,0.));
#4108=DIRECTION('',(0.,-1.,0.));
#4109=DIRECTION('',(-0.25881904510252,0.,0.965925826289068));
#4110=DIRECTION('',(0.,-1.,0.));
#4111=DIRECTION('center_axis',(0.,-0.965925826289068,0.25881904510252));
#4112=DIRECTION('ref_axis',(1.,0.,0.));
#4113=DIRECTION('',(-1.,0.,0.));
#4114=DIRECTION('',(0.,0.25881904510252,0.965925826289068));
#4115=DIRECTION('',(-1.,0.,0.));
#4116=DIRECTION('center_axis',(0.,0.,-1.));
#4117=DIRECTION('ref_axis',(1.,0.,0.));
#4118=DIRECTION('',(0.,1.,0.));
#4119=DIRECTION('center_axis',(0.,0.,-1.));
#4120=DIRECTION('ref_axis',(5.55111512312575E-15,1.,0.));
#4121=DIRECTION('',(1.,0.,0.));
#4122=DIRECTION('center_axis',(0.,0.,-1.));
#4123=DIRECTION('ref_axis',(-1.,1.11022302462515E-14,0.));
#4124=DIRECTION('',(-1.85037170770859E-15,-1.,0.));
#4125=DIRECTION('center_axis',(0.,0.,-1.));
#4126=DIRECTION('ref_axis',(5.55111512312572E-15,1.,0.));
#4127=DIRECTION('',(1.,0.,0.));
#4128=DIRECTION('center_axis',(0.,0.,-1.));
#4129=DIRECTION('ref_axis',(2.77555756156286E-15,1.,0.));
#4130=DIRECTION('center_axis',(0.,0.965925826289069,0.25881904510252));
#4131=DIRECTION('ref_axis',(-1.,0.,0.));
#4132=DIRECTION('',(1.,0.,0.));
#4133=DIRECTION('',(-7.18367157710782E-16,-0.258819045102521,0.965925826289068));
#4134=DIRECTION('center_axis',(0.,0.,-1.));
#4135=DIRECTION('ref_axis',(2.77555756156286E-15,1.,0.));
#4136=DIRECTION('center_axis',(-0.965925826289068,0.,0.258819045102521));
#4137=DIRECTION('ref_axis',(0.,-1.,0.));
#4138=DIRECTION('',(0.,1.,0.));
#4139=DIRECTION('',(0.258819045102521,1.43673431542156E-15,0.965925826289068));
#4140=DIRECTION('center_axis',(0.,0.,1.));
#4141=DIRECTION('ref_axis',(5.55111512312575E-15,1.,0.));
#4142=DIRECTION('',(0.,0.25881904510252,0.965925826289068));
#4143=DIRECTION('center_axis',(0.,0.,1.));
#4144=DIRECTION('ref_axis',(5.55111512312575E-15,1.,0.));
#4145=DIRECTION('center_axis',(0.,-0.965925826289068,0.25881904510252));
#4146=DIRECTION('ref_axis',(1.,0.,0.));
#4147=DIRECTION('',(-1.43673431542156E-15,0.258819045102521,0.965925826289068));
#4148=DIRECTION('',(-1.,0.,0.));
#4149=DIRECTION('center_axis',(0.,0.,1.));
#4150=DIRECTION('ref_axis',(-1.,1.11022302462515E-14,0.));
#4151=DIRECTION('center_axis',(0.,0.,1.));
#4152=DIRECTION('ref_axis',(-1.,1.11022302462515E-14,0.));
#4153=DIRECTION('center_axis',(-0.965925826289069,1.78732182071034E-15,
0.25881904510252));
#4154=DIRECTION('ref_axis',(-1.85037170770859E-15,-1.,0.));
#4155=DIRECTION('',(1.85037170770859E-15,1.,0.));
#4156=DIRECTION('',(0.25881904510252,2.87346863084313E-15,0.965925826289068));
#4157=DIRECTION('center_axis',(0.,0.,1.));
#4158=DIRECTION('ref_axis',(5.55111512312572E-15,1.,0.));
#4159=DIRECTION('center_axis',(0.,0.,1.));
#4160=DIRECTION('ref_axis',(5.55111512312572E-15,1.,0.));
#4161=DIRECTION('center_axis',(0.,0.,-1.));
#4162=DIRECTION('ref_axis',(-1.,0.,0.));
#4163=DIRECTION('center_axis',(0.,1.,0.));
#4164=DIRECTION('ref_axis',(1.,0.,0.));
#4165=DIRECTION('',(0.258819045102521,0.,-0.965925826289068));
#4166=DIRECTION('',(1.,0.,0.));
#4167=DIRECTION('',(0.258819045102521,0.,0.965925826289068));
#4168=DIRECTION('',(-1.,0.,0.));
#4169=DIRECTION('center_axis',(-0.965925826289068,-1.91498766504679E-16,
0.258819045102521));
#4170=DIRECTION('ref_axis',(1.98254111540207E-16,-1.,0.));
#4171=DIRECTION('',(-1.98254111540207E-16,1.,0.));
#4172=DIRECTION('',(0.250562807085732,-0.250562807085731,0.935113126531029));
#4173=DIRECTION('',(-1.98254111540207E-16,1.,0.));
#4174=DIRECTION('center_axis',(0.,0.,-1.));
#4175=DIRECTION('ref_axis',(-1.,0.,0.));
#4176=DIRECTION('',(0.,-1.,0.));
#4177=DIRECTION('',(1.,0.,0.));
#4178=DIRECTION('center_axis',(0.,0.965925826289068,0.258819045102521));
#4179=DIRECTION('ref_axis',(-1.,0.,0.));
#4180=DIRECTION('',(-0.250562807085732,-0.250562807085731,0.935113126531029));
#4181=DIRECTION('',(1.,0.,0.));
#4182=DIRECTION('center_axis',(0.965925826289068,0.,0.258819045102521));
#4183=DIRECTION('ref_axis',(0.,1.,0.));
#4184=DIRECTION('',(0.,-1.,0.));
#4185=DIRECTION('center_axis',(0.,0.,-1.));
#4186=DIRECTION('ref_axis',(-1.,0.,0.));
#4187=DIRECTION('center_axis',(-1.,6.92158992908452E-17,0.));
#4188=DIRECTION('ref_axis',(6.92158992908452E-17,1.,0.));
#4189=DIRECTION('',(1.79144225051829E-17,0.25881947195263,-0.965925711914825));
#4190=DIRECTION('',(6.92158992908452E-17,1.,0.));
#4191=DIRECTION('',(1.79144225051829E-17,0.258819471952629,0.965925711914825));
#4192=DIRECTION('',(-6.92158992908452E-17,-1.,0.));
#4193=DIRECTION('center_axis',(-0.00181615973532317,-0.965924118891352,
0.258819045102521));
#4194=DIRECTION('ref_axis',(0.999998232371814,-0.00188022691379996,0.));
#4195=DIRECTION('',(-0.999998232371814,0.00188022691379996,0.));
#4196=DIRECTION('',(0.250592334202384,0.250121605873221,0.935223323230554));
#4197=DIRECTION('',(0.000486638534406545,0.258818587606682,0.965925826289068));
#4198=DIRECTION('',(-0.999998232371814,0.00188022691379996,0.));
#4199=DIRECTION('center_axis',(0.,0.,-1.));
#4200=DIRECTION('ref_axis',(-1.,0.,0.));
#4201=DIRECTION('',(0.999998232371814,-0.00188022691379984,0.));
#4202=DIRECTION('',(-1.85037388822781E-15,1.,0.));
#4203=DIRECTION('center_axis',(0.,0.,-1.));
#4204=DIRECTION('ref_axis',(-1.,1.38777878078145E-15,0.));
#4205=DIRECTION('',(0.258819045102521,-3.59183578855396E-16,0.965925826289068));
#4206=DIRECTION('center_axis',(0.,0.,1.));
#4207=DIRECTION('ref_axis',(-1.,1.38777878078145E-15,0.));
#4208=DIRECTION('center_axis',(-0.965925826289068,-1.78732392693016E-15,
0.258819045102521));
#4209=DIRECTION('ref_axis',(1.85037388822781E-15,-1.,0.));
#4210=DIRECTION('',(0.258819045102522,-1.79591789427698E-16,0.965925826289068));
#4211=DIRECTION('',(-1.85037388822781E-15,1.,0.));
#4212=DIRECTION('',(0.250533179218625,-0.25100468212792,0.935002553825641));
#4213=DIRECTION('center_axis',(0.,0.,-1.));
#4214=DIRECTION('ref_axis',(0.00188022691379186,0.999998232371814,0.));
#4215=DIRECTION('',(-0.000486638534403671,-0.258818587606683,0.965925826289068));
#4216=DIRECTION('center_axis',(0.,0.,1.));
#4217=DIRECTION('ref_axis',(0.00188022691379186,0.999998232371814,0.));
#4218=DIRECTION('center_axis',(0.00181615973532305,0.965924118891352,0.258819045102522));
#4219=DIRECTION('ref_axis',(-0.999998232371814,0.00188022691379984,0.));
#4220=DIRECTION('',(-0.999998232371814,0.00188022691379984,0.));
#4221=DIRECTION('center_axis',(0.,0.,1.));
#4222=DIRECTION('ref_axis',(-1.,0.,0.));
#4223=DIRECTION('center_axis',(1.,6.92158992908452E-17,0.));
#4224=DIRECTION('ref_axis',(6.92158992908452E-17,-1.,0.));
#4225=DIRECTION('',(1.79143929603688E-17,-0.25881904510252,0.965925826289068));
#4226=DIRECTION('',(-6.92158992908452E-17,1.,0.));
#4227=DIRECTION('',(1.79143929603688E-17,-0.258819045102521,-0.965925826289068));
#4228=DIRECTION('',(6.92158992908452E-17,-1.,0.));
#4229=DIRECTION('center_axis',(0.,-0.965925826289068,0.258819045102521));
#4230=DIRECTION('ref_axis',(1.,0.,0.));
#4231=DIRECTION('',(1.,0.,0.));
#4232=DIRECTION('',(1.43673431542158E-15,0.258819045102521,0.965925826289068));
#4233=DIRECTION('',(-0.250562807085732,0.250562807085732,0.935113126531029));
#4234=DIRECTION('',(-1.,0.,0.));
#4235=DIRECTION('center_axis',(0.,0.,-1.));
#4236=DIRECTION('ref_axis',(1.,0.,0.));
#4237=DIRECTION('',(1.,-4.62592926927148E-16,0.));
#4238=DIRECTION('center_axis',(0.,0.,-1.));
#4239=DIRECTION('ref_axis',(0.,1.,0.));
#4240=DIRECTION('',(0.,-1.,0.));
#4241=DIRECTION('center_axis',(0.,0.,-1.));
#4242=DIRECTION('ref_axis',(1.,5.55111512312578E-15,0.));
#4243=DIRECTION('',(-0.258819045102521,-7.18367157710789E-16,0.965925826289068));
#4244=DIRECTION('center_axis',(0.965925826289068,0.,0.258819045102521));
#4245=DIRECTION('ref_axis',(0.,1.,0.));
#4246=DIRECTION('',(-0.258819045102521,-1.43673431542158E-15,0.965925826289068));
#4247=DIRECTION('',(-0.250562807085731,-0.250562807085746,0.935113126531026));
#4248=DIRECTION('',(0.,-1.,0.));
#4249=DIRECTION('center_axis',(0.,0.,-1.));
#4250=DIRECTION('ref_axis',(1.,5.55111512312578E-15,0.));
#4251=DIRECTION('center_axis',(4.46830455177584E-16,0.965925826289068,0.25881904510252));
#4252=DIRECTION('ref_axis',(-1.,4.62592926927148E-16,0.));
#4253=DIRECTION('',(1.,-4.62592926927148E-16,0.));
#4254=DIRECTION('center_axis',(0.,0.,-1.));
#4255=DIRECTION('ref_axis',(-1.,0.,0.));
#4256=DIRECTION('center_axis',(1.,6.92158992908452E-17,0.));
#4257=DIRECTION('ref_axis',(6.92158992908452E-17,-1.,0.));
#4258=DIRECTION('',(1.79144225051829E-17,-0.258819471952629,-0.965925711914825));
#4259=DIRECTION('',(6.92158992908452E-17,-1.,0.));
#4260=DIRECTION('',(1.79144225051828E-17,-0.258819471952628,0.965925711914826));
#4261=DIRECTION('',(-6.92158992908452E-17,1.,0.));
#4262=DIRECTION('center_axis',(-0.00181615973532324,0.965924118891352,0.258819045102521));
#4263=DIRECTION('ref_axis',(-0.999998232371814,-0.00188022691380003,0.));
#4264=DIRECTION('',(0.999998232371814,0.00188022691380003,0.));
#4265=DIRECTION('',(-0.250533179218598,-0.251004682127944,0.935002553825642));
#4266=DIRECTION('',(0.000486638534405107,-0.258818587606683,0.965925826289068));
#4267=DIRECTION('',(0.999998232371814,0.00188022691380003,0.));
#4268=DIRECTION('center_axis',(0.,0.,-1.));
#4269=DIRECTION('ref_axis',(-1.,0.,0.));
#4270=DIRECTION('',(-0.999998232371814,-0.00188022691379994,0.));
#4271=DIRECTION('',(0.,-1.,0.));
#4272=DIRECTION('center_axis',(0.,0.,-1.));
#4273=DIRECTION('ref_axis',(-0.00188022691379741,0.999998232371814,0.));
#4274=DIRECTION('',(-0.258819045102522,0.,0.965925826289068));
#4275=DIRECTION('center_axis',(0.,0.,-1.));
#4276=DIRECTION('ref_axis',(-0.00188022691379741,0.999998232371814,0.));
#4277=DIRECTION('center_axis',(0.965925826289068,0.,0.258819045102522));
#4278=DIRECTION('ref_axis',(0.,1.,0.));
#4279=DIRECTION('',(-0.258819045102522,7.1836715771079E-16,0.965925826289068));
#4280=DIRECTION('',(0.,1.,0.));
#4281=DIRECTION('',(-0.25059233420236,0.250121605873206,0.935223323230564));
#4282=DIRECTION('center_axis',(0.,0.,-1.));
#4283=DIRECTION('ref_axis',(1.,-2.77555756156289E-15,0.));
#4284=DIRECTION('',(-0.000486638534409417,0.258818587606682,0.965925826289068));
#4285=DIRECTION('center_axis',(0.,0.,-1.));
#4286=DIRECTION('ref_axis',(1.,-2.77555756156289E-15,0.));
#4287=DIRECTION('center_axis',(0.00181615973532315,-0.965924118891352,0.258819045102522));
#4288=DIRECTION('ref_axis',(0.999998232371814,0.00188022691379994,0.));
#4289=DIRECTION('',(0.999998232371814,0.00188022691379994,0.));
#4290=DIRECTION('center_axis',(0.,0.,-1.));
#4291=DIRECTION('ref_axis',(1.,0.,0.));
#4292=DIRECTION('center_axis',(6.92158992908452E-17,-1.,0.));
#4293=DIRECTION('ref_axis',(-1.,-6.92158992908452E-17,0.));
#4294=DIRECTION('',(-0.258848304119544,-1.79164181495444E-17,-0.965917985884121));
#4295=DIRECTION('',(-1.,-6.92158992908452E-17,0.));
#4296=DIRECTION('',(-0.258848304119546,-1.79164181495446E-17,0.96591798588412));
#4297=DIRECTION('',(1.,6.92158992908452E-17,0.));
#4298=DIRECTION('center_axis',(1.,6.92158992908452E-17,0.));
#4299=DIRECTION('ref_axis',(6.92158992908452E-17,-1.,0.));
#4300=DIRECTION('',(1.79143929603688E-17,-0.258819045102521,0.965925826289068));
#4301=DIRECTION('',(-6.92158992908452E-17,1.,0.));
#4302=DIRECTION('',(1.79143929603688E-17,-0.258819045102521,-0.965925826289068));
#4303=DIRECTION('',(6.92158992908452E-17,-1.,0.));
#4304=DIRECTION('center_axis',(0.965808802975277,0.015035224896254,0.258819045102522));
#4305=DIRECTION('ref_axis',(-0.0155656102022005,0.99987884855068,0.));
#4306=DIRECTION('',(0.0155656102022005,-0.99987884855068,0.));
#4307=DIRECTION('',(-0.254241545086724,0.250314446256635,0.934186231298208));
#4308=DIRECTION('',(-0.258787688800094,-0.00402867636897451,0.965925826289068));
#4309=DIRECTION('',(0.0155656102022005,-0.99987884855068,0.));
#4310=DIRECTION('center_axis',(0.,0.,-1.));
#4311=DIRECTION('ref_axis',(-1.,0.,0.));
#4312=DIRECTION('',(-0.0155656102022015,0.99987884855068,0.));
#4313=DIRECTION('',(1.,0.,0.));
#4314=DIRECTION('',(-1.,0.,0.));
#4315=DIRECTION('center_axis',(0.,-0.965925826289068,0.258819045102521));
#4316=DIRECTION('ref_axis',(1.,0.,0.));
#4317=DIRECTION('',(-1.,0.,0.));
#4318=DIRECTION('',(1.43673431542158E-15,0.258819045102521,0.965925826289068));
#4319=DIRECTION('center_axis',(0.,0.,-1.));
#4320=DIRECTION('ref_axis',(-5.55111512312581E-15,-1.,0.));
#4321=DIRECTION('center_axis',(0.,0.,1.));
#4322=DIRECTION('ref_axis',(-5.55111512312581E-15,-1.,0.));
#4323=DIRECTION('center_axis',(0.,0.965925826289068,0.258819045102521));
#4324=DIRECTION('ref_axis',(-1.,0.,0.));
#4325=DIRECTION('',(0.254241545086705,-0.250314446256631,0.934186231298215));
#4326=DIRECTION('',(-1.,0.,0.));
#4327=DIRECTION('center_axis',(-0.965808802975278,-0.0150352248962551,0.25881904510252));
#4328=DIRECTION('ref_axis',(0.0155656102022015,-0.99987884855068,0.));
#4329=DIRECTION('',(0.0155656102022015,-0.99987884855068,0.));
#4330=DIRECTION('center_axis',(0.,0.,1.));
#4331=DIRECTION('ref_axis',(-1.,0.,0.));
#4332=DIRECTION('center_axis',(6.92158992908452E-17,-1.,0.));
#4333=DIRECTION('ref_axis',(-1.,-6.92158992908452E-17,0.));
#4334=DIRECTION('',(-0.258819045102521,-1.79143929603688E-17,-0.965925826289068));
#4335=DIRECTION('',(-1.,-6.92158992908452E-17,0.));
#4336=DIRECTION('',(-0.258819045102521,-1.79143929603688E-17,0.965925826289068));
#4337=DIRECTION('',(1.,6.92158992908452E-17,0.));
#4338=DIRECTION('center_axis',(0.965925826289068,0.,0.258819045102521));
#4339=DIRECTION('ref_axis',(0.,1.,0.));
#4340=DIRECTION('',(0.,-1.,0.));
#4341=DIRECTION('',(-0.250562807085745,0.250562807085714,0.935113126531031));
#4342=DIRECTION('',(-0.25881904510252,0.,0.965925826289068));
#4343=DIRECTION('',(0.,-1.,0.));
#4344=DIRECTION('center_axis',(0.,0.,-1.));
#4345=DIRECTION('ref_axis',(-1.,0.,0.));
#4346=DIRECTION('',(0.,1.,0.));
#4347=DIRECTION('',(-1.,0.,0.));
#4348=DIRECTION('',(-7.18367157710807E-15,0.258819045102528,0.965925826289067));
#4349=DIRECTION('center_axis',(0.,0.,-1.));
#4350=DIRECTION('ref_axis',(1.,0.,0.));
#4351=DIRECTION('center_axis',(0.,0.,-1.));
#4352=DIRECTION('ref_axis',(1.,0.,0.));
#4353=DIRECTION('',(7.98185730789765E-16,0.258819045102521,0.965925826289068));
#4354=DIRECTION('center_axis',(0.,0.,-1.));
#4355=DIRECTION('ref_axis',(1.,0.,0.));
#4356=DIRECTION('center_axis',(0.,-0.965925826289068,0.258819045102521));
#4357=DIRECTION('ref_axis',(1.,0.,0.));
#4358=DIRECTION('',(-1.,0.,0.));
#4359=DIRECTION('',(0.250562807085738,0.250562807085738,0.935113126531026));
#4360=DIRECTION('center_axis',(0.,0.,-1.));
#4361=DIRECTION('ref_axis',(3.12250225675827E-15,-1.,0.));
#4362=DIRECTION('',(0.258819045102521,0.,0.965925826289068));
#4363=DIRECTION('center_axis',(0.,0.,-1.));
#4364=DIRECTION('ref_axis',(3.12250225675827E-15,-1.,0.));
#4365=DIRECTION('center_axis',(-0.965925826289068,0.,0.258819045102521));
#4366=DIRECTION('ref_axis',(0.,-1.,0.));
#4367=DIRECTION('',(0.,1.,0.));
#4368=DIRECTION('center_axis',(0.,0.,-1.));
#4369=DIRECTION('ref_axis',(1.,0.,0.));
#4370=DIRECTION('center_axis',(6.92158992908452E-17,-1.,0.));
#4371=DIRECTION('ref_axis',(-1.,-6.92158992908452E-17,0.));
#4372=DIRECTION('',(-0.258819045102521,-1.79143929603688E-17,-0.965925826289068));
#4373=DIRECTION('',(-1.,-6.92158992908452E-17,0.));
#4374=DIRECTION('',(-0.258819045102521,-1.79143929603688E-17,0.965925826289068));
#4375=DIRECTION('',(1.,6.92158992908452E-17,0.));
#4376=DIRECTION('center_axis',(0.965925826289068,0.,0.258819045102521));
#4377=DIRECTION('ref_axis',(0.,1.,0.));
#4378=DIRECTION('',(0.,-1.,0.));
#4379=DIRECTION('',(-0.25056280708574,0.250562807085724,0.935113126531029));
#4380=DIRECTION('',(-0.25881904510252,0.,0.965925826289068));
#4381=DIRECTION('',(0.,-1.,0.));
#4382=DIRECTION('center_axis',(0.,0.,-1.));
#4383=DIRECTION('ref_axis',(-1.,0.,0.));
#4384=DIRECTION('',(0.,1.,0.));
#4385=DIRECTION('',(-1.,0.,0.));
#4386=DIRECTION('',(7.18367157710784E-15,0.258819045102519,0.965925826289069));
#4387=DIRECTION('center_axis',(0.,0.,-1.));
#4388=DIRECTION('ref_axis',(1.,0.,0.));
#4389=DIRECTION('center_axis',(0.,0.,-1.));
#4390=DIRECTION('ref_axis',(1.,0.,0.));
#4391=DIRECTION('',(-7.98185730789764E-16,0.258819045102521,0.965925826289068));
#4392=DIRECTION('center_axis',(0.,0.,-1.));
#4393=DIRECTION('ref_axis',(1.,0.,0.));
#4394=DIRECTION('center_axis',(0.,-0.965925826289068,0.258819045102521));
#4395=DIRECTION('ref_axis',(1.,0.,0.));
#4396=DIRECTION('',(-1.,0.,0.));
#4397=DIRECTION('',(0.25056280708573,0.25056280708573,0.93511312653103));
#4398=DIRECTION('center_axis',(0.,0.,-1.));
#4399=DIRECTION('ref_axis',(3.12250225675827E-15,-1.,0.));
#4400=DIRECTION('',(0.258819045102521,0.,0.965925826289068));
#4401=DIRECTION('center_axis',(0.,0.,-1.));
#4402=DIRECTION('ref_axis',(3.12250225675827E-15,-1.,0.));
#4403=DIRECTION('center_axis',(-0.965925826289068,0.,0.258819045102521));
#4404=DIRECTION('ref_axis',(0.,-1.,0.));
#4405=DIRECTION('',(0.,1.,0.));
#4406=DIRECTION('center_axis',(0.,0.,-1.));
#4407=DIRECTION('ref_axis',(1.,0.,0.));
#4408=DIRECTION('center_axis',(6.92158992908452E-17,-1.,0.));
#4409=DIRECTION('ref_axis',(-1.,-6.92158992908452E-17,0.));
#4410=DIRECTION('',(-0.258848304119544,-1.79164181495444E-17,-0.96591798588412));
#4411=DIRECTION('',(-1.,-6.92158992908452E-17,0.));
#4412=DIRECTION('',(-0.258848304119544,-1.79164181495444E-17,0.965917985884121));
#4413=DIRECTION('',(1.,6.92158992908452E-17,0.));
#4414=DIRECTION('center_axis',(-1.,6.92158992908452E-17,0.));
#4415=DIRECTION('ref_axis',(6.92158992908452E-17,1.,0.));
#4416=DIRECTION('',(1.79143929603688E-17,0.258819045102521,0.965925826289068));
#4417=DIRECTION('',(-6.92158992908452E-17,-1.,0.));
#4418=DIRECTION('',(1.79143929603688E-17,0.258819045102521,-0.965925826289068));
#4419=DIRECTION('',(6.92158992908452E-17,1.,0.));
#4420=DIRECTION('center_axis',(0.965808802975278,-0.0150352248962551,0.25881904510252));
#4421=DIRECTION('ref_axis',(0.0155656102022015,0.99987884855068,0.));
#4422=DIRECTION('',(-0.0155656102022015,-0.99987884855068,0.));
#4423=DIRECTION('',(-0.254241545086705,-0.250314446256631,0.934186231298215));
#4424=DIRECTION('',(-0.0155656102022015,-0.99987884855068,0.));
#4425=DIRECTION('center_axis',(0.,0.,-1.));
#4426=DIRECTION('ref_axis',(-1.,0.,0.));
#4427=DIRECTION('',(0.0155656102022005,0.99987884855068,0.));
#4428=DIRECTION('',(-1.,0.,0.));
#4429=DIRECTION('',(1.,0.,0.));
#4430=DIRECTION('center_axis',(0.,0.965925826289068,0.258819045102521));
#4431=DIRECTION('ref_axis',(-1.,0.,0.));
#4432=DIRECTION('',(1.,0.,0.));
#4433=DIRECTION('center_axis',(0.,-0.965925826289068,0.258819045102521));
#4434=DIRECTION('ref_axis',(1.,0.,0.));
#4435=DIRECTION('',(0.254241545086698,0.250314446256622,0.934186231298219));
#4436=DIRECTION('',(-1.43673431542158E-15,0.258819045102521,0.965925826289068));
#4437=DIRECTION('',(1.,0.,0.));
#4438=DIRECTION('center_axis',(0.,0.,-1.));
#4439=DIRECTION('ref_axis',(5.55111512312581E-15,-1.,0.));
#4440=DIRECTION('',(0.258787688800094,-0.00402867636897451,0.965925826289068));
#4441=DIRECTION('center_axis',(0.,0.,-1.));
#4442=DIRECTION('ref_axis',(5.55111512312581E-15,-1.,0.));
#4443=DIRECTION('center_axis',(-0.965808802975278,0.015035224896254,0.25881904510252));
#4444=DIRECTION('ref_axis',(-0.0155656102022005,-0.99987884855068,0.));
#4445=DIRECTION('',(-0.0155656102022005,-0.99987884855068,0.));
#4446=DIRECTION('center_axis',(0.,0.,-1.));
#4447=DIRECTION('ref_axis',(1.,0.,0.));
#4448=DIRECTION('center_axis',(-1.,6.92158992908452E-17,0.));
#4449=DIRECTION('ref_axis',(6.92158992908452E-17,1.,0.));
#4450=DIRECTION('',(1.7914422505183E-17,0.25881947195263,-0.965925711914825));
#4451=DIRECTION('',(6.92158992908452E-17,1.,0.));
#4452=DIRECTION('',(1.79144225051828E-17,0.258819471952628,0.965925711914826));
#4453=DIRECTION('',(-6.92158992908452E-17,-1.,0.));
#4454=DIRECTION('center_axis',(-0.00181615973532316,-0.965924118891352,
0.258819045102521));
#4455=DIRECTION('ref_axis',(0.999998232371814,-0.00188022691379994,0.));
#4456=DIRECTION('',(-0.999998232371814,0.00188022691379994,0.));
#4457=DIRECTION('',(0.250592334202367,0.250121605873221,0.935223323230559));
#4458=DIRECTION('',(0.000486638534409418,0.258818587606683,0.965925826289068));
#4459=DIRECTION('',(-0.999998232371814,0.00188022691379994,0.));
#4460=DIRECTION('center_axis',(0.,0.,-1.));
#4461=DIRECTION('ref_axis',(-1.,0.,0.));
#4462=DIRECTION('',(0.999998232371814,-0.00188022691380003,0.));
#4463=DIRECTION('',(0.,1.,0.));
#4464=DIRECTION('center_axis',(0.,0.,-1.));
#4465=DIRECTION('ref_axis',(-1.,-2.77555756156289E-15,0.));
#4466=DIRECTION('',(0.258819045102522,7.18367157710792E-16,0.965925826289068));
#4467=DIRECTION('center_axis',(0.,0.,1.));
#4468=DIRECTION('ref_axis',(-1.,-2.77555756156289E-15,0.));
#4469=DIRECTION('center_axis',(-0.965925826289068,0.,0.258819045102522));
#4470=DIRECTION('ref_axis',(0.,-1.,0.));
#4471=DIRECTION('',(0.258819045102522,0.,0.965925826289068));
#4472=DIRECTION('',(0.,1.,0.));
#4473=DIRECTION('',(0.250533179218607,-0.25100468212792,0.935002553825646));
#4474=DIRECTION('center_axis',(0.,0.,-1.));
#4475=DIRECTION('ref_axis',(0.00188022691379741,0.999998232371814,0.));
#4476=DIRECTION('',(-0.000486638534405108,-0.258818587606683,0.965925826289068));
#4477=DIRECTION('center_axis',(0.,0.,1.));
#4478=DIRECTION('ref_axis',(0.00188022691379741,0.999998232371814,0.));
#4479=DIRECTION('center_axis',(0.00181615973532324,0.965924118891352,0.258819045102523));
#4480=DIRECTION('ref_axis',(-0.999998232371814,0.00188022691380003,0.));
#4481=DIRECTION('',(-0.999998232371814,0.00188022691380003,0.));
#4482=DIRECTION('center_axis',(0.,0.,1.));
#4483=DIRECTION('ref_axis',(-1.,0.,0.));
#4484=CARTESIAN_POINT('',(0.,0.,0.));
#4485=CARTESIAN_POINT('Origin',(-1.98,-1.98,0.73));
#4486=CARTESIAN_POINT('',(-2.,-1.98,0.73));
#4487=CARTESIAN_POINT('',(-1.98,-1.98,0.75));
#4488=CARTESIAN_POINT('Origin',(-1.98,-1.98,0.73));
#4489=CARTESIAN_POINT('',(-1.98,-2.,0.73));
#4490=CARTESIAN_POINT('Origin',(-1.98,-1.98,0.73));
#4491=CARTESIAN_POINT('Origin',(-1.98,-1.98,0.73));
#4492=CARTESIAN_POINT('Origin',(-1.98,-1.98,0.));
#4493=CARTESIAN_POINT('',(-2.,-1.98,0.05));
#4494=CARTESIAN_POINT('',(-1.98,-2.,0.05));
#4495=CARTESIAN_POINT('Origin',(-1.98,-1.98,0.05));
#4496=CARTESIAN_POINT('',(-1.98,-2.,0.));
#4497=CARTESIAN_POINT('',(-2.,-1.98,0.));
#4498=CARTESIAN_POINT('Origin',(1.98,-1.98,0.73));
#4499=CARTESIAN_POINT('',(1.98,-2.,0.73));
#4500=CARTESIAN_POINT('',(1.98,-1.98,0.75));
#4501=CARTESIAN_POINT('Origin',(1.98,-1.98,0.73));
#4502=CARTESIAN_POINT('',(2.,-1.98,0.73));
#4503=CARTESIAN_POINT('Origin',(1.98,-1.98,0.73));
#4504=CARTESIAN_POINT('Origin',(1.98,-1.98,0.73));
#4505=CARTESIAN_POINT('Origin',(1.98,-1.98,0.));
#4506=CARTESIAN_POINT('',(1.98,-2.,0.05));
#4507=CARTESIAN_POINT('',(2.,-1.98,0.05));
#4508=CARTESIAN_POINT('Origin',(1.98,-1.98,0.05));
#4509=CARTESIAN_POINT('',(2.,-1.98,0.));
#4510=CARTESIAN_POINT('',(1.98,-2.,0.));
#4511=CARTESIAN_POINT('Origin',(-1.98,1.98,0.73));
#4512=CARTESIAN_POINT('',(-1.98,2.,0.73));
#4513=CARTESIAN_POINT('',(-1.98,1.98,0.75));
#4514=CARTESIAN_POINT('Origin',(-1.98,1.98,0.73));
#4515=CARTESIAN_POINT('',(-2.,1.98,0.73));
#4516=CARTESIAN_POINT('Origin',(-1.98,1.98,0.73));
#4517=CARTESIAN_POINT('Origin',(-1.98,1.98,0.73));
#4518=CARTESIAN_POINT('Origin',(-1.98,1.98,0.));
#4519=CARTESIAN_POINT('',(-1.98,2.,0.05));
#4520=CARTESIAN_POINT('',(-2.,1.98,0.05));
#4521=CARTESIAN_POINT('Origin',(-1.98,1.98,0.05));
#4522=CARTESIAN_POINT('',(-2.,1.98,0.));
#4523=CARTESIAN_POINT('',(-1.98,2.,0.));
#4524=CARTESIAN_POINT('Origin',(-1.98,1.,0.73));
#4525=CARTESIAN_POINT('',(-1.98,1.,0.75));
#4526=CARTESIAN_POINT('',(-2.,1.,0.73));
#4527=CARTESIAN_POINT('Origin',(1.98,1.98,0.73));
#4528=CARTESIAN_POINT('',(2.,1.98,0.73));
#4529=CARTESIAN_POINT('',(1.98,1.98,0.75));
#4530=CARTESIAN_POINT('Origin',(1.98,1.98,0.73));
#4531=CARTESIAN_POINT('',(1.98,2.,0.73));
#4532=CARTESIAN_POINT('Origin',(1.98,1.98,0.73));
#4533=CARTESIAN_POINT('Origin',(1.98,1.98,0.73));
#4534=CARTESIAN_POINT('Origin',(1.98,1.98,0.));
#4535=CARTESIAN_POINT('',(2.,1.98,0.05));
#4536=CARTESIAN_POINT('',(1.98,2.,0.05));
#4537=CARTESIAN_POINT('Origin',(1.98,1.98,0.05));
#4538=CARTESIAN_POINT('',(1.98,2.,0.));
#4539=CARTESIAN_POINT('',(2.,1.98,0.));
#4540=CARTESIAN_POINT('Origin',(1.,1.98,0.73));
#4541=CARTESIAN_POINT('',(1.,1.98,0.75));
#4542=CARTESIAN_POINT('',(1.,2.,0.73));
#4543=CARTESIAN_POINT('Origin',(1.98,-1.,0.73));
#4544=CARTESIAN_POINT('',(1.98,-1.,0.75));
#4545=CARTESIAN_POINT('',(2.,-1.,0.73));
#4546=CARTESIAN_POINT('Origin',(-1.,-1.98,0.73));
#4547=CARTESIAN_POINT('',(-1.,-1.98,0.75));
#4548=CARTESIAN_POINT('',(-1.,-2.,0.73));
#4549=CARTESIAN_POINT('Origin',(-2.,2.,0.));
#4550=CARTESIAN_POINT('',(-2.,1.,0.05));
#4551=CARTESIAN_POINT('Origin',(2.,2.,0.));
#4552=CARTESIAN_POINT('',(1.,2.,0.05));
#4553=CARTESIAN_POINT('Origin',(0.,0.,0.75));
#4554=CARTESIAN_POINT('',(-1.51109637750158,0.82727526389612,0.75));
#4555=CARTESIAN_POINT('Origin',(-1.61109637750158,0.82727526389612,0.75));
#4556=CARTESIAN_POINT('Origin',(-1.61109637750158,0.82727526389612,0.75));
#4557=CARTESIAN_POINT('',(-1.51109637750158,0.82727526389612,0.74));
#4558=CARTESIAN_POINT('',(-1.51109637750158,0.82727526389612,0.75));
#4559=CARTESIAN_POINT('Origin',(-1.61109637750158,0.82727526389612,0.74));
#4560=CARTESIAN_POINT('Origin',(-1.61109637750158,0.82727526389612,0.74));
#4561=CARTESIAN_POINT('Origin',(0.,0.,0.05));
#4562=CARTESIAN_POINT('',(2.,-1.,0.05));
#4563=CARTESIAN_POINT('',(-1.,-2.,0.05));
#4564=CARTESIAN_POINT('Origin',(2.,-2.,0.));
#4565=CARTESIAN_POINT('Origin',(-2.,-2.,0.));
#4566=CARTESIAN_POINT('Origin',(2.005,-2.00500000000001,0.75));
#4567=CARTESIAN_POINT('',(2.005,0.897881577832602,0.203));
#4568=CARTESIAN_POINT('',(2.005,0.95227526389612,0.));
#4569=CARTESIAN_POINT('',(2.005,0.75947532405143,0.719539171196601));
#4570=CARTESIAN_POINT('',(2.005,0.756668949959638,0.203));
#4571=CARTESIAN_POINT('',(2.005,-0.651362368051944,0.203));
#4572=CARTESIAN_POINT('',(2.005,0.70227526389612,0.));
#4573=CARTESIAN_POINT('',(2.005,0.705348736314904,0.0114703552225662));
#4574=CARTESIAN_POINT('',(2.005,-0.588862368051944,0.));
#4575=CARTESIAN_POINT('Origin',(2.,0.70227526389612,0.));
#4576=CARTESIAN_POINT('',(1.50439368606352,0.756668949959638,0.203));
#4577=CARTESIAN_POINT('',(2.,0.756668949959638,0.203));
#4578=CARTESIAN_POINT('',(1.5,0.752275263896121,0.186602540378444));
#4579=CARTESIAN_POINT('',(1.5141258870663,0.766401150962423,0.239321068611866));
#4580=CARTESIAN_POINT('',(1.5,0.70227526389612,0.));
#4581=CARTESIAN_POINT('',(1.5,0.70227526389612,0.));
#4582=CARTESIAN_POINT('',(2.,0.70227526389612,0.));
#4583=CARTESIAN_POINT('Origin',(2.,0.70227526389612,0.203));
#4584=CARTESIAN_POINT('',(1.50439368606352,0.897881577832602,0.203));
#4585=CARTESIAN_POINT('',(2.,0.897881577832602,0.203));
#4586=CARTESIAN_POINT('',(1.50439368606352,0.75227526389612,0.203));
#4587=CARTESIAN_POINT('Origin',(1.5,0.752275263896121,0.));
#4588=CARTESIAN_POINT('',(1.45,0.75227526389612,0.));
#4589=CARTESIAN_POINT('',(1.45,0.75227526389612,0.));
#4590=CARTESIAN_POINT('Origin',(1.5,0.752275263896121,0.));
#4591=CARTESIAN_POINT('Origin',(1.45,0.75227526389612,0.));
#4592=CARTESIAN_POINT('',(1.45,0.90227526389612,0.));
#4593=CARTESIAN_POINT('',(1.5,0.90227526389612,0.186602540378444));
#4594=CARTESIAN_POINT('',(1.45,0.90227526389612,0.));
#4595=CARTESIAN_POINT('',(1.45,0.75227526389612,0.));
#4596=CARTESIAN_POINT('',(1.5047086290221,0.897566634874019,0.204175383122917));
#4597=CARTESIAN_POINT('Origin',(1.5,0.90227526389612,0.));
#4598=CARTESIAN_POINT('',(1.5,0.95227526389612,0.));
#4599=CARTESIAN_POINT('',(1.5,0.95227526389612,0.));
#4600=CARTESIAN_POINT('Origin',(1.5,0.90227526389612,0.));
#4601=CARTESIAN_POINT('Origin',(1.5,0.95227526389612,0.));
#4602=CARTESIAN_POINT('',(2.,0.95227526389612,0.));
#4603=CARTESIAN_POINT('Origin',(1.725,0.82727526389612,0.));
#4604=CARTESIAN_POINT('Origin',(2.005,2.00499999999999,0.75));
#4605=CARTESIAN_POINT('',(0.929393686063518,2.00499999999999,0.203));
#4606=CARTESIAN_POINT('',(0.875,2.00499999999999,0.));
#4607=CARTESIAN_POINT('',(1.0065978234309,2.00499999999999,0.491129763209582));
#4608=CARTESIAN_POINT('',(1.07060631393648,2.00499999999999,0.203));
#4609=CARTESIAN_POINT('',(1.44,2.00499999999999,0.203));
#4610=CARTESIAN_POINT('',(1.125,2.00499999999999,0.));
#4611=CARTESIAN_POINT('',(1.06072441116742,2.00499999999999,0.239879763209582));
#4612=CARTESIAN_POINT('',(1.5025,2.00499999999999,0.));
#4613=CARTESIAN_POINT('Origin',(1.125,2.005,0.));
#4614=CARTESIAN_POINT('',(1.07060631393648,1.35939368606352,0.203));
#4615=CARTESIAN_POINT('',(1.07060631393648,1.355,0.203));
#4616=CARTESIAN_POINT('',(1.075,1.355,0.186602540378444));
#4617=CARTESIAN_POINT('',(1.0561654839116,1.3738345160884,0.256893911356343));
#4618=CARTESIAN_POINT('',(1.08,1.355,0.1679422863406));
#4619=CARTESIAN_POINT('Ctrl Pts',(1.08,1.355,0.1679422863406));
#4620=CARTESIAN_POINT('Ctrl Pts',(1.07833333333333,1.355,0.174162371019881));
#4621=CARTESIAN_POINT('Ctrl Pts',(1.07666666666667,1.355,0.180382455699162));
#4622=CARTESIAN_POINT('Ctrl Pts',(1.075,1.355,0.186602540378444));
#4623=CARTESIAN_POINT('',(1.125,1.355,0.));
#4624=CARTESIAN_POINT('',(1.125,1.355,0.));
#4625=CARTESIAN_POINT('',(1.125,1.355,0.));
#4626=CARTESIAN_POINT('Origin',(0.875,2.005,0.203));
#4627=CARTESIAN_POINT('',(0.929393686063518,1.35939368606352,0.203));
#4628=CARTESIAN_POINT('',(0.929393686063518,3.29820669682464,0.203));
#4629=CARTESIAN_POINT('',(-0.999999999999999,1.35939368606352,0.203));
#4630=CARTESIAN_POINT('Ctrl Pts',(1.075,1.35,0.1679422863406));
#4631=CARTESIAN_POINT('Ctrl Pts',(1.075,1.35166666666667,0.174162371019881));
#4632=CARTESIAN_POINT('Ctrl Pts',(1.075,1.35333333333333,0.180382455699162));
#4633=CARTESIAN_POINT('Ctrl Pts',(1.075,1.355,0.186602540378444));
#4634=CARTESIAN_POINT('Ctrl Pts',(1.07761799387799,1.35,0.1679422863406));
#4635=CARTESIAN_POINT('Ctrl Pts',(1.07672742222927,1.35168969948895,0.174162371019881));
#4636=CARTESIAN_POINT('Ctrl Pts',(1.07589057164872,1.35331030051105,0.180382455699162));
#4637=CARTESIAN_POINT('Ctrl Pts',(1.075,1.355,0.186602540378444));
#4638=CARTESIAN_POINT('Ctrl Pts',(1.08,1.35238200612201,0.1679422863406));
#4639=CARTESIAN_POINT('Ctrl Pts',(1.07831030051105,1.35327257777073,0.174162371019881));
#4640=CARTESIAN_POINT('Ctrl Pts',(1.07668969948895,1.35410942835128,0.180382455699162));
#4641=CARTESIAN_POINT('Ctrl Pts',(1.075,1.355,0.186602540378444));
#4642=CARTESIAN_POINT('Ctrl Pts',(1.08,1.355,0.1679422863406));
#4643=CARTESIAN_POINT('Ctrl Pts',(1.07833333333333,1.355,0.174162371019881));
#4644=CARTESIAN_POINT('Ctrl Pts',(1.07666666666667,1.355,0.180382455699162));
#4645=CARTESIAN_POINT('Ctrl Pts',(1.075,1.355,0.186602540378444));
#4646=CARTESIAN_POINT('',(1.075,1.35,0.1679422863406));
#4647=CARTESIAN_POINT('',(1.075,1.35,0.1679422863406));
#4648=CARTESIAN_POINT('Origin',(1.075,1.355,0.1679422863406));
#4649=CARTESIAN_POINT('Origin',(1.075,1.355,0.));
#4650=CARTESIAN_POINT('',(1.075,1.305,0.));
#4651=CARTESIAN_POINT('',(1.075,1.305,0.));
#4652=CARTESIAN_POINT('Origin',(1.075,1.355,0.));
#4653=CARTESIAN_POINT('Origin',(1.075,1.305,0.));
#4654=CARTESIAN_POINT('',(0.903205505282297,1.305,0.));
#4655=CARTESIAN_POINT('',(0.92,1.35,0.1679422863406));
#4656=CARTESIAN_POINT('Ctrl Pts',(0.903205505282298,1.305,-1.40946282423116E-17));
#4657=CARTESIAN_POINT('Ctrl Pts',(0.91160275264115,1.34160275264115,0.136603332553648));
#4658=CARTESIAN_POINT('Ctrl Pts',(0.920000000000001,1.35,0.1679422863406));
#4659=CARTESIAN_POINT('',(-0.999999999999999,1.305,0.));
#4660=CARTESIAN_POINT('',(0.924865583322838,1.35486558332284,0.18610089050989));
#4661=CARTESIAN_POINT('Origin',(0.925,1.35,0.));
#4662=CARTESIAN_POINT('',(0.875,1.35,0.));
#4663=CARTESIAN_POINT('',(0.875,1.35,0.));
#4664=CARTESIAN_POINT('Origin',(0.925,1.35,0.));
#4665=CARTESIAN_POINT('Origin',(0.875,1.35,0.));
#4666=CARTESIAN_POINT('',(0.875,3.29820669682464,0.));
#4667=CARTESIAN_POINT('Origin',(1.,1.655,0.));
#4668=CARTESIAN_POINT('Origin',(2.005,2.00499999999999,0.75));
#4669=CARTESIAN_POINT('',(-0.0706063139364821,2.00499999999999,0.203));
#4670=CARTESIAN_POINT('',(-0.125,2.00499999999999,0.));
#4671=CARTESIAN_POINT('',(0.040091472484786,2.00499999999999,0.616129763209582));
#4672=CARTESIAN_POINT('',(0.0706063139364821,2.00499999999999,0.203));
#4673=CARTESIAN_POINT('',(0.939999999999999,2.00499999999999,0.203));
#4674=CARTESIAN_POINT('',(0.125,2.00499999999999,0.));
#4675=CARTESIAN_POINT('',(0.0942180602213136,2.00499999999999,0.114879763209583));
#4676=CARTESIAN_POINT('',(1.0025,2.00499999999999,0.));
#4677=CARTESIAN_POINT('Origin',(0.125,2.005,0.));
#4678=CARTESIAN_POINT('',(0.0706063139364821,1.35939368606352,0.203));
#4679=CARTESIAN_POINT('',(0.0706063139364821,1.355,0.203));
#4680=CARTESIAN_POINT('',(0.075,1.355,0.186602540378443));
#4681=CARTESIAN_POINT('',(0.0561654839115975,1.3738345160884,0.256893911356337));
#4682=CARTESIAN_POINT('',(0.08,1.355,0.1679422863406));
#4683=CARTESIAN_POINT('Ctrl Pts',(0.08,1.355,0.1679422863406));
#4684=CARTESIAN_POINT('Ctrl Pts',(0.0783333333333334,1.355,0.174162371019881));
#4685=CARTESIAN_POINT('Ctrl Pts',(0.0766666666666668,1.355,0.180382455699162));
#4686=CARTESIAN_POINT('Ctrl Pts',(0.0750000000000002,1.355,0.186602540378443));
#4687=CARTESIAN_POINT('',(0.125,1.355,0.));
#4688=CARTESIAN_POINT('',(0.125,1.355,0.));
#4689=CARTESIAN_POINT('',(0.125,1.355,0.));
#4690=CARTESIAN_POINT('Origin',(-0.125,2.005,0.203));
#4691=CARTESIAN_POINT('',(-0.0706063139364821,1.35939368606352,0.203));
#4692=CARTESIAN_POINT('',(-0.0706063139364821,3.29820669682464,0.203));
#4693=CARTESIAN_POINT('',(-2.,1.35939368606352,0.203));
#4694=CARTESIAN_POINT('Ctrl Pts',(0.0750000000000001,1.35,0.1679422863406));
#4695=CARTESIAN_POINT('Ctrl Pts',(0.0750000000000001,1.35166666666667,0.174162371019881));
#4696=CARTESIAN_POINT('Ctrl Pts',(0.075,1.35333333333333,0.180382455699162));
#4697=CARTESIAN_POINT('Ctrl Pts',(0.075,1.355,0.186602540378443));
#4698=CARTESIAN_POINT('Ctrl Pts',(0.0776179938779915,1.35,0.1679422863406));
#4699=CARTESIAN_POINT('Ctrl Pts',(0.0767274222292675,1.35168969948895,0.174162371019881));
#4700=CARTESIAN_POINT('Ctrl Pts',(0.0758905716487241,1.35331030051105,0.180382455699162));
#4701=CARTESIAN_POINT('Ctrl Pts',(0.0750000000000001,1.355,0.186602540378443));
#4702=CARTESIAN_POINT('Ctrl Pts',(0.08,1.35238200612201,0.1679422863406));
#4703=CARTESIAN_POINT('Ctrl Pts',(0.0783103005110484,1.35327257777073,0.174162371019881));
#4704=CARTESIAN_POINT('Ctrl Pts',(0.0766896994889518,1.35410942835128,0.180382455699162));
#4705=CARTESIAN_POINT('Ctrl Pts',(0.0750000000000002,1.355,0.186602540378443));
#4706=CARTESIAN_POINT('Ctrl Pts',(0.08,1.355,0.1679422863406));
#4707=CARTESIAN_POINT('Ctrl Pts',(0.0783333333333334,1.355,0.174162371019881));
#4708=CARTESIAN_POINT('Ctrl Pts',(0.0766666666666668,1.355,0.180382455699162));
#4709=CARTESIAN_POINT('Ctrl Pts',(0.0750000000000002,1.355,0.186602540378443));
#4710=CARTESIAN_POINT('',(0.0750000000000001,1.35,0.1679422863406));
#4711=CARTESIAN_POINT('',(0.0750000000000001,1.35,0.1679422863406));
#4712=CARTESIAN_POINT('Origin',(0.075,1.355,0.1679422863406));
#4713=CARTESIAN_POINT('Origin',(0.075,1.355,0.));
#4714=CARTESIAN_POINT('',(0.075,1.305,0.));
#4715=CARTESIAN_POINT('',(0.075,1.305,0.));
#4716=CARTESIAN_POINT('Origin',(0.075,1.355,0.));
#4717=CARTESIAN_POINT('Origin',(0.075,1.305,0.));
#4718=CARTESIAN_POINT('',(-0.096794494717703,1.305,0.));
#4719=CARTESIAN_POINT('',(-0.08,1.35,0.1679422863406));
#4720=CARTESIAN_POINT('Ctrl Pts',(-0.0967944947177025,1.305,-5.42101086242752E-18));
#4721=CARTESIAN_POINT('Ctrl Pts',(-0.0883972473588508,1.34160275264115,
0.136603332553646));
#4722=CARTESIAN_POINT('Ctrl Pts',(-0.0799999999999991,1.35,0.1679422863406));
#4723=CARTESIAN_POINT('',(-2.,1.305,0.));
#4724=CARTESIAN_POINT('',(-0.0751344166771619,1.35486558332284,0.18610089050989));
#4725=CARTESIAN_POINT('Origin',(-0.0750000000000002,1.35,0.));
#4726=CARTESIAN_POINT('',(-0.125,1.35,0.));
#4727=CARTESIAN_POINT('',(-0.125,1.35,0.));
#4728=CARTESIAN_POINT('Origin',(-0.0750000000000002,1.35,0.));
#4729=CARTESIAN_POINT('Origin',(-0.125,1.35,0.));
#4730=CARTESIAN_POINT('',(-0.125,3.29820669682464,0.));
#4731=CARTESIAN_POINT('Origin',(0.,1.655,0.));
#4732=CARTESIAN_POINT('Origin',(2.005,2.00499999999999,0.75));
#4733=CARTESIAN_POINT('',(-1.07060631393648,2.00499999999999,0.203));
#4734=CARTESIAN_POINT('',(-1.125,2.00499999999999,0.));
#4735=CARTESIAN_POINT('',(-0.926414878461323,2.00499999999999,0.741129763209582));
#4736=CARTESIAN_POINT('',(-0.929393686063518,2.00499999999999,0.203));
#4737=CARTESIAN_POINT('',(0.439999999999999,2.00499999999999,0.203));
#4738=CARTESIAN_POINT('',(-0.875,2.00499999999999,0.));
#4739=CARTESIAN_POINT('',(-0.872288290724796,2.00499999999999,-0.0101202367904186));
#4740=CARTESIAN_POINT('',(0.502499999999999,2.00499999999999,0.));
#4741=CARTESIAN_POINT('Origin',(-0.875,2.005,0.));
#4742=CARTESIAN_POINT('',(-0.929393686063518,1.35939368606352,0.203));
#4743=CARTESIAN_POINT('',(-0.929393686063518,1.355,0.203));
#4744=CARTESIAN_POINT('',(-0.925,1.355,0.186602540378443));
#4745=CARTESIAN_POINT('',(-0.943834516088403,1.3738345160884,0.256893911356338));
#4746=CARTESIAN_POINT('',(-0.92,1.355,0.1679422863406));
#4747=CARTESIAN_POINT('Ctrl Pts',(-0.92,1.355,0.1679422863406));
#4748=CARTESIAN_POINT('Ctrl Pts',(-0.921666666666667,1.355,0.174162371019881));
#4749=CARTESIAN_POINT('Ctrl Pts',(-0.923333333333333,1.355,0.180382455699162));
#4750=CARTESIAN_POINT('Ctrl Pts',(-0.925,1.355,0.186602540378443));
#4751=CARTESIAN_POINT('',(-0.875,1.355,0.));
#4752=CARTESIAN_POINT('',(-0.875,1.355,0.));
#4753=CARTESIAN_POINT('',(-0.875,1.355,0.));
#4754=CARTESIAN_POINT('Origin',(-1.125,2.005,0.203));
#4755=CARTESIAN_POINT('',(-1.07060631393648,1.35939368606352,0.203));
#4756=CARTESIAN_POINT('',(-1.07060631393648,3.29820669682464,0.203));
#4757=CARTESIAN_POINT('',(-3.,1.35939368606352,0.203));
#4758=CARTESIAN_POINT('Ctrl Pts',(-0.925,1.35,0.1679422863406));
#4759=CARTESIAN_POINT('Ctrl Pts',(-0.925,1.35166666666667,0.174162371019881));
#4760=CARTESIAN_POINT('Ctrl Pts',(-0.925,1.35333333333333,0.180382455699162));
#4761=CARTESIAN_POINT('Ctrl Pts',(-0.925,1.355,0.186602540378443));
#4762=CARTESIAN_POINT('Ctrl Pts',(-0.922382006122008,1.35,0.1679422863406));
#4763=CARTESIAN_POINT('Ctrl Pts',(-0.923272577770732,1.35168969948895,0.174162371019881));
#4764=CARTESIAN_POINT('Ctrl Pts',(-0.924109428351276,1.35331030051105,0.180382455699162));
#4765=CARTESIAN_POINT('Ctrl Pts',(-0.925,1.355,0.186602540378443));
#4766=CARTESIAN_POINT('Ctrl Pts',(-0.92,1.35238200612201,0.1679422863406));
#4767=CARTESIAN_POINT('Ctrl Pts',(-0.921689699488952,1.35327257777073,0.174162371019881));
#4768=CARTESIAN_POINT('Ctrl Pts',(-0.923310300511048,1.35410942835128,0.180382455699162));
#4769=CARTESIAN_POINT('Ctrl Pts',(-0.925,1.355,0.186602540378443));
#4770=CARTESIAN_POINT('Ctrl Pts',(-0.92,1.355,0.1679422863406));
#4771=CARTESIAN_POINT('Ctrl Pts',(-0.921666666666667,1.355,0.174162371019881));
#4772=CARTESIAN_POINT('Ctrl Pts',(-0.923333333333333,1.355,0.180382455699162));
#4773=CARTESIAN_POINT('Ctrl Pts',(-0.925,1.355,0.186602540378443));
#4774=CARTESIAN_POINT('',(-0.925,1.35,0.1679422863406));
#4775=CARTESIAN_POINT('',(-0.925,1.35,0.1679422863406));
#4776=CARTESIAN_POINT('Origin',(-0.925,1.355,0.1679422863406));
#4777=CARTESIAN_POINT('Origin',(-0.925,1.355,0.));
#4778=CARTESIAN_POINT('',(-0.925,1.305,0.));
#4779=CARTESIAN_POINT('',(-0.925,1.305,0.));
#4780=CARTESIAN_POINT('Origin',(-0.925,1.355,0.));
#4781=CARTESIAN_POINT('Origin',(-0.925,1.305,0.));
#4782=CARTESIAN_POINT('',(-1.0967944947177,1.305,0.));
#4783=CARTESIAN_POINT('',(-1.08,1.35,0.1679422863406));
#4784=CARTESIAN_POINT('Ctrl Pts',(-1.0967944947177,1.305,-1.19262238973405E-17));
#4785=CARTESIAN_POINT('Ctrl Pts',(-1.08839724735885,1.34160275264115,0.136603332553636));
#4786=CARTESIAN_POINT('Ctrl Pts',(-1.08,1.35,0.1679422863406));
#4787=CARTESIAN_POINT('',(-3.,1.305,0.));
#4788=CARTESIAN_POINT('',(-1.07513441667716,1.35486558332284,0.18610089050989));
#4789=CARTESIAN_POINT('Origin',(-1.075,1.35,0.));
#4790=CARTESIAN_POINT('',(-1.125,1.35,0.));
#4791=CARTESIAN_POINT('',(-1.125,1.35,0.));
#4792=CARTESIAN_POINT('Origin',(-1.075,1.35,0.));
#4793=CARTESIAN_POINT('Origin',(-1.125,1.35,0.));
#4794=CARTESIAN_POINT('',(-1.125,3.29820669682464,0.));
#4795=CARTESIAN_POINT('Origin',(-1.,1.655,0.));
#4796=CARTESIAN_POINT('Origin',(-2.005,2.00499999999999,0.75));
#4797=CARTESIAN_POINT('',(-2.005,0.756668949959638,0.203));
#4798=CARTESIAN_POINT('',(-2.005,0.70227526389612,0.));
#4799=CARTESIAN_POINT('',(-2.005,0.839658269021006,0.512720355222567));
#4800=CARTESIAN_POINT('',(-2.005,0.897881577832602,0.203));
#4801=CARTESIAN_POINT('',(-2.005,1.35363763194806,0.203));
#4802=CARTESIAN_POINT('',(-2.005,0.95227526389612,0.));
#4803=CARTESIAN_POINT('',(-2.005,0.893784856757532,0.218289171196598));
#4804=CARTESIAN_POINT('',(-2.005,1.41613763194806,0.));
#4805=CARTESIAN_POINT('Origin',(-2.,0.95227526389612,0.));
#4806=CARTESIAN_POINT('',(-1.50439368606352,0.897881577832602,0.203));
#4807=CARTESIAN_POINT('',(-2.,0.897881577832602,0.203));
#4808=CARTESIAN_POINT('',(-1.5,0.90227526389612,0.186602540378444));
#4809=CARTESIAN_POINT('',(-1.5141258870663,0.888149376829817,0.239321068611866));
#4810=CARTESIAN_POINT('',(-1.5,0.95227526389612,0.));
#4811=CARTESIAN_POINT('',(-1.5,0.95227526389612,0.));
#4812=CARTESIAN_POINT('',(-2.,0.95227526389612,0.));
#4813=CARTESIAN_POINT('Origin',(-2.,0.70227526389612,0.203));
#4814=CARTESIAN_POINT('',(-1.50439368606352,0.756668949959638,0.203));
#4815=CARTESIAN_POINT('',(-2.,0.756668949959638,0.203));
#4816=CARTESIAN_POINT('',(-1.50439368606352,0.75227526389612,0.203));
#4817=CARTESIAN_POINT('Origin',(-1.5,0.90227526389612,0.));
#4818=CARTESIAN_POINT('',(-1.45,0.90227526389612,0.));
#4819=CARTESIAN_POINT('',(-1.45,0.90227526389612,0.));
#4820=CARTESIAN_POINT('Origin',(-1.5,0.90227526389612,0.));
#4821=CARTESIAN_POINT('Origin',(-1.45,0.90227526389612,0.));
#4822=CARTESIAN_POINT('',(-1.45,0.75227526389612,0.));
#4823=CARTESIAN_POINT('',(-1.5,0.752275263896121,0.186602540378444));
#4824=CARTESIAN_POINT('',(-1.45,0.75227526389612,0.));
#4825=CARTESIAN_POINT('',(-1.45,0.75227526389612,0.));
#4826=CARTESIAN_POINT('',(-1.5047086290221,0.756983892918221,0.204175383122917));
#4827=CARTESIAN_POINT('Origin',(-1.5,0.752275263896121,0.));
#4828=CARTESIAN_POINT('',(-1.5,0.70227526389612,0.));
#4829=CARTESIAN_POINT('',(-1.5,0.70227526389612,0.));
#4830=CARTESIAN_POINT('Origin',(-1.5,0.752275263896121,0.));
#4831=CARTESIAN_POINT('Origin',(-1.5,0.70227526389612,0.));
#4832=CARTESIAN_POINT('',(-2.,0.70227526389612,0.));
#4833=CARTESIAN_POINT('Origin',(-1.725,0.82727526389612,0.));
#4834=CARTESIAN_POINT('Origin',(-2.005,2.00499999999999,0.75));
#4835=CARTESIAN_POINT('',(-2.005,-0.344775545302829,0.203));
#4836=CARTESIAN_POINT('',(-2.005,-0.39916932751433,0.));
#4837=CARTESIAN_POINT('',(-2.005,-0.224856408285218,0.650543521057598));
#4838=CARTESIAN_POINT('',(-2.005,-0.20356310972583,0.203));
#4839=CARTESIAN_POINT('',(-2.005,0.802920036818424,0.203));
#4840=CARTESIAN_POINT('',(-2.005,-0.14916932751433,0.));
#4841=CARTESIAN_POINT('',(-2.005,-0.17076792670351,0.0806069270630091));
#4842=CARTESIAN_POINT('',(-2.005,0.865702049258635,0.));
#4843=CARTESIAN_POINT('Origin',(-2.,-0.149159926363143,0.));
#4844=CARTESIAN_POINT('',(-1.40439368606352,-0.202433831573625,0.203));
#4845=CARTESIAN_POINT('',(-2.44690221438405,-0.204393987631266,0.203));
#4846=CARTESIAN_POINT('',(-1.4,-0.1980318766023,0.186602540378443));
#4847=CARTESIAN_POINT('',(-1.41729340584668,-0.21535782860193,0.251142409634181));
#4848=CARTESIAN_POINT('',(-1.40009401134569,-0.148031964983709,0.));
#4849=CARTESIAN_POINT('',(-1.40009401134569,-0.148031964983709,0.));
#4850=CARTESIAN_POINT('',(-2.44700448685653,-0.150000397715561,0.));
#4851=CARTESIAN_POINT('Origin',(-2.,-0.399159926363143,0.203));
#4852=CARTESIAN_POINT('',(-1.40439368606352,-0.343646267150624,0.203));
#4853=CARTESIAN_POINT('',(-2.44663670343144,-0.345605923986544,0.203));
#4854=CARTESIAN_POINT('',(-1.40439368606352,-0.348031699839169,0.203));
#4855=CARTESIAN_POINT('Origin',(-1.4,-0.1980318766023,0.));
#4856=CARTESIAN_POINT('',(-1.35,-0.1980318766023,0.));
#4857=CARTESIAN_POINT('',(-1.35,-0.1980318766023,0.));
#4858=CARTESIAN_POINT('Origin',(-1.4,-0.1980318766023,0.));
#4859=CARTESIAN_POINT('Origin',(-1.35,-0.1980318766023,0.));
#4860=CARTESIAN_POINT('',(-1.35,-0.348031699839169,0.));
#4861=CARTESIAN_POINT('',(-1.4,-0.348031699839169,0.186602540378443));
#4862=CARTESIAN_POINT('',(-1.35,-0.348031699839169,0.));
#4863=CARTESIAN_POINT('',(-1.35,-0.348031699839169,0.));
#4864=CARTESIAN_POINT('',(-1.40470088623914,-0.343339644039047,0.204146486663504));
#4865=CARTESIAN_POINT('Origin',(-1.4,-0.348031699839169,0.));
#4866=CARTESIAN_POINT('',(-1.39990598865431,-0.398031611457759,0.));
#4867=CARTESIAN_POINT('',(-1.39990598865431,-0.398031611457759,0.));
#4868=CARTESIAN_POINT('Origin',(-1.4,-0.348031699839169,0.));
#4869=CARTESIAN_POINT('Origin',(-1.39990598865431,-0.398031611457759,0.));
#4870=CARTESIAN_POINT('',(-2.44653443095896,-0.399999513902249,0.));
#4871=CARTESIAN_POINT('Origin',(-1.675,-0.273595901482721,0.));
#4872=CARTESIAN_POINT('Origin',(-0.774999999999999,0.255000000000001,0.));
#4873=CARTESIAN_POINT('',(-0.774999999999999,0.0400000000000005,0.));
#4874=CARTESIAN_POINT('',(-0.774999999999999,0.255000000000001,0.));
#4875=CARTESIAN_POINT('',(-0.774999999999999,0.0400000000000005,0.));
#4876=CARTESIAN_POINT('',(-0.774999999999999,0.0400000000000005,0.203));
#4877=CARTESIAN_POINT('',(-0.774999999999999,0.0400000000000005,0.));
#4878=CARTESIAN_POINT('',(-0.774999999999999,0.255000000000001,0.203));
#4879=CARTESIAN_POINT('',(-0.774999999999999,0.0400000000000005,0.203));
#4880=CARTESIAN_POINT('',(-0.774999999999999,0.255000000000001,0.));
#4881=CARTESIAN_POINT('Origin',(-0.724999999999999,0.255,0.));
#4882=CARTESIAN_POINT('',(-0.724999999999999,0.305,0.));
#4883=CARTESIAN_POINT('Origin',(-0.724999999999999,0.255,0.));
#4884=CARTESIAN_POINT('',(-0.724999999999999,0.305,0.203));
#4885=CARTESIAN_POINT('Origin',(-0.724999999999999,0.255,0.203));
#4886=CARTESIAN_POINT('',(-0.724999999999999,0.305,0.));
#4887=CARTESIAN_POINT('Origin',(0.725000000000001,0.305000000000001,0.));
#4888=CARTESIAN_POINT('',(0.725000000000001,0.305000000000001,0.));
#4889=CARTESIAN_POINT('',(-0.724999999999999,0.305,0.));
#4890=CARTESIAN_POINT('',(0.725000000000001,0.305000000000001,0.203));
#4891=CARTESIAN_POINT('',(-0.724999999999999,0.305,0.203));
#4892=CARTESIAN_POINT('',(0.725000000000001,0.305000000000001,0.));
#4893=CARTESIAN_POINT('Origin',(0.725000000000001,0.255,0.));
#4894=CARTESIAN_POINT('',(0.775000000000001,0.255000000000001,0.));
#4895=CARTESIAN_POINT('Origin',(0.725000000000001,0.255,0.));
#4896=CARTESIAN_POINT('',(0.775000000000001,0.255000000000001,0.203));
#4897=CARTESIAN_POINT('Origin',(0.725000000000001,0.255,0.203));
#4898=CARTESIAN_POINT('',(0.775000000000001,0.255000000000001,0.));
#4899=CARTESIAN_POINT('Origin',(0.775000000000001,0.0400000000000005,0.));
#4900=CARTESIAN_POINT('',(0.775000000000001,0.0400000000000005,0.));
#4901=CARTESIAN_POINT('',(0.775000000000001,0.0400000000000005,0.));
#4902=CARTESIAN_POINT('',(0.775000000000001,0.0400000000000005,0.203));
#4903=CARTESIAN_POINT('',(0.775000000000001,0.0400000000000005,0.203));
#4904=CARTESIAN_POINT('',(0.775000000000001,0.0400000000000005,0.));
#4905=CARTESIAN_POINT('Origin',(0.725000000000001,0.0400000000000006,0.));
#4906=CARTESIAN_POINT('',(0.725000000000001,-0.00999999999999942,0.));
#4907=CARTESIAN_POINT('Origin',(0.725000000000001,0.0400000000000006,0.));
#4908=CARTESIAN_POINT('',(0.725000000000001,-0.00999999999999942,0.203));
#4909=CARTESIAN_POINT('Origin',(0.725000000000001,0.0400000000000006,0.203));
#4910=CARTESIAN_POINT('',(0.725000000000001,-0.00999999999999942,0.));
#4911=CARTESIAN_POINT('Origin',(-0.724999999999999,-0.00999999999999945,
0.));
#4912=CARTESIAN_POINT('',(-0.724999999999999,-0.00999999999999945,0.));
#4913=CARTESIAN_POINT('',(-0.724999999999999,-0.00999999999999945,0.));
#4914=CARTESIAN_POINT('',(-0.724999999999999,-0.00999999999999945,0.203));
#4915=CARTESIAN_POINT('',(-0.724999999999999,-0.00999999999999945,0.203));
#4916=CARTESIAN_POINT('',(-0.724999999999999,-0.00999999999999945,0.));
#4917=CARTESIAN_POINT('Origin',(-0.724999999999999,0.0400000000000006,0.));
#4918=CARTESIAN_POINT('Origin',(-0.724999999999999,0.0400000000000006,0.));
#4919=CARTESIAN_POINT('Origin',(-0.724999999999999,0.0400000000000006,0.203));
#4920=CARTESIAN_POINT('Origin',(-0.724999999999999,-0.00999999999999945,
0.203));
#4921=CARTESIAN_POINT('Origin',(1.11022302462516E-15,0.147500000000001,
0.));
#4922=CARTESIAN_POINT('Origin',(2.005,-2.00500000000001,0.75));
#4923=CARTESIAN_POINT('',(2.005,-1.2,0.));
#4924=CARTESIAN_POINT('',(2.005,-1.14560631393648,0.203));
#4925=CARTESIAN_POINT('',(2.005,-1.13321238748838,0.249254763209581));
#4926=CARTESIAN_POINT('',(2.005,-0.749999999999999,0.));
#4927=CARTESIAN_POINT('',(2.005,-1.49,0.));
#4928=CARTESIAN_POINT('',(2.005,-0.804393686063517,0.203));
#4929=CARTESIAN_POINT('',(2.005,-0.885784529562632,0.506754763209584));
#4930=CARTESIAN_POINT('',(2.005,-1.3775,0.203));
#4931=CARTESIAN_POINT('Origin',(1.4,-0.749999999999999,0.));
#4932=CARTESIAN_POINT('',(1.4,-0.749999999999999,0.));
#4933=CARTESIAN_POINT('',(2.,-0.749999999999999,0.));
#4934=CARTESIAN_POINT('',(1.4,-0.799999999999999,0.186602540378444));
#4935=CARTESIAN_POINT('',(1.4,-0.749999999999999,0.));
#4936=CARTESIAN_POINT('',(1.40439368606352,-0.804393686063517,0.203));
#4937=CARTESIAN_POINT('',(1.41098680105157,-0.810986801051568,0.22760584011555));
#4938=CARTESIAN_POINT('',(2.,-0.804393686063517,0.203));
#4939=CARTESIAN_POINT('Origin',(1.675,-0.974999999999999,0.));
#4940=CARTESIAN_POINT('',(1.4,-1.2,0.));
#4941=CARTESIAN_POINT('',(2.,-1.2,0.));
#4942=CARTESIAN_POINT('',(1.35,-1.15,0.));
#4943=CARTESIAN_POINT('Origin',(1.4,-1.15,0.));
#4944=CARTESIAN_POINT('',(1.35,-0.799999999999999,0.));
#4945=CARTESIAN_POINT('',(1.35,-0.799999999999999,0.));
#4946=CARTESIAN_POINT('Origin',(1.4,-0.799999999999999,0.));
#4947=CARTESIAN_POINT('Origin',(2.,-1.2,0.));
#4948=CARTESIAN_POINT('',(1.40439368606352,-1.14560631393648,0.203));
#4949=CARTESIAN_POINT('',(2.,-1.14560631393648,0.203));
#4950=CARTESIAN_POINT('',(1.4,-1.15,0.186602540378444));
#4951=CARTESIAN_POINT('',(1.41726497308104,-1.13273502691896,0.251036297108185));
#4952=CARTESIAN_POINT('',(1.4,-1.2,0.));
#4953=CARTESIAN_POINT('Origin',(1.4,-1.15,0.));
#4954=CARTESIAN_POINT('',(1.35,-1.15,0.));
#4955=CARTESIAN_POINT('Origin',(1.35,-1.15,0.));
#4956=CARTESIAN_POINT('',(1.35,-0.799999999999999,0.));
#4957=CARTESIAN_POINT('',(1.40439368606352,-0.799999999999999,0.203));
#4958=CARTESIAN_POINT('Origin',(1.4,-0.799999999999999,0.));
#4959=CARTESIAN_POINT('Origin',(2.,-0.749999999999999,0.203));
#4960=CARTESIAN_POINT('Origin',(-2.005,-2.00500000000001,0.75));
#4961=CARTESIAN_POINT('',(0.875,-2.00500000000001,0.));
#4962=CARTESIAN_POINT('',(0.929393686063518,-2.00500000000001,0.203));
#4963=CARTESIAN_POINT('',(0.872288290724795,-2.00500000000001,-0.0101202367904182));
#4964=CARTESIAN_POINT('',(1.175,-2.00500000000001,0.));
#4965=CARTESIAN_POINT('',(-0.283750000000002,-2.00500000000001,0.));
#4966=CARTESIAN_POINT('',(1.12060631393648,-2.00500000000001,0.203));
#4967=CARTESIAN_POINT('',(0.974740196008629,-2.00500000000001,0.747379763209583));
#4968=CARTESIAN_POINT('',(-0.0900000000000017,-2.00500000000001,0.203));
#4969=CARTESIAN_POINT('Origin',(2.005,-2.00500000000001,0.75));
#4970=CARTESIAN_POINT('',(2.005,-1.8,0.));
#4971=CARTESIAN_POINT('',(2.005,-1.74560631393648,0.203));
#4972=CARTESIAN_POINT('',(2.005,-1.71311619805605,0.324254763209581));
#4973=CARTESIAN_POINT('',(2.005,-1.45,0.));
#4974=CARTESIAN_POINT('',(2.005,-1.865,0.));
#4975=CARTESIAN_POINT('',(2.005,-1.50439368606352,0.203));
#4976=CARTESIAN_POINT('',(2.005,-1.56233897522491,0.419254763209584));
#4977=CARTESIAN_POINT('',(2.005,-1.9025,0.203));
#4978=CARTESIAN_POINT('Origin',(-2.005,-2.00500000000001,0.75));
#4979=CARTESIAN_POINT('',(1.475,-2.00500000000001,0.));
#4980=CARTESIAN_POINT('',(1.52939368606352,-2.00500000000001,0.203));
#4981=CARTESIAN_POINT('',(1.45219210129246,-2.00500000000001,-0.0851202367904168));
#4982=CARTESIAN_POINT('',(1.775,-2.00500000000001,0.));
#4983=CARTESIAN_POINT('',(-0.283750000000002,-2.00500000000001,0.));
#4984=CARTESIAN_POINT('',(1.72060631393648,-2.00500000000001,0.203));
#4985=CARTESIAN_POINT('',(1.55464400657629,-2.00500000000001,0.822379763209582));
#4986=CARTESIAN_POINT('',(-0.0900000000000017,-2.00500000000001,0.203));
#4987=CARTESIAN_POINT('Origin',(0.925,-1.45,0.));
#4988=CARTESIAN_POINT('',(0.925,-1.45,0.));
#4989=CARTESIAN_POINT('',(2.,-1.45,0.));
#4990=CARTESIAN_POINT('',(0.925,-1.5,0.186602540378446));
#4991=CARTESIAN_POINT('',(0.925,-1.45,0.));
#4992=CARTESIAN_POINT('',(0.929393686063518,-1.50439368606352,0.203));
#4993=CARTESIAN_POINT('',(0.939125887066303,-1.5141258870663,0.239321068611866));
#4994=CARTESIAN_POINT('',(2.,-1.50439368606352,0.203));
#4995=CARTESIAN_POINT('Origin',(1.775,-1.85,0.));
#4996=CARTESIAN_POINT('',(1.775,-1.85,0.));
#4997=CARTESIAN_POINT('',(1.775,-1.85,0.));
#4998=CARTESIAN_POINT('',(1.72060631393648,-1.85,0.203));
#4999=CARTESIAN_POINT('',(1.775,-1.85,0.));
#5000=CARTESIAN_POINT('',(1.72060631393648,-1.85,0.203));
#5001=CARTESIAN_POINT('Origin',(1.175,-1.85,0.));
#5002=CARTESIAN_POINT('',(1.175,-1.85,0.));
#5003=CARTESIAN_POINT('',(1.175,-2.47854902126478,0.));
#5004=CARTESIAN_POINT('',(1.12060631393648,-1.85,0.203));
#5005=CARTESIAN_POINT('',(1.175,-1.85,0.));
#5006=CARTESIAN_POINT('',(1.12060631393648,-2.47854902126478,0.203));
#5007=CARTESIAN_POINT('Origin',(1.4375,-1.725,0.));
#5008=CARTESIAN_POINT('',(1.825,-1.8,0.));
#5009=CARTESIAN_POINT('',(1.825,-1.8,0.));
#5010=CARTESIAN_POINT('Origin',(1.825,-1.85,0.));
#5011=CARTESIAN_POINT('',(1.475,-1.85,0.));
#5012=CARTESIAN_POINT('',(1.475,-1.85,0.));
#5013=CARTESIAN_POINT('',(1.425,-1.8,0.));
#5014=CARTESIAN_POINT('Origin',(1.425,-1.85,0.));
#5015=CARTESIAN_POINT('',(1.225,-1.8,0.));
#5016=CARTESIAN_POINT('',(1.425,-1.8,0.));
#5017=CARTESIAN_POINT('Origin',(1.225,-1.85,0.));
#5018=CARTESIAN_POINT('',(0.875,-1.5,0.));
#5019=CARTESIAN_POINT('',(0.875,-2.47854902126478,0.));
#5020=CARTESIAN_POINT('Origin',(0.925,-1.5,0.));
#5021=CARTESIAN_POINT('Origin',(1.475,-2.,0.));
#5022=CARTESIAN_POINT('',(1.52939368606352,-1.85,0.203));
#5023=CARTESIAN_POINT('',(1.52939368606352,-1.85,0.203));
#5024=CARTESIAN_POINT('',(1.475,-1.85,0.));
#5025=CARTESIAN_POINT('Origin',(1.425,-1.85,0.));
#5026=CARTESIAN_POINT('',(1.425,-1.74560631393648,0.203));
#5027=CARTESIAN_POINT('',(1.425,-1.8,0.));
#5028=CARTESIAN_POINT('Origin',(1.425,-1.85,0.203));
#5029=CARTESIAN_POINT('Origin',(1.425,-1.8,0.));
#5030=CARTESIAN_POINT('',(1.225,-1.74560631393648,0.203));
#5031=CARTESIAN_POINT('',(1.225,-1.8,0.));
#5032=CARTESIAN_POINT('',(1.425,-1.74560631393648,0.203));
#5033=CARTESIAN_POINT('Origin',(1.225,-1.85,0.));
#5034=CARTESIAN_POINT('Origin',(1.225,-1.85,0.203));
#5035=CARTESIAN_POINT('Origin',(0.875,-2.,0.));
#5036=CARTESIAN_POINT('',(0.929393686063518,-2.47854902126478,0.203));
#5037=CARTESIAN_POINT('',(0.875,-1.5,0.));
#5038=CARTESIAN_POINT('Origin',(0.925,-1.5,0.));
#5039=CARTESIAN_POINT('Origin',(2.,-1.8,0.));
#5040=CARTESIAN_POINT('',(1.825,-1.74560631393648,0.203));
#5041=CARTESIAN_POINT('',(1.825,-1.74560631393648,0.203));
#5042=CARTESIAN_POINT('',(1.825,-1.8,0.));
#5043=CARTESIAN_POINT('Origin',(1.825,-1.85,0.));
#5044=CARTESIAN_POINT('Origin',(1.825,-1.85,0.203));
#5045=CARTESIAN_POINT('Origin',(1.825,-1.8,0.203));
#5046=CARTESIAN_POINT('Origin',(-2.005,-2.00500000000001,0.75));
#5047=CARTESIAN_POINT('',(-1.775,-2.00500000000001,0.));
#5048=CARTESIAN_POINT('',(-1.72060631393648,-2.00500000000001,0.203));
#5049=CARTESIAN_POINT('',(-1.68895353928239,-2.00500000000001,0.321129763209582));
#5050=CARTESIAN_POINT('',(-1.475,-2.00500000000001,0.));
#5051=CARTESIAN_POINT('',(-1.72125,-2.00500000000001,0.));
#5052=CARTESIAN_POINT('',(-1.52939368606352,-2.00500000000001,0.203));
#5053=CARTESIAN_POINT('',(-1.58650163399856,-2.00500000000001,0.416129763209583));
#5054=CARTESIAN_POINT('',(-1.915,-2.00500000000001,0.203));
#5055=CARTESIAN_POINT('Origin',(-2.005,-2.00500000000001,0.75));
#5056=CARTESIAN_POINT('',(-1.175,-2.00500000000001,0.));
#5057=CARTESIAN_POINT('',(-1.12060631393648,-2.00500000000001,0.203));
#5058=CARTESIAN_POINT('',(-1.10904972871473,-2.00500000000001,0.246129763209582));
#5059=CARTESIAN_POINT('',(-0.875,-2.00500000000001,0.));
#5060=CARTESIAN_POINT('',(-1.72125,-2.00500000000001,0.));
#5061=CARTESIAN_POINT('',(-0.929393686063518,-2.00500000000001,0.203));
#5062=CARTESIAN_POINT('',(-1.0065978234309,-2.00500000000001,0.491129763209583));
#5063=CARTESIAN_POINT('',(-1.915,-2.00500000000001,0.203));
#5064=CARTESIAN_POINT('Origin',(-2.005,2.00499999999999,0.75));
#5065=CARTESIAN_POINT('',(-2.005,-1.45,0.));
#5066=CARTESIAN_POINT('',(-2.005,-1.50439368606352,0.203));
#5067=CARTESIAN_POINT('',(-2.005,-1.42802944251881,-0.0819952367904153));
#5068=CARTESIAN_POINT('',(-2.005,-1.8,0.));
#5069=CARTESIAN_POINT('',(-2.005,0.139999999999996,0.));
#5070=CARTESIAN_POINT('',(-2.005,-1.74560631393648,0.203));
#5071=CARTESIAN_POINT('',(-2.005,-1.57880666534995,0.82550476320958));
#5072=CARTESIAN_POINT('',(-2.005,0.102499999999996,0.203));
#5073=CARTESIAN_POINT('Origin',(-0.875,-1.5,0.));
#5074=CARTESIAN_POINT('',(-0.875,-1.5,0.));
#5075=CARTESIAN_POINT('',(-0.875,-2.47854902126478,0.));
#5076=CARTESIAN_POINT('',(-0.925,-1.5,0.186602540378446));
#5077=CARTESIAN_POINT('',(-0.875,-1.5,0.));
#5078=CARTESIAN_POINT('',(-0.929393686063518,-1.50439368606352,0.203));
#5079=CARTESIAN_POINT('',(-0.957175631651022,-1.53217563165102,0.306683632465686));
#5080=CARTESIAN_POINT('',(-0.929393686063518,-2.47854902126478,0.203));
#5081=CARTESIAN_POINT('Origin',(-1.475,-1.85,0.));
#5082=CARTESIAN_POINT('',(-1.475,-1.85,0.));
#5083=CARTESIAN_POINT('',(-1.475,-1.85,0.));
#5084=CARTESIAN_POINT('',(-1.52939368606352,-1.85,0.203));
#5085=CARTESIAN_POINT('',(-1.475,-1.85,0.));
#5086=CARTESIAN_POINT('',(-1.52939368606352,-1.85,0.203));
#5087=CARTESIAN_POINT('Origin',(-1.825,-1.8,0.));
#5088=CARTESIAN_POINT('',(-1.825,-1.8,0.));
#5089=CARTESIAN_POINT('',(-1.825,-1.8,0.));
#5090=CARTESIAN_POINT('',(-1.825,-1.74560631393648,0.203));
#5091=CARTESIAN_POINT('',(-1.825,-1.8,0.));
#5092=CARTESIAN_POINT('',(-1.825,-1.74560631393648,0.203));
#5093=CARTESIAN_POINT('Origin',(-1.4375,-1.725,0.));
#5094=CARTESIAN_POINT('',(-1.175,-1.85,0.));
#5095=CARTESIAN_POINT('',(-1.175,-2.47854902126478,0.));
#5096=CARTESIAN_POINT('',(-1.225,-1.8,0.));
#5097=CARTESIAN_POINT('Origin',(-1.225,-1.85,0.));
#5098=CARTESIAN_POINT('',(-1.425,-1.8,0.));
#5099=CARTESIAN_POINT('',(-1.425,-1.8,0.));
#5100=CARTESIAN_POINT('Origin',(-1.425,-1.85,0.));
#5101=CARTESIAN_POINT('',(-1.775,-1.85,0.));
#5102=CARTESIAN_POINT('',(-1.775,-1.85,0.));
#5103=CARTESIAN_POINT('Origin',(-1.825,-1.85,0.));
#5104=CARTESIAN_POINT('',(-0.925,-1.45,0.));
#5105=CARTESIAN_POINT('',(-2.,-1.45,0.));
#5106=CARTESIAN_POINT('Origin',(-0.925,-1.5,0.));
#5107=CARTESIAN_POINT('Origin',(-2.,-1.45,0.));
#5108=CARTESIAN_POINT('',(-2.,-1.50439368606352,0.203));
#5109=CARTESIAN_POINT('',(-0.925,-1.45,0.));
#5110=CARTESIAN_POINT('Origin',(-0.925,-1.5,0.));
#5111=CARTESIAN_POINT('Origin',(-1.175,-2.,0.));
#5112=CARTESIAN_POINT('',(-1.12060631393648,-1.85,0.203));
#5113=CARTESIAN_POINT('',(-1.12060631393648,-2.47854902126478,0.203));
#5114=CARTESIAN_POINT('',(-1.175,-1.85,0.));
#5115=CARTESIAN_POINT('Origin',(-1.225,-1.85,0.));
#5116=CARTESIAN_POINT('',(-1.225,-1.74560631393648,0.203));
#5117=CARTESIAN_POINT('',(-1.225,-1.8,0.));
#5118=CARTESIAN_POINT('Origin',(-1.225,-1.85,0.203));
#5119=CARTESIAN_POINT('Origin',(-1.225,-1.8,0.));
#5120=CARTESIAN_POINT('',(-1.425,-1.74560631393648,0.203));
#5121=CARTESIAN_POINT('',(-1.425,-1.8,0.));
#5122=CARTESIAN_POINT('',(-1.425,-1.74560631393648,0.203));
#5123=CARTESIAN_POINT('Origin',(-1.425,-1.85,0.));
#5124=CARTESIAN_POINT('Origin',(-1.425,-1.85,0.203));
#5125=CARTESIAN_POINT('Origin',(-1.775,-2.,0.));
#5126=CARTESIAN_POINT('',(-1.72060631393648,-1.85,0.203));
#5127=CARTESIAN_POINT('',(-1.72060631393648,-1.85,0.203));
#5128=CARTESIAN_POINT('',(-1.775,-1.85,0.));
#5129=CARTESIAN_POINT('Origin',(-1.825,-1.85,0.));
#5130=CARTESIAN_POINT('Origin',(-1.825,-1.85,0.203));
#5131=CARTESIAN_POINT('Origin',(-1.825,-1.8,0.203));
#5132=CARTESIAN_POINT('Origin',(-2.005,-2.00500000000001,0.75));
#5133=CARTESIAN_POINT('',(0.0956063139364819,-2.00500000000001,0.203));
#5134=CARTESIAN_POINT('',(0.15,-2.00500000000001,0.));
#5135=CARTESIAN_POINT('',(-0.0159288137111339,-2.00500000000001,0.619254763209583));
#5136=CARTESIAN_POINT('',(-0.0956063139364817,-2.00500000000001,0.203));
#5137=CARTESIAN_POINT('',(-1.0025,-2.00500000000001,0.203));
#5138=CARTESIAN_POINT('',(-0.15,-2.00500000000001,0.));
#5139=CARTESIAN_POINT('',(-0.118380718994966,-2.00500000000001,0.118004763209581));
#5140=CARTESIAN_POINT('',(-1.0025,-2.00500000000001,0.));
#5141=CARTESIAN_POINT('Origin',(-0.15,-2.,0.));
#5142=CARTESIAN_POINT('',(-0.0956063139364818,-0.654393686063517,0.203));
#5143=CARTESIAN_POINT('',(-0.0956063139364819,-0.599999999999999,0.203));
#5144=CARTESIAN_POINT('',(-0.15,-0.599999999999999,0.));
#5145=CARTESIAN_POINT('',(-0.106052795793723,-0.643947204206276,0.164013198948431));
#5146=CARTESIAN_POINT('',(-0.15,-0.599999999999999,0.));
#5147=CARTESIAN_POINT('Origin',(0.,-1.3,0.203));
#5148=CARTESIAN_POINT('',(0.095606313936482,-0.654393686063517,0.203));
#5149=CARTESIAN_POINT('',(0.0956063139364819,-2.,0.203));
#5150=CARTESIAN_POINT('',(-2.,-0.654393686063517,0.203));
#5151=CARTESIAN_POINT('Origin',(-0.15,-0.599999999999999,0.));
#5152=CARTESIAN_POINT('',(0.15,-0.599999999999999,0.));
#5153=CARTESIAN_POINT('',(0.140582741955798,-0.609417258044202,0.0351456854889494));
#5154=CARTESIAN_POINT('',(-2.,-0.599999999999999,0.));
#5155=CARTESIAN_POINT('Origin',(0.15,-0.599999999999999,0.));
#5156=CARTESIAN_POINT('',(0.15,-2.,0.));
#5157=CARTESIAN_POINT('Origin',(0.,-1.3,0.));
#5158=CARTESIAN_POINT('Origin',(2.005,-2.00500000000001,0.75));
#5159=CARTESIAN_POINT('',(2.005,-0.20356310972583,0.203));
#5160=CARTESIAN_POINT('',(2.005,-0.14916932751433,0.));
#5161=CARTESIAN_POINT('',(2.005,-0.305040122755292,0.581716698994784));
#5162=CARTESIAN_POINT('',(2.005,-0.344775545302829,0.203));
#5163=CARTESIAN_POINT('',(2.005,-1.20207996318158,0.203));
#5164=CARTESIAN_POINT('',(2.005,-0.39916932751433,0.));
#5165=CARTESIAN_POINT('',(2.005,-0.359204175512318,0.14915171415848));
#5166=CARTESIAN_POINT('',(2.005,-1.13929795074136,0.));
#5167=CARTESIAN_POINT('Origin',(2.,-0.399159926363143,0.));
#5168=CARTESIAN_POINT('',(1.40439368606352,-0.343646267150624,0.203));
#5169=CARTESIAN_POINT('',(2.44663670343144,-0.345605923986544,0.203));
#5170=CARTESIAN_POINT('',(1.4,-0.348031699839169,0.186602540378443));
#5171=CARTESIAN_POINT('',(1.41723663365677,-0.330827444554177,0.250930532936959));
#5172=CARTESIAN_POINT('',(1.39990598865431,-0.398031611457759,0.));
#5173=CARTESIAN_POINT('',(1.39990598865431,-0.398031611457759,0.));
#5174=CARTESIAN_POINT('',(2.44653443095896,-0.399999513902249,0.));
#5175=CARTESIAN_POINT('Origin',(2.,-0.399159926363143,0.203));
#5176=CARTESIAN_POINT('',(1.40439368606352,-0.202433831573625,0.203));
#5177=CARTESIAN_POINT('',(2.44690221438405,-0.204393987631266,0.203));
#5178=CARTESIAN_POINT('',(1.40439368606352,-0.348031699839169,0.203));
#5179=CARTESIAN_POINT('Origin',(1.4,-0.348031699839169,0.));
#5180=CARTESIAN_POINT('',(1.35,-0.348031699839169,0.));
#5181=CARTESIAN_POINT('',(1.35,-0.348031699839169,0.));
#5182=CARTESIAN_POINT('Origin',(1.4,-0.348031699839169,0.));
#5183=CARTESIAN_POINT('Origin',(1.35,-0.348031699839169,0.));
#5184=CARTESIAN_POINT('',(1.35,-0.1980318766023,0.));
#5185=CARTESIAN_POINT('',(1.4,-0.1980318766023,0.186602540378443));
#5186=CARTESIAN_POINT('',(1.35,-0.1980318766023,0.));
#5187=CARTESIAN_POINT('',(1.35,-0.348031699839169,0.));
#5188=CARTESIAN_POINT('',(1.40471636951804,-0.202757122317725,0.204204271047057));
#5189=CARTESIAN_POINT('Origin',(1.4,-0.1980318766023,0.));
#5190=CARTESIAN_POINT('',(1.40009401134569,-0.148031964983709,0.));
#5191=CARTESIAN_POINT('',(1.40009401134569,-0.148031964983709,0.));
#5192=CARTESIAN_POINT('Origin',(1.4,-0.1980318766023,0.));
#5193=CARTESIAN_POINT('Origin',(1.40009401134569,-0.148031964983709,0.));
#5194=CARTESIAN_POINT('',(2.44700448685653,-0.150000397715561,0.));
#5195=CARTESIAN_POINT('Origin',(1.675,-0.273595901482721,0.));
#5196=CARTESIAN_POINT('Origin',(-2.005,2.00499999999999,0.75));
#5197=CARTESIAN_POINT('',(-2.005,-0.749999999999999,0.));
#5198=CARTESIAN_POINT('',(-2.005,-0.804393686063517,0.203));
#5199=CARTESIAN_POINT('',(-2.005,-0.751474996856532,0.00550476320958386));
#5200=CARTESIAN_POINT('',(-2.005,-1.2,0.));
#5201=CARTESIAN_POINT('',(-2.005,0.514999999999996,0.));
#5202=CARTESIAN_POINT('',(-2.005,-1.14560631393648,0.203));
#5203=CARTESIAN_POINT('',(-2.005,-0.99890285478228,0.750504763209582));
#5204=CARTESIAN_POINT('',(-2.005,0.627499999999996,0.203));
#5205=CARTESIAN_POINT('Origin',(-1.4,-1.2,0.));
#5206=CARTESIAN_POINT('',(-1.4,-1.2,0.));
#5207=CARTESIAN_POINT('',(-2.,-1.2,0.));
#5208=CARTESIAN_POINT('',(-1.4,-1.15,0.186602540378444));
#5209=CARTESIAN_POINT('',(-1.4,-1.2,0.));
#5210=CARTESIAN_POINT('',(-1.40439368606352,-1.14560631393648,0.203));
#5211=CARTESIAN_POINT('',(-1.41098680105157,-1.13901319894843,0.227605840115551));
#5212=CARTESIAN_POINT('',(-2.,-1.14560631393648,0.203));
#5213=CARTESIAN_POINT('Origin',(-1.675,-0.974999999999999,0.));
#5214=CARTESIAN_POINT('',(-1.4,-0.749999999999999,0.));
#5215=CARTESIAN_POINT('',(-2.,-0.749999999999999,0.));
#5216=CARTESIAN_POINT('',(-1.35,-0.799999999999999,0.));
#5217=CARTESIAN_POINT('Origin',(-1.4,-0.799999999999999,0.));
#5218=CARTESIAN_POINT('',(-1.35,-1.15,0.));
#5219=CARTESIAN_POINT('',(-1.35,-0.799999999999999,0.));
#5220=CARTESIAN_POINT('Origin',(-1.4,-1.15,0.));
#5221=CARTESIAN_POINT('Ctrl Pts',(-1.35,-0.799999999999999,0.));
#5222=CARTESIAN_POINT('Ctrl Pts',(-1.36666666666667,-0.799999999999999,
0.0622008467928145));
#5223=CARTESIAN_POINT('Ctrl Pts',(-1.38333333333333,-0.799999999999999,
0.124401693585629));
#5224=CARTESIAN_POINT('Ctrl Pts',(-1.4,-0.799999999999999,0.186602540378444));
#5225=CARTESIAN_POINT('Ctrl Pts',(-1.35,-0.788780026237179,0.));
#5226=CARTESIAN_POINT('Ctrl Pts',(-1.36668021240887,-0.792512367080427,
0.0622008467928146));
#5227=CARTESIAN_POINT('Ctrl Pts',(-1.38331978759113,-0.796267659156751,
0.124401693585629));
#5228=CARTESIAN_POINT('Ctrl Pts',(-1.4,-0.799999999999999,0.186602540378444));
#5229=CARTESIAN_POINT('Ctrl Pts',(-1.35910124381558,-0.7625241554488,0.));
#5230=CARTESIAN_POINT('Ctrl Pts',(-1.37271222315799,-0.774989862841468,
0.0622008467928145));
#5231=CARTESIAN_POINT('Ctrl Pts',(-1.38638902065759,-0.787534292607332,
0.124401693585629));
#5232=CARTESIAN_POINT('Ctrl Pts',(-1.4,-0.799999999999999,0.186602540378444));
#5233=CARTESIAN_POINT('Ctrl Pts',(-1.3850400349829,-0.749999999999999,0.));
#5234=CARTESIAN_POINT('Ctrl Pts',(-1.3900482960832,-0.766719930715671,0.0622008467928145));
#5235=CARTESIAN_POINT('Ctrl Pts',(-1.39499173889971,-0.783280069284328,
0.124401693585629));
#5236=CARTESIAN_POINT('Ctrl Pts',(-1.4,-0.799999999999999,0.186602540378444));
#5237=CARTESIAN_POINT('Ctrl Pts',(-1.4,-0.749999999999999,0.));
#5238=CARTESIAN_POINT('Ctrl Pts',(-1.4,-0.766666666666666,0.0622008467928145));
#5239=CARTESIAN_POINT('Ctrl Pts',(-1.4,-0.783333333333333,0.124401693585629));
#5240=CARTESIAN_POINT('Ctrl Pts',(-1.4,-0.799999999999999,0.186602540378444));
#5241=CARTESIAN_POINT('',(-1.4,-0.799999999999999,0.186602540378444));
#5242=CARTESIAN_POINT('Ctrl Pts',(-1.4,-0.749999999999999,0.));
#5243=CARTESIAN_POINT('Ctrl Pts',(-1.4,-0.766666666666666,0.0622008467928145));
#5244=CARTESIAN_POINT('Ctrl Pts',(-1.4,-0.783333333333333,0.124401693585629));
#5245=CARTESIAN_POINT('Ctrl Pts',(-1.4,-0.799999999999999,0.186602540378444));
#5246=CARTESIAN_POINT('',(-1.35,-0.799999999999999,0.));
#5247=CARTESIAN_POINT('Origin',(-1.35,-0.799999999999999,0.));
#5248=CARTESIAN_POINT('',(-1.35,-1.15,0.));
#5249=CARTESIAN_POINT('',(-1.40439368606352,-0.804393686063518,0.203));
#5250=CARTESIAN_POINT('',(-1.41726497308104,-0.817264973081038,0.251036297108184));
#5251=CARTESIAN_POINT('',(-1.40439368606352,-0.799999999999999,0.203));
#5252=CARTESIAN_POINT('Origin',(-1.4,-1.15,0.));
#5253=CARTESIAN_POINT('Origin',(-2.,-0.749999999999999,0.));
#5254=CARTESIAN_POINT('',(-2.,-0.804393686063517,0.203));
#5255=CARTESIAN_POINT('Origin',(-2.,-0.749999999999999,0.203));
#5256=CARTESIAN_POINT('Origin',(-2.005,2.00499999999999,0.75));
#5257=CARTESIAN_POINT('',(-2.005,0.255225515275957,0.203));
#5258=CARTESIAN_POINT('',(-2.005,0.200831733064457,0.));
#5259=CARTESIAN_POINT('',(-2.005,0.355042063454304,0.575519770760124));
#5260=CARTESIAN_POINT('',(-2.005,0.396437950852956,0.203));
#5261=CARTESIAN_POINT('',(-2.005,1.10292056710782,0.203));
#5262=CARTESIAN_POINT('',(-2.005,0.450831733064457,0.));
#5263=CARTESIAN_POINT('',(-2.005,0.409136842633954,0.155607174446539));
#5264=CARTESIAN_POINT('',(-2.005,1.16565557379209,0.));
#5265=CARTESIAN_POINT('Origin',(-2.,0.450841134215643,0.));
#5266=CARTESIAN_POINT('',(-1.50439368606352,0.397379205981427,0.203));
#5267=CARTESIAN_POINT('',(-2.44803035053233,0.395604951791822,0.203));
#5268=CARTESIAN_POINT('',(-1.5,0.401781160952752,0.186602540378443));
#5269=CARTESIAN_POINT('',(-1.51414915023819,0.387605382043964,0.239407887951318));
#5270=CARTESIAN_POINT('',(-1.50009401134569,0.451781072571343,0.));
#5271=CARTESIAN_POINT('',(-1.50009401134569,0.451781072571343,0.));
#5272=CARTESIAN_POINT('',(-2.44813262300481,0.449998541707528,0.));
#5273=CARTESIAN_POINT('Origin',(-2.,0.200841134215643,0.203));
#5274=CARTESIAN_POINT('',(-1.50439368606352,0.256166770404428,0.203));
#5275=CARTESIAN_POINT('',(-2.44776483957972,0.254393015436545,0.203));
#5276=CARTESIAN_POINT('',(-1.50439368606352,0.251781337715883,0.203));
#5277=CARTESIAN_POINT('Origin',(-1.5,0.401781160952752,0.));
#5278=CARTESIAN_POINT('',(-1.45,0.401781160952752,0.));
#5279=CARTESIAN_POINT('',(-1.45,0.401781160952752,0.));
#5280=CARTESIAN_POINT('Origin',(-1.5,0.401781160952752,0.));
#5281=CARTESIAN_POINT('Origin',(-1.45,0.401781160952752,0.));
#5282=CARTESIAN_POINT('',(-1.45,0.251781337715883,0.));
#5283=CARTESIAN_POINT('',(-1.5,0.251781337715883,0.186602540378443));
#5284=CARTESIAN_POINT('',(-1.45,0.251781337715883,0.));
#5285=CARTESIAN_POINT('',(-1.45,0.251781337715883,0.));
#5286=CARTESIAN_POINT('',(-1.50470088623914,0.256473393516004,0.204146486663504));
#5287=CARTESIAN_POINT('Origin',(-1.5,0.251781337715883,0.));
#5288=CARTESIAN_POINT('',(-1.49990598865431,0.201781426097292,0.));
#5289=CARTESIAN_POINT('',(-1.49990598865431,0.201781426097292,0.));
#5290=CARTESIAN_POINT('Origin',(-1.5,0.251781337715883,0.));
#5291=CARTESIAN_POINT('Origin',(-1.49990598865431,0.201781426097292,0.));
#5292=CARTESIAN_POINT('',(-2.44766256710724,0.19999942552084,0.));
#5293=CARTESIAN_POINT('Origin',(-1.725,0.326311147584198,0.));
#5294=CARTESIAN_POINT('Origin',(2.005,2.00499999999999,0.75));
#5295=CARTESIAN_POINT('',(-1.72066939378816,2.00499999999999,0.203));
#5296=CARTESIAN_POINT('',(-1.77506967052404,2.00499999999999,0.));
#5297=CARTESIAN_POINT('',(-1.55451499899603,2.00499999999999,0.823021517658011));
#5298=CARTESIAN_POINT('',(-1.42946994725993,2.00499999999999,0.203));
#5299=CARTESIAN_POINT('',(0.315004083478544,2.00499999999999,0.203));
#5300=CARTESIAN_POINT('',(-1.37506967052404,2.00499999999999,0.));
#5301=CARTESIAN_POINT('',(-1.35559043475532,2.00499999999999,-0.0726886901742869));
#5302=CARTESIAN_POINT('',(0.161271390259008,2.00499999999999,0.));
#5303=CARTESIAN_POINT('Origin',(-2.005,2.00499999999999,0.75));
#5304=CARTESIAN_POINT('',(-2.005,1.70227526389612,0.));
#5305=CARTESIAN_POINT('',(-2.005,1.6478815778326,0.203));
#5306=CARTESIAN_POINT('',(-2.005,1.61866461996711,0.312039171196598));
#5307=CARTESIAN_POINT('',(-2.005,1.30227526389612,0.));
#5308=CARTESIAN_POINT('',(-2.005,1.82806881597403,0.));
#5309=CARTESIAN_POINT('',(-2.005,1.35666894995964,0.203));
#5310=CARTESIAN_POINT('',(-2.005,1.41956207958867,0.437720355222566));
#5311=CARTESIAN_POINT('',(-2.005,2.0025,0.203));
#5312=CARTESIAN_POINT('Origin',(-1.37499183304291,2.,0.));
#5313=CARTESIAN_POINT('',(-1.41937705608463,1.35666894995964,0.203));
#5314=CARTESIAN_POINT('',(-1.42941434939464,2.00142859298139,0.203));
#5315=CARTESIAN_POINT('',(-1.41491443896396,1.35227526389612,0.186602540378443));
#5316=CARTESIAN_POINT('',(-1.43423487351488,1.37129726863732,0.257593628534428));
#5317=CARTESIAN_POINT('',(-1.36492049653643,1.35305354440623,0.));
#5318=CARTESIAN_POINT('',(-1.36492049653643,1.35305354440623,0.));
#5319=CARTESIAN_POINT('',(-1.37502725320503,2.00227526389612,0.));
#5320=CARTESIAN_POINT('Origin',(-1.37499183304291,2.,0.203));
#5321=CARTESIAN_POINT('',(-1.7151099540985,1.6478815778326,0.203));
#5322=CARTESIAN_POINT('',(-1.72060473685329,2.00084667091472,0.203));
#5323=CARTESIAN_POINT('',(-1.77035700433695,1.6478815778326,0.203));
#5324=CARTESIAN_POINT('',(-1.41491443896396,1.35666894995964,0.203));
#5325=CARTESIAN_POINT('Origin',(-1.41491443896396,1.30227526389612,0.));
#5326=CARTESIAN_POINT('',(-1.41491443896396,1.30227526389612,0.));
#5327=CARTESIAN_POINT('',(-1.41491443896396,1.30227526389612,0.));
#5328=CARTESIAN_POINT('',(-1.41491443896396,1.30227526389612,0.));
#5329=CARTESIAN_POINT('Origin',(-1.41491443896396,1.35227526389612,0.));
#5330=CARTESIAN_POINT('Origin',(-1.41491443896396,1.35227526389612,0.));
#5331=CARTESIAN_POINT('Origin',(-2.,1.70227526389612,0.));
#5332=CARTESIAN_POINT('',(-1.77035700433695,1.70227526389612,0.));
#5333=CARTESIAN_POINT('',(-1.77777892395107,1.70958254208992,-0.0272711334843004));
#5334=CARTESIAN_POINT('',(-1.77035700433695,1.70227526389612,0.));
#5335=CARTESIAN_POINT('Origin',(-1.77035700433695,1.70227526389612,0.));
#5336=CARTESIAN_POINT('',(-1.77499183304291,2.,0.));
#5337=CARTESIAN_POINT('Origin',(-1.68245721948198,1.65113763194806,0.));
#5338=CARTESIAN_POINT('Origin',(2.005,2.00499999999999,0.75));
#5339=CARTESIAN_POINT('',(-0.570606313936482,2.00499999999999,0.203));
#5340=CARTESIAN_POINT('',(-0.625,2.00499999999999,0.));
#5341=CARTESIAN_POINT('',(-0.443161702988268,2.00499999999999,0.678629763209582));
#5342=CARTESIAN_POINT('',(-0.429393686063518,2.00499999999999,0.203));
#5343=CARTESIAN_POINT('',(0.689999999999999,2.00499999999999,0.203));
#5344=CARTESIAN_POINT('',(-0.375,2.00499999999999,0.));
#5345=CARTESIAN_POINT('',(-0.389035115251741,2.00499999999999,0.0523797632095826));
#5346=CARTESIAN_POINT('',(0.752499999999999,2.00499999999999,0.));
#5347=CARTESIAN_POINT('Origin',(-0.375,2.005,0.));
#5348=CARTESIAN_POINT('',(-0.429393686063518,1.35939368606352,0.203));
#5349=CARTESIAN_POINT('',(-0.429393686063518,1.355,0.203));
#5350=CARTESIAN_POINT('',(-0.425,1.355,0.186602540378443));
#5351=CARTESIAN_POINT('',(-0.443834516088404,1.3738345160884,0.256893911356337));
#5352=CARTESIAN_POINT('',(-0.42,1.355,0.1679422863406));
#5353=CARTESIAN_POINT('Ctrl Pts',(-0.42,1.355,0.1679422863406));
#5354=CARTESIAN_POINT('Ctrl Pts',(-0.421666666666667,1.355,0.174162371019881));
#5355=CARTESIAN_POINT('Ctrl Pts',(-0.423333333333333,1.355,0.180382455699162));
#5356=CARTESIAN_POINT('Ctrl Pts',(-0.425,1.355,0.186602540378443));
#5357=CARTESIAN_POINT('',(-0.375,1.355,0.));
#5358=CARTESIAN_POINT('',(-0.375,1.355,0.));
#5359=CARTESIAN_POINT('',(-0.375,1.355,0.));
#5360=CARTESIAN_POINT('Origin',(-0.625,2.005,0.203));
#5361=CARTESIAN_POINT('',(-0.570606313936482,1.35939368606352,0.203));
#5362=CARTESIAN_POINT('',(-0.570606313936482,3.29820669682464,0.203));
#5363=CARTESIAN_POINT('',(-2.5,1.35939368606352,0.203));
#5364=CARTESIAN_POINT('Ctrl Pts',(-0.425,1.35,0.1679422863406));
#5365=CARTESIAN_POINT('Ctrl Pts',(-0.425,1.35166666666667,0.174162371019881));
#5366=CARTESIAN_POINT('Ctrl Pts',(-0.425,1.35333333333333,0.180382455699162));
#5367=CARTESIAN_POINT('Ctrl Pts',(-0.425,1.355,0.186602540378443));
#5368=CARTESIAN_POINT('Ctrl Pts',(-0.422382006122008,1.35,0.1679422863406));
#5369=CARTESIAN_POINT('Ctrl Pts',(-0.423272577770732,1.35168969948895,0.174162371019881));
#5370=CARTESIAN_POINT('Ctrl Pts',(-0.424109428351276,1.35331030051105,0.180382455699162));
#5371=CARTESIAN_POINT('Ctrl Pts',(-0.425,1.355,0.186602540378443));
#5372=CARTESIAN_POINT('Ctrl Pts',(-0.42,1.35238200612201,0.1679422863406));
#5373=CARTESIAN_POINT('Ctrl Pts',(-0.421689699488952,1.35327257777073,0.174162371019881));
#5374=CARTESIAN_POINT('Ctrl Pts',(-0.423310300511048,1.35410942835128,0.180382455699162));
#5375=CARTESIAN_POINT('Ctrl Pts',(-0.425,1.355,0.186602540378443));
#5376=CARTESIAN_POINT('Ctrl Pts',(-0.42,1.355,0.1679422863406));
#5377=CARTESIAN_POINT('Ctrl Pts',(-0.421666666666667,1.355,0.174162371019881));
#5378=CARTESIAN_POINT('Ctrl Pts',(-0.423333333333333,1.355,0.180382455699162));
#5379=CARTESIAN_POINT('Ctrl Pts',(-0.425,1.355,0.186602540378443));
#5380=CARTESIAN_POINT('',(-0.425,1.35,0.1679422863406));
#5381=CARTESIAN_POINT('',(-0.425,1.35,0.1679422863406));
#5382=CARTESIAN_POINT('Origin',(-0.425,1.355,0.1679422863406));
#5383=CARTESIAN_POINT('Origin',(-0.425,1.355,0.));
#5384=CARTESIAN_POINT('',(-0.425,1.305,0.));
#5385=CARTESIAN_POINT('',(-0.425,1.305,0.));
#5386=CARTESIAN_POINT('Origin',(-0.425,1.355,0.));
#5387=CARTESIAN_POINT('Origin',(-0.425,1.305,0.));
#5388=CARTESIAN_POINT('',(-0.596794494717703,1.305,0.));
#5389=CARTESIAN_POINT('',(-0.58,1.35,0.1679422863406));
#5390=CARTESIAN_POINT('Ctrl Pts',(-0.596794494717703,1.305,-1.51788304147971E-17));
#5391=CARTESIAN_POINT('Ctrl Pts',(-0.588397247358851,1.34160275264115,0.136603332553642));
#5392=CARTESIAN_POINT('Ctrl Pts',(-0.58,1.35,0.1679422863406));
#5393=CARTESIAN_POINT('',(-2.5,1.305,0.));
#5394=CARTESIAN_POINT('',(-0.575134416677162,1.35486558332284,0.186100890509891));
#5395=CARTESIAN_POINT('Origin',(-0.575,1.35,0.));
#5396=CARTESIAN_POINT('',(-0.625,1.35,0.));
#5397=CARTESIAN_POINT('',(-0.625,1.35,0.));
#5398=CARTESIAN_POINT('Origin',(-0.575,1.35,0.));
#5399=CARTESIAN_POINT('Origin',(-0.625,1.35,0.));
#5400=CARTESIAN_POINT('',(-0.625,3.29820669682464,0.));
#5401=CARTESIAN_POINT('Origin',(-0.5,1.655,0.));
#5402=CARTESIAN_POINT('Origin',(2.005,2.00499999999999,0.75));
#5403=CARTESIAN_POINT('',(0.429393686063518,2.00499999999999,0.203));
#5404=CARTESIAN_POINT('',(0.375,2.00499999999999,0.));
#5405=CARTESIAN_POINT('',(0.523344647957841,2.00499999999999,0.553629763209582));
#5406=CARTESIAN_POINT('',(0.570606313936482,2.00499999999999,0.203));
#5407=CARTESIAN_POINT('',(1.19,2.00499999999999,0.203));
#5408=CARTESIAN_POINT('',(0.625,2.00499999999999,0.));
#5409=CARTESIAN_POINT('',(0.577471235694369,2.00499999999999,0.177379763209583));
#5410=CARTESIAN_POINT('',(1.2525,2.00499999999999,0.));
#5411=CARTESIAN_POINT('Origin',(0.625,2.005,0.));
#5412=CARTESIAN_POINT('',(0.570606313936482,1.35939368606352,0.203));
#5413=CARTESIAN_POINT('',(0.570606313936482,1.355,0.203));
#5414=CARTESIAN_POINT('',(0.575,1.355,0.186602540378444));
#5415=CARTESIAN_POINT('',(0.556165483911595,1.3738345160884,0.256893911356341));
#5416=CARTESIAN_POINT('',(0.58,1.355,0.1679422863406));
#5417=CARTESIAN_POINT('Ctrl Pts',(0.58,1.355,0.1679422863406));
#5418=CARTESIAN_POINT('Ctrl Pts',(0.578333333333333,1.355,0.174162371019881));
#5419=CARTESIAN_POINT('Ctrl Pts',(0.576666666666667,1.355,0.180382455699163));
#5420=CARTESIAN_POINT('Ctrl Pts',(0.575,1.355,0.186602540378444));
#5421=CARTESIAN_POINT('',(0.625,1.355,0.));
#5422=CARTESIAN_POINT('',(0.625,1.355,0.));
#5423=CARTESIAN_POINT('',(0.625,1.355,0.));
#5424=CARTESIAN_POINT('Origin',(0.375,2.005,0.203));
#5425=CARTESIAN_POINT('',(0.429393686063518,1.35939368606352,0.203));
#5426=CARTESIAN_POINT('',(0.429393686063518,3.29820669682464,0.203));
#5427=CARTESIAN_POINT('',(-1.5,1.35939368606352,0.203));
#5428=CARTESIAN_POINT('Ctrl Pts',(0.575,1.35,0.1679422863406));
#5429=CARTESIAN_POINT('Ctrl Pts',(0.575,1.35166666666667,0.174162371019881));
#5430=CARTESIAN_POINT('Ctrl Pts',(0.575,1.35333333333333,0.180382455699163));
#5431=CARTESIAN_POINT('Ctrl Pts',(0.575,1.355,0.186602540378444));
#5432=CARTESIAN_POINT('Ctrl Pts',(0.577617993877991,1.35,0.1679422863406));
#5433=CARTESIAN_POINT('Ctrl Pts',(0.576727422229267,1.35168969948895,0.174162371019881));
#5434=CARTESIAN_POINT('Ctrl Pts',(0.575890571648724,1.35331030051105,0.180382455699163));
#5435=CARTESIAN_POINT('Ctrl Pts',(0.575,1.355,0.186602540378444));
#5436=CARTESIAN_POINT('Ctrl Pts',(0.58,1.35238200612201,0.1679422863406));
#5437=CARTESIAN_POINT('Ctrl Pts',(0.578310300511048,1.35327257777073,0.174162371019881));
#5438=CARTESIAN_POINT('Ctrl Pts',(0.576689699488952,1.35410942835128,0.180382455699163));
#5439=CARTESIAN_POINT('Ctrl Pts',(0.575,1.355,0.186602540378444));
#5440=CARTESIAN_POINT('Ctrl Pts',(0.58,1.355,0.1679422863406));
#5441=CARTESIAN_POINT('Ctrl Pts',(0.578333333333333,1.355,0.174162371019881));
#5442=CARTESIAN_POINT('Ctrl Pts',(0.576666666666667,1.355,0.180382455699163));
#5443=CARTESIAN_POINT('Ctrl Pts',(0.575,1.355,0.186602540378444));
#5444=CARTESIAN_POINT('',(0.575,1.35,0.1679422863406));
#5445=CARTESIAN_POINT('',(0.575,1.35,0.1679422863406));
#5446=CARTESIAN_POINT('Origin',(0.575,1.355,0.1679422863406));
#5447=CARTESIAN_POINT('Origin',(0.575,1.355,0.));
#5448=CARTESIAN_POINT('',(0.575,1.305,0.));
#5449=CARTESIAN_POINT('',(0.575,1.305,0.));
#5450=CARTESIAN_POINT('Origin',(0.575,1.355,0.));
#5451=CARTESIAN_POINT('Origin',(0.575,1.305,0.));
#5452=CARTESIAN_POINT('',(0.403205505282297,1.305,0.));
#5453=CARTESIAN_POINT('',(0.42,1.35,0.1679422863406));
#5454=CARTESIAN_POINT('Ctrl Pts',(0.403205505282297,1.305,-7.58941520739853E-18));
#5455=CARTESIAN_POINT('Ctrl Pts',(0.411602752641149,1.34160275264115,0.136603332553646));
#5456=CARTESIAN_POINT('Ctrl Pts',(0.420000000000001,1.35,0.1679422863406));
#5457=CARTESIAN_POINT('',(-1.5,1.305,0.));
#5458=CARTESIAN_POINT('',(0.424865583322838,1.35486558332284,0.18610089050989));
#5459=CARTESIAN_POINT('Origin',(0.425,1.35,0.));
#5460=CARTESIAN_POINT('',(0.375,1.35,0.));
#5461=CARTESIAN_POINT('',(0.375,1.35,0.));
#5462=CARTESIAN_POINT('Origin',(0.425,1.35,0.));
#5463=CARTESIAN_POINT('Origin',(0.375,1.35,0.));
#5464=CARTESIAN_POINT('',(0.375,3.29820669682464,0.));
#5465=CARTESIAN_POINT('Origin',(0.5,1.655,0.));
#5466=CARTESIAN_POINT('Origin',(2.005,2.00499999999999,0.75));
#5467=CARTESIAN_POINT('',(1.42946994725993,2.00499999999999,0.203));
#5468=CARTESIAN_POINT('',(1.37506967052404,2.00499999999999,0.));
#5469=CARTESIAN_POINT('',(1.48959293398629,2.00499999999999,0.427354856956077));
#5470=CARTESIAN_POINT('',(1.72066939378816,2.00499999999999,0.203));
#5471=CARTESIAN_POINT('',(1.68999591652145,2.00499999999999,0.203));
#5472=CARTESIAN_POINT('',(1.77506967052404,2.00499999999999,0.));
#5473=CARTESIAN_POINT('',(1.68901017273656,2.00499999999999,0.321139506985881));
#5474=CARTESIAN_POINT('',(1.84372860974099,2.00499999999999,0.));
#5475=CARTESIAN_POINT('Origin',(2.005,-2.00500000000001,0.75));
#5476=CARTESIAN_POINT('',(2.005,1.30227526389612,0.));
#5477=CARTESIAN_POINT('',(2.005,1.35666894995964,0.203));
#5478=CARTESIAN_POINT('',(2.005,1.28525254688257,-0.0635296447774337));
#5479=CARTESIAN_POINT('',(2.005,1.70227526389612,0.));
#5480=CARTESIAN_POINT('',(2.005,-0.176931184025974,0.));
#5481=CARTESIAN_POINT('',(2.005,1.6478815778326,0.203));
#5482=CARTESIAN_POINT('',(2.005,1.48435508726101,0.813289171196598));
#5483=CARTESIAN_POINT('',(2.005,-0.00250000000000474,0.203));
#5484=CARTESIAN_POINT('Origin',(1.77499183304291,2.,0.));
#5485=CARTESIAN_POINT('',(1.7151099540985,1.6478815778326,0.203));
#5486=CARTESIAN_POINT('',(1.72060473685329,2.00084667091472,0.203));
#5487=CARTESIAN_POINT('',(1.77035700433695,1.70227526389612,0.));
#5488=CARTESIAN_POINT('',(1.77998044959635,1.71175006224336,-0.0353604288233679));
#5489=CARTESIAN_POINT('',(1.77499183304291,2.,0.));
#5490=CARTESIAN_POINT('Origin',(1.37499183304291,2.,0.203));
#5491=CARTESIAN_POINT('',(1.41937705608463,1.35666894995964,0.203));
#5492=CARTESIAN_POINT('',(1.42941434939464,2.00142859298139,0.203));
#5493=CARTESIAN_POINT('',(1.41491443896396,1.35666894995964,0.203));
#5494=CARTESIAN_POINT('',(1.77035700433695,1.6478815778326,0.203));
#5495=CARTESIAN_POINT('Origin',(1.77035700433695,1.70227526389612,0.));
#5496=CARTESIAN_POINT('',(1.77035700433695,1.70227526389612,0.));
#5497=CARTESIAN_POINT('Origin',(2.,1.30227526389612,0.));
#5498=CARTESIAN_POINT('',(1.41491443896396,1.35227526389612,0.186602540378443));
#5499=CARTESIAN_POINT('',(1.4322080734126,1.36930177515846,0.250146345485159));
#5500=CARTESIAN_POINT('',(1.41491443896396,1.30227526389612,0.));
#5501=CARTESIAN_POINT('',(1.41491443896396,1.30227526389612,0.));
#5502=CARTESIAN_POINT('',(1.41491443896396,1.30227526389612,0.));
#5503=CARTESIAN_POINT('Origin',(1.41491443896396,1.35227526389612,0.));
#5504=CARTESIAN_POINT('',(1.36492049653643,1.35305354440623,0.));
#5505=CARTESIAN_POINT('',(1.36492049653643,1.35305354440623,0.));
#5506=CARTESIAN_POINT('Origin',(1.41491443896396,1.35227526389612,0.));
#5507=CARTESIAN_POINT('Origin',(1.36492049653643,1.35305354440623,0.));
#5508=CARTESIAN_POINT('',(1.37502725320503,2.00227526389612,0.));
#5509=CARTESIAN_POINT('Origin',(1.68245721948198,1.65113763194806,0.));
#5510=CARTESIAN_POINT('Origin',(2.005,-2.00500000000001,0.75));
#5511=CARTESIAN_POINT('',(2.005,0.396437950852956,0.203));
#5512=CARTESIAN_POINT('',(2.005,0.450831733064457,0.));
#5513=CARTESIAN_POINT('',(2.005,0.274858348984228,0.65674044929226));
#5514=CARTESIAN_POINT('',(2.005,0.255225515275957,0.203));
#5515=CARTESIAN_POINT('',(2.005,-0.902079432892183,0.203));
#5516=CARTESIAN_POINT('',(2.005,0.200831733064457,0.));
#5517=CARTESIAN_POINT('',(2.005,0.220700593825146,0.0741514667749506));
#5518=CARTESIAN_POINT('',(2.005,-0.839344426207906,0.));
#5519=CARTESIAN_POINT('Origin',(2.,0.200841134215643,0.));
#5520=CARTESIAN_POINT('',(1.50439368606352,0.256166770404428,0.203));
#5521=CARTESIAN_POINT('',(2.44776483957972,0.254393015436545,0.203));
#5522=CARTESIAN_POINT('',(1.5,0.251781337715883,0.186602540378443));
#5523=CARTESIAN_POINT('',(1.51410270026463,0.26585754658542,0.239234534289953));
#5524=CARTESIAN_POINT('',(1.49990598865431,0.201781426097292,0.));
#5525=CARTESIAN_POINT('',(1.49990598865431,0.201781426097292,0.));
#5526=CARTESIAN_POINT('',(2.44766256710724,0.19999942552084,0.));
#5527=CARTESIAN_POINT('Origin',(2.,0.200841134215643,0.203));
#5528=CARTESIAN_POINT('',(1.50439368606352,0.397379205981427,0.203));
#5529=CARTESIAN_POINT('',(2.44803035053233,0.395604951791822,0.203));
#5530=CARTESIAN_POINT('',(1.50439368606352,0.251781337715883,0.203));
#5531=CARTESIAN_POINT('Origin',(1.5,0.251781337715883,0.));
#5532=CARTESIAN_POINT('',(1.45,0.251781337715883,0.));
#5533=CARTESIAN_POINT('',(1.45,0.251781337715883,0.));
#5534=CARTESIAN_POINT('Origin',(1.5,0.251781337715883,0.));
#5535=CARTESIAN_POINT('Origin',(1.45,0.251781337715883,0.));
#5536=CARTESIAN_POINT('',(1.45,0.401781160952752,0.));
#5537=CARTESIAN_POINT('',(1.5,0.401781160952752,0.186602540378443));
#5538=CARTESIAN_POINT('',(1.45,0.401781160952752,0.));
#5539=CARTESIAN_POINT('',(1.45,0.251781337715883,0.));
#5540=CARTESIAN_POINT('',(1.50471636951804,0.397055915237326,0.204204271047056));
#5541=CARTESIAN_POINT('Origin',(1.5,0.401781160952752,0.));
#5542=CARTESIAN_POINT('',(1.50009401134569,0.451781072571343,0.));
#5543=CARTESIAN_POINT('',(1.50009401134569,0.451781072571343,0.));
#5544=CARTESIAN_POINT('Origin',(1.5,0.401781160952752,0.));
#5545=CARTESIAN_POINT('Origin',(1.50009401134569,0.451781072571343,0.));
#5546=CARTESIAN_POINT('',(2.44813262300481,0.449998541707528,0.));
#5547=CARTESIAN_POINT('Origin',(1.725,0.326311147584198,0.));
#5548=UNCERTAINTY_MEASURE_WITH_UNIT(LENGTH_MEASURE(0.01),#5552,
'DISTANCE_ACCURACY_VALUE',
'Maximum model space distance between geometric entities at asserted c
onnectivities');
#5549=UNCERTAINTY_MEASURE_WITH_UNIT(LENGTH_MEASURE(0.01),#5552,
'DISTANCE_ACCURACY_VALUE',
'Maximum model space distance between geometric entities at asserted c
onnectivities');
#5550=(
GEOMETRIC_REPRESENTATION_CONTEXT(3)
GLOBAL_UNCERTAINTY_ASSIGNED_CONTEXT((#5548))
GLOBAL_UNIT_ASSIGNED_CONTEXT((#5552,#5554,#5555))
REPRESENTATION_CONTEXT('','3D')
);
#5551=(
GEOMETRIC_REPRESENTATION_CONTEXT(3)
GLOBAL_UNCERTAINTY_ASSIGNED_CONTEXT((#5549))
GLOBAL_UNIT_ASSIGNED_CONTEXT((#5552,#5554,#5555))
REPRESENTATION_CONTEXT('','3D')
);
#5552=(
LENGTH_UNIT()
NAMED_UNIT(*)
SI_UNIT(.MILLI.,.METRE.)
);
#5553=(
LENGTH_UNIT()
NAMED_UNIT(*)
SI_UNIT($,.METRE.)
);
#5554=(
NAMED_UNIT(*)
PLANE_ANGLE_UNIT()
SI_UNIT($,.RADIAN.)
);
#5555=(
NAMED_UNIT(*)
SI_UNIT($,.STERADIAN.)
SOLID_ANGLE_UNIT()
);
#5556=SHAPE_DEFINITION_REPRESENTATION(#5557,#5558);
#5557=PRODUCT_DEFINITION_SHAPE('',$,#5560);
#5558=SHAPE_REPRESENTATION('',(#3329),#5550);
#5559=PRODUCT_DEFINITION_CONTEXT('part definition',#5564,'design');
#5560=PRODUCT_DEFINITION('MAX17793AFN+','MAX17793AFN+ v7',#5561,#5559);
#5561=PRODUCT_DEFINITION_FORMATION('',$,#5566);
#5562=PRODUCT_RELATED_PRODUCT_CATEGORY('MAX17793AFN+ v7',
'MAX17793AFN+ v7',(#5566));
#5563=APPLICATION_PROTOCOL_DEFINITION('international standard',
'automotive_design',2009,#5564);
#5564=APPLICATION_CONTEXT(
'Core Data for Automotive Mechanical Design Process');
#5565=PRODUCT_CONTEXT('part definition',#5564,'mechanical');
#5566=PRODUCT('MAX17793AFN+','MAX17793AFN+ v7',$,(#5565));
#5567=PRESENTATION_STYLE_ASSIGNMENT((#5569));
#5568=PRESENTATION_STYLE_ASSIGNMENT((#5570));
#5569=SURFACE_STYLE_USAGE(.BOTH.,#5571);
#5570=SURFACE_STYLE_USAGE(.BOTH.,#5572);
#5571=SURFACE_SIDE_STYLE('',(#5573));
#5572=SURFACE_SIDE_STYLE('',(#5574));
#5573=SURFACE_STYLE_FILL_AREA(#5575);
#5574=SURFACE_STYLE_FILL_AREA(#5576);
#5575=FILL_AREA_STYLE('Nickel - Polished',(#5577));
#5576=FILL_AREA_STYLE('Opaque(255,255,255) (1)',(#5578));
#5577=FILL_AREA_STYLE_COLOUR('Nickel - Polished',#5579);
#5578=FILL_AREA_STYLE_COLOUR('Opaque(255,255,255) (1)',#5580);
#5579=COLOUR_RGB('Nickel - Polished',0.819607843137255,0.8,0.752941176470588);
#5580=COLOUR_RGB('Opaque(255,255,255) (1)',0.313725490196078,0.309803921568627,
0.309803921568627);
ENDSEC;
END-ISO-10303-21;
